2018-04-16,1.44e-05,1.75e-05,1.4e-05,1.52e-05,430200.0
2018-04-17,1.54e-05,2.1e-05,1.52e-05,2.02e-05,739700.0
2018-04-18,2.02e-05,3.13e-05,1.96e-05,2.62e-05,1441500.0
2018-04-19,2.62e-05,3.02e-05,2.02e-05,2.44e-05,1500900.0
2018-04-20,2.37e-05,2.74e-05,2.06e-05,2.38e-05,613100.0
2018-04-21,2.4e-05,2.6e-05,2e-05,2.2e-05,412200.0
2018-04-22,2.13e-05,2.26e-05,2.02e-05,2.02e-05,267100.0
2018-04-23,2.01e-05,2.3e-05,1.72e-05,2.04e-05,462100.0
2018-04-24,2.06e-05,2.27e-05,1.92e-05,1.92e-05,568200.0
2018-04-25,1.92e-05,2.09e-05,1.6e-05,1.91e-05,586800.0
2018-04-26,1.9e-05,1.97e-05,1.76e-05,1.88e-05,446600.0
2018-04-27,1.89e-05,1.93e-05,1.71e-05,1.77e-05,268500.0
2018-04-28,1.8e-05,1.89e-05,1.64e-05,1.83e-05,407000.0
2018-04-29,1.79e-05,1.79e-05,1.31e-05,1.37e-05,924100.0
2018-04-30,1.38e-05,1.76e-05,1.32e-05,1.65e-05,626700.0
2018-05-01,1.66e-05,1.91e-05,1.46e-05,1.54e-05,759600.0
2018-05-02,1.51e-05,1.85e-05,1.45e-05,1.5e-05,1275200.0
2018-05-03,1.52e-05,1.66e-05,1.31e-05,1.35e-05,880400.0
2018-05-04,1.37e-05,1.55e-05,1.35e-05,1.49e-05,776300.0
2018-05-05,1.49e-05,1.49e-05,1.28e-05,1.3e-05,689000.0
2018-05-06,1.3e-05,1.39e-05,1.14e-05,1.2e-05,907400.0
2018-05-07,1.21e-05,1.24e-05,1.06e-05,1.21e-05,580800.0
2018-05-08,1.21e-05,1.29e-05,1.16e-05,1.2e-05,507800.0
2018-05-09,1.21e-05,1.45e-05,1.18e-05,1.42e-05,524200.0
2018-05-10,1.42e-05,1.62e-05,1.25e-05,1.46e-05,923300.0
2018-05-11,1.45e-05,1.49e-05,1.31e-05,1.46e-05,399500.0
2018-05-12,1.47e-05,1.6e-05,1.19e-05,1.37e-05,817200.0
2018-05-13,1.41e-05,1.59e-05,1.1e-05,1.39e-05,1303700.0
2018-05-14,1.4e-05,1.56e-05,1.27e-05,1.37e-05,590200.0
2018-05-15,1.4e-05,1.4e-05,1.27e-05,1.33e-05,239000.0
2018-05-16,1.32e-05,1.34e-05,1.2e-05,1.26e-05,646900.0
2018-05-17,1.26e-05,1.34e-05,1.22e-05,1.28e-05,444800.0
2018-05-18,1.26e-05,1.38e-05,1.22e-05,1.35e-05,371800.0
2018-05-19,1.34e-05,1.46e-05,1.3e-05,1.38e-05,374200.0
2018-05-20,1.35e-05,1.39e-05,1.34e-05,1.39e-05,200800.0
2018-05-21,1.37e-05,1.39e-05,1.2e-05,1.33e-05,583200.0
2018-05-22,1.32e-05,1.35e-05,1.21e-05,1.29e-05,156200.0
2018-05-23,1.26e-05,1.29e-05,1.18e-05,1.22e-05,481500.0
2018-05-24,1.23e-05,1.36e-05,1.21e-05,1.28e-05,530800.0
2018-05-25,1.29e-05,1.3e-05,1.12e-05,1.21e-05,884100.0
2018-05-26,1.19e-05,1.29e-05,1.16e-05,1.29e-05,386200.0
2018-05-27,1.29e-05,1.3e-05,1.18e-05,1.2e-05,181400.0
2018-05-28,1.2e-05,1.23e-05,1.12e-05,1.13e-05,331300.0
2018-05-29,1.16e-05,1.17e-05,1.01e-05,1.13e-05,576800.0
2018-05-30,1.14e-05,1.14e-05,9.5e-06,1.06e-05,511500.0
2018-05-31,1.06e-05,1.11e-05,1.01e-05,1.08e-05,328900.0
2018-06-01,1.08e-05,1.16e-05,1.04e-05,1.11e-05,387900.0
2018-06-02,1.11e-05,1.16e-05,1.05e-05,1.13e-05,502000.0
2018-06-03,1.11e-05,1.14e-05,1.08e-05,1.11e-05,230900.0
2018-06-04,1.11e-05,1.18e-05,1.08e-05,1.09e-05,470000.0
2018-06-05,1.11e-05,1.16e-05,1.06e-05,1.11e-05,378000.0
2018-06-06,1.11e-05,1.23e-05,1.11e-05,1.17e-05,471300.0
2018-06-07,1.18e-05,1.21e-05,1.14e-05,1.18e-05,322400.0
2018-06-08,1.15e-05,1.2e-05,1.14e-05,1.17e-05,223200.0
2018-06-09,1.17e-05,1.21e-05,1.15e-05,1.17e-05,392500.0
2018-06-10,1.17e-05,1.19e-05,1.08e-05,1.13e-05,478200.0
2018-06-11,1.13e-05,1.16e-05,1e-05,1.08e-05,325200.0
2018-06-12,1.1e-05,1.14e-05,1e-05,1.08e-05,451600.0
2018-06-13,1.07e-05,1.08e-05,9.9e-06,1.03e-05,318200.0
2018-06-14,1.03e-05,1.15e-05,1.02e-05,1.15e-05,245600.0
2018-06-15,1.12e-05,1.16e-05,1.02e-05,1.11e-05,354900.0
2018-06-16,1.1e-05,1.49e-05,1.05e-05,1.18e-05,449100.0
2018-06-17,1.13e-05,1.16e-05,1.1e-05,1.11e-05,2307400.0
2018-06-18,1.12e-05,1.6e-05,1.07e-05,1.18e-05,3702300.0
2018-06-19,1.18e-05,1.3e-05,1.13e-05,1.14e-05,3538400.0
2018-06-20,1.14e-05,1.22e-05,1.06e-05,1.16e-05,4470000.0
2018-06-21,1.17e-05,1.18e-05,1.05e-05,1.07e-05,5280100.0
2018-06-22,1.08e-05,1.16e-05,1.05e-05,1.13e-05,3622500.0
2018-06-23,1.13e-05,1.59e-05,1.06e-05,1.29e-05,22474800.0
2018-06-24,1.29e-05,1.34e-05,1.11e-05,1.2e-05,16413700.0
2018-06-25,1.2e-05,1.27e-05,1.09e-05,1.16e-05,10520300.0
2018-06-26,1.16e-05,1.19e-05,1.06e-05,1.1e-05,8020200.0
2018-06-27,1.09e-05,1.17e-05,1.07e-05,1.13e-05,10517800.0
2018-06-28,1.13e-05,1.16e-05,1.08e-05,1.12e-05,12055900.0
2018-06-29,1.11e-05,1.17e-05,1.05e-05,1.1e-05,12848200.0
2018-06-30,1.1e-05,1.2e-05,1.08e-05,1.18e-05,11606500.0
2018-07-01,1.18e-05,1.25e-05,1.1e-05,1.2e-05,15924900.0
2018-07-02,1.2e-05,1.24e-05,1.16e-05,1.22e-05,9031400.0
2018-07-03,1.23e-05,1.39e-05,1.2e-05,1.36e-05,9755300.0
2018-07-04,1.36e-05,1.52e-05,1.29e-05,1.47e-05,17013200.0
2018-07-05,1.47e-05,1.51e-05,1.36e-05,1.37e-05,17497800.0
2018-07-06,1.37e-05,1.45e-05,1.27e-05,1.35e-05,9870400.0
2018-07-07,1.35e-05,1.38e-05,1.31e-05,1.34e-05,10573900.0
2018-07-08,1.35e-05,1.4e-05,1.32e-05,1.37e-05,11840400.0
2018-07-09,1.36e-05,1.37e-05,1.3e-05,1.32e-05,10729900.0
2018-07-10,1.31e-05,1.32e-05,1.25e-05,1.28e-05,10659400.0
2018-07-11,1.29e-05,1.3e-05,1.23e-05,1.28e-05,11703600.0
2018-07-12,1.27e-05,1.27e-05,1.14e-05,1.2e-05,9949500.0
2018-07-13,1.19e-05,1.27e-05,1.12e-05,1.18e-05,11780800.0
2018-07-14,1.18e-05,1.2e-05,1.16e-05,1.16e-05,7578400.0
2018-07-15,1.16e-05,1.32e-05,1.16e-05,1.3e-05,15179200.0
2018-07-16,1.31e-05,1.37e-05,1.25e-05,1.34e-05,8307000.0
2018-07-17,1.34e-05,1.34e-05,1.2e-05,1.24e-05,10335500.0
2018-07-18,1.23e-05,1.3e-05,1.21e-05,1.27e-05,10228400.0
2018-07-19,1.26e-05,1.3e-05,1.23e-05,1.28e-05,6535500.0
2018-07-20,1.28e-05,1.29e-05,1.04e-05,1.1e-05,7245200.0
2018-07-21,1.1e-05,1.2e-05,1.08e-05,1.19e-05,13830800.0
2018-07-22,1.18e-05,1.25e-05,1.13e-05,1.21e-05,9669800.0
2018-07-23,1.21e-05,1.21e-05,1.16e-05,1.18e-05,8745700.0
2018-07-24,1.18e-05,1.21e-05,9.5e-06,9.9e-06,12079600.0
2018-07-25,1e-05,1.03e-05,9.3e-06,9.6e-06,10236000.0
2018-07-26,9.7e-06,1.01e-05,9e-06,9.6e-06,7123300.0
2018-07-27,9.6e-06,1e-05,8.9e-06,9.4e-06,5038800.0
2018-07-28,9.4e-06,9.6e-06,9.1e-06,9.4e-06,7758100.0
2018-07-29,9.4e-06,9.6e-06,8.8e-06,9.1e-06,2456900.0
2018-07-30,9e-06,9.1e-06,8.7e-06,8.7e-06,3993800.0
2018-07-31,8.8e-06,9.1e-06,8.1e-06,8.9e-06,3957800.0
2018-08-01,8.8e-06,9.6e-06,8.3e-06,8.8e-06,6540200.0
2018-08-02,8.9e-06,9e-06,8.5e-06,8.7e-06,1416400.0
2018-08-03,8.6e-06,8.9e-06,8.5e-06,8.7e-06,1302500.0
2018-08-04,8.6e-06,9.9e-06,8.5e-06,9.8e-06,3752700.0
2018-08-05,9.8e-06,1e-05,9.2e-06,9.5e-06,3421600.0
2018-08-06,9.5e-06,9.6e-06,9e-06,9.3e-06,4972300.0
2018-08-07,9.3e-06,9.4e-06,8.9e-06,9e-06,5934400.0
2018-08-08,9e-06,9.5e-06,8.6e-06,9.5e-06,9816500.0
2018-08-09,9.4e-06,9.5e-06,8.7e-06,8.8e-06,8967600.0
2018-08-10,8.8e-06,9.3e-06,8.6e-06,8.9e-06,6382900.0
2018-08-11,8.9e-06,9.1e-06,8.3e-06,8.3e-06,10416100.0
2018-08-12,8.4e-06,8.6e-06,8.2e-06,8.5e-06,5229600.0
2018-08-13,8.5e-06,8.6e-06,7e-06,7.1e-06,10717700.0
2018-08-14,7.1e-06,7.3e-06,6.5e-06,7e-06,9239500.0
2018-08-15,7e-06,7.5e-06,6.8e-06,7e-06,5766200.0
2018-08-16,7e-06,7.3e-06,6.7e-06,6.9e-06,8034500.0
2018-08-17,6.9e-06,8.3e-06,6.8e-06,8e-06,7694100.0
2018-08-18,8e-06,8.4e-06,7.1e-06,7.2e-06,7137100.0
2018-08-19,7.3e-06,7.7e-06,7.1e-06,7.5e-06,6221500.0
2018-08-20,7.6e-06,7.7e-06,7.2e-06,7.4e-06,4031000.0
2018-08-21,7.3e-06,7.4e-06,7.1e-06,7.2e-06,6078200.0
2018-08-22,7.2e-06,7.3e-06,6.8e-06,7.2e-06,6382400.0
2018-08-23,7.2e-06,7.4e-06,7.1e-06,7.2e-06,4119300.0
2018-08-24,7.3e-06,7.3e-06,6.8e-06,6.9e-06,5516900.0
2018-08-25,6.8e-06,7e-06,6.4e-06,6.7e-06,6630300.0
2018-08-26,6.6e-06,7e-06,6.3e-06,6.5e-06,5564400.0
2018-08-27,6.6e-06,6.6e-06,6.2e-06,6.3e-06,2762600.0
2018-08-28,6.3e-06,6.6e-06,6.2e-06,6.4e-06,4915000.0
2018-08-29,6.5e-06,6.5e-06,5.8e-06,6.2e-06,4359800.0
2018-08-30,6.3e-06,6.3e-06,5.5e-06,5.8e-06,6633700.0
2018-08-31,5.8e-06,6e-06,5.1e-06,5.2e-06,8100000.0
2018-09-01,5.2e-06,5.4e-06,4e-06,4.8e-06,9934500.0
2018-09-02,4.8e-06,5.1e-06,4.5e-06,4.7e-06,5605800.0
2018-09-03,4.7e-06,4.9e-06,4.5e-06,4.8e-06,5026300.0
2018-09-04,4.8e-06,4.9e-06,4.5e-06,4.6e-06,8254600.0
2018-09-05,4.6e-06,4.7e-06,3.5e-06,3.9e-06,9627400.0
2018-09-06,4e-06,5.1e-06,3.2e-06,4.6e-06,15619400.0
2018-09-07,4.6e-06,4.8e-06,4.2e-06,4.5e-06,9673600.0
2018-09-08,4.5e-06,4.7e-06,4e-06,4.1e-06,4513000.0
2018-09-09,4.2e-06,4.7e-06,4e-06,4.3e-06,7109400.0
2018-09-10,4.3e-06,4.4e-06,3.8e-06,4.1e-06,6561500.0
2018-09-11,4.1e-06,4.2e-06,3.5e-06,3.5e-06,7083000.0
2018-09-12,3.6e-06,3.8e-06,3.5e-06,3.8e-06,2820900.0
2018-09-13,3.8e-06,4.2e-06,3.6e-06,3.8e-06,3334900.0
2018-09-14,3.9e-06,4e-06,3.7e-06,4e-06,2938800.0
2018-09-15,4e-06,4.1e-06,3.8e-06,3.9e-06,2740100.0
2018-09-16,3.9e-06,5.2e-06,3.8e-06,4.6e-06,3866900.0
2018-09-17,4.6e-06,4.9e-06,4.1e-06,4.3e-06,3743500.0
2018-09-18,4.3e-06,4.8e-06,4e-06,4.3e-06,4722000.0
2018-09-19,4.4e-06,4.5e-06,3.9e-06,4.3e-06,4932200.0
2018-09-20,4.3e-06,4.4e-06,4.1e-06,4.4e-06,2752400.0
2018-09-21,4.3e-06,4.6e-06,4.1e-06,4.5e-06,2847500.0
2018-09-22,4.4e-06,4.5e-06,4.2e-06,4.3e-06,3860800.0
2018-09-23,4.2e-06,4.4e-06,4.2e-06,4.3e-06,1675900.0
2018-09-24,4.3e-06,4.3e-06,3.9e-06,4.3e-06,4494700.0
2018-09-25,4.1e-06,4.3e-06,4e-06,4.2e-06,1845200.0
2018-09-26,4.3e-06,4.3e-06,4.1e-06,4.2e-06,810600.0
2018-09-27,4.1e-06,4.3e-06,4e-06,4.2e-06,2071500.0
2018-09-28,4.3e-06,4.3e-06,3.9e-06,4e-06,1512000.0
2018-09-29,4e-06,4.1e-06,4e-06,4e-06,985600.0
2018-09-30,4e-06,4.1e-06,3.6e-06,3.6e-06,2531000.0
2018-10-01,3.6e-06,4e-06,3.5e-06,3.5e-06,3411100.0
2018-10-02,3.6e-06,3.7e-06,3.4e-06,3.5e-06,2644000.0
2018-10-03,3.5e-06,3.6e-06,3.3e-06,3.4e-06,1939200.0
2018-10-04,3.5e-06,3.5e-06,3.3e-06,3.4e-06,3457200.0
2018-10-05,3.3e-06,3.8e-06,3.3e-06,3.7e-06,2080700.0
2018-10-06,3.6e-06,3.6e-06,3.4e-06,3.5e-06,424900.0
2018-10-07,3.4e-06,3.7e-06,3.4e-06,3.5e-06,1890300.0
2018-10-08,3.6e-06,3.6e-06,3.3e-06,3.4e-06,2202800.0
2018-10-09,3.4e-06,3.5e-06,3.3e-06,3.5e-06,5826400.0
2018-10-10,3.4e-06,3.5e-06,3.3e-06,3.3e-06,2597000.0
2018-10-11,3.3e-06,3.7e-06,3.3e-06,3.4e-06,1753300.0
2018-10-12,3.4e-06,3.6e-06,3.3e-06,3.4e-06,3379400.0
2018-10-13,3.4e-06,3.5e-06,3.3e-06,3.4e-06,3010900.0
2018-10-14,3.5e-06,3.5e-06,3.4e-06,3.4e-06,642800.0
2018-10-15,3.4e-06,3.5e-06,3.3e-06,3.4e-06,1299400.0
2018-10-16,3.3e-06,3.5e-06,3.3e-06,3.4e-06,1025800.0
2018-10-17,3.4e-06,3.4e-06,3.2e-06,3.2e-06,1505500.0
2018-10-18,3.2e-06,3.3e-06,3.1e-06,3.2e-06,5164900.0
2018-10-19,3.3e-06,3.3e-06,3.1e-06,3.3e-06,2049500.0
2018-10-20,3.3e-06,3.5e-06,3.2e-06,3.4e-06,2166900.0
2018-10-21,3.4e-06,3.4e-06,3.2e-06,3.3e-06,438700.0
2018-10-22,3.4e-06,3.4e-06,3.1e-06,3.1e-06,2689100.0
2018-10-23,3.2e-06,3.2e-06,2.9e-06,3e-06,2190200.0
2018-10-24,2.9e-06,3.7e-06,2.9e-06,3.2e-06,4783000.0
2018-10-25,3.3e-06,3.3e-06,2.6e-06,3e-06,4580500.0
2018-10-26,3e-06,3.2e-06,2.8e-06,2.8e-06,6880100.0
2018-10-27,2.8e-06,3e-06,2.8e-06,2.9e-06,5926300.0
2018-10-28,2.9e-06,3.1e-06,2.8e-06,2.9e-06,2526800.0
2018-10-29,2.9e-06,3e-06,2.8e-06,3e-06,1815500.0
2018-10-30,2.9e-06,3e-06,2.8e-06,2.8e-06,6099000.0
2018-10-31,2.8e-06,3e-06,2.5e-06,2.6e-06,5656300.0
2018-11-01,2.6e-06,2.6e-06,2.4e-06,2.5e-06,2093700.0
2018-11-02,2.6e-06,2.6e-06,2.3e-06,2.4e-06,2600700.0
2018-11-03,2.4e-06,2.8e-06,2.3e-06,2.5e-06,2009800.0
2018-11-04,2.5e-06,2.6e-06,2.4e-06,2.5e-06,895900.0
2018-11-05,2.5e-06,2.7e-06,2.4e-06,2.5e-06,914000.0
2018-11-06,2.5e-06,2.9e-06,2.4e-06,2.8e-06,2051800.0
2018-11-07,2.7e-06,3.1e-06,2.6e-06,2.8e-06,2276400.0
2018-11-08,2.8e-06,3.2e-06,2.7e-06,3e-06,4056800.0
2018-11-09,3e-06,3.2e-06,2.6e-06,2.7e-06,2112000.0
2018-11-10,2.7e-06,2.8e-06,2.6e-06,2.8e-06,1154400.0
2018-11-11,2.8e-06,2.9e-06,2.6e-06,2.7e-06,1480100.0
2018-11-12,2.8e-06,3.1e-06,2.7e-06,3e-06,2200100.0
2018-11-13,3e-06,3.3e-06,3e-06,3.2e-06,1458600.0
2018-11-14,3.2e-06,3.3e-06,2.8e-06,3.2e-06,2511900.0
2018-11-15,3.2e-06,3.3e-06,3e-06,3.3e-06,770000.0
2018-11-16,3.3e-06,3.4e-06,3.1e-06,3.3e-06,1723700.0
2018-11-17,3.3e-06,3.9e-06,3.2e-06,3.3e-06,2966800.0
2018-11-18,3.3e-06,3.8e-06,3.2e-06,3.7e-06,5444700.0
2018-11-19,3.7e-06,4.5e-06,3.4e-06,3.6e-06,5572900.0
2018-11-20,3.7e-06,4e-06,3.4e-06,3.9e-06,1639600.0
2018-11-21,3.8e-06,4.8e-06,3.8e-06,4.4e-06,1944400.0
2018-11-22,4.4e-06,4.4e-06,4e-06,4.2e-06,1558300.0
2018-11-23,4.2e-06,4.4e-06,4.1e-06,4.4e-06,1045200.0
2018-11-24,4.4e-06,4.7e-06,4.3e-06,4.5e-06,3053700.0
2018-11-25,4.5e-06,5.6e-06,4e-06,4.6e-06,3562400.0
2018-11-26,4.6e-06,4.8e-06,4.4e-06,4.5e-06,1870500.0
2018-11-27,4.5e-06,4.7e-06,4e-06,4.2e-06,1849000.0
2018-11-28,4.2e-06,4.2e-06,3.8e-06,4e-06,1446000.0
2018-11-29,4e-06,4.1e-06,3.8e-06,4.1e-06,1179000.0
2018-11-30,3.9e-06,4.1e-06,3.9e-06,4.1e-06,786900.0
2018-12-01,4.1e-06,4.5e-06,4e-06,4.2e-06,2433900.0
2018-12-02,4.3e-06,4.4e-06,4.2e-06,4.3e-06,2004100.0
2018-12-03,4.3e-06,4.4e-06,4.2e-06,4.4e-06,651400.0
2018-12-04,4.4e-06,4.5e-06,4.2e-06,4.3e-06,877700.0
2018-12-05,4.3e-06,4.4e-06,4.1e-06,4.3e-06,1950200.0
2018-12-06,4.3e-06,4.6e-06,4.1e-06,4.5e-06,2876200.0
2018-12-07,4.4e-06,4.6e-06,4.3e-06,4.4e-06,1408100.0
2018-12-08,4.4e-06,5e-06,4.3e-06,4.5e-06,1504400.0
2018-12-09,4.5e-06,5e-06,4.5e-06,4.8e-06,1710700.0
2018-12-10,4.9e-06,5.4e-06,4.7e-06,5.3e-06,1992800.0
2018-12-11,5.3e-06,7.3e-06,5.3e-06,7.1e-06,8009400.0
2018-12-12,7.1e-06,7.8e-06,6.2e-06,6.8e-06,6743000.0
2018-12-13,6.8e-06,6.9e-06,5.7e-06,6.2e-06,6011100.0
2018-12-14,6.3e-06,6.9e-06,5.4e-06,6.8e-06,5419500.0
2018-12-15,6.7e-06,7.5e-06,4.5e-06,5.1e-06,12092800.0
2018-12-16,5.1e-06,5.2e-06,4.6e-06,4.8e-06,6291100.0
2018-12-17,4.7e-06,4.9e-06,4.3e-06,4.6e-06,3773900.0
2018-12-18,4.5e-06,4.7e-06,4.2e-06,4.4e-06,2659500.0
2018-12-19,4.3e-06,4.5e-06,4.1e-06,4.3e-06,2163600.0
2018-12-20,4.4e-06,4.4e-06,3.9e-06,4e-06,2826500.0
2018-12-21,4e-06,4.5e-06,3.9e-06,4.2e-06,2359800.0
2018-12-22,4.2e-06,4.7e-06,4e-06,4.4e-06,2635800.0
2018-12-23,4.4e-06,4.5e-06,4.3e-06,4.3e-06,1536600.0
2018-12-24,4.3e-06,4.5e-06,4.2e-06,4.3e-06,675100.0
2018-12-25,4.4e-06,4.4e-06,4.2e-06,4.4e-06,171600.0
2018-12-26,4.3e-06,4.4e-06,4.3e-06,4.3e-06,436100.0
2018-12-27,4.3e-06,4.5e-06,4.3e-06,4.4e-06,346600.0
2018-12-28,4.5e-06,4.5e-06,4.2e-06,4.3e-06,1909400.0
2018-12-29,4.3e-06,4.4e-06,4.1e-06,4.2e-06,1887800.0
2018-12-30,4.2e-06,4.2e-06,4.1e-06,4.1e-06,296400.0
2018-12-31,4.2e-06,4.2e-06,3.3e-06,3.6e-06,2959100.0
2019-01-01,3.5e-06,4e-06,3.5e-06,3.6e-06,1162100.0
2019-01-02,3.6e-06,3.8e-06,3.6e-06,3.7e-06,603300.0
2019-01-03,3.7e-06,3.9e-06,3.6e-06,3.9e-06,1130000.0
2019-01-04,3.8e-06,3.9e-06,3.7e-06,3.7e-06,355400.0
2019-01-05,3.7e-06,3.8e-06,3.3e-06,3.7e-06,1341900.0
2019-01-06,3.7e-06,3.8e-06,3.4e-06,3.5e-06,1380000.0
2019-01-07,3.5e-06,3.6e-06,3.3e-06,3.4e-06,1119900.0
2019-01-08,3.4e-06,3.6e-06,3.3e-06,3.6e-06,1351700.0
2019-01-09,3.6e-06,3.6e-06,3.4e-06,3.5e-06,738400.0
2019-01-10,3.6e-06,3.6e-06,3.3e-06,3.4e-06,1061700.0
2019-01-11,3.5e-06,3.5e-06,3.2e-06,3.4e-06,1089700.0
2019-01-12,3.4e-06,3.6e-06,3.3e-06,3.5e-06,1100900.0
2019-01-13,3.5e-06,3.6e-06,3.4e-06,3.4e-06,585100.0
2019-01-14,3.4e-06,3.6e-06,3.4e-06,3.5e-06,271600.0
2019-01-15,3.5e-06,3.6e-06,3.4e-06,3.5e-06,699600.0
2019-01-16,3.4e-06,3.5e-06,3.2e-06,3.3e-06,712600.0
2019-01-17,3.3e-06,3.4e-06,3.1e-06,3.1e-06,1906600.0
2019-01-18,3.2e-06,3.3e-06,3e-06,3.2e-06,1204500.0
2019-01-19,3.2e-06,3.4e-06,3.1e-06,3.2e-06,521900.0
2019-01-20,3.2e-06,3.3e-06,3.1e-06,3.3e-06,302500.0
2019-01-21,3.2e-06,3.3e-06,3.1e-06,3.2e-06,376500.0
2019-01-22,3.1e-06,3.2e-06,3e-06,3.1e-06,1203600.0
2019-01-23,3.1e-06,3.2e-06,2.9e-06,3e-06,847500.0
2019-01-24,3e-06,3e-06,2.8e-06,2.9e-06,1105500.0
2019-01-25,2.9e-06,2.9e-06,2.7e-06,2.7e-06,952700.0
2019-01-26,2.8e-06,2.9e-06,2.7e-06,2.9e-06,445700.0
2019-01-27,2.8e-06,2.8e-06,2.7e-06,2.7e-06,280100.0
2019-01-28,2.8e-06,2.8e-06,2.5e-06,2.7e-06,1931700.0
2019-01-29,2.6e-06,2.8e-06,2.5e-06,2.5e-06,1145400.0
2019-01-30,2.7e-06,3.3e-06,2.5e-06,3e-06,1673300.0
2019-01-31,3.1e-06,3.2e-06,2.8e-06,2.9e-06,1269800.0
2019-02-01,3e-06,3e-06,2.8e-06,3e-06,450200.0
2019-02-02,2.9e-06,3.1e-06,2.6e-06,2.6e-06,1958300.0
2019-02-03,2.6e-06,2.8e-06,2.6e-06,2.8e-06,602100.0
2019-02-04,2.8e-06,2.8e-06,2.6e-06,2.6e-06,772000.0
2019-02-05,2.6e-06,2.7e-06,2.5e-06,2.7e-06,590300.0
2019-02-06,2.6e-06,2.7e-06,2.6e-06,2.6e-06,527600.0
2019-02-07,2.7e-06,2.7e-06,2.5e-06,2.6e-06,307500.0
2019-02-08,2.6e-06,2.7e-06,2.4e-06,2.5e-06,1038500.0
2019-02-09,2.5e-06,2.6e-06,2.3e-06,2.5e-06,2283700.0
2019-02-10,2.4e-06,2.7e-06,2.4e-06,2.6e-06,609000.0
2019-02-11,2.5e-06,2.6e-06,2.4e-06,2.4e-06,1197600.0
2019-02-12,2.4e-06,2.7e-06,2.4e-06,2.5998e-06,815633.0
2019-02-13,2.6498e-06,2.6499e-06,2.4016e-06,2.6e-06,3391084.0
2019-02-14,2.5999e-06,2.6823e-06,2.4717e-06,2.5498e-06,945095.0
2019-02-15,2.5404e-06,2.5895e-06,2.4442e-06,2.5341e-06,2918209.0
2019-02-16,2.5417e-06,2.56e-06,2.4833e-06,2.532e-06,2238173.0
2019-02-17,2.5086e-06,2.6899e-06,2.5003e-06,2.5706e-06,16581366.0
2019-02-18,2.5723e-06,2.7e-06,2.5001e-06,2.648e-06,35272697.0
2019-02-19,2.6344e-06,2.9305e-06,2.6e-06,2.7949e-06,46424786.0
2019-02-20,2.7948e-06,2.9897e-06,2.7206e-06,2.9172e-06,83333383.0
2019-02-21,2.9048e-06,2.9872e-06,2.81e-06,2.9799e-06,80624515.0
2019-02-22,2.9778e-06,3.3983e-06,2.9701e-06,3.2177e-06,44289254.0
2019-02-23,3.1958e-06,3.3e-06,3.131e-06,3.1799e-06,38144964.0
2019-02-24,3.1794e-06,3.289e-06,3.0601e-06,3.1118e-06,38338285.0
2019-02-25,3.1106e-06,3.1614e-06,2.9611e-06,3.1336e-06,87386295.0
2019-02-26,3.1336e-06,3.23e-06,2.9053e-06,3.0274e-06,12753686.0
2019-02-27,3.0274e-06,3.0899e-06,2.9273e-06,3.0075e-06,45201935.0
2019-02-28,3.0143e-06,3.05e-06,2.9502e-06,2.9638e-06,33041207.0
2019-03-01,2.9638e-06,3.0269e-06,2.9502e-06,2.9663e-06,30873194.0
2019-03-02,2.9668e-06,2.9944e-06,2.9502e-06,2.9642e-06,38743059.0
2019-03-03,2.9823e-06,3.04e-06,2.9301e-06,2.9713e-06,37949545.0
2019-03-04,2.9633e-06,3.0072e-06,2.9206e-06,2.9527e-06,15335554.0
2019-03-05,2.941e-06,2.9998e-06,2.941e-06,2.9834e-06,19787039.0
2019-03-06,2.9851e-06,2.9965e-06,2.6413e-06,2.839e-06,28941837.0
2019-03-07,2.8331e-06,2.9289e-06,2.7734e-06,2.8748e-06,24350634.0
2019-03-08,2.8801e-06,3e-06,2.85e-06,2.9379e-06,15606745.0
2019-03-09,2.9419e-06,3e-06,2.535e-06,2.8413e-06,16471823.0
2019-03-10,2.8407e-06,2.9416e-06,2.71e-06,2.801e-06,58938217.0
2019-03-11,2.8128e-06,2.83e-06,2.611e-06,2.7556e-06,57488184.0
2019-03-12,2.7652e-06,2.7697e-06,2.62e-06,2.7468e-06,7941001.0
2019-03-13,2.7597e-06,2.86e-06,2.6665e-06,2.7616e-06,17572740.0
2019-03-14,2.7616e-06,2.85e-06,2.5701e-06,2.6985e-06,12457047.0
2019-03-15,2.7069e-06,2.7518e-06,2.5701e-06,2.6625e-06,24934264.0
2019-03-16,2.6554e-06,2.7e-06,2.6372e-06,2.6839e-06,14505391.0
2019-03-17,2.6893e-06,2.6984e-06,2.6001e-06,2.6298e-06,28384909.0
2019-03-18,2.636e-06,2.808e-06,2.6145e-06,2.7184e-06,36628434.0
2019-03-19,2.7191e-06,2.912e-06,2.635e-06,2.727e-06,36469631.0
2019-03-20,2.7226e-06,2.8918e-06,2.521e-06,2.7914e-06,30363464.0
2019-03-21,2.7908e-06,2.88e-06,2.63e-06,2.7288e-06,36760035.0
2019-03-22,2.7274e-06,2.88e-06,2.7125e-06,2.7569e-06,18635668.0
2019-03-23,2.7591e-06,2.889e-06,2.742e-06,2.7797e-06,21719248.0
2019-03-24,2.7822e-06,2.87e-06,2.647e-06,2.7615e-06,24264777.0
2019-03-25,2.7658e-06,2.8e-06,2.6761e-06,2.7273e-06,14045782.0
2019-03-26,2.7273e-06,2.82e-06,2.6502e-06,2.774e-06,13213082.0
2019-03-27,2.7641e-06,2.8642e-06,2.7223e-06,2.7984e-06,20525171.0
2019-03-28,2.7954e-06,2.89e-06,2.757e-06,2.7977e-06,20398548.0
2019-03-29,2.804e-06,2.8203e-06,2.6801e-06,2.724e-06,20267788.0
2019-03-30,2.7368e-06,3.2919e-06,2.7e-06,3.0597e-06,20502987.0
2019-03-31,3.0737e-06,3.1999e-06,2.911e-06,2.9633e-06,23274836.0
2019-04-01,2.9603e-06,3.0555e-06,2.87e-06,3.0124e-06,25259296.0
2019-04-02,3.0123e-06,3.0347e-06,2.7204e-06,2.7379e-06,11668469.0
2019-04-03,2.7379e-06,2.87e-06,2.6302e-06,2.6893e-06,53099855.0
2019-04-04,2.6851e-06,2.7447e-06,2.6736e-06,2.6974e-06,38255968.0
2019-04-05,2.7008e-06,2.7591e-06,2.6377e-06,2.7165e-06,18264330.0
2019-04-06,2.7172e-06,2.792e-06,2.69e-06,2.721e-06,20357138.0
2019-04-07,2.7225e-06,2.768e-06,2.678e-06,2.6946e-06,17155335.0
2019-04-08,2.6943e-06,3.0053e-06,2.6782e-06,2.7049e-06,19540675.0
2019-04-09,2.6972e-06,2.7848e-06,2.6538e-06,2.7647e-06,14664233.0
2019-04-10,2.7769e-06,2.7952e-06,2.7071e-06,2.7699e-06,16789390.0
2019-04-11,2.7674e-06,2.7888e-06,2.6991e-06,2.7872e-06,18606825.0
2019-04-12,2.7864e-06,2.7906e-06,2.6701e-06,2.7056e-06,42236918.0
2019-04-13,2.7201e-06,2.8274e-06,2.6801e-06,2.7858e-06,25181644.0
2019-04-14,2.7701e-06,2.8187e-06,2.6538e-06,2.6737e-06,30772036.0
2019-04-15,2.6655e-06,2.775e-06,2.6547e-06,2.7721e-06,23155621.0
2019-04-16,2.7723e-06,2.8e-06,2.6853e-06,2.6931e-06,37211831.0
2019-04-17,2.7069e-06,2.7469e-06,2.6644e-06,2.6972e-06,29127936.0
2019-04-18,2.6974e-06,2.7331e-06,2.6538e-06,2.6728e-06,21354134.0
2019-04-19,2.6885e-06,2.8108e-06,2.63e-06,2.6943e-06,9212711.0
2019-04-20,2.6923e-06,2.8245e-06,2.632e-06,2.6704e-06,28201679.0
2019-04-21,2.6689e-06,2.7369e-06,2.6533e-06,2.6646e-06,4969937.0
2019-04-22,2.6652e-06,2.73e-06,2.6543e-06,2.658e-06,21832080.0
2019-04-23,2.6557e-06,2.6593e-06,2.511e-06,2.561e-06,7486453.0
2019-04-24,2.5622e-06,2.57e-06,2.5075e-06,2.5283e-06,4505585.0
2019-04-25,2.5256e-06,2.5395e-06,2.4627e-06,2.4761e-06,8357803.0
2019-04-26,2.4801e-06,2.511e-06,2.3386e-06,2.3827e-06,4651404.0
2019-04-27,2.392e-06,2.485e-06,2.3478e-06,2.3953e-06,2605778.0
2019-04-28,2.3923e-06,2.4689e-06,2.3611e-06,2.4444e-06,4357537.0
2019-04-29,2.4228e-06,2.4423e-06,2.2604e-06,2.3395e-06,6661337.0
2019-04-30,2.3296e-06,2.4181e-06,2.2e-06,2.2152e-06,10049245.0
2019-05-01,2.2135e-06,2.279e-06,2.04e-06,2.0715e-06,3554236.0
2019-05-02,2.079e-06,2.2183e-06,2.0646e-06,2.1089e-06,6347057.0
2019-05-03,2.1063e-06,2.19e-06,1.9824e-06,2.0353e-06,2912494.0
2019-05-04,2.0363e-06,2.0384e-06,1.78e-06,1.83e-06,8198235.0
2019-05-05,1.8346e-06,1.96e-06,1.8114e-06,1.8699e-06,3172463.0
2019-05-06,1.8835e-06,2.059e-06,1.8124e-06,1.8223e-06,1987088.0
2019-05-07,1.8222e-06,2.0373e-06,1.75e-06,1.8079e-06,3587173.0
2019-05-08,1.8069e-06,1.8886e-06,1.7976e-06,1.8261e-06,1137696.0
2019-05-09,1.8309e-06,1.8687e-06,1.5303e-06,1.6264e-06,5200116.0
2019-05-10,1.6196e-06,1.6326e-06,1.5259e-06,1.5436e-06,958505.0
2019-05-11,1.5436e-06,1.5602e-06,1.2961e-06,1.4693e-06,5245863.0
2019-05-12,1.4533e-06,1.49e-06,1.3699e-06,1.3895e-06,3047174.0
2019-05-13,1.3925e-06,1.4249e-06,1.1913e-06,1.2211e-06,9193195.0
2019-05-14,1.2211e-06,1.3289e-06,1.1895e-06,1.2513e-06,2069838.0
2019-05-15,1.2498e-06,1.3698e-06,1.1416e-06,1.2245e-06,3008767.0
2019-05-16,1.224e-06,1.325e-06,1.1601e-06,1.2625e-06,2217395.0
2019-05-17,1.2945e-06,1.4199e-06,1.2631e-06,1.288e-06,1977787.0
2019-05-18,1.3062e-06,1.4789e-06,1.2806e-06,1.3721e-06,2032448.0
2019-05-19,1.3624e-06,1.435e-06,1.3006e-06,1.3045e-06,1953272.0
2019-05-20,1.307e-06,1.3134e-06,1.1154e-06,1.1953e-06,3241353.0
2019-05-21,1.1849e-06,1.1983e-06,5.102e-07,1.1511e-06,8537998.0
2019-05-22,1.153e-06,1.1888e-06,1.011e-06,1.073e-06,3256907.0
2019-05-23,1.0692e-06,1.1382e-06,1.0364e-06,1.1009e-06,1700997.0
2019-05-24,1.1015e-06,1.8784e-06,1.0896e-06,1.1323e-06,1991030.0
2019-05-25,1.1241e-06,1.14e-06,1.08e-06,1.1175e-06,1042283.0
2019-05-26,1.1175e-06,1.252e-06,9.866e-07,1.0652e-06,2057376.0
2019-05-27,1.0699e-06,1.125e-06,1.011e-06,1.0421e-06,1485175.0
2019-05-28,1.0437e-06,1.1701e-06,8.7e-07,1.0416e-06,1891205.0
2019-05-29,1.0319e-06,1.15e-06,9.951e-07,1.0704e-06,11892811.0
2019-05-30,1.0878e-06,1.35e-06,1.058e-06,1.1494e-06,3376837.0
2019-05-31,1.1375e-06,1.34e-06,1.0823e-06,1.111e-06,2324631.0
2019-06-01,1.1101e-06,1.19e-06,1.0956e-06,1.1499e-06,881969.0
2019-06-02,1.1499e-06,1.1795e-06,9.72e-07,1.1154e-06,1188952.0
2019-06-03,1.1154e-06,1.16e-06,1.0971e-06,1.1494e-06,3385100.0
2019-06-04,1.1455e-06,1.189e-06,1.1003e-06,1.1322e-06,19441796.0
2019-06-05,1.1322e-06,1.1578e-06,9.892e-07,1.0124e-06,7749207.0
2019-06-06,1.0158e-06,1.0993e-06,9.52e-07,9.973e-07,5906159.0
2019-06-07,9.946e-07,1.1814e-06,9.444e-07,1.0313e-06,12616022.0
2019-06-08,1.04e-06,1.7776e-06,1.03e-06,1.1505e-06,7496437.0
2019-06-09,1.1438e-06,1.1504e-06,1.0294e-06,1.0701e-06,3342575.0
2019-06-10,1.0826e-06,1.7e-06,1.022e-06,1.1997e-06,7967613.0
2019-06-11,1.1996e-06,1.65e-06,1.1914e-06,1.379e-06,9660411.0
2019-06-12,1.3777e-06,1.4578e-06,1.18e-06,1.32e-06,5625854.0
2019-06-13,1.3388e-06,1.3599e-06,1.2206e-06,1.29e-06,5011898.0
2019-06-14,1.2965e-06,1.3065e-06,1.1768e-06,1.18e-06,4812123.0
2019-06-15,1.1769e-06,1.2374e-06,1.1761e-06,1.1809e-06,5882824.0
2019-06-16,1.1819e-06,1.1878e-06,1.0511e-06,1.1287e-06,8601656.0
2019-06-17,1.1286e-06,1.1437e-06,1.0511e-06,1.1064e-06,10189256.0
2019-06-18,1.105e-06,1.1792e-06,1.1019e-06,1.1297e-06,7966078.0
2019-06-19,1.129e-06,1.233e-06,1.11e-06,1.1199e-06,4241745.0
2019-06-20,1.123e-06,1.1372e-06,1.05e-06,1.0566e-06,3288389.0
2019-06-21,1.0576e-06,1.0622e-06,9.896e-07,1.0009e-06,2212067.0
2019-06-22,1.0007e-06,1.0458e-06,9.165e-07,9.536e-07,7298996.0
2019-06-23,9.518e-07,9.719e-07,9.117e-07,9.253e-07,4169214.0
2019-06-24,9.255e-07,9.644e-07,8.927e-07,9.41e-07,11810131.0
2019-06-25,9.345e-07,9.475e-07,8.343e-07,8.553e-07,12690783.0
2019-06-26,8.55e-07,9.1e-07,7e-07,7.477e-07,9318172.0
2019-06-27,7.573e-07,7.992e-07,7.298e-07,7.606e-07,1729151.0
2019-06-28,7.612e-07,7.991e-07,7.378e-07,7.382e-07,752436.0
2019-06-29,7.384e-07,7.666e-07,7.101e-07,7.649e-07,792125.0
2019-06-30,7.649e-07,8e-07,7.205e-07,7.823e-07,2329864.0
2019-07-01,7.763e-07,8.8e-07,7.532e-07,8.212e-07,3823334.0
2019-07-02,8.206e-07,8.754e-07,7.803e-07,8.049e-07,8117606.0
2019-07-03,8.03e-07,8.65e-07,7.15e-07,7.157e-07,5108772.0
2019-07-04,7.162e-07,7.699e-07,6.999e-07,7.058e-07,11837997.0
2019-07-05,7.065e-07,7.722e-07,7.008e-07,7.271e-07,8571307.0
2019-07-06,7.216e-07,7.229e-07,6.97e-07,7.153e-07,4224650.0
2019-07-07,7.091e-07,7.247e-07,6.501e-07,6.948e-07,7022574.0
2019-07-08,6.937e-07,7.6e-07,6.529e-07,6.624e-07,10201269.0
2019-07-09,6.641e-07,6.735e-07,6.003e-07,6.126e-07,6005117.0
2019-07-10,6.197e-07,6.85e-07,5.9e-07,5.977e-07,6875216.0
2019-07-11,5.975e-07,6.236e-07,5.509e-07,5.959e-07,5603524.0
2019-07-12,5.959e-07,8.5e-07,5.736e-07,6.383e-07,11455864.0
2019-07-13,6.359e-07,6.814e-07,6.002e-07,6.075e-07,10535252.0
2019-07-14,6.068e-07,6.2e-07,6.047e-07,6.103e-07,7688897.0
2019-07-15,6.111e-07,6.412e-07,5.64e-07,5.679e-07,8424796.0
2019-07-16,5.663e-07,6.261e-07,5.647e-07,5.861e-07,7108186.0
2019-07-17,5.865e-07,6.141e-07,5.715e-07,5.94e-07,2022472.0
2019-07-18,5.901e-07,6.176e-07,5.712e-07,6.033e-07,4104807.0
2019-07-19,6.009e-07,6.18e-07,5.838e-07,5.85e-07,5484495.0
2019-07-20,5.919e-07,6.251e-07,5.85e-07,6.013e-07,2664081.0
2019-07-21,5.982e-07,6.279e-07,5.921e-07,6.122e-07,879111.0
2019-07-22,6.042e-07,6.161e-07,5.865e-07,6.028e-07,1019879.0
2019-07-23,6.085e-07,6.249e-07,5.885e-07,6.001e-07,780837.0
2019-07-24,6.002e-07,6.298e-07,5.921e-07,6.135e-07,878734.0
2019-07-25,6.112e-07,6.333e-07,5.93e-07,5.992e-07,1027916.0
2019-07-26,5.991e-07,6.333e-07,5.986e-07,6.1e-07,809674.0
2019-07-27,6.124e-07,6.322e-07,5.968e-07,6.102e-07,980530.0
2019-07-28,6.118e-07,6.974e-07,6.109e-07,6.212e-07,1095077.0
2019-07-29,6.212e-07,6.212e-07,5.936e-07,6.047e-07,2648724.0
2019-07-30,6.047e-07,6.3e-07,5.825e-07,5.87e-07,2491939.0
2019-07-31,5.871e-07,5.919e-07,5.821e-07,5.851e-07,795553.0
2019-08-01,5.847e-07,5.867e-07,5.351e-07,5.389e-07,2276434.0
2019-08-02,5.461e-07,5.475e-07,5.02e-07,5.186e-07,2162550.0
2019-08-03,5.176e-07,5.392e-07,4.59e-07,4.714e-07,2036838.0
2019-08-04,4.714e-07,4.804e-07,4.418e-07,4.62e-07,1429088.0
2019-08-05,4.613e-07,4.64e-07,3.918e-07,4.074e-07,2720086.0
2019-08-06,4.038e-07,5.946e-07,3.882e-07,4.463e-07,7379630.0
2019-08-07,4.464e-07,5.2e-07,4.407e-07,4.426e-07,2821307.0
2019-08-08,4.428e-07,4.691e-07,4.301e-07,4.55e-07,2429409.0
2019-08-09,4.504e-07,5e-07,4.425e-07,4.693e-07,1970561.0
2019-08-10,4.693e-07,5.749e-07,4.693e-07,5.328e-07,2211018.0
2019-08-11,5.443e-07,5.476e-07,5e-07,5.145e-07,1967104.0
2019-08-12,5.033e-07,5.547e-07,5.015e-07,5.165e-07,917477.0
2019-08-13,5.17e-07,5.488e-07,5.101e-07,5.248e-07,402802.0
2019-08-14,5.26e-07,5.585e-07,5.248e-07,5.441e-07,982854.0
2019-08-15,5.401e-07,5.599e-07,5.045e-07,5.074e-07,1067042.0
2019-08-16,5.099e-07,5.323e-07,5e-07,5.289e-07,577117.0
2019-08-17,5.271e-07,5.295e-07,4.954e-07,5.098e-07,467720.0
2019-08-18,5.091e-07,5.54e-07,4.993e-07,5.014e-07,2012310.0
2019-08-19,5.014e-07,5.428e-07,4.881e-07,5.035e-07,1221743.0
2019-08-20,5.035e-07,5.362e-07,4.879e-07,5.065e-07,843130.0
2019-08-21,4.938e-07,5.256e-07,4.938e-07,5.009e-07,452415.0
2019-08-22,5.012e-07,5.205e-07,4.426e-07,4.798e-07,1661198.0
2019-08-23,4.811e-07,5e-07,4.425e-07,4.668e-07,912163.0
2019-08-24,4.668e-07,5.079e-07,4.292e-07,4.779e-07,2106187.0
2019-08-25,4.779e-07,5.197e-07,4.545e-07,5.047e-07,684911.0
2019-08-26,4.903e-07,5.237e-07,3.839e-07,4.342e-07,3078458.0
2019-08-27,4.211e-07,4.579e-07,3.606e-07,4.05e-07,2432255.0
2019-08-28,3.963e-07,4.199e-07,3.726e-07,4.016e-07,999068.0
2019-08-29,4.021e-07,4.374e-07,3.801e-07,4.074e-07,881151.0
2019-08-30,3.964e-07,4.16e-07,3.838e-07,4.008e-07,1949450.0
2019-08-31,3.997e-07,4.2e-07,3.8e-07,3.95e-07,1133850.0
2019-09-01,3.858e-07,3.959e-07,3.691e-07,3.85e-07,718531.0
2019-09-02,3.938e-07,4.05e-07,3.685e-07,3.711e-07,985158.0
2019-09-03,3.711e-07,3.847e-07,3.601e-07,3.77e-07,324218.0
2019-09-04,3.77e-07,3.87e-07,3.601e-07,3.829e-07,909247.0
2019-09-05,3.73e-07,3.829e-07,3.523e-07,3.6e-07,853618.0
2019-09-06,3.652e-07,3.771e-07,3.36e-07,3.587e-07,909355.0
2019-09-07,3.639e-07,3.69e-07,3.362e-07,3.452e-07,1135087.0
2019-09-08,3.421e-07,3.549e-07,3.201e-07,3.375e-07,1595417.0
2019-09-09,3.376e-07,3.65e-07,3.255e-07,3.468e-07,1997729.0
2019-09-10,3.418e-07,3.75e-07,3.287e-07,3.401e-07,1583355.0
2019-09-11,3.324e-07,3.432e-07,2.985e-07,3.099e-07,1997792.0
2019-09-12,3.022e-07,3.38e-07,2.9e-07,3.38e-07,2192275.0
2019-09-13,3.38e-07,3.9e-07,3.25e-07,3.496e-07,3685096.0
2019-09-14,3.452e-07,3.75e-07,3.221e-07,3.355e-07,1816308.0
2019-09-15,3.355e-07,3.599e-07,3.201e-07,3.32e-07,1577568.0
2019-09-16,3.32e-07,3.399e-07,3.2e-07,3.262e-07,569708.0
2019-09-17,3.256e-07,3.44e-07,3.151e-07,3.204e-07,978554.0
2019-09-18,3.228e-07,3.45e-07,3.164e-07,3.253e-07,1370048.0
2019-09-19,3.314e-07,3.326e-07,3.125e-07,3.182e-07,989429.0
2019-09-20,3.192e-07,3.415e-07,3.1e-07,3.345e-07,1533414.0
2019-09-21,3.345e-07,3.415e-07,3.2e-07,3.221e-07,951954.0
2019-09-22,3.218e-07,3.45e-07,3.119e-07,3.137e-07,937745.0
2019-09-23,3.187e-07,3.3e-07,3.139e-07,3.198e-07,760112.0
2019-09-24,3.208e-07,3.227e-07,3.078e-07,3.113e-07,1388310.0
2019-09-25,3.112e-07,3.196e-07,3e-07,3.138e-07,1164850.0
2019-09-26,3.047e-07,3.398e-07,3.046e-07,3.398e-07,1330672.0
2019-09-27,3.266e-07,3.4e-07,3.1e-07,3.108e-07,1018169.0
2019-09-28,3.169e-07,3.339e-07,3.11e-07,3.212e-07,729626.0
2019-09-29,3.214e-07,3.217e-07,3.1e-07,3.199e-07,482353.0
2019-09-30,3.199e-07,3.317e-07,3.02e-07,3.112e-07,1193156.0
2019-10-01,3.112e-07,3.112e-07,2.977e-07,3.003e-07,625723.0
2019-10-02,3.07e-07,3.294e-07,3e-07,3.25e-07,1997243.0
2019-10-03,3.251e-07,3.996e-07,3.051e-07,3.203e-07,1973615.0
2019-10-04,3.237e-07,3.797e-07,3.208e-07,3.641e-07,1150294.0
2019-10-05,3.641e-07,4.49e-07,3.4e-07,4.024e-07,2911395.0
2019-10-06,3.976e-07,4.272e-07,3.8e-07,3.8e-07,1889436.0
2019-10-07,3.896e-07,3.948e-07,3.8e-07,3.829e-07,1752979.0
2019-10-08,3.832e-07,3.897e-07,3.8e-07,3.829e-07,620299.0
2019-10-09,3.829e-07,4.29e-07,3.325e-07,3.6e-07,2958083.0
2019-10-10,3.6e-07,3.775e-07,3.12e-07,3.306e-07,2224888.0
2019-10-11,3.307e-07,3.644e-07,3.3e-07,3.6e-07,1132101.0
2019-10-12,3.594e-07,3.998e-07,3.447e-07,3.638e-07,997464.0
2019-10-13,3.67e-07,3.705e-07,3.3e-07,3.41e-07,1643111.0
2019-10-14,3.37e-07,3.58e-07,3.078e-07,3.471e-07,1327305.0
2019-10-15,3.417e-07,3.595e-07,3.411e-07,3.561e-07,727704.0
2019-10-16,3.555e-07,3.78e-07,3.5e-07,3.71e-07,692460.0
2019-10-17,3.779e-07,4.18e-07,3.61e-07,3.78e-07,1359158.0
2019-10-18,3.81e-07,3.81e-07,3.41e-07,3.595e-07,402087.0
2019-10-19,3.594e-07,3.594e-07,3.47e-07,3.481e-07,200928.0
2019-10-20,3.502e-07,3.735e-07,3.466e-07,3.471e-07,459134.0
2019-10-21,3.527e-07,3.589e-07,3.31e-07,3.459e-07,488255.0
2019-10-22,3.453e-07,3.55e-07,3.372e-07,3.55e-07,259336.0
2019-10-23,3.55e-07,3.689e-07,3.5e-07,3.54e-07,784918.0
2019-10-24,3.528e-07,3.585e-07,3.5e-07,3.549e-07,148387.0
2019-10-25,3.544e-07,3.6e-07,3.5e-07,3.595e-07,904743.0
2019-10-26,3.596e-07,3.6e-07,3.101e-07,3.33e-07,1662235.0
2019-10-27,3.33e-07,3.5e-07,3.3e-07,3.5e-07,383292.0
2019-10-28,3.5e-07,4e-07,3.404e-07,3.598e-07,1295586.0
2019-10-29,3.596e-07,3.751e-07,3.55e-07,3.55e-07,965846.0
2019-10-30,3.552e-07,3.7e-07,3.4e-07,3.6e-07,409714.0
2019-10-31,3.607e-07,3.61e-07,3.21e-07,3.299e-07,663811.0
2019-11-01,3.299e-07,3.498e-07,3.152e-07,3.273e-07,284795.0
2019-11-02,3.192e-07,3.31e-07,3.09e-07,3.196e-07,675199.0
2019-11-03,3.2e-07,3.592e-07,3.104e-07,3.3e-07,948993.0
2019-11-04,3.302e-07,3.65e-07,3.25e-07,3.4e-07,1622639.0
2019-11-05,3.402e-07,3.437e-07,3.352e-07,3.394e-07,158386.0
2019-11-06,3.384e-07,3.44e-07,3.2e-07,3.363e-07,974433.0
2019-11-07,3.374e-07,3.5e-07,3.2e-07,3.359e-07,2106175.0
2019-11-08,3.365e-07,3.497e-07,3.2e-07,3.306e-07,658705.0
2019-11-09,3.309e-07,3.613e-07,3.247e-07,3.398e-07,611721.0
2019-11-10,3.386e-07,3.515e-07,3.31e-07,3.382e-07,749670.0
2019-11-11,3.447e-07,3.447e-07,3.32e-07,3.386e-07,257934.0
2019-11-12,3.38e-07,3.41e-07,3.083e-07,3.303e-07,995668.0
2019-11-13,3.307e-07,3.45e-07,3.303e-07,3.368e-07,289395.0
2019-11-14,3.374e-07,3.8e-07,3.303e-07,3.434e-07,1672859.0
2019-11-15,3.43e-07,3.5e-07,3.302e-07,3.397e-07,759287.0
2019-11-16,3.397e-07,3.397e-07,3.051e-07,3.2e-07,1854193.0
2019-11-17,3.212e-07,3.353e-07,3.06e-07,3.323e-07,358620.0
2019-11-18,3.321e-07,3.391e-07,3.105e-07,3.247e-07,910181.0
2019-11-19,3.273e-07,3.438e-07,3.106e-07,3.374e-07,630867.0
2019-11-20,3.277e-07,3.38e-07,3.223e-07,3.328e-07,747612.0
2019-11-21,3.309e-07,3.36e-07,3.162e-07,3.299e-07,898755.0
2019-11-22,3.313e-07,3.499e-07,3.2e-07,3.385e-07,976036.0
2019-11-23,3.381e-07,3.55e-07,3.2e-07,3.298e-07,1149716.0
2019-11-24,3.255e-07,3.45e-07,3.2e-07,3.45e-07,1526633.0
2019-11-25,3.379e-07,3.45e-07,2.707e-07,2.933e-07,6551156.0
2019-11-26,2.933e-07,3.215e-07,2.82e-07,3.208e-07,1872155.0
2019-11-27,3.213e-07,3.23e-07,3.05e-07,3.154e-07,1530878.0
2019-11-28,3.133e-07,3.198e-07,3e-07,3.196e-07,818027.0
2019-11-29,3.113e-07,3.198e-07,2.901e-07,3.1e-07,1270692.0
2019-11-30,3.031e-07,3.147e-07,2.914e-07,2.915e-07,302283.0
2019-12-01,2.962e-07,3.094e-07,2.909e-07,3.042e-07,559814.0
2019-12-02,2.978e-07,3.088e-07,2.9e-07,2.967e-07,515396.0
2019-12-03,2.923e-07,3.39e-07,2.802e-07,2.923e-07,2353114.0
2019-12-04,2.909e-07,2.923e-07,2.802e-07,2.885e-07,1150403.0
2019-12-05,2.853e-07,2.998e-07,2.84e-07,2.998e-07,171272.0
2019-12-06,3e-07,3.497e-07,2.942e-07,3.158e-07,2326218.0
2019-12-07,3.1e-07,3.484e-07,2.999e-07,3.25e-07,2936207.0
2019-12-08,3.106e-07,3.106e-07,2.955e-07,2.972e-07,774676.0
2019-12-09,3.077e-07,3.1e-07,3e-07,3.005e-07,704193.0
2019-12-10,3.006e-07,3.416e-07,2.971e-07,3.111e-07,1211269.0
2019-12-11,3.111e-07,3.111e-07,2.99e-07,3.1e-07,515792.0
2019-12-12,3.018e-07,3.097e-07,3.009e-07,3.009e-07,607218.0
2019-12-13,3.089e-07,3.091e-07,3.005e-07,3.042e-07,1141588.0
2019-12-14,3.006e-07,3.074e-07,2.904e-07,2.964e-07,686768.0
2019-12-15,2.941e-07,3.331e-07,2.915e-07,2.99e-07,1355918.0
2019-12-16,3.019e-07,3.02e-07,2.923e-07,2.999e-07,923003.0
2019-12-17,2.949e-07,3.014e-07,2.94e-07,3.014e-07,621635.0
2019-12-18,2.97e-07,3.045e-07,2.908e-07,2.909e-07,739345.0
2019-12-19,2.91e-07,3.18e-07,2.905e-07,2.965e-07,870165.0
2019-12-20,2.955e-07,3.025e-07,2.918e-07,2.921e-07,510213.0
2019-12-21,2.921e-07,2.952e-07,2.802e-07,2.805e-07,1127132.0
2019-12-22,2.805e-07,2.806e-07,2.21e-07,2.629e-07,1332952.0
2019-12-23,2.629e-07,2.696e-07,2.413e-07,2.696e-07,704638.0
2019-12-24,2.694e-07,2.697e-07,2.24e-07,2.534e-07,1530908.0
2019-12-25,2.615e-07,2.615e-07,2.466e-07,2.466e-07,289472.0
2019-12-26,2.527e-07,2.567e-07,2.223e-07,2.385e-07,1589800.0
2019-12-27,2.384e-07,2.385e-07,2.311e-07,2.385e-07,554093.0
2019-12-28,2.385e-07,2.453e-07,2.357e-07,2.45e-07,869027.0
2019-12-29,2.397e-07,2.596e-07,2.387e-07,2.48e-07,171567.0
2019-12-30,2.518e-07,2.632e-07,2.406e-07,2.412e-07,1006689.0
2019-12-31,2.412e-07,2.47e-07,2.4e-07,2.469e-07,262566.0
2020-01-01,2.451e-07,2.515e-07,2.4e-07,2.405e-07,425937.0
2020-01-02,2.405e-07,2.489e-07,2.4e-07,2.445e-07,256795.0
2020-01-03,2.451e-07,2.476e-07,2.34e-07,2.427e-07,1063158.0
2020-01-04,2.348e-07,2.473e-07,2.341e-07,2.351e-07,247808.0
2020-01-05,2.35e-07,2.445e-07,2.28e-07,2.445e-07,604730.0
2020-01-06,2.39e-07,2.625e-07,2.263e-07,2.344e-07,581151.0
2020-01-07,2.266e-07,2.378e-07,2.258e-07,2.26e-07,1149271.0
2020-01-08,2.265e-07,2.377e-07,2.1e-07,2.254e-07,487851.0
2020-01-09,2.326e-07,2.428e-07,2e-07,2.293e-07,642743.0
2020-01-10,2.223e-07,2.294e-07,2.005e-07,2.16e-07,675063.0
2020-01-11,2.268e-07,2.35e-07,2.002e-07,2.328e-07,762198.0
2020-01-12,2.328e-07,2.632e-07,2.266e-07,2.481e-07,9530488.0
2020-01-13,2.461e-07,2.569e-07,2.23e-07,2.341e-07,15638761.0
2020-01-14,2.379e-07,2.407e-07,2.1e-07,2.335e-07,31458552.0
2020-01-15,2.336e-07,2.4e-07,2.204e-07,2.316e-07,38270586.0
2020-01-16,2.312e-07,2.399e-07,2.17e-07,2.184e-07,46546965.0
2020-01-17,2.186e-07,2.297e-07,2.156e-07,2.229e-07,44544796.0
2020-01-18,2.205e-07,2.331e-07,2.193e-07,2.317e-07,60761965.0
2020-01-19,2.316e-07,2.34e-07,2.203e-07,2.274e-07,21019553.0
2020-01-20,2.283e-07,3.075e-07,2.243e-07,2.764e-07,30734109.0
2020-01-21,2.771e-07,3.199e-07,2.609e-07,2.919e-07,21865205.0
2020-01-22,2.921e-07,3.397e-07,2.684e-07,3.226e-07,42633329.0
2020-01-23,3.221e-07,4.578e-07,2.931e-07,3.48e-07,68344365.0
2020-01-24,3.429e-07,3.633e-07,3.007e-07,3.516e-07,63636107.0
2020-01-25,3.52e-07,3.551e-07,3.158e-07,3.279e-07,65309251.0
2020-01-26,3.289e-07,3.9e-07,3.237e-07,3.458e-07,58221582.0
2020-01-27,3.467e-07,3.622e-07,3.34e-07,3.507e-07,84694966.0
2020-01-28,3.525e-07,3.899e-07,3.458e-07,3.843e-07,51659152.0
2020-01-29,3.839e-07,4.46e-07,3.693e-07,4.297e-07,66073277.0
2020-01-30,4.29e-07,4.378e-07,3.89e-07,4.19e-07,68798823.0
2020-01-31,4.156e-07,4.321e-07,3.817e-07,3.827e-07,71594641.0
2020-02-01,3.859e-07,4.099e-07,3.537e-07,3.914e-07,63856350.0
2020-02-02,3.915e-07,4.045e-07,3.5e-07,3.774e-07,65549851.0
2020-02-03,3.759e-07,3.997e-07,3.521e-07,3.961e-07,78459387.0
2020-02-04,3.973e-07,4.5e-07,3.804e-07,4.068e-07,91334181.0
2020-02-05,4.071e-07,4.139e-07,3.826e-07,3.866e-07,63006133.0
2020-02-06,3.864e-07,3.924e-07,3.658e-07,3.831e-07,82589673.0
2020-02-07,3.832e-07,3.924e-07,3.3e-07,3.493e-07,66035416.0
2020-02-08,3.493e-07,3.6e-07,3.211e-07,3.243e-07,70278316.0
2020-02-09,3.266e-07,3.7e-07,3.242e-07,3.405e-07,76796406.0
2020-02-10,3.416e-07,3.748e-07,3.341e-07,3.632e-07,80234689.0
2020-02-11,3.635e-07,3.716e-07,3.4e-07,3.548e-07,80233833.0
2020-02-12,3.553e-07,3.862e-07,3.445e-07,3.65e-07,93355367.0
2020-02-13,3.661e-07,4.2e-07,3.606e-07,3.989e-07,63352273.0
2020-02-14,3.98e-07,6.5e-07,3.95e-07,5.456e-07,73600314.0
2020-02-15,5.437e-07,6.3e-07,4.6e-07,5.277e-07,70089836.0
2020-02-16,5.251e-07,5.769e-07,4.6e-07,4.839e-07,47623706.0
2020-02-17,4.843e-07,5.31e-07,4.719e-07,4.824e-07,66916096.0
2020-02-18,4.811e-07,4.933e-07,4.401e-07,4.705e-07,71224135.0
2020-02-19,4.747e-07,5.355e-07,4.319e-07,4.707e-07,94332584.0
2020-02-20,4.703e-07,5.36e-07,4.63e-07,5.295e-07,65360813.0
2020-02-21,5.278e-07,5.997e-07,5.226e-07,5.764e-07,65168390.0
2020-02-22,5.748e-07,5.861e-07,5.149e-07,5.268e-07,74072141.0
2020-02-23,5.287e-07,5.63e-07,5.203e-07,5.424e-07,89406448.0
2020-02-24,5.453e-07,5.655e-07,4.758e-07,4.993e-07,69597810.0
2020-02-25,4.993e-07,5.596e-07,4.41e-07,4.503e-07,82530297.0
2020-02-26,4.502e-07,5.3e-07,4.501e-07,4.675e-07,83587135.0
2020-02-27,4.672e-07,5.328e-07,4.633e-07,5.008e-07,51977392.0
2020-02-28,5.03e-07,5.153e-07,4.758e-07,4.934e-07,44605077.0
2020-02-29,4.927e-07,5.323e-07,4.909e-07,5.08e-07,83055373.0
2020-03-01,5.053e-07,5.325e-07,4.97e-07,4.987e-07,72280010.0
2020-03-02,4.982e-07,5.322e-07,4.901e-07,5.171e-07,25284192.0
2020-03-03,5.163e-07,5.203e-07,4.918e-07,4.964e-07,45214120.0
2020-03-04,4.959e-07,5.15e-07,4.894e-07,4.933e-07,51381588.0
2020-03-05,4.923e-07,5.05e-07,4.8e-07,4.916e-07,49882783.0
2020-03-06,4.96e-07,5.129e-07,4.601e-07,4.894e-07,65042592.0
2020-03-07,4.916e-07,5.05e-07,4.831e-07,4.903e-07,18912902.0
2020-03-08,4.902e-07,5.126e-07,4.301e-07,4.6e-07,33288347.0
2020-03-09,4.644e-07,4.644e-07,3.136e-07,4.085e-07,37526814.0
2020-03-10,4.074e-07,4.236e-07,3.717e-07,4.163e-07,16381922.0
2020-03-11,4.153e-07,4.21e-07,3.955e-07,4.043e-07,70856532.0
2020-03-12,3.983e-07,4.099e-07,3.3e-07,3.589e-07,40481001.0
2020-03-13,3.565e-07,3.997e-07,3.494e-07,3.865e-07,20049448.0
2020-03-14,3.89e-07,4.174e-07,3.78e-07,4.118e-07,30623253.0
2020-03-15,4.113e-07,4.482e-07,3.8e-07,3.834e-07,19522163.0
2020-03-16,3.854e-07,4.046e-07,3.75e-07,3.844e-07,19415736.0
2020-03-17,3.851e-07,4.076e-07,3.755e-07,4.041e-07,10808797.0
2020-03-18,4.03e-07,4.095e-07,3.855e-07,3.949e-07,11223790.0
2020-03-19,3.969e-07,4.315e-07,3.876e-07,4.163e-07,13892858.0
2020-03-20,4.161e-07,4.44e-07,4.001e-07,4.154e-07,19982199.0
2020-03-21,4.135e-07,4.6e-07,4.11e-07,4.495e-07,16307647.0
2020-03-22,4.51e-07,4.748e-07,4.4e-07,4.53e-07,24860040.0
2020-03-23,4.506e-07,4.56e-07,4.23e-07,4.508e-07,11385952.0
2020-03-24,4.493e-07,4.542e-07,4.11e-07,4.15e-07,23995129.0
2020-03-25,4.153e-07,4.346e-07,4.038e-07,4.157e-07,17400476.0
2020-03-26,4.14e-07,4.2e-07,3.908e-07,3.993e-07,20963965.0
2020-03-27,3.992e-07,4.15e-07,3.802e-07,3.931e-07,22163376.0
2020-03-28,3.919e-07,4.097e-07,3.751e-07,3.951e-07,11913851.0
2020-03-29,3.951e-07,4.165e-07,3.852e-07,4.015e-07,9694142.0
2020-03-30,3.987e-07,4.075e-07,3.873e-07,3.879e-07,10729834.0
2020-03-31,3.908e-07,4.059e-07,3.819e-07,3.913e-07,8283365.0
2020-04-01,3.932e-07,4.188e-07,3.821e-07,3.984e-07,12618716.0
2020-04-02,3.972e-07,4.014e-07,3.821e-07,3.853e-07,24424066.0
2020-04-03,3.883e-07,4.197e-07,3.83e-07,3.999e-07,26367552.0
2020-04-04,3.986e-07,4.117e-07,3.841e-07,3.939e-07,15869836.0
2020-04-05,3.944e-07,3.996e-07,3.236e-07,3.676e-07,21016998.0
2020-04-06,3.664e-07,3.888e-07,3.43e-07,3.768e-07,9218719.0
2020-04-07,3.8e-07,3.892e-07,3.1e-07,3.398e-07,19608586.0
2020-04-08,3.365e-07,3.724e-07,3.271e-07,3.508e-07,19454687.0
2020-04-09,3.503e-07,3.525e-07,3.324e-07,3.407e-07,12370355.0
2020-04-10,3.397e-07,3.563e-07,3.386e-07,3.436e-07,14839188.0
2020-04-11,3.446e-07,3.461e-07,3.29e-07,3.338e-07,11032984.0
2020-04-12,3.309e-07,3.383e-07,3.03e-07,3.227e-07,19893562.0
2020-04-13,3.219e-07,3.3e-07,3.028e-07,3.091e-07,16040294.0
2020-04-14,3.077e-07,3.131e-07,2.515e-07,2.804e-07,26459714.0
2020-04-15,2.828e-07,2.965e-07,2.525e-07,2.621e-07,18956900.0
2020-04-16,2.648e-07,2.799e-07,2.305e-07,2.72e-07,22627679.0
2020-04-17,2.718e-07,2.839e-07,2.435e-07,2.488e-07,20970435.0
2020-04-18,2.47e-07,2.84e-07,2.452e-07,2.776e-07,16308283.0
2020-04-19,2.771e-07,3.9e-07,2.748e-07,2.996e-07,29907207.0
2020-04-20,3.018e-07,3.7e-07,3e-07,3.31e-07,27167562.0
2020-04-21,3.318e-07,3.855e-07,3e-07,3.103e-07,22041123.0
2020-04-22,3.084e-07,3.261e-07,2.952e-07,3.172e-07,21077081.0
2020-04-23,3.164e-07,3.197e-07,2.587e-07,2.872e-07,25027192.0
2020-04-24,2.898e-07,2.977e-07,2.733e-07,2.768e-07,18918068.0
2020-04-25,2.766e-07,3.262e-07,2.756e-07,2.982e-07,32540048.0
2020-04-26,2.955e-07,3.252e-07,2.62e-07,2.927e-07,20702844.0
2020-04-27,2.902e-07,3.089e-07,2.873e-07,2.935e-07,13962283.0
2020-04-28,2.961e-07,3.21e-07,2.789e-07,2.842e-07,21122439.0
2020-04-29,2.86e-07,2.924e-07,2.704e-07,2.782e-07,28440614.0
2020-04-30,2.776e-07,2.88e-07,2.7e-07,2.726e-07,12841511.0
2020-05-01,2.726e-07,2.76e-07,2.62e-07,2.674e-07,19877876.0
2020-05-02,2.67e-07,2.747e-07,2.622e-07,2.703e-07,24656980.0
2020-05-03,2.706e-07,2.722e-07,2.59e-07,2.709e-07,11718547.0
2020-05-04,2.686e-07,2.806e-07,2.576e-07,2.745e-07,20034938.0
2020-05-05,2.745e-07,3.659e-07,2.722e-07,3.139e-07,21540725.0
2020-05-06,3.13e-07,3.331e-07,2.889e-07,2.98e-07,20554974.0
2020-05-07,2.966e-07,3.067e-07,2.768e-07,2.859e-07,19641938.0
2020-05-08,2.854e-07,3.86e-07,2.825e-07,3.793e-07,42368944.0
2020-05-09,3.86e-07,4.819e-07,3.489e-07,4.421e-07,26064565.0
2020-05-10,4.333e-07,4.774e-07,3.495e-07,3.839e-07,45998434.0
2020-05-11,3.841e-07,5.285e-07,3.533e-07,4.331e-07,41170950.0
2020-05-12,4.354e-07,5e-07,3.559e-07,4.07e-07,40526776.0
2020-05-13,4.05e-07,4.4e-07,3.721e-07,4.053e-07,47825558.0
2020-05-14,4.002e-07,4.1e-07,3.7e-07,3.709e-07,27012893.0
2020-05-15,3.73e-07,3.941e-07,3.456e-07,3.638e-07,33462589.0
2020-05-16,3.645e-07,3.919e-07,3.603e-07,3.732e-07,36663106.0
2020-05-17,3.744e-07,3.811e-07,3.499e-07,3.561e-07,16605202.0
2020-05-18,3.555e-07,4.053e-07,3.485e-07,3.836e-07,33711467.0
2020-05-19,3.84e-07,3.866e-07,3.642e-07,3.67e-07,38190561.0
2020-05-20,3.684e-07,4.188e-07,3.6e-07,3.985e-07,27736081.0
2020-05-21,3.94e-07,4.053e-07,3.784e-07,3.849e-07,15936437.0
2020-05-22,3.868e-07,3.997e-07,3.755e-07,3.994e-07,29776304.0
2020-05-23,3.981e-07,4.155e-07,3.865e-07,3.969e-07,35159115.0
2020-05-24,3.98e-07,4.046e-07,3.792e-07,3.871e-07,33270785.0
2020-05-25,3.855e-07,3.906e-07,3.6e-07,3.836e-07,28282551.0
2020-05-26,3.814e-07,3.957e-07,3.764e-07,3.807e-07,22363786.0
2020-05-27,3.804e-07,3.9e-07,3.602e-07,3.667e-07,14473526.0
2020-05-28,3.652e-07,3.67e-07,3.3e-07,3.386e-07,24136529.0
2020-05-29,3.393e-07,3.53e-07,3.3e-07,3.317e-07,25286015.0
2020-05-30,3.335e-07,3.518e-07,3.308e-07,3.442e-07,14942377.0
2020-05-31,3.436e-07,3.754e-07,3.347e-07,3.472e-07,46818859.0
2020-06-01,3.479e-07,3.518e-07,3.314e-07,3.381e-07,32831408.0
2020-06-02,3.369e-07,3.467e-07,3.083e-07,3.302e-07,38605959.0
2020-06-03,3.307e-07,3.329e-07,3.1e-07,3.21e-07,23680446.0
2020-06-04,3.201e-07,4.15e-07,3.1e-07,3.514e-07,28875682.0
2020-06-05,3.514e-07,3.597e-07,3.204e-07,3.478e-07,25615187.0
2020-06-06,3.487e-07,3.493e-07,3.3e-07,3.46e-07,35590060.0
2020-06-07,3.455e-07,3.873e-07,3.44e-07,3.532e-07,25642927.0
2020-06-08,3.532e-07,3.559e-07,3.37e-07,3.379e-07,25047079.0
2020-06-09,3.391e-07,3.46e-07,3.35e-07,3.358e-07,31478379.0
2020-06-10,3.357e-07,3.398e-07,3.244e-07,3.315e-07,16943566.0
2020-06-11,3.327e-07,3.421e-07,3.189e-07,3.235e-07,43998481.0
2020-06-12,3.221e-07,3.451e-07,3.189e-07,3.402e-07,13700545.0
2020-06-13,3.403e-07,3.431e-07,2.901e-07,3.261e-07,50267481.0
2020-06-14,3.267e-07,3.304e-07,3.201e-07,3.288e-07,52883345.0
2020-06-15,3.272e-07,3.379e-07,3.178e-07,3.278e-07,17417289.0
2020-06-16,3.292e-07,3.298e-07,3.123e-07,3.165e-07,18448408.0
2020-06-17,3.162e-07,3.252e-07,3.142e-07,3.209e-07,31334811.0
2020-06-18,3.209e-07,3.229e-07,3.057e-07,3.131e-07,7892829.0
2020-06-19,3.136e-07,3.2e-07,3.062e-07,3.177e-07,34563809.0
2020-06-20,3.165e-07,3.199e-07,3.149e-07,3.16e-07,17675021.0
2020-06-21,3.16e-07,3.19e-07,3.123e-07,3.163e-07,19621633.0
2020-06-22,3.158e-07,3.296e-07,3.04e-07,3.051e-07,28273993.0
2020-06-23,3.054e-07,3.136e-07,2.999e-07,3.086e-07,32677919.0
2020-06-24,3.086e-07,3.246e-07,3.057e-07,3.222e-07,15775613.0
2020-06-25,3.222e-07,3.524e-07,3.173e-07,3.208e-07,15380488.0
2020-06-26,3.2e-07,3.93e-07,3.18e-07,3.386e-07,40754751.0
2020-06-27,3.394e-07,3.415e-07,3.103e-07,3.247e-07,24995393.0
2020-06-28,3.231e-07,3.255e-07,2.99e-07,3.156e-07,36449695.0
2020-06-29,3.152e-07,3.472e-07,3.071e-07,3.246e-07,30022735.0
2020-06-30,3.236e-07,3.282e-07,3.153e-07,3.174e-07,25514091.0
2020-07-01,3.155e-07,3.411e-07,3.131e-07,3.25e-07,9049401.0
2020-07-02,3.265e-07,3.319e-07,3.039e-07,3.164e-07,19334538.0
2020-07-03,3.163e-07,3.294e-07,3.039e-07,3.202e-07,19116098.0
2020-07-04,3.187e-07,3.24e-07,3.042e-07,3.068e-07,27652214.0
2020-07-05,3.058e-07,3.395e-07,2.965e-07,3.271e-07,26597255.0
2020-07-06,3.252e-07,3.286e-07,3.136e-07,3.154e-07,4686588.0
2020-07-07,3.174e-07,3.242e-07,3.094e-07,3.109e-07,10730772.0
2020-07-08,3.107e-07,3.264e-07,3.075e-07,3.196e-07,27750981.0
2020-07-09,3.192e-07,3.208e-07,3.05e-07,3.196e-07,23652038.0
2020-07-10,3.196e-07,3.231e-07,3.115e-07,3.145e-07,16374912.0
2020-07-11,3.147e-07,3.2e-07,3.055e-07,3.2e-07,11034170.0
2020-07-12,3.178e-07,3.2e-07,3.09e-07,3.11e-07,29635775.0
2020-07-13,3.11e-07,3.227e-07,3.103e-07,3.155e-07,24928331.0
2020-07-14,3.156e-07,3.179e-07,3.11e-07,3.153e-07,20869932.0
2020-07-15,3.153e-07,3.22e-07,3.1e-07,3.133e-07,22770293.0
2020-07-16,3.14e-07,3.8e-07,3.12e-07,3.344e-07,27425137.0
2020-07-17,3.328e-07,3.546e-07,3.308e-07,3.392e-07,4993091.0
2020-07-18,3.389e-07,3.403e-07,3.2e-07,3.247e-07,8275120.0
2020-07-19,3.249e-07,3.264e-07,3.106e-07,3.24e-07,24144712.0
2020-07-20,3.263e-07,3.792e-07,3.183e-07,3.694e-07,13990880.0
2020-07-21,3.683e-07,3.8e-07,3.643e-07,3.767e-07,17961951.0
2020-07-22,3.753e-07,4.27e-07,3.667e-07,3.738e-07,7206314.0
2020-07-23,3.735e-07,3.815e-07,3.678e-07,3.785e-07,10974587.0
2020-07-24,3.779e-07,3.799e-07,3.612e-07,3.734e-07,9035757.0
2020-07-25,3.736e-07,3.895e-07,3.618e-07,3.691e-07,7512409.0
2020-07-26,3.73e-07,3.835e-07,3.6e-07,3.83e-07,5481444.0
2020-07-27,3.807e-07,3.833e-07,3e-07,3.25e-07,16905719.0
2020-07-28,3.237e-07,3.372e-07,3.087e-07,3.196e-07,12812701.0
2020-07-29,3.176e-07,3.242e-07,2.9e-07,2.994e-07,9012221.0
2020-07-30,2.965e-07,3.191e-07,2.947e-07,3.138e-07,11960468.0
2020-07-31,3.119e-07,3.23e-07,2.97e-07,3.13e-07,11376086.0
2020-08-01,3.084e-07,3.257e-07,3.017e-07,3.025e-07,14529871.0
2020-08-02,3.042e-07,3.44e-07,2.98e-07,3.167e-07,18945223.0
2020-08-03,3.162e-07,3.251e-07,3.047e-07,3.107e-07,37964954.0
2020-08-04,3.111e-07,3.366e-07,3.046e-07,3.287e-07,22167771.0
2020-08-05,3.325e-07,3.462e-07,3.171e-07,3.3e-07,9796752.0
2020-08-06,3.268e-07,3.419e-07,3.062e-07,3.141e-07,37043138.0
2020-08-07,3.139e-07,3.373e-07,3.116e-07,3.296e-07,34132609.0
2020-08-08,3.289e-07,3.777e-07,3.253e-07,3.575e-07,19344186.0
2020-08-09,3.563e-07,3.9e-07,3.463e-07,3.511e-07,23230796.0
2020-08-10,3.493e-07,3.545e-07,3.3e-07,3.539e-07,16444786.0
2020-08-11,3.541e-07,3.96e-07,3.518e-07,3.828e-07,26706010.0
2020-08-12,3.832e-07,3.9e-07,3.697e-07,3.806e-07,25353204.0
2020-08-13,3.805e-07,4.688e-07,3.728e-07,4.358e-07,25117743.0
2020-08-14,4.333e-07,6.89e-07,4.315e-07,5.532e-07,43680274.0
2020-08-15,5.58e-07,5.678e-07,4.774e-07,5.007e-07,30024433.0
2020-08-16,4.951e-07,5.548e-07,4.675e-07,4.957e-07,19771582.0
2020-08-17,4.913e-07,5.222e-07,4.617e-07,4.853e-07,27098967.0
2020-08-18,4.848e-07,5.298e-07,4.788e-07,4.881e-07,24709899.0
2020-08-19,4.933e-07,5.426e-07,4.757e-07,4.757e-07,28530972.0
2020-08-20,4.721e-07,5.226e-07,4.641e-07,5.008e-07,21151149.0
2020-08-21,5.036e-07,5.59e-07,4.806e-07,4.879e-07,13699059.0
2020-08-22,4.916e-07,5.083e-07,4.704e-07,4.794e-07,12485310.0
2020-08-23,4.83e-07,4.963e-07,4.24e-07,4.335e-07,15250949.0
2020-08-24,4.322e-07,4.53e-07,4.282e-07,4.471e-07,17596480.0
2020-08-25,4.437e-07,4.693e-07,4.407e-07,4.492e-07,14545466.0
2020-08-26,4.492e-07,5e-07,4.412e-07,4.868e-07,10030769.0
2020-08-27,4.837e-07,4.899e-07,4.491e-07,4.665e-07,13852056.0
2020-08-28,4.642e-07,4.843e-07,4.557e-07,4.71e-07,7423867.0
2020-08-29,4.725e-07,5.024e-07,4.675e-07,4.802e-07,13446384.0
2020-08-30,4.837e-07,4.849e-07,4.49e-07,4.615e-07,14490023.0
2020-08-31,4.605e-07,4.638e-07,4.407e-07,4.469e-07,17190615.0
2020-09-01,4.476e-07,4.476e-07,3.065e-07,3.742e-07,38124909.0
2020-09-02,3.725e-07,3.843e-07,3.3e-07,3.534e-07,26176258.0
2020-09-03,3.522e-07,3.546e-07,3.143e-07,3.317e-07,23711862.0
2020-09-04,3.274e-07,3.411e-07,2.303e-07,3.086e-07,21500012.0
2020-09-05,3.061e-07,3.363e-07,2.61e-07,2.936e-07,23927093.0
2020-09-06,2.935e-07,3.066e-07,2.3e-07,2.65e-07,25338222.0
2020-09-07,2.659e-07,2.921e-07,2.539e-07,2.906e-07,25397951.0
2020-09-08,2.921e-07,3.423e-07,2.89e-07,3.078e-07,30052207.0
2020-09-09,3.052e-07,3.331e-07,3.052e-07,3.29e-07,15967836.0
2020-09-10,3.291e-07,3.506e-07,3.259e-07,3.3e-07,19052369.0
2020-09-11,3.301e-07,3.519e-07,3.286e-07,3.474e-07,25297839.0
2020-09-12,3.474e-07,3.667e-07,3.352e-07,3.616e-07,28315894.0
2020-09-13,3.625e-07,3.815e-07,3.595e-07,3.684e-07,16484478.0
2020-09-14,3.683e-07,3.91e-07,3.634e-07,3.826e-07,11467072.0
2020-09-15,3.838e-07,3.948e-07,3.576e-07,3.641e-07,21343312.0
2020-09-16,3.63e-07,4.006e-07,3.428e-07,3.949e-07,20232263.0
2020-09-17,3.933e-07,4.042e-07,3.7e-07,3.719e-07,14989951.0
2020-09-18,3.787e-07,3.869e-07,3.603e-07,3.671e-07,8362375.0
2020-09-19,3.72e-07,3.72e-07,3.416e-07,3.422e-07,8246059.0
2020-09-20,3.418e-07,3.753e-07,3.416e-07,3.593e-07,21354206.0
2020-09-21,3.64e-07,3.749e-07,3.32e-07,3.395e-07,20788474.0
2020-09-22,3.36e-07,3.547e-07,3.315e-07,3.324e-07,15254624.0
2020-09-23,3.325e-07,3.561e-07,3.229e-07,3.536e-07,13248955.0
2020-09-24,3.526e-07,3.539e-07,3.11e-07,3.312e-07,16146790.0
2020-09-25,3.334e-07,3.499e-07,3.26e-07,3.341e-07,20393492.0
2020-09-26,3.369e-07,3.485e-07,3.256e-07,3.313e-07,11983567.0
2020-09-27,3.29e-07,3.399e-07,3.067e-07,3.274e-07,9438463.0
2020-09-28,3.236e-07,3.384e-07,3.067e-07,3.127e-07,5962553.0
2020-09-29,3.082e-07,3.148e-07,2.97e-07,3.032e-07,19528185.0
2020-09-30,3.029e-07,3.156e-07,3.026e-07,3.031e-07,19424762.0
2020-10-01,3.059e-07,3.248e-07,3.022e-07,3.104e-07,20781328.0
2020-10-02,3.141e-07,3.155e-07,2.954e-07,2.973e-07,17929949.0
2020-10-03,2.956e-07,3.08e-07,2.949e-07,2.976e-07,13574279.0
2020-10-04,3.011e-07,3.065e-07,2.898e-07,3.024e-07,16411420.0
2020-10-05,3.02e-07,3.108e-07,2.869e-07,3.014e-07,14270608.0
2020-10-06,3.052e-07,3.095e-07,2.901e-07,2.923e-07,29074318.0
2020-10-07,2.924e-07,3.053e-07,2.9e-07,2.904e-07,27455660.0
2020-10-08,2.906e-07,3.019e-07,2.9e-07,2.999e-07,14012947.0
2020-10-09,3.001e-07,3.225e-07,2.95e-07,3.083e-07,16509416.0
2020-10-10,3.084e-07,3.166e-07,2.973e-07,3.034e-07,17285752.0
2020-10-11,3.032e-07,3.308e-07,3.012e-07,3.176e-07,19079743.0
2020-10-12,3.179e-07,3.191e-07,2.88e-07,2.961e-07,21860478.0
2020-10-13,2.956e-07,3.01e-07,2.895e-07,2.923e-07,18572069.0
2020-10-14,2.923e-07,2.944e-07,2.8e-07,2.888e-07,75426454.0
2020-10-15,2.888e-07,3.004e-07,2.782e-07,2.905e-07,50366648.0
2020-10-16,2.898e-07,2.941e-07,2.804e-07,2.853e-07,43756789.0
2020-10-17,2.848e-07,2.961e-07,2.84e-07,2.847e-07,35674714.0
2020-10-18,2.84e-07,2.937e-07,2.811e-07,2.847e-07,48999246.0
2020-10-19,2.863e-07,2.884e-07,2.819e-07,2.821e-07,67279740.0
2020-10-20,2.825e-07,2.859e-07,2.787e-07,2.81e-07,44668010.0
2020-10-21,2.817e-07,2.836e-07,2.701e-07,2.714e-07,47869999.0
2020-10-22,2.712e-07,2.859e-07,2.602e-07,2.623e-07,51788137.0
2020-10-23,2.612e-07,2.765e-07,2.603e-07,2.646e-07,43425064.0
2020-10-24,2.644e-07,2.739e-07,2.628e-07,2.668e-07,42622260.0
2020-10-25,2.666e-07,2.762e-07,2.604e-07,2.612e-07,37518873.0
2020-10-26,2.606e-07,2.656e-07,2.602e-07,2.603e-07,29965540.0
2020-10-27,2.603e-07,2.617e-07,2.069e-07,2.173e-07,17636498.0
2020-10-28,2.174e-07,2.367e-07,2.165e-07,2.334e-07,7343137.0
2020-10-29,2.345e-07,2.448e-07,2.326e-07,2.375e-07,7916918.0
2020-10-30,2.37e-07,2.379e-07,2.166e-07,2.27e-07,10185855.0
2020-10-31,2.259e-07,2.29e-07,2.237e-07,2.243e-07,4394962.0
2020-11-01,2.257e-07,2.35e-07,2.237e-07,2.268e-07,15336630.0
2020-11-02,2.253e-07,2.361e-07,2.236e-07,2.272e-07,10786690.0
2020-11-03,2.298e-07,2.303e-07,2.231e-07,2.233e-07,4891457.0
2020-11-04,2.234e-07,2.335e-07,2.231e-07,2.257e-07,8034928.0
2020-11-05,2.274e-07,2.32e-07,2.225e-07,2.228e-07,10983157.0
2020-11-06,2.231e-07,2.297e-07,2.068e-07,2.182e-07,9962032.0
2020-11-07,2.193e-07,2.22e-07,2.029e-07,2.06e-07,5677065.0
2020-11-08,2.056e-07,2.169e-07,2.003e-07,2.003e-07,7637328.0
2020-11-09,2.008e-07,2.1e-07,1.983e-07,2.046e-07,5526236.0
2020-11-10,2.063e-07,2.089e-07,1.934e-07,2.015e-07,1725437.0
2020-11-11,2.013e-07,2.082e-07,1.965e-07,1.984e-07,12798407.0
2020-11-12,1.99e-07,2.036e-07,1.88e-07,1.923e-07,2222662.0
2020-11-13,1.907e-07,2.099e-07,1.864e-07,1.906e-07,7221321.0
2020-11-14,1.911e-07,1.99e-07,1.891e-07,1.911e-07,3606947.0
2020-11-15,1.904e-07,1.964e-07,1.891e-07,1.918e-07,4859707.0
2020-11-16,1.921e-07,1.936e-07,1.778e-07,1.807e-07,5243802.0
2020-11-17,1.807e-07,1.825e-07,1.699e-07,1.738e-07,4984336.0
2020-11-18,1.729e-07,1.734e-07,1.633e-07,1.692e-07,2302331.0
2020-11-19,1.71e-07,1.725e-07,1.603e-07,1.672e-07,8569297.0
2020-11-20,1.682e-07,1.688e-07,1.563e-07,1.574e-07,4930254.0
2020-11-21,1.588e-07,1.711e-07,1.539e-07,1.696e-07,4094878.0
2020-11-22,1.692e-07,1.703e-07,1.654e-07,1.659e-07,5863974.0
2020-11-23,1.664e-07,1.799e-07,1.578e-07,1.737e-07,9622420.0
2020-11-24,1.751e-07,1.872e-07,1.639e-07,1.808e-07,6260304.0
2020-11-25,1.8e-07,2.428e-07,1.774e-07,1.982e-07,9281560.0
2020-11-26,1.977e-07,2.117e-07,1.811e-07,2.002e-07,4834958.0
2020-11-27,1.977e-07,2.014e-07,1.822e-07,1.893e-07,4312656.0
2020-11-28,1.908e-07,1.975e-07,1.8e-07,1.849e-07,9200926.0
2020-11-29,1.876e-07,1.924e-07,1.801e-07,1.862e-07,8766274.0
2020-11-30,1.852e-07,1.881e-07,1.745e-07,1.756e-07,2754089.0
2020-12-01,1.765e-07,1.827e-07,1.753e-07,1.789e-07,6395536.0
2020-12-02,1.776e-07,1.8e-07,1.702e-07,1.723e-07,5729785.0
2020-12-03,1.721e-07,1.733e-07,1.565e-07,1.649e-07,4278694.0
2020-12-04,1.661e-07,1.839e-07,1.652e-07,1.734e-07,1252242.0
2020-12-05,1.734e-07,1.986e-07,1.727e-07,1.828e-07,4050949.0
2020-12-06,1.835e-07,1.879e-07,1.752e-07,1.784e-07,638752.0
2020-12-07,1.784e-07,1.903e-07,1.784e-07,1.802e-07,2551444.0
2020-12-08,1.829e-07,1.837e-07,1.684e-07,1.766e-07,4347966.0
2020-12-09,1.783e-07,1.81e-07,1.73e-07,1.764e-07,4795787.0
2020-12-10,1.76e-07,1.823e-07,1.755e-07,1.792e-07,1918408.0
2020-12-11,1.788e-07,1.849e-07,1.682e-07,1.694e-07,6002347.0
2020-12-12,1.683e-07,1.786e-07,1.615e-07,1.691e-07,6948989.0
2020-12-13,1.689e-07,1.823e-07,1.6e-07,1.629e-07,7378878.0
2020-12-14,1.629e-07,1.702e-07,1.629e-07,1.686e-07,2585132.0
2020-12-15,1.687e-07,1.709e-07,1.603e-07,1.632e-07,2104554.0
2020-12-16,1.627e-07,1.667e-07,1.552e-07,1.6e-07,3603124.0
2020-12-17,1.592e-07,1.608e-07,1.405e-07,1.454e-07,11028606.0
2020-12-18,1.45e-07,1.492e-07,1.367e-07,1.381e-07,7996402.0
2020-12-19,1.382e-07,1.463e-07,1.345e-07,1.36e-07,3385066.0
2020-12-20,1.373e-07,1.476e-07,1.359e-07,1.368e-07,5573288.0
2020-12-21,1.375e-07,1.656e-07,1.337e-07,1.374e-07,15832495.0
2020-12-22,1.384e-07,1.45e-07,1.339e-07,1.448e-07,1565384.0
2020-12-23,1.448e-07,1.45e-07,1.254e-07,1.273e-07,8549242.0
2020-12-24,1.241e-07,1.292e-07,1.159e-07,1.167e-07,20703632.0
2020-12-25,1.164e-07,1.248e-07,1.129e-07,1.208e-07,6263691.0
2020-12-26,1.206e-07,1.291e-07,1.068e-07,1.09e-07,5642201.0
2020-12-27,1.096e-07,1.1e-07,9.5e-08,1.04e-07,12175695.0
2020-12-28,1.034e-07,1.047e-07,9.81e-08,1.032e-07,11984484.0
2020-12-29,1.026e-07,1.292e-07,1.018e-07,1.098e-07,8662819.0
2020-12-30,1.096e-07,1.199e-07,1.05e-07,1.083e-07,6097287.0
2020-12-31,1.077e-07,1.11e-07,1.008e-07,1.045e-07,4937409.0
2021-01-01,1.038e-07,1.229e-07,1.038e-07,1.108e-07,2185198.0
2021-01-02,1.108e-07,1.142e-07,9.74e-08,1.092e-07,1743465.0
2021-01-03,1.081e-07,1.246e-07,9.71e-08,1.234e-07,2948357.0
2021-01-04,1.236e-07,2.2e-07,1.065e-07,1.292e-07,8802913.0
2021-01-05,1.317e-07,1.322e-07,1.098e-07,1.148e-07,1844992.0
2021-01-06,1.142e-07,1.799e-07,1.085e-07,1.22e-07,5276589.0
2021-01-07,1.221e-07,1.319e-07,1.052e-07,1.25e-07,3308563.0
2021-01-08,1.27e-07,1.301e-07,1.157e-07,1.213e-07,1510529.0
2021-01-09,1.213e-07,1.444e-07,1.205e-07,1.286e-07,2207811.0
2021-01-10,1.29e-07,1.6e-07,1.219e-07,1.398e-07,3534248.0
2021-01-11,1.366e-07,1.412e-07,1.043e-07,1.238e-07,2978272.0
2021-01-12,1.19e-07,1.341e-07,1.115e-07,1.292e-07,1159644.0
2021-01-13,1.286e-07,1.384e-07,1.182e-07,1.19e-07,2413982.0
2021-01-14,1.163e-07,1.209e-07,1.069e-07,1.194e-07,1217889.0
2021-01-15,1.194e-07,1.238e-07,1.12e-07,1.12e-07,724328.0
2021-01-16,1.13e-07,1.235e-07,1.108e-07,1.178e-07,4674264.0
2021-01-17,1.122e-07,1.414e-07,1.122e-07,1.293e-07,2295022.0
2021-01-18,1.295e-07,1.357e-07,1.239e-07,1.298e-07,4329271.0
2021-01-19,1.284e-07,1.339e-07,1.17e-07,1.27e-07,7781816.0
2021-01-20,1.29e-07,1.354e-07,1.196e-07,1.222e-07,9936439.0
2021-01-21,1.222e-07,1.34e-07,1.143e-07,1.21e-07,7238428.0
2021-01-22,1.222e-07,1.3e-07,1.138e-07,1.208e-07,5154662.0
2021-01-23,1.208e-07,1.227e-07,1.069e-07,1.177e-07,2121497.0
2021-01-24,1.176e-07,1.33e-07,1.119e-07,1.304e-07,11992472.0
2021-01-25,1.329e-07,1.335e-07,1.214e-07,1.229e-07,1686459.0
2021-01-26,1.227e-07,1.28e-07,1.081e-07,1.191e-07,5759555.0
2021-01-27,1.191e-07,1.205e-07,1.059e-07,1.134e-07,4446717.0
2021-01-28,1.14e-07,1.157e-07,1.061e-07,1.078e-07,2604063.0
2021-01-29,1.08e-07,1.111e-07,9.66e-08,1.093e-07,5728961.0
2021-01-30,1.08e-07,1.28e-07,1.033e-07,1.143e-07,1761709.0
2021-01-31,1.143e-07,1.178e-07,8.5e-08,1.088e-07,7144363.0
2021-02-01,1.088e-07,1.153e-07,1.035e-07,1.136e-07,3882588.0
2021-02-02,1.114e-07,1.152e-07,9.89e-08,1.021e-07,3011483.0
2021-02-03,1.007e-07,1.204e-07,9.91e-08,1.118e-07,4311408.0
2021-02-04,1.096e-07,1.3e-07,9.83e-08,1.028e-07,5124131.0
2021-02-05,1.019e-07,1.146e-07,9.75e-08,1.092e-07,3934090.0
2021-02-06,1.088e-07,1.364e-07,1.033e-07,1.319e-07,6533549.0
2021-02-07,1.291e-07,3.245e-07,1.243e-07,2.094e-07,5987273.0
2021-02-08,2.184e-07,3.079e-07,1.725e-07,2.132e-07,4406010.0
2021-02-09,2.112e-07,2.434e-07,2.063e-07,2.26e-07,1304582.0
2021-02-10,2.227e-07,2.26e-07,1.31e-07,1.742e-07,2911754.0
2021-02-11,1.743e-07,1.775e-07,1.257e-07,1.513e-07,6413913.0
2021-02-12,1.482e-07,1.646e-07,1.384e-07,1.646e-07,5054594.0
2021-02-13,1.646e-07,2.5e-07,1.537e-07,1.992e-07,7145044.0
2021-02-14,1.995e-07,2.191e-07,1.659e-07,1.842e-07,5585199.0
2021-02-15,1.844e-07,1.855e-07,1.388e-07,1.465e-07,3907035.0
2021-02-16,1.459e-07,1.693e-07,1.384e-07,1.557e-07,3675444.0
2021-02-17,1.54e-07,1.586e-07,1.417e-07,1.521e-07,2685372.0
2021-02-18,1.517e-07,1.626e-07,1.386e-07,1.486e-07,3234011.0
2021-02-19,1.529e-07,1.582e-07,1.424e-07,1.469e-07,2385585.0
2021-02-20,1.457e-07,1.532e-07,1.365e-07,1.407e-07,2372835.0
2021-02-21,1.418e-07,1.445e-07,1.241e-07,1.394e-07,3551589.0
2021-02-22,1.362e-07,1.472e-07,1.254e-07,1.308e-07,3975622.0
2021-02-23,1.33e-07,1.46e-07,1.21e-07,1.242e-07,2685607.0
2021-02-24,1.242e-07,1.588e-07,1.222e-07,1.345e-07,4219285.0
2021-02-25,1.344e-07,1.588e-07,1.2e-07,1.538e-07,4566351.0
2021-02-26,1.534e-07,1.614e-07,1.361e-07,1.401e-07,2434407.0
2021-02-27,1.366e-07,1.447e-07,1.36e-07,1.447e-07,1060147.0
2021-02-28,1.447e-07,1.488e-07,1.364e-07,1.437e-07,2296999.0
2021-03-01,1.401e-07,1.437e-07,1.303e-07,1.304e-07,1490815.0
2021-03-02,1.305e-07,1.355e-07,1.272e-07,1.282e-07,1420682.0
2021-03-03,1.285e-07,1.5e-07,1.111e-07,1.275e-07,3662389.0
2021-03-04,1.302e-07,1.325e-07,1.14e-07,1.271e-07,3893911.0
2021-03-05,1.27e-07,1.37e-07,1.05e-07,1.259e-07,3763041.0
2021-03-06,1.259e-07,1.485e-07,1.15e-07,1.394e-07,3253602.0
2021-03-07,1.393e-07,1.414e-07,1.225e-07,1.284e-07,13188770.0
2021-03-08,1.271e-07,1.307e-07,1.209e-07,1.262e-07,12474793.0
2021-03-09,1.253e-07,1.291e-07,1.2e-07,1.247e-07,7196952.0
2021-03-10,1.239e-07,1.246e-07,1.184e-07,1.187e-07,8402496.0
2021-03-11,1.184e-07,1.215e-07,1.117e-07,1.143e-07,1386623.0
2021-03-12,1.139e-07,1.148e-07,1.039e-07,1.065e-07,2921880.0
2021-03-13,1.064e-07,1.192e-07,1.022e-07,1.111e-07,1934774.0
2021-03-14,1.111e-07,1.144e-07,1.036e-07,1.06e-07,1483904.0
2021-03-15,1.075e-07,1.125e-07,1.02e-07,1.125e-07,5289796.0
2021-03-16,1.114e-07,1.179e-07,1.043e-07,1.086e-07,1417187.0
2021-03-17,1.048e-07,1.162e-07,1.043e-07,1.126e-07,3893555.0
2021-03-18,1.076e-07,1.2e-07,1.065e-07,1.181e-07,2599074.0
2021-03-19,1.181e-07,1.3e-07,1.132e-07,1.271e-07,2711939.0
2021-03-20,1.271e-07,1.45e-07,1.216e-07,1.342e-07,2967539.0
2021-03-21,1.336e-07,1.45e-07,1.158e-07,1.173e-07,2234037.0
2021-03-22,1.186e-07,1.254e-07,1.112e-07,1.211e-07,2727868.0
2021-03-23,1.215e-07,1.3e-07,1.173e-07,1.257e-07,2992797.0
2021-03-24,1.257e-07,1.258e-07,1.136e-07,1.211e-07,2364551.0
2021-03-25,1.206e-07,1.241e-07,1.144e-07,1.235e-07,1132719.0
2021-03-26,1.228e-07,1.26e-07,1.144e-07,1.169e-07,3175429.0
2021-03-27,1.166e-07,1.231e-07,1.144e-07,1.209e-07,2708782.0
2021-03-28,1.203e-07,1.227e-07,1.179e-07,1.204e-07,4111660.0
2021-03-29,1.205e-07,1.26e-07,1.178e-07,1.243e-07,6571270.0
2021-03-30,1.243e-07,1.35e-07,1.233e-07,1.337e-07,7351490.0
2021-03-31,1.334e-07,1.46e-07,1.293e-07,1.393e-07,7445051.0
2021-04-01,1.395e-07,1.443e-07,1.27e-07,1.343e-07,8792084.0
2021-04-02,1.342e-07,1.372e-07,1.268e-07,1.351e-07,8182390.0
2021-04-03,1.35e-07,1.459e-07,1.23e-07,1.353e-07,17794489.0
2021-04-04,1.353e-07,1.422e-07,1.32e-07,1.382e-07,10715597.0
2021-04-05,1.381e-07,1.6e-07,1.336e-07,1.514e-07,10826716.0
2021-04-06,1.514e-07,3.498e-07,1.451e-07,2.745e-07,24808853.0
2021-04-07,2.745e-07,4.118e-07,2.699e-07,3.342e-07,28390829.0
2021-04-08,3.332e-07,4.081e-07,2.916e-07,3.047e-07,21071233.0
2021-04-09,3.045e-07,3.239e-07,2.873e-07,3.188e-07,7932140.0
2021-04-10,3.179e-07,3.4e-07,3.038e-07,3.257e-07,17047583.0
2021-04-11,3.264e-07,3.325e-07,2.87e-07,3.17e-07,24109130.0
2021-04-12,3.167e-07,3.268e-07,2.997e-07,3.041e-07,22876936.0
2021-04-13,3.038e-07,3.049e-07,2.611e-07,2.754e-07,22326531.0
2021-04-14,2.754e-07,2.85e-07,2.556e-07,2.724e-07,14669232.0
2021-04-15,2.742e-07,3.396e-07,2.592e-07,3.026e-07,14069787.0
2021-04-16,3.027e-07,3.161e-07,2.887e-07,3.05e-07,12537510.0
2021-04-17,3.039e-07,3.059e-07,2.842e-07,2.944e-07,14874792.0
2021-04-18,2.944e-07,3.09e-07,2.767e-07,2.859e-07,5065453.0
2021-04-19,2.861e-07,3.107e-07,2.706e-07,2.86e-07,15775820.0
2021-04-20,2.86e-07,3.086e-07,2.703e-07,2.853e-07,19789099.0
2021-04-21,2.858e-07,2.999e-07,2.733e-07,2.907e-07,21935564.0
2021-04-22,2.906e-07,3.02e-07,2.501e-07,2.625e-07,11574833.0
2021-04-23,2.644e-07,2.754e-07,2.575e-07,2.706e-07,20092928.0
2021-04-24,2.686e-07,2.76e-07,2.577e-07,2.711e-07,16514767.0
2021-04-25,2.711e-07,2.823e-07,2.572e-07,2.621e-07,13672519.0
2021-04-26,2.614e-07,3.122e-07,2.5e-07,2.772e-07,10978828.0
2021-04-27,2.762e-07,3.122e-07,2.6e-07,3.018e-07,14530498.0
2021-04-28,3.014e-07,3.112e-07,2.747e-07,2.761e-07,13271403.0
2021-04-29,2.762e-07,2.92e-07,2.682e-07,2.775e-07,18086726.0
2021-04-30,2.774e-07,2.924e-07,2.678e-07,2.894e-07,19544535.0
2021-05-01,2.906e-07,4.4e-07,2.895e-07,3.044e-07,15492132.0
2021-05-02,3.061e-07,3.86e-07,2.964e-07,3.327e-07,11786519.0
2021-05-03,3.336e-07,3.833e-07,3.103e-07,3.447e-07,13102132.0
2021-05-04,3.449e-07,3.453e-07,2.932e-07,3.276e-07,12802181.0
2021-05-05,3.271e-07,3.599e-07,3.17e-07,3.321e-07,11044443.0
2021-05-06,3.317e-07,3.637e-07,3.172e-07,3.527e-07,17248502.0
2021-05-07,3.526e-07,3.526e-07,3.054e-07,3.171e-07,13171879.0
2021-05-08,3.169e-07,3.797e-07,3.165e-07,3.545e-07,12872967.0
2021-05-09,3.552e-07,4.063e-07,3.338e-07,3.39e-07,8119657.0
2021-05-10,3.373e-07,3.477e-07,3.121e-07,3.196e-07,8931062.0
2021-05-11,3.197e-07,3.254e-07,3.015e-07,3.124e-07,5174230.0
2021-05-12,3.119e-07,3.54e-07,3.062e-07,3.34e-07,6103192.0
2021-05-13,3.33e-07,3.554e-07,3.237e-07,3.241e-07,8825942.0
2021-05-14,3.242e-07,3.403e-07,3.057e-07,3.361e-07,5030593.0
2021-05-15,3.361e-07,3.661e-07,3.216e-07,3.308e-07,1936146.0
2021-05-16,3.314e-07,3.498e-07,3.216e-07,3.259e-07,6152864.0
2021-05-17,3.26e-07,3.456e-07,3.051e-07,3.283e-07,8521513.0
2021-05-18,3.284e-07,4.105e-07,3.241e-07,4.099e-07,8480735.0
2021-05-19,4.109e-07,4.369e-07,2.808e-07,3.32e-07,12951490.0
2021-05-20,3.322e-07,3.619e-07,2.856e-07,3.549e-07,8185010.0
2021-05-21,3.571e-07,3.592e-07,2.46e-07,2.924e-07,8537290.0
2021-05-22,2.922e-07,2.952e-07,2.635e-07,2.715e-07,4894198.0
2021-05-23,2.714e-07,2.818e-07,2.41e-07,2.503e-07,3099457.0
2021-05-24,2.503e-07,2.699e-07,2.411e-07,2.477e-07,2495219.0
2021-05-25,2.468e-07,2.613e-07,2.34e-07,2.418e-07,2488193.0
2021-05-26,2.421e-07,2.7e-07,2.341e-07,2.635e-07,2174825.0
2021-05-27,2.627e-07,2.646e-07,2.501e-07,2.533e-07,577041.0
2021-05-28,2.532e-07,2.653e-07,2.435e-07,2.549e-07,2412105.0
2021-05-29,2.549e-07,2.639e-07,2.356e-07,2.474e-07,1468672.0
2021-05-30,2.478e-07,2.591e-07,2.356e-07,2.558e-07,771338.0
2021-05-31,2.555e-07,2.65e-07,2.485e-07,2.571e-07,1670576.0
2021-06-01,2.567e-07,2.639e-07,2.469e-07,2.58e-07,1451278.0
2021-06-02,2.58e-07,2.6e-07,2.452e-07,2.534e-07,834495.0
2021-06-03,2.539e-07,2.701e-07,2.453e-07,2.555e-07,2739810.0
2021-06-04,2.555e-07,2.701e-07,2.55e-07,2.598e-07,5234971.0
2021-06-05,2.606e-07,2.701e-07,2.55e-07,2.651e-07,4844950.0
2021-06-06,2.65e-07,2.843e-07,2.59e-07,2.825e-07,6164335.0
2021-06-07,2.818e-07,2.843e-07,2.703e-07,2.768e-07,5901901.0
2021-06-08,2.774e-07,2.843e-07,2.56e-07,2.591e-07,3198918.0
2021-06-09,2.582e-07,2.704e-07,2.515e-07,2.515e-07,3182128.0
2021-06-10,2.526e-07,2.56e-07,2.263e-07,2.38e-07,3918966.0
2021-06-11,2.382e-07,2.428e-07,2.2e-07,2.233e-07,3599745.0
2021-06-12,2.24e-07,2.457e-07,2.13e-07,2.18e-07,4528854.0
2021-06-13,2.196e-07,2.276e-07,2.121e-07,2.187e-07,3912140.0
2021-06-14,2.19e-07,2.326e-07,2.1e-07,2.148e-07,2620818.0
2021-06-15,2.148e-07,2.243e-07,2.1e-07,2.142e-07,4764005.0
2021-06-16,2.142e-07,2.195e-07,2.087e-07,2.177e-07,3096930.0
2021-06-17,2.18e-07,2.185e-07,1.9e-07,2.059e-07,4832154.0
2021-06-18,2.058e-07,2.557e-07,2.053e-07,2.223e-07,2151600.0
2021-06-19,2.228e-07,2.269e-07,2.063e-07,2.196e-07,4856936.0
2021-06-20,2.195e-07,2.271e-07,2.082e-07,2.205e-07,4600234.0
2021-06-21,2.208e-07,2.256e-07,2.107e-07,2.136e-07,5196524.0
2021-06-22,2.136e-07,2.153e-07,1.6e-07,1.911e-07,5239679.0
2021-06-23,1.911e-07,2.022e-07,1.75e-07,1.843e-07,3296419.0
2021-06-24,1.843e-07,1.99e-07,1.826e-07,1.955e-07,4304686.0
2021-06-25,1.952e-07,2.165e-07,1.518e-07,1.792e-07,10055625.0
2021-06-26,1.788e-07,1.793e-07,1.601e-07,1.637e-07,4422814.0
2021-06-27,1.635e-07,1.724e-07,1.601e-07,1.703e-07,6754618.0
2021-06-28,1.702e-07,1.789e-07,1.645e-07,1.726e-07,6700618.0
2021-06-29,1.724e-07,1.881e-07,1.676e-07,1.856e-07,9017460.0
2021-06-30,1.873e-07,1.928e-07,1.683e-07,1.726e-07,7182472.0
2021-07-01,1.718e-07,1.812e-07,1.701e-07,1.723e-07,7035160.0
2021-07-02,1.731e-07,1.74e-07,1.661e-07,1.704e-07,7655302.0
2021-07-03,1.708e-07,1.819e-07,1.695e-07,1.721e-07,6363789.0
2021-07-04,1.725e-07,1.79e-07,1.653e-07,1.743e-07,7202960.0
2021-07-05,1.742e-07,1.745e-07,1.626e-07,1.67e-07,6833355.0
2021-07-06,1.671e-07,1.736e-07,1.628e-07,1.716e-07,6140370.0
2021-07-07,1.716e-07,1.739e-07,1.642e-07,1.686e-07,5016734.0
2021-07-08,1.695e-07,1.738e-07,1.583e-07,1.618e-07,3698767.0
2021-07-09,1.617e-07,1.684e-07,1.562e-07,1.596e-07,3724837.0
2021-07-10,1.596e-07,1.706e-07,1.511e-07,1.68e-07,5584155.0
2021-07-11,1.684e-07,1.706e-07,1.623e-07,1.666e-07,2276183.0
2021-07-12,1.658e-07,1.706e-07,1.588e-07,1.635e-07,1951403.0
2021-07-13,1.635e-07,1.664e-07,1.55e-07,1.573e-07,3027056.0
2021-07-14,1.573e-07,1.579e-07,1.436e-07,1.48e-07,1472885.0
2021-07-15,1.48e-07,1.513e-07,1.43e-07,1.459e-07,1704694.0
2021-07-16,1.471e-07,1.543e-07,1.434e-07,1.488e-07,1873365.0
2021-07-17,1.488e-07,1.602e-07,1.449e-07,1.502e-07,3839566.0
2021-07-18,1.503e-07,1.513e-07,1.465e-07,1.505e-07,5966403.0
2021-07-19,1.504e-07,1.629e-07,1.495e-07,1.58e-07,5081860.0
2021-07-20,1.577e-07,1.629e-07,1.454e-07,1.506e-07,7424800.0
2021-07-21,1.506e-07,1.593e-07,1.46e-07,1.553e-07,7364226.0
2021-07-22,1.543e-07,1.706e-07,1.516e-07,1.705e-07,5947283.0
2021-07-23,1.706e-07,1.754e-07,1.617e-07,1.681e-07,6389410.0
2021-07-24,1.677e-07,1.804e-07,1.674e-07,1.72e-07,5784978.0
2021-07-25,1.727e-07,1.798e-07,1.676e-07,1.724e-07,4869460.0
2021-07-26,1.7e-07,1.725e-07,1.543e-07,1.619e-07,1068842.0
2021-07-27,1.618e-07,1.639e-07,1.524e-07,1.541e-07,2387999.0
2021-07-28,1.542e-07,1.672e-07,1.524e-07,1.568e-07,8033765.0
2021-07-29,1.572e-07,1.589e-07,1.5e-07,1.507e-07,12101049.0
2021-07-30,1.507e-07,1.57e-07,1.47e-07,1.495e-07,12151309.0
2021-07-31,1.493e-07,1.55e-07,1.471e-07,1.495e-07,12124947.0
2021-08-01,1.49e-07,1.61e-07,1.49e-07,1.581e-07,6897773.0
2021-08-02,1.579e-07,1.624e-07,1.545e-07,1.58e-07,5854304.0
2021-08-03,1.58e-07,1.657e-07,1.492e-07,1.603e-07,6631636.0
2021-08-04,1.603e-07,1.645e-07,1.46e-07,1.482e-07,11392523.0
2021-08-05,1.482e-07,1.502e-07,1.46e-07,1.49e-07,7229164.0
2021-08-06,1.49e-07,1.501e-07,1.356e-07,1.42e-07,9158853.0
2021-08-07,1.418e-07,1.438e-07,1.355e-07,1.381e-07,9132094.0
2021-08-08,1.382e-07,1.413e-07,1.355e-07,1.381e-07,5703371.0
2021-08-09,1.381e-07,1.424e-07,1.355e-07,1.409e-07,5219733.0
2021-08-10,1.404e-07,1.71e-07,1.356e-07,1.532e-07,6307042.0
2021-08-11,1.513e-07,1.545e-07,1.36e-07,1.449e-07,5464527.0
2021-08-12,1.448e-07,1.457e-07,1.364e-07,1.415e-07,11748483.0
2021-08-13,1.414e-07,1.581e-07,1.411e-07,1.472e-07,13583555.0
2021-08-14,1.469e-07,1.8e-07,1.466e-07,1.697e-07,11702917.0
2021-08-15,1.707e-07,1.797e-07,1.603e-07,1.604e-07,8959347.0
2021-08-16,1.604e-07,1.625e-07,1.464e-07,1.47e-07,10723539.0
2021-08-17,1.47e-07,1.582e-07,1.463e-07,1.505e-07,13041149.0
2021-08-18,1.506e-07,1.58e-07,1.47e-07,1.535e-07,10296482.0
2021-08-19,1.538e-07,1.542e-07,1.355e-07,1.386e-07,13914885.0
2021-08-20,1.392e-07,1.511e-07,1.355e-07,1.465e-07,4797581.0
2021-08-21,1.471e-07,1.544e-07,1.45e-07,1.483e-07,5209765.0
2021-08-22,1.484e-07,1.494e-07,1.355e-07,1.395e-07,10657732.0
2021-08-23,1.391e-07,1.433e-07,1.342e-07,1.389e-07,8953000.0
2021-08-24,1.388e-07,1.445e-07,1.33e-07,1.401e-07,7258614.0
2021-08-25,1.401e-07,1.415e-07,1.235e-07,1.322e-07,6945934.0
2021-08-26,1.322e-07,1.444e-07,1.312e-07,1.416e-07,7790939.0
2021-08-27,1.415e-07,1.445e-07,1.366e-07,1.388e-07,5378335.0
2021-08-28,1.394e-07,1.443e-07,1.31e-07,1.342e-07,8139749.0
2021-08-29,1.346e-07,1.396e-07,1.313e-07,1.35e-07,1544978.0
2021-08-30,1.343e-07,1.382e-07,1.313e-07,1.368e-07,7328351.0
2021-08-31,1.37e-07,1.467e-07,1.337e-07,1.432e-07,9029140.0
2021-09-01,1.427e-07,1.492e-07,1.335e-07,1.354e-07,13094057.0
2021-09-02,1.358e-07,1.381e-07,1.23e-07,1.306e-07,10376485.0
2021-09-03,1.304e-07,1.416e-07,1.274e-07,1.352e-07,7148615.0
2021-09-04,1.35e-07,1.362e-07,1.242e-07,1.291e-07,6349201.0
2021-09-05,1.294e-07,1.362e-07,1.284e-07,1.316e-07,8891385.0
2021-09-06,1.314e-07,1.362e-07,1.262e-07,1.323e-07,7190385.0
2021-09-07,1.324e-07,1.356e-07,1.272e-07,1.298e-07,12419739.0
2021-09-08,1.292e-07,1.358e-07,1.212e-07,1.283e-07,9968853.0
2021-09-09,1.282e-07,1.415e-07,1.216e-07,1.383e-07,13819733.0
2021-09-10,1.384e-07,1.416e-07,1.331e-07,1.344e-07,15191648.0
2021-09-11,1.343e-07,1.41e-07,1.312e-07,1.354e-07,9539755.0
2021-09-12,1.357e-07,1.559e-07,1.33e-07,1.418e-07,9265775.0
2021-09-13,1.417e-07,1.462e-07,1.382e-07,1.398e-07,11072430.0
2021-09-14,1.394e-07,1.403e-07,1.32e-07,1.335e-07,14833000.0
2021-09-15,1.33e-07,1.364e-07,1.258e-07,1.303e-07,8740382.0
2021-09-16,1.303e-07,1.331e-07,1.262e-07,1.33e-07,9388867.0
2021-09-17,1.33e-07,1.336e-07,1.261e-07,1.301e-07,7492510.0
2021-09-18,1.3e-07,1.319e-07,1.261e-07,1.297e-07,6891398.0
2021-09-19,1.297e-07,1.319e-07,1.269e-07,1.295e-07,10220717.0
2021-09-20,1.296e-07,1.333e-07,1.263e-07,1.327e-07,9629413.0
2021-09-21,1.325e-07,1.379e-07,1.264e-07,1.321e-07,7799644.0
2021-09-22,1.333e-07,1.39e-07,1.263e-07,1.352e-07,10943473.0
2021-09-23,1.356e-07,1.388e-07,1.263e-07,1.275e-07,5716264.0
2021-09-24,1.276e-07,1.312e-07,1.254e-07,1.268e-07,4517626.0
2021-09-25,1.268e-07,1.297e-07,1.252e-07,1.288e-07,4909327.0
2021-09-26,1.285e-07,1.363e-07,1.28e-07,1.314e-07,6208891.0
2021-09-27,1.308e-07,1.358e-07,1.265e-07,1.294e-07,6947229.0
2021-09-28,1.296e-07,1.352e-07,1.156e-07,1.188e-07,12424820.0
2021-09-29,1.185e-07,1.225e-07,1.134e-07,1.187e-07,11195300.0
2021-09-30,1.183e-07,1.193e-07,1.016e-07,1.062e-07,9559513.0
2021-10-01,1.063e-07,1.096e-07,1.002e-07,1.089e-07,7476354.0
2021-10-02,1.092e-07,1.125e-07,1.037e-07,1.113e-07,10343724.0
2021-10-03,1.116e-07,1.143e-07,1.001e-07,1.012e-07,13095811.0
2021-10-04,1.012e-07,1.078e-07,1.002e-07,1.062e-07,7617743.0
2021-10-05,1.062e-07,1.099e-07,1.018e-07,1.09e-07,6730942.0
2021-10-06,1.084e-07,1.123e-07,1.051e-07,1.096e-07,7137260.0
2021-10-07,1.095e-07,1.107e-07,1.039e-07,1.071e-07,8984116.0
2021-10-08,1.076e-07,1.076e-07,9.19e-08,9.38e-08,4684462.0
2021-10-09,9.38e-08,9.87e-08,8.91e-08,9.65e-08,1777485.0
2021-10-10,9.67e-08,9.96e-08,9.54e-08,9.89e-08,2860072.0
2021-10-11,9.9e-08,1.06e-07,9.75e-08,1.027e-07,8141470.0
2021-10-12,1.028e-07,1.054e-07,9.86e-08,1.016e-07,5815486.0
2021-10-13,1.017e-07,1.022e-07,9.6e-08,9.78e-08,7006465.0
2021-10-14,9.78e-08,1.109e-07,9.56e-08,1.068e-07,10619926.0
2021-10-15,1.068e-07,1.068e-07,9.61e-08,9.8e-08,9614573.0
2021-10-16,9.8e-08,9.88e-08,9.72e-08,9.77e-08,5212045.0
2021-10-17,9.77e-08,1.033e-07,9.72e-08,9.95e-08,5995022.0
2021-10-18,9.95e-08,1.037e-07,9.77e-08,9.94e-08,6393943.0
2021-10-19,9.95e-08,1.005e-07,9.28e-08,9.72e-08,11834267.0
2021-10-20,9.72e-08,9.87e-08,7.99e-08,8.62e-08,6254911.0
2021-10-21,8.6e-08,9.07e-08,8.46e-08,9.01e-08,9356983.0
2021-10-22,9e-08,9.03e-08,8.18e-08,9e-08,14360788.0
2021-10-23,8.96e-08,9.09e-08,8.69e-08,8.96e-08,9811535.0
2021-10-24,8.99e-08,9.58e-08,8.85e-08,9.58e-08,10540444.0
2021-10-25,9.61e-08,9.71e-08,8.21e-08,8.6e-08,12746759.0
2021-10-26,8.59e-08,8.87e-08,8.08e-08,8.42e-08,10996364.0
2021-10-27,8.38e-08,8.7e-08,7.73e-08,8.4e-08,14652398.0
2021-10-28,8.33e-08,9.2e-08,7.95e-08,8.39e-08,17021044.0
2021-10-29,8.35e-08,8.88e-08,7.96e-08,8.11e-08,10004677.0
2021-10-30,8.14e-08,8.3e-08,7.95e-08,8.27e-08,13188960.0
2021-10-31,8.23e-08,8.27e-08,7.54e-08,7.83e-08,8753999.0
2021-11-01,7.85e-08,8.34e-08,7.75e-08,8.26e-08,10320098.0
2021-11-02,8.31e-08,8.55e-08,7.93e-08,8.09e-08,14791183.0
2021-11-03,8.1e-08,8.71e-08,7.92e-08,8.43e-08,10233143.0
2021-11-04,8.41e-08,8.66e-08,7.97e-08,8.41e-08,18016205.0
2021-11-05,8.39e-08,8.67e-08,7.84e-08,8.36e-08,16425018.0
2021-11-06,8.36e-08,8.66e-08,8.02e-08,8.23e-08,9114016.0
2021-11-07,8.22e-08,8.3e-08,7.62e-08,7.87e-08,8640768.0
2021-11-08,7.88e-08,7.98e-08,7e-08,7.46e-08,11926785.0
2021-11-09,7.48e-08,7.65e-08,6.9e-08,7.28e-08,12684102.0
2021-11-10,7.28e-08,8.06e-08,7.2e-08,7.87e-08,11748599.0
2021-11-11,7.87e-08,7.97e-08,7.38e-08,7.65e-08,11948280.0
2021-11-12,7.66e-08,8.05e-08,7.45e-08,7.77e-08,10618032.0
2021-11-13,7.77e-08,8.08e-08,7.27e-08,7.27e-08,10303915.0
2021-11-14,7.27e-08,7.8e-08,6.84e-08,7.64e-08,9893710.0
2021-11-15,7.66e-08,8.07e-08,7.15e-08,7.6e-08,10642702.0
2021-11-16,7.61e-08,7.98e-08,7.33e-08,7.61e-08,11343262.0
2021-11-17,7.61e-08,7.89e-08,7.49e-08,7.65e-08,12520979.0
2021-11-18,7.67e-08,8.03e-08,7.1e-08,7.27e-08,7556977.0
2021-11-19,7.27e-08,7.86e-08,7.06e-08,7.79e-08,9516927.0
2021-11-20,7.76e-08,9.21e-08,7.64e-08,8.63e-08,13398847.0
2021-11-21,8.65e-08,8.82e-08,8.16e-08,8.4e-08,14177116.0
2021-11-22,8.4e-08,8.8e-08,7.97e-08,8.13e-08,13923302.0
2021-11-23,8.14e-08,8.25e-08,7.49e-08,7.88e-08,16002859.0
2021-11-24,7.88e-08,9.12e-08,7.78e-08,8.06e-08,12620695.0
2021-11-25,8.06e-08,8.5e-08,7.7e-08,7.92e-08,8578473.0
2021-11-26,7.92e-08,8.34e-08,7.73e-08,8.18e-08,5497514.0
2021-11-27,8.21e-08,8.24e-08,7.59e-08,7.73e-08,10557952.0
2021-11-28,7.72e-08,7.88e-08,7.59e-08,7.6e-08,11789723.0
2021-11-29,7.6e-08,7.78e-08,7.41e-08,7.65e-08,10637620.0
2021-11-30,7.65e-08,7.85e-08,7.31e-08,7.74e-08,6928058.0
2021-12-01,7.75e-08,7.8e-08,7.2e-08,7.3e-08,10163434.0
2021-12-02,7.29e-08,8.03e-08,6.76e-08,7.65e-08,7273230.0
2021-12-03,7.63e-08,8e-08,7.39e-08,7.82e-08,13788381.0
2021-12-04,7.89e-08,7.94e-08,7.2e-08,7.39e-08,10085208.0
2021-12-05,7.39e-08,7.53e-08,7.16e-08,7.25e-08,8656252.0
2021-12-06,7.25e-08,7.38e-08,6.5e-08,6.57e-08,8416685.0
2021-12-07,6.58e-08,7.79e-08,5.5e-08,6.52e-08,16711527.0
2021-12-08,6.53e-08,6.74e-08,6.19e-08,6.59e-08,11130286.0
2021-12-09,6.6e-08,6.64e-08,5.75e-08,6.22e-08,6377023.0
2021-12-10,6.22e-08,6.4e-08,6.01e-08,6.38e-08,3094376.0
2021-12-11,6.38e-08,6.4e-08,5.91e-08,5.99e-08,11992738.0
2021-12-12,5.99e-08,6.16e-08,5.83e-08,5.99e-08,7921175.0
2021-12-13,5.99e-08,6.01e-08,5.88e-08,6e-08,4965572.0
2021-12-14,6e-08,9.4e-08,5.53e-08,5.88e-08,10831943.0
2021-12-15,5.84e-08,6.11e-08,5.37e-08,5.75e-08,8894204.0
2021-12-16,5.75e-08,5.92e-08,5.49e-08,5.67e-08,8104801.0
2021-12-17,5.68e-08,5.95e-08,5.5e-08,5.71e-08,11383606.0
2021-12-18,5.71e-08,5.82e-08,5.3e-08,5.48e-08,6081333.0
2021-12-19,5.48e-08,6.75e-08,5.32e-08,6.08e-08,6875639.0
2021-12-20,6.1e-08,6.73e-08,5.82e-08,6.09e-08,6330924.0
2021-12-21,6.14e-08,6.18e-08,5.84e-08,6.07e-08,10056236.0
2021-12-22,6.08e-08,6.47e-08,6.01e-08,6.08e-08,13095961.0
2021-12-23,6.1e-08,6.49e-08,5.94e-08,6.13e-08,7145580.0
2021-12-24,6.09e-08,6.2e-08,6e-08,6.16e-08,3518871.0
