2017-10-20,5137.92726916,5998.20783053,5137.92726916,5698.29743879,3.45517171
2017-10-21,5698.29743879,6659.99999998,5691.99999971,5985.00000004,0.63803224
2017-10-22,5985.00000005,6659.99999999,5691.99999972,6500.0,1.87315265
2017-10-23,6229.65000043,6500.0,5691.99999971,6149.99999999,2.80964446
2017-10-24,6149.99999999,6149.99999999,5269.276017,5731.99999998,5.3596249
2017-10-25,5280.0,5779.99999999,5170.9931872,5779.99999999,6.82063157
2017-10-26,5779.99999999,6029.99999999,5450.0,6010.0,5.14549965
2017-10-27,5768.0,5999.0,5286.00001,5699.999999,8.92519132
2017-10-28,5774.22,5999.0,5420.000001,5701.0,11.81334225
2017-10-29,5701.0,6149.999999,5451.000001,6016.016017,11.27974578
2017-10-30,6016.016017,6474.999999,5799.0,6246.989999,13.21171606
2017-10-31,6132.0,6474.999999,6001.0,6310.200001,18.52782863
2017-11-01,6467.999999,6874.8,6310.10002,6874.8,10.55554485
2017-11-02,6873.999999,7300.0,6425.0,6988.0,11.73233803
2017-11-03,6988.0,6988.0,6988.0,6988.0,0
2017-11-04,6988.0,6988.0,6988.0,6988.0,0
2017-11-05,7305.0,7700.0,7006.000001,7305.000002,9.89491468
2017-11-06,7307.000001,7599.9,6902.0,7000.0,18.90451825
2017-11-07,7000.0,7000.0,7000.0,7000.0,0
2017-11-08,7000.0,7000.0,7000.0,7000.0,0
2017-11-09,7100.0,7450.0,7100.0,7115.0,12.56308722
2017-11-10,7115.0,7286.5,6188.000001,6290.000001,12.63744757
2017-11-11,6290.000001,6799.0,6227.0,6236.100001,28.10752851
2017-11-12,6236.100001,6850.0,5005.0,5600.0,14.84584356
2017-11-13,5600.0,5600.0,5600.0,5600.0,0
2017-11-14,6700.0,6797.0,6050.000081,6271.000001,19.55912011
2017-11-15,6271.0,7300.0,6270.000003,6999.999999,27.06236843
2017-11-16,6999.999999,8599.0,6549.000001,7655.000001,28.79365284
2017-11-17,7700.0,8100.0,7501.000115,7700.000001,20.50247727
2017-11-18,7505.000004,7800.0,7505.000004,7661.0,6.46360155
2017-11-19,7661.000001,8100.0,7560.000001,7660.100007,2.57894847
2017-11-20,7660.100007,7660.100007,7660.100007,7660.100007,0
2017-11-21,7660.100007,7660.100007,7660.100007,7660.100007,0
2017-11-22,8183.765004,8497.999999,8121.000009,8287.499995,9.82938599
2017-11-23,8287.5,8385.749998,8000.000001,8090.49995,14.25697841
2017-11-24,8090.499948,8450.0,7835.388408,8271.0,13.68324442
2017-11-25,8271.0,8698.999999,8051.0,8456.0,20.24271438
2017-11-26,8456.0,9698.999998,8456.0,9180.5,18.52929156
2017-11-27,9225.499999,9953.999999,9209.499995,9739.499998,12.68101458
2017-11-28,9657.25,10000.0,9600.000001,9999.99,13.96611737
2017-11-29,9927.0,10000.0,8900.0,9700.0,8.28453909
2017-11-30,9999.999999,11192.999996,9010.0,9815.262385,9.50103957
2017-12-01,9815.262384,11000.0,9150.0,10524.999999,7.11949651
2017-12-02,10524.999999,11320.255256,10050.0,11124.999997,8.48656046
2017-12-03,11124.999998,11960.255255,10525.0,10768.018019,10.52418308
2017-12-04,10768.01802,11600.0,10752.027034,11462.5,6.7225771
2017-12-05,11462.5,11843.0,10000.0,11681.125501,10.59792198
2017-12-06,11681.1255,13875.0,11509.249999,13662.5,12.42213918
2017-12-07,13662.5,17999.999998,12001.0,16524.95,4.77103874
2017-12-08,16524.95,17895.499999,11848.88,16000.000001,10.11190906
2017-12-09,15646.345,16000.000001,13700.000001,15104.397541,12.85585414
2017-12-10,15104.397541,15900.0,12600.2,15350.0,13.44252997
2017-12-11,15030.0,17250.0,15015.015016,16499.900002,8.87326598
2017-12-12,16500.0,17350.0,16050.0,16425.0,8.9679707
2017-12-13,16375.0,16987.499993,14201.0,15420.990901,8.03062357
2017-12-14,15420.990901,16889.999999,15110.9909,15995.0,9.19073384
2017-12-15,15995.0,17900.0,15150.000002,17275.499987,9.23859792
2017-12-16,17275.499986,18990.0,16901.0,18789.25,8.44556912
2017-12-17,18686.0,19722.0,17888.0,18600.0,12.17424043
2017-12-18,18899.999999,19100.0,17888.0,18188.000001,12.91970832
2017-12-19,18188.000001,19104.0,14514.500003,17424.999996,16.61168383
2017-12-20,16514.500003,17424.999999,13200.0,15901.00002,4.57183526
2017-12-21,16000.000003,17200.0,13501.0,14500.0,10.50055063
2017-12-22,15015.015,15015.015,11500.000001,13700.0,21.57202736
2017-12-23,13700.0,15389.0,12607.000005,13802.183723,5.90744123
2017-12-24,14799.999999,14800.0,12000.000085,13200.000001,8.24220503
2017-12-25,13200.000004,14994.0,13000.0,13100.0,14.08172189
2017-12-26,13100.0,16434.54886,13011.0,15699.999999,9.47129536
2017-12-27,14464.363296,16300.0,14000.0,15898.989989,15.25555244
2017-12-28,15900.0,15900.0,11998.0,13250.0,30.16105481
2017-12-29,13250.0,15000.0,13100.0,14664.999996,33.16752986
2017-12-30,14250.000001,14599.999999,11249.999999,12360.000005,60.41473355
2017-12-31,12360.000007,13999.999,12200.0,12933.000002,33.90418222
2018-01-01,12933.000001,14150.0,12500.0,13586.89,29.88652676
2018-01-02,13586.89,15650.0,13000.0,14100.0,60.92228718
2018-01-03,14050.0,15980.0,13480.000002,15380.011104,57.43586306
2018-01-04,15131.011108,15450.000003,14000.1,15194.999997,59.16655119
2018-01-05,15194.999997,17350.0,14501.0,17266.663939,62.19273116
2018-01-06,16975.0,17390.0,15705.0,16850.000001,100.23578944
2018-01-07,16850.0,17000.0,15613.966099,16203.463017,142.41148896
2018-01-08,16203.463017,16347.999998,12001.0,15091.91025,302.91073628
2018-01-09,15077.7186,15850.0,13700.0,14628.930609,195.47815006
2018-01-10,14628.930609,15335.0,12751.279248,14680.000001,302.73932417
2018-01-11,14685.000001,14998.271076,9502.0,13000.000001,514.37683697
2018-01-12,13001.0,14167.1004,12400.0,13650.0,178.4516939
2018-01-13,13700.0,14900.0,13607.0,14010.03571,147.30408745
2018-01-14,14010.03571,14399.882802,11500.616338,13149.999999,371.78242113
2018-01-15,13144.999999,14499.0,12850.0,13448.998995,212.55487366
2018-01-16,13475.0,13524.886221,9554.0,11100.000002,774.6232858
2018-01-17,11100.000002,11889.999998,8600.0,10910.910914,817.96976666
2018-01-18,10910.910914,11911.000568,10200.000002,10900.0,528.60531594
2018-01-19,10900.0,11800.0,10500.0,11395.0,311.17280344
2018-01-20,11395.0,13100.0,11300.001473,12868.0,283.82462633
2018-01-21,12727.727732,12870.210946,10800.0004,11361.896042,464.73198213
2018-01-22,11361.896044,11999.999999,9841.359062,10797.876047,514.23784311
2018-01-23,10757.651804,11400.0,9939.000002,10878.000004,339.17996838
2018-01-24,10828.0,11600.0,10500.000011,11399.99,246.40502662
2018-01-25,11399.578999,11770.61334,10799.999998,11122.0,230.73727261
2018-01-26,11149.999997,11685.488629,10159.999398,11097.000002,427.66611484
2018-01-27,11097.000004,11700.0,10875.0,11600.003008,238.98154612
2018-01-28,11600.003008,12400.0,11462.000401,11896.999995,286.82559831
2018-01-29,11896.999995,12055.954339,11150.0,11257.999996,204.41020988
2018-01-30,11257.999996,11342.999998,9900.0,10288.448678,435.70624057
2018-01-31,10200.000003,10439.999987,9775.0,10233.0,239.68650084
2018-02-01,10233.0,10449.888887,8753.804313,9289.870332,397.35372285
2018-02-02,9289.870332,9390.283108,7863.304872,8849.999994,600.80342011
2018-02-03,8859.999995,9498.999721,8201.999,9199.999443,268.98009473
2018-02-04,9107.736677,9409.999999,7800.0,8117.000002,382.83719354
2018-02-05,8210.697671,8379.999999,6470.000001,6950.001,943.74007375
2018-02-06,6971.52,7930.0,5950.0,7676.000008,997.97560605
2018-02-07,7676.000008,8510.999998,7100.7,7572.421893,727.18102041
2018-02-08,7546.0,8634.0,7512.001722,8285.396547,587.5357467
2018-02-09,8285.396547,8750.0,7749.999998,8650.000002,539.57262806
2018-02-10,8650.000002,9096.999996,8055.0,8560.0,562.95426519
2018-02-11,8560.0,8560.0,7802.5,8023.998984,398.08754886
2018-02-12,8001.0,8989.0,8001.0,8919.999998,360.94890877
2018-02-13,8919.999996,8970.0,8350.0,8527.0,256.17976003
2018-02-14,8527.0,9495.998579,8527.0,9469.0,307.33998894
2018-02-15,9469.0,10230.0,9301.0,10003.000003,416.70087233
2018-02-16,10003.0,10298.084991,9675.555557,10159.0,193.71534872
2018-02-17,10159.0,11090.001094,10008.970441,11030.000765,201.26163306
2018-02-18,11032.99939,11268.0,9999.0,10390.220268,281.32536102
2018-02-19,10390.220268,11312.535142,10300.0,11136.5655,180.87260128
2018-02-20,11136.5655,11799.999998,11111.0,11177.0,235.28593532
2018-02-21,11177.0,11299.0,10120.5265,10411.634778,481.98659266
2018-02-22,10411.634043,10895.0,9629.292929,9772.1115,394.44716861
2018-02-23,9772.1115,10450.0,9555.0,10151.036292,333.30919364
2018-02-24,10151.036292,10500.0,9345.295935,9679.943842,279.38132183
2018-02-25,9679.943544,9849.999728,9300.0,9629.998582,188.99958455
2018-02-26,9629.998579,10463.169999,9333.000308,10290.0,270.04280365
2018-02-27,10315.000001,10924.0,10105.0,10589.0,284.57836455
2018-02-28,10572.000001,11110.0,10290.00002,10299.999999,208.34481014
2018-03-01,10299.999999,11079.999293,10250.0,10899.999998,162.92571371
2018-03-02,10904.534084,11199.0,10785.682606,11022.0,139.34883254
2018-03-03,11022.0,11598.99,11022.0,11467.279381,139.75381554
2018-03-04,11475.71358,11556.0,11063.0,11511.000093,126.62373453
2018-03-05,11511.000093,11745.007056,11416.081731,11496.356959,139.74219116
2018-03-06,11496.356959,11496.356959,10544.900002,10725.0,230.04243656
2018-03-07,10720.0,10903.300675,9345.0,9850.001445,409.22540961
2018-03-08,9850.00145,10095.272645,9050.0,9299.999997,277.68196779
2018-03-09,9279.998217,9395.230226,8311.0,9245.168678,624.6386359
2018-03-10,9240.120552,9573.888868,8640.000777,8760.0,301.01715796
2018-03-11,8759.0,9726.43048,8458.623052,9500.000002,261.87695086
2018-03-12,9528.0,9898.0,8783.0,9128.912031,222.25215601
2018-03-13,9100.000591,9450.0,8850.0,9188.7,181.24650219
2018-03-14,9187.859797,9320.780537,7910.0,8204.083065,388.15266911
2018-03-15,8177.863995,8426.676463,7650.0,8240.999363,326.74224908
2018-03-16,8241.0,8619.999999,7900.0,8280.244614,194.34196282
2018-03-17,8270.244614,8350.0,7695.0,7871.999999,182.39746499
2018-03-18,7845.137492,8321.613474,7302.0,8170.0,475.74473267
2018-03-19,8179.0,8750.0,8065.0,8599.0,397.6148733
2018-03-20,8550.0,9020.0,8280.0,8878.0,233.23453437
2018-03-21,8900.0,9181.0,8714.000003,8909.970172,238.43361788
2018-03-22,8905.0,9091.689571,8461.0,8690.969278,236.14129205
2018-03-23,8680.0,8900.0,8300.0,8900.0,290.20216265
2018-03-24,8899.999835,9000.0,8540.0,8540.0,206.37316295
2018-03-25,8540.0,8670.0,8405.0,8451.200001,269.87697139
2018-03-26,8477.000003,8569.999702,7802.0,8123.6701,462.4245109
2018-03-27,8123.6701,8254.999209,7705.0,7774.354431,228.18971696
2018-03-28,7776.17658,8120.0,7723.6717,7935.0,194.99952729
2018-03-29,7935.0,7970.0,6922.0,7079.862,407.82058007
2018-03-30,7099.999997,7295.0,6620.0,6854.1309,463.26105917
2018-03-31,6845.016133,7209.999998,6762.88832,6926.0,229.63006179
2018-04-01,6932.0581,7044.93833,6412.000001,6802.10862,236.33576826
2018-04-02,6802.10862,7117.0,6762.0,7050.0,207.36361883
2018-04-03,7044.000003,7517.0,7000.551829,7429.0,238.77870615
2018-04-04,7428.0,7449.999231,6690.980636,6770.0,281.04093528
2018-04-05,6797.467799,6907.846083,6545.166405,6784.25816,192.32092024
2018-04-06,6776.358164,6838.0,6510.0,6556.821972,134.00094499
2018-04-07,6556.821856,7093.333446,6556.821856,6880.0,154.74691504
2018-04-08,6863.0,7100.0,6848.51,7000.0,121.10681546
2018-04-09,6999.99,7199.0,6620.0,6767.883158,216.9252107
2018-04-10,6772.93698,6911.564621,6666.000001,6840.0,106.47789772
2018-04-11,6840.0,6995.0,6781.0,6965.178929,120.15439327
2018-04-12,6965.178929,7986.0,6752.906434,7933.915324,398.75561132
2018-04-13,7933.915324,8234.130556,7718.0,7863.1921,336.64454292
2018-04-14,7900.6197,8172.287263,7796.002588,7950.100306,169.22757191
2018-04-15,7995.0,8400.0,7995.0,8320.026456,159.10698874
2018-04-16,8335.026456,8414.999407,7863.74599,8080.0,196.60598847
2018-04-17,8046.03069,8223.795278,7851.0,7877.77787,169.94644187
2018-04-18,7889.92335,8223.7952,7882.66556,8160.0,171.07120634
2018-04-19,8164.999999,8320.0,8109.23,8287.041,183.28125678
2018-04-20,8287.045322,8883.999999,8169.988,8834.684098,267.30781896
2018-04-21,8834.684098,9008.4309,8550.142577,8895.360862,311.14811355
2018-04-22,8911.636368,9070.0,8725.825985,8772.488812,339.78189899
2018-04-23,8766.68835,8986.434981,8707.200345,8946.999999,265.38767639
2018-04-24,8946.999997,9649.128999,8917.85355,9629.2701,425.09885331
2018-04-25,9628.0,9717.999999,8627.618088,8834.88,702.27584058
2018-04-26,8834.88,9300.0,8638.000001,9274.10482,357.29744753
2018-04-27,9274.10482,9388.0,8888.89596,8908.04,239.01041845
2018-04-28,8908.04,9475.546618,8888.0,9352.999997,217.32476702
2018-04-29,9352.999997,9595.0,9177.030807,9449.999997,265.40497233
2018-04-30,9425.0,9480.0,9118.055238,9218.0,212.47038567
2018-05-01,9246.207477,9246.207477,8828.774031,9050.0,244.0439713
2018-05-02,9050.0,9291.133,8956.200261,9291.133,200.98773611
2018-05-03,9240.000684,9800.0,9175.132999,9765.99999,343.0519308
2018-05-04,9733.33,9800.0,9539.51774,9719.056,219.93036172
2018-05-05,9715.38699,10000.0,9688.584,9880.0,196.86505731
2018-05-06,9874.61481,9975.0,9432.0,9659.0,284.13459733
2018-05-07,9675.11661,9699.619799,9200.0,9405.0,289.63989373
2018-05-08,9364.110448,9486.989779,9100.0,9180.0,198.06967792
2018-05-09,9190.0,9392.060605,8950.0,9340.323104,195.62929469
2018-05-10,9340.323104,9480.0,9000.0,9029.6192,277.888589
2018-05-11,9029.6192,9072.210802,8350.561174,8367.263369,499.14485053
2018-05-12,8362.0,8683.263,8145.021413,8470.000002,380.33039112
2018-05-13,8470.000002,8882.51,8320.0,8690.636279,447.82098096
2018-05-14,8664.21684,8950.0,8289.410564,8649.0,419.94824899
2018-05-15,8656.0,8850.179575,8400.450421,8470.0,178.86349497
2018-05-16,8472.84186,8499.523,8095.570631,8334.0,250.44448231
2018-05-17,8346.419519,8449.05,7960.000008,8051.059368,234.90659076
2018-05-18,8030.0,8300.01,7920.011971,8248.139654,214.3252336
2018-05-19,8248.139654,8392.0,8135.0,8240.82284,169.30114666
2018-05-20,8220.82284,8590.275105,8177.014168,8510.0,128.83229328
2018-05-21,8510.0,8586.126906,8320.0,8399.999882,133.78939092
2018-05-22,8399.999881,8407.19999,7950.0,7975.0,206.58140646
2018-05-23,7975.0,8025.720924,7410.0,7494.785,360.72713245
2018-05-24,7494.785,7779.610708,7280.0,7569.99,315.88694119
2018-05-25,7569.99,7636.0,7320.00023,7431.115628,158.17556776
2018-05-26,7432.010419,7600.0,7300.0,7323.000001,97.85832899
2018-05-27,7337.43554,7394.999219,7200.0,7335.0,146.29321105
2018-05-28,7316.730251,7437.024298,7000.0,7088.617131,239.22758754
2018-05-29,7088.617131,7550.0,7021.000442,7449.95125,280.06281495
2018-05-30,7449.95125,7557.33823,7259.777298,7380.000001,191.79498513
2018-05-31,7380.000001,7633.378138,7327.374155,7476.65173,163.95133171
2018-06-01,7502.399999,7630.0,7369.0,7525.000001,144.30117632
2018-06-02,7525.000001,7693.288115,7443.414876,7671.918456,114.8317835
2018-06-03,7671.916957,7795.4406,7603.368351,7711.521558,137.78985387
2018-06-04,7711.521558,7750.0,7450.0,7495.012979,196.56734075
2018-06-05,7495.012979,7680.693636,7353.927796,7636.28,194.12541946
2018-06-06,7636.28,7684.51,7451.0,7662.221,129.18443457
2018-06-07,7662.221,7775.293786,7638.92,7680.0,89.81951646
2018-06-08,7682.416,7726.4544,7511.583787,7600.0,101.02250913
2018-06-09,7617.534659,7721.899725,7450.0,7493.999999,79.39305702
2018-06-10,7493.999999,7493.999999,6615.000656,6762.999999,434.35584857
2018-06-11,6762.999999,7001.289462,6615.000001,6850.329393,300.33863638
2018-06-12,6859.52845,6896.400444,6447.464224,6523.00784,204.37200116
2018-06-13,6524.451296,6612.0,6100.0,6299.999998,310.663263
2018-06-14,6289.45,6710.0,6260.0,6620.000001,241.20733826
2018-06-15,6641.907299,6658.648988,6361.133281,6377.0,131.54581515
2018-06-16,6377.1,6573.652706,6320.000506,6490.0,106.5802353
2018-06-17,6496.000004,6584.440013,6410.0,6420.464925,61.42824376
2018-06-18,6446.687639,6795.0,6370.951491,6722.0,132.93689678
2018-06-19,6702.01,6835.0,6660.0,6737.373251,110.66246056
2018-06-20,6750.0,6818.889492,6557.878534,6751.039936,150.87436601
2018-06-21,6764.640098,6830.635094,6668.627455,6715.648192,104.51147463
2018-06-22,6722.83128,6739.999999,5911.500001,6041.55532,332.91677185
2018-06-23,6041.55532,6258.624638,6005.596254,6150.0,144.91619462
2018-06-24,6157.672079,6241.320201,5736.812481,6137.370214,291.14375837
2018-06-25,6137.370214,6335.070427,6080.0,6236.480565,187.69463223
2018-06-26,6246.7458,6265.110355,6036.479738,6068.11,123.07849792
2018-06-27,6068.11,6188.897359,5992.334638,6139.692981,112.52129561
2018-06-28,6139.692989,6161.62624,5814.028081,5858.604311,161.15849122
2018-06-29,5847.750623,6290.0,5796.529994,6175.0,167.94850468
2018-06-30,6172.061845,6490.0,6172.061845,6396.825794,201.66145393
2018-07-01,6388.334698,6437.850394,6255.0,6361.084362,135.80249826
2018-07-02,6353.74,6676.707272,6271.947152,6610.0,241.67814297
2018-07-03,6610.0,6686.357176,6465.0,6499.677039,134.30365158
2018-07-04,6508.0,6774.983889,6414.057852,6585.127182,185.22224718
2018-07-05,6585.127182,6707.541995,6450.0,6532.833212,234.94566671
2018-07-06,6532.833212,6628.92,6439.259361,6603.5,273.04847692
2018-07-07,6603.5,6800.0,6510.246765,6761.389662,131.55710946
2018-07-08,6761.389662,6792.773818,6685.0,6705.0,124.06067421
2018-07-09,6705.0,6798.505625,6629.883958,6651.55703,142.43390747
2018-07-10,6651.670569,6681.862632,6273.193389,6290.5935,289.12534216
2018-07-11,6295.306765,6400.0,6271.815202,6367.91365,318.19698276
2018-07-12,6358.567472,6368.734996,6078.081903,6235.641993,233.60680227
2018-07-13,6239.6292,6342.8,6127.258272,6233.073104,114.7320178
2018-07-14,6216.542634,6321.20308,6180.0,6269.3855,63.29850068
2018-07-15,6263.211181,6395.0,6232.174422,6350.0,76.39498627
2018-07-16,6350.5,6747.153831,6332.029265,6729.447518,254.0502265
2018-07-17,6716.2953,7459.508491,6653.386469,7287.557777,270.48926951
2018-07-18,7287.55752,7581.063032,7236.133513,7376.429889,253.79955042
2018-07-19,7380.212535,7563.739999,7274.414343,7464.421246,178.3864836
2018-07-20,7468.623204,7683.0,7276.108628,7340.903638,196.32468772
2018-07-21,7336.652064,7449.99999,7222.772404,7399.466745,95.36647727
2018-07-22,7392.8214,7578.12,7341.610058,7408.1821,74.61458007
2018-07-23,7403.969152,7820.508955,7380.759217,7712.387556,120.10447942
2018-07-24,7734.230173,8485.0,7699.630472,8415.562953,300.33275469
2018-07-25,8409.687934,8487.888658,8059.06685,8160.000001,167.94681452
2018-07-26,8182.560574,8319.179352,7835.5668,7915.567995,166.79632156
2018-07-27,7915.907909,8280.885991,7810.0,8170.344,144.21712634
2018-07-28,8188.184257,8238.633309,8080.0,8234.152058,66.75948187
2018-07-29,8232.718871,8293.8016,8115.750395,8213.266686,67.25012815
2018-07-30,8229.416561,8275.569603,7861.4931,8168.716193,211.1160989
2018-07-31,8174.408082,8177.900525,7644.74493,7734.450328,215.39074199
2018-08-01,7741.745431,7749.4208,7442.750817,7596.858474,218.19722174
2018-08-02,7594.0,7700.0,7468.0,7538.383176,158.76480791
2018-08-03,7524.183244,7545.0,7287.0,7417.454641,149.54473685
2018-08-04,7392.267683,7498.089999,6930.000001,7000.0,134.23666871
2018-08-05,7012.516867,7083.942953,6890.0,7034.690185,129.68292536
2018-08-06,7029.999999,7155.222549,6853.0,6935.0,113.98423847
2018-08-07,6949.000001,7150.0,6676.11,6708.173709,191.59420154
2018-08-08,6709.434189,6714.347252,6126.75047,6283.758582,249.11402323
2018-08-09,6288.390838,6623.343457,6182.496444,6526.800002,134.82599974
2018-08-10,6546.817633,6580.046073,6034.105789,6137.063269,297.23678627
2018-08-11,6153.103858,6472.385556,5979.506239,6211.379093,261.07584178
2018-08-12,6235.515633,6450.821676,6153.817655,6300.038848,206.44141473
2018-08-13,6300.038847,6523.0,6153.820001,6242.848617,157.74423823
2018-08-14,6249.935468,6257.337863,5865.0,6190.433921,210.2042309
2018-08-15,6190.433921,6600.173563,6166.946455,6262.162827,208.28188413
2018-08-16,6262.162827,6477.681871,6218.819046,6309.20499,132.42450367
2018-08-17,6325.770051,6586.830815,6290.531513,6569.972726,268.31415985
2018-08-18,6568.52971,6608.323176,6300.0,6378.634391,169.1580287
2018-08-19,6390.0,6532.32,6307.927655,6479.977192,73.12641275
2018-08-20,6486.298747,6523.917042,6225.78,6245.328138,156.21708377
2018-08-21,6242.752783,6480.0,6229.905948,6472.067606,169.42220211
2018-08-22,6472.067606,6833.309717,6265.129117,6362.49116,260.55505059
2018-08-23,6350.710647,6568.475652,6343.460786,6533.243148,147.71217736
2018-08-24,6533.243142,6711.54,6455.547656,6675.766188,125.31341395
2018-08-25,6691.296069,6780.0,6648.082701,6730.79135,134.04253233
2018-08-26,6730.79135,6765.0,6564.848266,6711.005724,89.99523557
2018-08-27,6701.988375,6920.138337,6651.990013,6900.0,148.80576315
2018-08-28,6900.0,7120.0,6862.024693,7084.264267,374.05642115
2018-08-29,7070.12402,7127.426448,6920.122047,7028.244023,276.76997472
2018-08-30,7039.233493,7064.047056,6780.0,6986.652348,260.31212061
2018-08-31,6977.366127,7082.795592,6890.910667,7020.758088,228.74733742
2018-09-01,7018.474023,7273.434839,7018.474023,7198.473991,227.32737812
2018-09-02,7198.473991,7344.796153,7124.299503,7292.770894,215.60432335
2018-09-03,7296.100329,7330.0,7199.268531,7273.858614,155.47015792
2018-09-04,7261.0,7413.193136,7237.0,7360.0,143.11752137
2018-09-05,7360.0,7396.003236,6684.976342,6706.391184,467.39298508
2018-09-06,6706.391184,6724.38637,6301.586508,6512.453495,513.40472288
2018-09-07,6515.0,6539.259294,6320.000001,6386.436363,270.19577943
2018-09-08,6404.640112,6477.08066,6109.282084,6189.193029,174.27590884
2018-09-09,6189.193029,6441.604886,6149.464018,6241.341762,189.30829343
2018-09-10,6260.685749,6360.791088,6225.0,6307.271817,130.52261837
2018-09-11,6318.072567,6383.0,6180.0,6292.620885,243.19836977
2018-09-12,6297.082006,6358.181073,6194.660701,6339.508596,159.07624773
2018-09-13,6333.779185,6533.194602,6331.303192,6474.925169,174.20319876
2018-09-14,6484.490004,6584.440856,6400.0,6475.709411,126.95790974
2018-09-15,6475.709411,6563.566056,6464.088668,6511.175984,94.13942381
2018-09-16,6519.055395,6525.314525,6380.881846,6500.123456,69.47791652
2018-09-17,6495.53994,6542.440011,6212.0,6253.0,198.0105066
2018-09-18,6256.82671,6395.423199,6231.25348,6337.869937,236.68990667
2018-09-19,6337.869937,6517.833618,6120.796058,6390.888111,277.7879241
2018-09-20,6388.4545,6537.563093,6337.192846,6489.0,306.72692544
2018-09-21,6489.0,6775.0,6489.0,6760.1,310.71559862
2018-09-22,6760.1,6836.901942,6633.598391,6716.125419,161.73501377
2018-09-23,6725.000001,6777.777,6667.329601,6709.303601,170.33941066
2018-09-24,6702.18899,6730.350483,6558.817655,6585.546989,190.02315088
2018-09-25,6585.546989,6585.546989,6332.396522,6439.357569,177.96280113
2018-09-26,6439.357569,6560.298996,6385.817655,6461.254383,105.2327495
2018-09-27,6471.876057,6738.649999,6435.060427,6685.0,156.7429457
2018-09-28,6691.027503,6803.545607,6545.156057,6633.861171,225.41752407
2018-09-29,6637.03685,6637.03685,6470.373363,6605.788956,136.18753995
2018-09-30,6589.586498,6663.0,6537.34909,6615.100005,164.7850889
2018-10-01,6620.891627,6665.0,6514.594405,6614.945494,281.72002028
2018-10-02,6614.945494,6640.230367,6490.000001,6543.210844,164.27123762
2018-10-03,6528.538913,6550.378255,6435.0,6512.071911,178.15688752
2018-10-04,6512.071911,6642.0,6500.801473,6587.966561,122.59835966
2018-10-05,6587.966561,6691.0,6553.040708,6634.085162,97.78892481
2018-10-06,6631.398117,6648.649352,6564.17297,6596.59,102.99048595
2018-10-07,6596.59,6639.999999,6534.806094,6608.150662,93.03839454
2018-10-08,6615.612684,6701.839176,6588.235325,6666.226905,146.8963723
2018-10-09,6666.226905,6689.998998,6615.0,6661.968953,110.71942975
2018-10-10,6660.678087,6661.496898,6533.413645,6627.196539,149.51247711
2018-10-11,6625.622968,6625.623001,6210.000001,6258.893733,356.29780326
2018-10-12,6253.182086,6369.196566,6208.747108,6296.92069,159.3359395
2018-10-13,6293.606579,6338.475459,6288.886385,6333.540119,87.0943314
2018-10-14,6327.212905,6406.157089,6312.221386,6334.89975,121.30677866
2018-10-15,6336.362328,7550.0,6307.498708,6759.071365,789.12748886
2018-10-16,6756.446547,6892.162744,6678.75516,6762.161718,166.70076207
2018-10-17,6757.488985,6796.847224,6680.0,6741.34,152.01020523
2018-10-18,6736.262166,6800.0,6573.383122,6614.396878,168.88498966
2018-10-19,6615.945314,6646.853107,6523.000003,6532.428645,77.64394062
2018-10-20,6529.661824,6610.127943,6503.392705,6590.96878,62.63272472
2018-10-21,6582.592572,6658.774785,6579.813985,6588.311838,66.59684225
2018-10-22,6582.707307,6640.066769,6541.935271,6577.847411,187.32953661
2018-10-23,6576.716692,6593.746985,6525.234585,6548.191596,97.98305429
2018-10-24,6547.196353,6628.280885,6545.272941,6563.861545,92.81927237
2018-10-25,6563.861545,6575.14118,6507.347719,6532.58,86.71990811
2018-10-26,6532.579998,6618.0,6518.000003,6535.985141,200.18837708
2018-10-27,6535.985142,6555.8646,6481.098165,6502.320002,69.3482222
2018-10-28,6500.409739,6513.863499,6462.200336,6485.197264,68.15251933
2018-10-29,6492.509991,6503.983699,6314.167751,6348.49,114.64372921
2018-10-30,6350.75285,6386.753271,6320.278168,6336.268919,113.63345189
2018-10-31,6327.051425,6420.293262,6257.18216,6373.833345,120.21852995
2018-11-01,6372.363853,6433.096332,6355.747105,6412.941052,79.93333947
2018-11-02,6410.05337,6455.477388,6395.155537,6427.18777,53.99185589
2018-11-03,6432.889667,6436.868854,6340.018829,6389.014825,45.28506708
2018-11-04,6391.878532,6525.987584,6357.466492,6480.77771,74.43863914
2018-11-05,6483.840937,6499.955937,6434.743688,6473.020451,76.66449761
2018-11-06,6469.967695,6534.16,6440.95,6512.465201,91.42672059
2018-11-07,6518.01539,6614.141864,6511.44775,6579.349913,97.43087488
2018-11-08,6574.21825,6599.477929,6470.899015,6484.449998,151.92299325
2018-11-09,6481.119415,6508.525838,6400.0,6426.009058,192.20823535
2018-11-10,6426.009097,6484.215891,6421.17411,6432.876418,86.98287513
2018-11-11,6432.92671,6462.019878,6357.0,6459.048029,66.25881583
2018-11-12,6459.122592,6485.692508,6423.051572,6450.478741,67.263426
2018-11-13,6453.88202,6497.012048,6385.693956,6463.233662,102.3008065
2018-11-14,6458.574989,6494.073986,5675.383419,5918.396865,774.47871706
2018-11-15,5919.709302,5938.222271,5416.492988,5751.344809,572.5117887
2018-11-16,5748.541531,5780.14712,5555.338437,5652.545277,211.53309695
2018-11-17,5651.975873,5655.252431,5565.519895,5629.595303,134.02567847
2018-11-18,5628.333634,5759.52463,5618.382514,5664.350218,131.12284781
2018-11-19,5666.890516,5666.890516,4815.23999,4880.203405,583.53344493
2018-11-20,4877.582197,5007.866645,4324.582923,4558.541207,754.91884791
2018-11-21,4558.541207,4787.303672,4410.078938,4658.643083,450.26605054
2018-11-22,4662.788949,4719.822493,4339.545152,4352.83615,287.55469663
2018-11-23,4352.83615,4475.0,4221.099448,4409.085736,346.1250919
2018-11-24,4408.764768,4523.425671,3830.441973,3935.246356,411.87026184
2018-11-25,3935.246356,4228.0,3663.0,4095.51666,741.01328242
2018-11-26,4095.51666,4198.109465,3700.105081,3866.267683,566.43246951
2018-11-27,3849.366642,3938.163215,3693.478255,3873.461039,418.56645431
2018-11-28,3883.84956,4389.473635,3882.568961,4261.325036,550.27055363
2018-11-29,4267.557109,4441.528202,4120.0,4291.645671,401.4290627
2018-11-30,4295.25543,4337.303771,3947.204966,4039.636827,265.94082563
2018-12-01,4037.478902,4294.695288,3965.047122,4191.051895,182.03019849
2018-12-02,4191.044326,4309.999999,4104.456253,4162.727877,167.10324096
2018-12-03,4161.903114,4178.73441,3828.053303,3884.738765,244.09848332
2018-12-04,3888.058104,4077.470081,3790.000002,3956.33911,274.99698189
2018-12-05,3954.826154,3966.885264,3750.0,3778.535632,245.06906353
2018-12-06,3768.016171,3887.989999,3500.685036,3505.191632,466.47623459
2018-12-07,3513.04,3531.504019,3227.314267,3404.118444,718.87678657
2018-12-08,3397.92541,3499.999999,3283.589453,3411.82539,293.20383212
2018-12-09,3408.641687,3650.0,3394.366883,3552.282318,247.67660637
2018-12-10,3556.53642,3602.190251,3382.606495,3437.221688,305.66452715
2018-12-11,3432.28617,3466.056892,3320.37792,3380.786201,198.48494305
2018-12-12,3377.093925,3489.148542,3357.496783,3446.677769,180.19717823
2018-12-13,3445.316625,3454.14,3264.160217,3299.715403,231.50761315
2018-12-14,3300.136469,3333.96174,3180.0,3222.130004,280.3862293
2018-12-15,3219.3456,3261.407162,3160.000001,3214.246608,162.15210479
2018-12-16,3214.032737,3285.806038,3210.74545,3229.359252,223.99296051
2018-12-17,3226.444891,3581.9,3218.550073,3511.733273,494.87596436
2018-12-18,3509.804799,3669.542359,3438.437007,3651.644898,314.95464449
2018-12-19,3651.644898,3899.96524,3623.959411,3664.46778,534.19317877
2018-12-20,3664.630792,4112.689669,3638.783126,4051.523523,1086.73461161
2018-12-21,4048.108102,4134.635467,3768.073695,3835.830976,719.51056881
2018-12-22,3838.025476,3975.0,3783.462593,3948.277392,259.64027865
2018-12-23,3956.484595,4022.535202,3882.473524,3929.022725,277.4059007
2018-12-24,3932.605962,4197.345775,3930.529308,4014.390115,395.48047511
2018-12-25,4016.088972,4016.088972,3650.0,3742.898458,321.16141157
2018-12-26,3738.727426,3829.999999,3658.779659,3781.743044,189.88353589
2018-12-27,3781.743042,3810.492431,3535.039942,3564.227398,234.87473049
2018-12-28,3564.227398,3878.499144,3543.74115,3838.185871,335.29416
2018-12-29,3840.163051,3883.513062,3675.531638,3686.849971,159.43250267
2018-12-30,3692.12265,3824.974447,3660.490561,3801.738265,160.0645871
2018-12-31,3800.662726,3804.097846,3648.989633,3698.472219,139.30816693
2019-01-01,3700.170853,3805.841739,3645.525763,3799.644687,97.900396
2019-01-02,3799.644687,3880.257733,3750.000001,3856.504318,159.23256351
2019-01-03,3857.633097,3862.60083,3728.917225,3765.999334,110.16370216
2019-01-04,3767.8543,3821.195343,3706.0,3791.46126,92.25125402
2019-01-05,3789.0,3838.67454,3756.410862,3772.156039,93.87299278
2019-01-06,3775.703265,4023.0,3746.584563,3988.471816,102.20163906
2019-01-07,3984.865903,4017.71888,3927.799365,3972.264189,111.47636674
2019-01-08,3977.721738,4061.280555,3925.0,3956.635321,147.21892131
2019-01-09,3953.740659,3999.999999,3940.0,3967.16117,76.47467368
2019-01-10,3962.210833,3995.174297,3538.410921,3582.995912,325.97319435
2019-01-11,3582.670179,3647.694494,3532.298156,3601.765191,142.56370214
2019-01-12,3601.765191,3615.341123,3536.275592,3588.336328,71.12730735
2019-01-13,3586.944215,3620.330298,3446.953248,3470.442417,127.67676076
2019-01-14,3477.754986,3668.902955,3465.964471,3625.940976,98.76154032
2019-01-15,3621.054803,3644.873222,3523.408177,3558.825309,110.15239767
2019-01-16,3553.0,3637.545485,3544.18794,3585.539637,57.4263797
2019-01-17,3590.559117,3629.854475,3536.929827,3613.059078,79.12894776
2019-01-18,3621.231797,3621.231797,3569.950664,3598.563462,110.76901638
2019-01-19,3606.551267,3713.263735,3592.39684,3669.514623,99.39492728
2019-01-20,3666.0,3694.320724,3482.0,3541.961501,79.59586539
2019-01-21,3540.956207,3556.419913,3491.426433,3528.160647,82.00035521
2019-01-22,3525.618845,3602.428923,3448.0,3573.882315,127.27679104
2019-01-23,3570.777944,3605.0,3516.745198,3553.668236,103.03763155
2019-01-24,3548.001237,3585.98651,3526.756089,3565.610748,86.99094459
2019-01-25,3567.534218,3577.898931,3520.682464,3571.590258,120.11167899
2019-01-26,3566.918941,3653.931361,3549.796545,3564.413089,56.65772886
2019-01-27,3564.41309,3581.399326,3500.496895,3556.026201,100.42101639
2019-01-28,3548.928346,3559.997922,3385.98654,3439.084664,164.6689052
2019-01-29,3432.386812,3445.666304,3352.150773,3416.423082,101.34008369
2019-01-30,3407.693594,3479.461934,3380.00245,3465.360373,73.39707201
2019-01-31,3460.586454,3494.64171,3418.681646,3435.476794,78.54289437
2019-02-01,3435.406627,3482.323556,3400.0,3464.166444,144.62884507
2019-02-02,3464.166444,3518.937773,3436.516682,3505.695874,57.60891408
2019-02-03,3505.695874,3505.695874,3427.031206,3455.166043,70.29440496
2019-02-04,3457.256026,3485.0,3430.000256,3459.109573,65.62096784
2019-02-05,3457.280468,3479.991522,3445.000006,3466.120649,58.36216983
2019-02-06,3472.822004,3480.553146,3382.197503,3402.988749,94.95231473
2019-02-07,3402.988751,3426.221983,3390.001002,3395.393984,41.34217273
2019-02-08,3393.342918,3731.534384,3379.005494,3660.0,175.0507385
2019-02-09,3660.0,3675.98,3626.210808,3660.272053,63.4417397
2019-02-10,3668.137816,3687.704134,3613.567539,3682.697181,65.35794602
2019-02-11,3666.331161,3666.331161,3615.752931,3621.279969,64.16052368
2019-02-12,3644.976124,3660.0,3580.182806,3632.008858,100.49730954
2019-02-13,3632.924018,3663.82986,3592.000009,3609.000011,60.6001206
2019-02-14,3609.000003,3627.672075,3570.961155,3589.999998,86.21551654
2019-02-15,3589.999998,3650.0,3571.787184,3595.83462,111.68312816
2019-02-16,3596.969796,3649.206298,3595.603349,3615.410002,57.5309674
2019-02-17,3615.41,3698.059545,3605.5,3665.246462,107.45349707
2019-02-18,3674.999999,3900.0,3660.284026,3881.0,18.53674767
2019-02-19,3881.00000001,3992.148135,3802.00000001,3913.0,160.70048245
2019-02-20,3910.50002727,4050.0,3870.354929,3974.99139506,185.91487149
2019-02-21,3973.126369,4013.75503992,3900.55121299,3937.647732,186.2813744797393
2019-02-22,3939.999999,3985.52778809,3928.96279679,3971.746659,63.1567342806619
2019-02-23,3959.14205667,4158.08648551,3934.81928255,4112.900968,73.1595138209439
2019-02-24,4112.900968,4198.47174203,3714.32708055,3750.6507972,252.036005090225
2019-02-25,3748.211143,3870.0,3748.211143,3830.95429929,63.6283165710554
2019-02-26,3824.986869,3849.999992,3785.00000611,3810.2960346,61.1171429422563
2019-02-27,3810.79603462,3835.24660653,3690.0,3816.3,113.5907048159308
2019-02-28,3814.01549251,3885.0,3775.8066242,3816.1300759,88.3197211947235
2019-03-01,3816.1300759,3870.0,3810.05341961,3821.6,50.4573625562304
2019-03-02,3821.6,3841.5,3757.0,3824.1,46.3908530062309
2019-03-03,3822.3,3839.1,3781.1,3805.8,67.0354568312543
2019-03-04,3806.2,3826.7,3679.8,3714.4,167.7654552610709
2019-03-05,3723.2,3877.6,3702.9,3855.0,138.1106287389782
2019-03-06,3855.0,3889.0,3810.0,3861.2,91.2795971186747
2019-03-07,3862.7,3904.9,3845.0,3869.9,112.4756805825504
2019-03-08,3873.9,3932.3,3802.0,3864.7,123.5932018182245
2019-03-09,3863.5,3966.6,3856.2,3942.3,107.4417884852772
2019-03-10,3940.1,3940.3,3885.0,3915.6,71.7037611769049
2019-03-11,3915.1,3935.4,3840.2,3874.4,126.4429391725394
2019-03-12,3872.2,3909.2,3815.1,3882.4,154.3151208134484
2019-03-13,3885.8,3896.8,3840.7,3866.8,158.2304480907016
2019-03-14,3863.2,3920.0,3815.7,3878.7,127.6455999858406
2019-03-15,3878.7,3935.0,3874.5,3922.3,141.8983009253773
2019-03-16,3923.6,4050.0,3919.3,4002.0,137.3083395278006
2019-03-17,4002.1,4006.9,3953.4,3978.8,124.7975308191959
2019-03-18,3978.9,4035.0,3954.1,3986.7,153.3412740749903
2019-03-19,3987.1,4028.2,3968.7,4012.9,142.057552892705
2019-03-20,4014.8,4026.8,3982.0,4024.0,177.9390202157393
2019-03-21,4019.3,4063.2,3911.0,3983.1,365.0832460945292
2019-03-22,3981.4,4019.2,3969.6,3987.1,149.0109376163787
2019-03-23,3987.1,4018.8,3979.0,4005.0,184.9114068443379
2019-03-24,4005.0,4019.9,3962.5,3987.2,217.5443481612407
2019-03-25,3987.2,3999.0,3884.9,3922.2,231.370723601994
2019-03-26,3922.2,3948.0,3893.1,3937.9,277.08229072
2019-03-27,3937.9,4033.3,3923.4,4023.8,394.305160426641
2019-03-28,4018.1,6950.0,4000.0,4027.8,232.985960548783
2019-03-29,4027.8,4123.4,4022.7,4098.9,308.83198029
2019-03-30,4098.2,4141.0,4060.2,4108.1,243.13376335
2019-03-31,4103.5,4116.3,4086.0,4103.7,179.37592693
2019-04-01,4102.9,4148.5,4074.3,4142.0,361.20632282
2019-04-02,4135.9,4881.8,4131.8,4848.8,1382.90771306
2019-04-03,4848.8,5300.0,4795.2,4923.7,1760.67475021
2019-04-04,4923.7,5040.3,4800.0,4894.8,816.2821732
2019-04-05,4899.5,5032.2,4875.5,5000.4,283.97757203
2019-04-06,5000.0,5199.0,4935.3,5050.7,376.90757035
2019-04-07,5044.3,5225.4,5031.0,5164.9,287.36952758
2019-04-08,5166.0,5300.0,5039.9,5236.0,567.18077645
2019-04-09,5241.0,5241.0,5080.9,5143.5,533.91069255
2019-04-10,5143.5,5400.0,5130.9,5305.7,484.59675085
2019-04-11,5307.6,5332.4,4926.4,5016.0,466.73618209
2019-04-12,5018.0,5075.0,4873.8,5050.6,247.7584872
2019-04-13,5051.6,5091.6,5005.5,5041.7,167.25650395
2019-04-14,5045.8,5148.9,5002.5,5133.7,176.23239617
2019-04-15,5134.6,5167.2,4950.1,5030.7,259.77856913
2019-04-16,5027.4,5192.3,5004.7,5174.0,227.82812204
2019-04-17,5173.8,5227.5,5153.9,5199.8,189.68081018
2019-04-18,5200.0,5285.0,5194.4,5260.1,171.61935044
2019-04-19,5256.8,5324.2,5183.0,5260.6,178.82129074
2019-04-20,5258.7,5330.5,5235.5,5292.4,157.84802254
2019-04-21,5293.5,5310.4,5172.4,5258.5,213.07227103
2019-04-22,5257.8,5395.5,5207.6,5355.2,216.27675718
2019-04-23,5354.9,5599.9,5338.5,5494.3,400.73734774
2019-04-24,5494.4,5578.9,5346.0,5415.3,466.91265967
2019-04-25,5415.3,5485.2,5137.5,5221.9,435.68605653
2019-04-26,5221.9,5515.5,5169.0,5311.8,331.8194989
2019-04-27,5312.1,5339.4,5262.1,5296.0,214.48297699
2019-04-28,5295.0,5700.0,5271.9,5312.4,275.84516775
2019-04-29,5310.0,5334.5,5189.6,5238.5,277.88901975
2019-04-30,5239.1,5340.6,5194.3,5319.6,246.38834497
2019-05-01,5323.4,5398.5,5318.2,5386.2,222.22315336
2019-05-02,5382.5,5537.9,5372.1,5495.3,166.22035459
2019-05-03,5496.1,5842.6,5483.5,5769.4,406.41183313
2019-05-04,5769.5,5901.9,5598.8,5832.6,320.89809574
2019-05-05,5832.3,5833.3,5703.2,5773.6,175.57207415
2019-05-06,5771.8,5801.1,5619.6,5746.4,271.09179007
2019-05-07,5749.0,6027.7,5748.3,5844.3,297.88279219
2019-05-08,5846.9,6015.7,5800.0,5980.1,217.7003051
2019-05-09,5984.8,6244.9,5981.5,6208.4,313.00254893
2019-05-10,6208.4,6453.1,6144.3,6377.8,426.42230646
2019-05-11,6377.8,7385.0,6377.7,7190.8,750.67512035
2019-05-12,7187.9,7513.9,6785.0,6976.1,859.44816849
2019-05-13,6974.1,8102.1,6878.0,7804.9,1059.69143027
2019-05-14,7812.6,8344.2,7679.0,8001.4,836.25883176
2019-05-15,8000.0,8250.0,7830.0,8180.9,546.78058472
2019-05-16,8180.9,8319.9,7717.2,7859.0,725.9491345
2019-05-17,7860.1,7923.3,6927.7,7354.1,996.52357847
2019-05-18,7354.1,7460.2,7192.3,7258.4,481.94885489
2019-05-19,7254.6,8270.5,7247.8,8157.2,541.86531123
2019-05-20,8154.3,8156.2,7562.3,7936.2,564.16925171
2019-05-21,7935.6,8043.0,7780.0,7904.2,405.27339917
2019-05-22,7904.2,8009.5,7512.0,7622.8,433.04738981
2019-05-23,7625.8,7939.1,7470.5,7853.4,481.75034938
2019-05-24,7852.8,8111.1,7773.4,7962.6,504.62752126
2019-05-25,7962.6,8085.3,7910.5,8025.1,309.07478363
2019-05-26,8024.9,8727.9,7857.2,8615.7,475.84916249
2019-05-27,8616.9,8900.1,8594.9,8758.0,467.90292131
2019-05-28,8753.5,8793.0,8544.2,8718.0,383.25095399
2019-05-29,8718.0,8750.0,8415.4,8644.9,360.26494867
2019-05-30,8643.5,9068.9,8032.8,8262.2,605.83742276
2019-05-31,8262.4,8578.0,8111.5,8555.6,406.14757561
2019-06-01,8555.6,8624.0,8445.7,8545.5,302.59894669
2019-06-02,8545.4,8807.3,8527.5,8721.9,307.32224569
2019-06-03,8724.7,8730.4,8097.8,8134.2,589.13828062
2019-06-04,8134.1,8134.2,7500.0,7683.2,1051.77719814
2019-06-05,7685.1,7899.2,7577.4,7782.1,728.56843309
2019-06-06,7781.5,7855.0,7456.5,7782.8,477.08802979
2019-06-07,7785.0,8094.3,7747.7,7974.8,402.33844735
2019-06-08,7981.5,8041.1,7767.2,7893.6,305.1742102
2019-06-09,7898.1,7934.8,7501.0,7631.1,445.40181137
2019-06-10,7631.2,8013.5,7513.4,7985.8,585.23996652
2019-06-11,7986.4,8010.4,7700.3,7881.5,482.09976925
2019-06-12,7885.4,8199.0,7795.4,8127.6,555.04765024
2019-06-13,8132.0,8308.9,8017.8,8218.9,456.6180708
2019-06-14,8218.9,8678.3,8153.6,8648.2,478.47387312
2019-06-15,8648.2,8850.0,8578.6,8811.4,350.8084687
2019-06-16,8810.0,9328.3,8768.0,8956.9,613.36082316
2019-06-17,8954.2,9439.0,8954.1,9310.2,479.66582217
2019-06-18,9311.4,9338.3,8963.9,9082.3,462.44687393
2019-06-19,9082.4,9293.4,9043.2,9256.2,399.88799115
2019-06-20,9249.7,9586.6,9182.2,9513.2,398.83922026
2019-06-21,9513.2,10171.3,9513.2,10153.1,554.63678451
2019-06-22,10159.3,11148.4,9975.0,10739.7,1087.78140273
2019-06-23,10739.8,11374.5,10551.6,10890.6,472.47697182
2019-06-24,10890.8,11132.1,10628.1,11048.0,347.7160726
2019-06-25,11041.6,11842.2,11033.8,11815.4,525.20588576
2019-06-26,11820.0,13947.7,11743.1,13067.3,1236.10546506
2019-06-27,13067.4,13427.6,10542.7,11329.8,1657.21077634
2019-06-28,11317.4,12474.2,10996.0,12409.5,1523.22892017
2019-06-29,12412.7,12436.6,11479.6,11892.9,1915.34162676
2019-06-30,11891.8,12182.5,10770.4,10831.1,1412.6578905
2019-07-01,10831.1,11251.3,10042.2,10630.3,1680.61222516
2019-07-02,10619.5,10928.6,9750.0,10836.7,1890.02600968
2019-07-03,10828.9,11974.0,10828.9,11933.3,4626.64255405
2019-07-04,11924.3,11994.0,11083.1,11158.9,3338.27353433
2019-07-05,11161.3,11397.9,10808.2,10973.1,5512.71638394
2019-07-06,10971.0,11650.8,10965.1,11253.6,4155.13727164
2019-07-07,11253.5,11526.5,11107.6,11414.5,4178.78115701
2019-07-08,11413.7,12338.0,11296.4,12249.0,4924.22026074
2019-07-09,12242.8,12788.0,12097.6,12533.8,786.16081007
2019-07-10,12537.0,13139.0,11572.2,12101.0,3513.42199415
2019-07-11,12097.0,12101.2,11011.0,11335.6,2769.40248618
2019-07-12,11338.7,11880.4,11101.3,11760.0,4799.08815244
2019-07-13,11757.4,11795.0,10850.0,11356.6,5819.4900884
2019-07-14,11350.5,11444.0,10101.9,10185.8,6249.66602679
2019-07-15,10185.8,11071.4,9857.8,10854.0,10680.05397557
2019-07-16,10836.0,11028.0,9352.2,9430.6,5076.59274081
2019-07-17,9435.7,9950.0,9072.5,9669.1,7778.98534675
2019-07-18,9666.6,10771.0,9283.3,10621.8,9458.93435408
2019-07-19,10629.3,10752.1,10131.2,10502.9,8960.92780328
2019-07-20,10503.2,11053.3,10371.3,10732.1,9874.55575119
2019-07-21,10734.9,10808.0,10310.0,10579.3,1995.40479147
2019-07-22,10579.6,10670.5,10097.9,10338.8,10743.95658153
2019-07-23,10343.1,10344.3,9833.9,9871.9,11926.42576733
2019-07-24,9871.8,9926.0,9540.6,9759.1,12648.57810165
2019-07-25,9759.5,10180.0,9726.6,9879.9,13447.18586849
2019-07-26,9877.2,9880.7,9637.5,9832.0,14338.29976197
2019-07-27,9832.0,10179.4,9337.0,9485.5,14678.15745158
2019-07-28,9475.9,9587.1,9170.0,9535.7,15316.86571373
2019-07-29,9540.4,9726.0,9394.1,9503.4,15059.25683669
2019-07-30,9508.1,9705.5,9404.0,9579.0,14862.49779836
2019-07-31,9579.0,10102.0,9556.9,10076.6,14810.02631989
2019-08-01,10072.8,10450.0,9875.0,10353.3,12476.72034995
2019-08-02,10353.4,10675.6,10290.3,10521.1,11144.94275944
2019-08-03,10518.2,10899.1,10502.2,10815.7,11474.30806213
2019-08-04,10812.3,11028.7,10542.8,10933.1,10980.88461838
2019-08-05,10930.6,11931.1,10930.6,11821.7,11418.73373695
2019-08-06,11826.0,12309.3,11207.2,11480.6,10079.07497925
2019-08-07,11480.6,12158.0,11388.6,11965.7,12172.53369696
2019-08-08,11965.7,12059.6,11530.5,11997.6,11962.97738866
2019-08-09,11997.6,12041.8,11685.0,11877.8,10441.67910518
2019-08-10,11878.3,11972.0,11268.3,11314.0,8699.66970952
2019-08-11,11314.0,11591.5,11121.6,11539.0,8281.32506179
2019-08-12,11541.6,11560.2,11246.9,11396.5,7178.86140757
2019-08-13,11397.3,11442.4,10790.5,10894.4,7847.39551783
2019-08-14,10889.4,10893.8,9943.9,10049.7,11751.11805395
2019-08-15,10049.1,10458.4,9522.5,10293.7,16100.01840459
2019-08-16,10293.1,10520.1,9774.2,10328.3,13745.58343577
2019-08-17,10328.3,10460.6,10000.0,10215.6,12182.12707278
2019-08-18,10215.6,10499.0,10074.1,10308.0,10523.98685905
2019-08-19,10298.6,10948.2,10255.6,10912.2,9139.76013503
2019-08-20,10913.5,10950.6,10568.3,10755.6,8878.72845739
2019-08-21,10755.6,10800.7,9876.0,10140.8,10678.11614718
2019-08-22,10140.8,10234.0,9756.5,10103.1,11530.91701434
2019-08-23,10103.0,10443.6,10027.0,10363.8,8946.74665183
2019-08-24,10366.4,10399.9,9890.0,10133.7,9908.9052677
2019-08-25,10134.0,10329.9,9915.5,10136.2,11307.3725032
2019-08-26,10136.2,10600.0,10132.3,10368.8,11108.35647802
2019-08-27,10369.8,10387.6,10051.0,10184.2,8993.81910789
2019-08-28,10184.2,10288.1,9602.2,9724.5,8597.49649031
2019-08-29,9722.3,9725.1,9326.0,9493.5,9348.00635695
2019-08-30,9493.6,9689.6,9357.4,9578.6,8184.69294094
2019-08-31,9579.8,9681.6,9430.0,9584.4,3879.97106867
2019-09-01,9585.2,9809.0,9521.7,9728.7,4970.21900454
2019-09-02,9728.0,10434.8,9720.5,10339.3,5496.76567393
2019-09-03,10338.1,10762.0,10270.5,10606.9,6122.44825169
2019-09-04,10605.7,10792.3,10372.0,10560.7,5736.78259793
2019-09-05,10563.2,10692.6,10450.0,10564.6,4178.52451216
2019-09-06,10564.5,10900.0,10181.3,10295.9,4410.10230857
2019-09-07,10295.9,10550.0,10294.2,10455.3,2144.72989756
2019-09-08,10455.4,10582.0,10227.1,10384.3,1867.801124
2019-09-09,10384.3,10480.7,10069.5,10305.4,3661.64257911
2019-09-10,10304.8,10379.5,9960.0,10103.1,3155.53803244
2019-09-11,10102.3,10273.1,9930.4,10157.3,2183.07569165
2019-09-12,10157.3,10430.0,10038.9,10412.5,2300.59834252
2019-09-13,10412.0,10430.0,10152.5,10339.3,2151.31003844
2019-09-14,10339.3,10416.7,10225.7,10334.0,1448.0578191
2019-09-15,10334.0,10359.0,10245.1,10302.1,1280.10150115
2019-09-16,10301.8,10350.0,10082.5,10250.7,1002.29055624
2019-09-17,10250.9,10270.4,10144.4,10187.4,556.0539191
2019-09-18,10186.1,10255.0,10100.0,10155.5,459.98110801
2019-09-19,10155.9,10317.5,9685.0,10246.5,999.80864469
2019-09-20,10244.4,10278.1,10075.0,10169.9,447.94771803
2019-09-21,10170.0,10177.6,9910.0,9984.9,422.37636981
2019-09-22,9984.8,10086.5,9861.1,10026.6,508.20575214
2019-09-23,10026.5,10045.1,9631.7,9704.1,635.88886426
2019-09-24,9704.1,9790.8,7844.1,8503.8,2366.87681237
2019-09-25,8501.5,8725.8,8220.1,8435.3,1448.85142069
2019-09-26,8435.1,8460.7,7752.0,8062.3,1217.55223412
2019-09-27,8062.3,8260.9,7860.7,8178.5,815.61510988
2019-09-28,8178.2,8307.2,8008.9,8199.7,608.96304813
2019-09-29,8198.8,8229.1,7898.5,8041.8,556.88721288
2019-09-30,8042.6,8332.1,7722.3,8287.5,927.82789942
2019-10-01,8289.1,8496.1,8178.1,8288.3,939.8909865
2019-10-02,8287.5,8367.0,8149.1,8353.7,634.5316385
2019-10-03,8353.9,8388.3,8064.0,8221.0,632.85625975
2019-10-04,8223.6,8228.1,8015.0,8132.6,562.35211504
2019-10-05,8132.9,8175.9,8011.1,8126.6,362.37412663
2019-10-06,8127.2,8151.0,7800.0,7850.8,642.84771696
2019-10-07,7854.9,8293.0,7768.2,8185.1,923.15904384
2019-10-08,8187.2,8324.0,8100.7,8167.6,656.58859567
2019-10-09,8167.8,8695.9,8113.9,8561.6,833.62981225
2019-10-10,8561.6,8642.3,8424.1,8555.9,680.22427198
2019-10-11,8555.9,8777.0,8229.2,8256.4,831.43347375
2019-10-12,8255.8,8394.3,8248.7,8299.8,404.9698876
2019-10-13,8299.9,8448.6,8163.6,8273.9,503.95435551
2019-10-14,8273.9,8379.9,8208.0,8345.9,556.68174591
2019-10-15,8345.8,8399.1,8110.3,8160.7,554.99915318
2019-10-16,8159.3,8179.1,7918.1,7995.5,539.87987268
2019-10-17,7992.6,8118.4,7930.5,8069.9,572.48940632
2019-10-18,8069.9,8113.6,7812.6,7946.8,648.38416509
2019-10-19,7946.8,8081.1,7869.7,7951.7,471.99673397
2019-10-20,7951.7,8289.4,7870.2,8217.1,610.45890619
2019-10-21,8217.1,8323.0,8146.8,8195.0,428.994709
2019-10-22,8195.0,8292.9,7990.6,8023.0,467.49106858
2019-10-23,8020.1,8045.0,7310.0,7465.9,934.86238029
2019-10-24,7465.9,7497.0,7340.0,7412.9,540.11535078
2019-10-25,7412.9,8769.0,7382.1,8654.6,1404.75385321
2019-10-26,8654.7,10348.6,8637.5,9233.5,1936.85223563
2019-10-27,9233.4,9785.0,9043.7,9525.7,1121.60982976
2019-10-28,9527.1,9898.0,9200.0,9203.3,1185.00075098
2019-10-29,9207.6,9531.4,9101.0,9404.4,780.42666653
2019-10-30,9404.4,9406.2,9001.9,9154.3,881.90334525
2019-10-31,9154.1,9384.2,8946.6,9141.6,644.72773166
2019-11-01,9142.7,9272.5,9038.1,9226.1,684.91205247
2019-11-02,9226.0,9368.3,9190.0,9287.4,454.55368687
2019-11-03,9287.5,9357.5,9075.9,9194.1,474.63651345
2019-11-04,9194.6,9502.9,9118.6,9394.9,606.57407212
2019-11-05,9394.8,9453.0,9180.9,9308.9,783.19350288
2019-11-06,9308.7,9430.3,9253.6,9335.6,604.29063677
2019-11-07,9335.7,9370.0,9060.0,9214.2,554.51729663
2019-11-08,9214.3,9258.2,8650.0,8774.2,784.21228475
2019-11-09,8774.2,8875.0,8726.0,8808.4,508.15135114
2019-11-10,8808.9,9128.7,8750.0,9033.9,482.77355976
2019-11-11,9033.8,9065.6,8628.9,8734.7,731.8900783
2019-11-12,8733.9,8872.7,8550.0,8812.7,589.07995405
2019-11-13,8812.7,8834.8,8711.2,8776.6,475.60706489
2019-11-14,8776.7,8799.4,8596.4,8645.9,535.17107009
2019-11-15,8646.0,8780.0,8404.6,8470.9,668.31997223
2019-11-16,8470.9,8529.9,8432.4,8490.7,344.56386418
2019-11-17,8491.1,8618.7,8373.6,8500.7,391.94857078
2019-11-18,8500.7,8500.8,8070.0,8188.4,602.62828267
2019-11-19,8188.4,8212.6,8010.0,8131.6,569.69399221
2019-11-20,8131.9,8230.2,8042.1,8095.4,486.60094066
2019-11-21,8095.5,8132.3,7500.0,7626.3,827.19546719
2019-11-22,7626.3,7758.5,6801.0,7265.5,1745.48384183
2019-11-23,7265.2,7341.3,7078.9,7310.8,784.67654433
2019-11-24,7310.6,7329.7,6856.6,6898.9,1058.25071655
2019-11-25,6900.4,7548.0,6516.5,7109.5,1733.39476848
2019-11-26,7109.6,7334.6,7022.6,7155.6,994.38756228
2019-11-27,7155.5,7652.0,6850.2,7508.0,1491.046726
2019-11-28,7509.3,7634.5,7366.0,7419.7,904.24769975
2019-11-29,7419.0,7844.1,7397.7,7739.3,817.47715879
2019-11-30,7739.5,7796.4,7452.8,7544.8,708.63726628
2019-12-01,7544.9,7544.9,7233.9,7391.2,784.71488149
2019-12-02,7391.1,7418.9,7160.3,7294.7,765.52747465
2019-12-03,7294.6,7397.5,7240.6,7291.9,644.22637128
2019-12-04,7291.9,7765.3,7087.0,7197.2,1144.99550793
2019-12-05,7199.4,7475.0,7153.4,7387.9,956.18609239
2019-12-06,7387.4,7574.6,7303.7,7529.4,690.07667443
2019-12-07,7529.2,7610.0,7472.4,7488.2,463.9770731
2019-12-08,7488.3,7559.0,7372.9,7508.8,452.17379615
2019-12-09,7508.8,7643.9,7286.6,7342.4,741.314391
2019-12-10,7342.4,7397.0,7166.0,7226.4,587.15500764
2019-12-11,7226.5,7270.7,7141.3,7214.6,455.24307018
2019-12-12,7213.8,7284.7,7093.4,7199.7,581.49898513
2019-12-13,7199.7,7293.6,7196.3,7258.4,405.43924704
2019-12-14,7258.5,7266.6,7016.7,7066.1,510.29282764
2019-12-15,7066.2,7197.7,7013.0,7118.6,457.836204
2019-12-16,7118.5,7250.0,6831.0,6892.9,524.63258537
2019-12-17,6893.0,6937.6,6565.0,6622.9,702.67120721
2019-12-18,6623.1,7441.0,6437.0,7275.6,1139.47828532
2019-12-19,7277.4,7360.4,7049.0,7149.7,865.3773297
2019-12-20,7149.8,7212.8,7082.3,7186.4,606.19919468
2019-12-21,7186.5,7188.9,7107.9,7133.0,357.82442983
2019-12-22,7132.9,7503.1,7123.7,7499.5,590.71570733
2019-12-23,7500.2,7691.8,7268.3,7320.1,1257.30657288
2019-12-24,7320.2,7428.3,7164.0,7258.0,710.36009884
2019-12-25,7256.5,7268.7,7129.3,7202.2,552.55048173
2019-12-26,7202.3,7429.0,7157.0,7203.5,466.20616277
2019-12-27,7203.5,7272.6,7090.7,7254.2,522.92777595
2019-12-28,7254.8,7358.0,7242.1,7313.7,438.98720827
2019-12-29,7313.8,7523.5,7287.6,7391.0,564.40125214
2019-12-30,7391.0,7403.8,7216.3,7245.4,462.80512991
2019-12-31,7245.4,7320.9,7141.8,7196.1,482.75420332
2020-01-01,7196.2,7251.8,7176.1,7200.2,370.5940609
2020-01-02,7200.3,7210.6,6933.3,6964.8,834.20379871
2020-01-03,6964.8,7397.7,6867.0,7346.2,1325.68323596
2020-01-04,7344.6,7399.0,7271.5,7355.3,695.82029578
2020-01-05,7355.9,7490.0,7320.7,7359.9,948.49158211
2020-01-06,7359.7,7792.0,7348.8,7758.1,1305.75817505
2020-01-07,7758.5,8206.4,7727.9,8150.2,2019.63995381
2020-01-08,8150.0,8458.0,7878.4,8053.0,2573.43365421
2020-01-09,8053.6,8055.6,7746.4,7820.7,1492.70984161
2020-01-10,7820.8,8198.3,7682.0,8192.4,1996.10480514
2020-01-11,8193.8,8282.4,7992.4,8026.0,1625.92471765
2020-01-12,8026.2,8198.3,7962.6,8184.5,1009.80210019
2020-01-13,8184.6,8195.0,8061.0,8107.3,768.28038382
2020-01-14,8107.8,8878.4,8107.8,8819.4,3013.28253034
2020-01-15,8819.5,8916.8,8567.4,8823.3,2160.29002192
2020-01-16,8822.1,8855.0,8593.7,8723.0,1292.63179046
2020-01-17,8723.0,9030.2,8674.8,8913.5,1472.01358152
2020-01-18,8913.5,8988.3,8808.9,8916.3,1082.61905287
2020-01-19,8916.4,9197.8,8442.1,8704.5,1749.32554708
2020-01-20,8704.6,8750.5,8529.2,8642.9,1060.90580204
2020-01-21,8642.9,8775.8,8452.2,8734.6,1047.23441432
2020-01-22,8734.6,8811.6,8600.0,8680.4,791.8780451
2020-01-23,8680.4,8687.0,8306.6,8409.0,1405.07680315
2020-01-24,8408.9,8524.5,8242.0,8437.9,1210.26701842
2020-01-25,8438.0,8446.6,8275.8,8341.2,710.91727559
2020-01-26,8341.2,8619.6,8300.8,8614.0,959.17170668
2020-01-27,8614.0,8998.8,8577.8,8911.3,1521.43964073
2020-01-28,8911.0,9394.1,8888.8,9375.0,1880.77573275
2020-01-29,9375.5,9445.2,9236.7,9303.8,1542.5095619
2020-01-30,9304.7,9635.0,9212.6,9514.7,1685.77454439
2020-01-31,9514.7,9528.6,9212.0,9350.1,1068.90311386
2020-02-01,9350.8,9460.1,9300.0,9385.5,962.8014745
2020-02-02,9385.5,9471.9,9139.0,9332.8,1306.09879514
2020-02-03,9332.4,9600.0,9241.5,9297.2,1236.53085492
2020-02-04,9296.7,9348.1,9100.5,9195.4,1319.0983205
2020-02-05,9195.5,9731.1,9179.8,9611.3,1504.08392496
2020-02-06,9611.4,9863.2,9530.1,9773.9,1479.78287354
2020-02-07,9773.9,9880.2,9738.1,9819.5,1148.05232402
2020-02-08,9819.5,9934.4,9667.0,9895.3,1145.56049332
2020-02-09,9895.3,10172.0,9883.3,10155.9,1296.64915137
2020-02-10,10155.9,10192.9,9766.8,9853.2,1493.3443641
2020-02-11,9853.3,10317.0,9715.6,10222.5,1536.23683928
2020-02-12,10222.4,10445.0,10091.6,10330.0,1459.22112841
2020-02-13,10330.8,10496.5,10096.0,10234.0,1697.98660709
2020-02-14,10234.1,10375.0,10111.3,10343.8,1090.92395012
2020-02-15,10343.9,10371.7,9823.5,9906.3,1424.06668184
2020-02-16,9906.3,10048.7,9532.4,9924.1,1553.6571236
2020-02-17,9924.1,9959.0,9457.4,9702.6,1472.35279654
2020-02-18,9705.6,10246.5,9590.0,10163.9,1269.14800804
2020-02-19,10166.5,10251.2,9366.0,9597.2,1503.64605023
2020-02-20,9597.3,9690.2,9409.0,9596.1,1411.24482182
2020-02-21,9597.3,9754.9,9472.8,9678.6,787.39472965
2020-02-22,9678.7,9700.0,9557.0,9649.8,556.05033216
2020-02-23,9649.8,9983.3,9649.4,9939.8,883.88061563
2020-02-24,9939.9,9987.9,9460.0,9658.5,1140.75574912
2020-02-25,9658.5,9671.5,9257.0,9318.4,1593.63713086
2020-02-26,9318.6,9380.0,8625.0,8787.2,2536.27085227
2020-02-27,8787.8,8971.2,8531.0,8821.4,1934.0172443
2020-02-28,8820.6,8899.5,8443.0,8691.7,1704.66783213
2020-02-29,8691.9,8788.9,8516.0,8527.1,981.59259977
2020-03-01,8524.4,8746.2,8421.5,8530.9,1219.85982846
2020-03-02,8531.0,8963.4,8499.8,8910.2,1343.53030318
2020-03-03,8910.2,8915.0,8656.0,8761.2,1474.93620487
2020-03-04,8761.2,8847.1,8655.7,8750.7,1396.36280396
2020-03-05,8750.8,9153.1,8750.7,9056.9,1689.18485548
2020-03-06,9056.2,9168.7,8989.1,9134.3,972.88218808
2020-03-07,9133.9,9184.9,8789.8,8889.9,836.48591636
2020-03-08,8889.9,8889.9,8001.1,8036.5,1703.1688193
2020-03-09,8035.0,8175.2,7636.3,7931.3,2635.87274638
2020-03-10,7931.4,8147.1,7736.9,7895.3,1718.30904912
2020-03-11,7895.4,8000.0,7590.0,7933.2,1467.28926861
2020-03-12,7933.2,7960.4,4448.6,4802.9,8901.93085483
2020-03-13,4811.8,5950.0,3800.0,5576.3,12561.67730242
2020-03-14,5577.6,5636.0,5057.6,5175.8,3808.1681546
2020-03-15,5176.6,5915.0,5102.0,5359.7,2990.10573374
2020-03-16,5361.1,5365.4,4445.0,5027.3,5459.54705667
2020-03-17,5028.8,5532.0,4926.1,5316.7,3451.65990323
2020-03-18,5316.8,5434.6,5000.0,5394.8,3415.91132435
2020-03-19,5394.0,6397.7,5254.4,6162.2,4433.01528211
2020-03-20,6162.2,6901.7,5661.9,6204.4,5948.95444901
2020-03-21,6205.6,6450.9,5864.0,6191.1,4072.8410034
2020-03-22,6188.3,6402.0,5720.0,5815.8,3764.04790529
2020-03-23,5815.4,6589.7,5692.8,6469.0,4089.55773919
2020-03-24,6467.1,6827.2,6361.5,6746.4,3642.59287288
2020-03-25,6746.4,6950.3,6429.3,6673.0,3072.71947914
2020-03-26,6673.0,6776.5,6412.2,6733.2,2241.27102381
2020-03-27,6733.2,6843.7,6272.1,6358.0,2407.75149128
2020-03-28,6358.0,6358.0,6027.5,6242.4,3133.26968023
2020-03-29,6239.8,6266.0,5871.5,5881.2,1994.75867267
2020-03-30,5881.3,6600.0,5860.0,6394.9,2844.03376661
2020-03-31,6395.0,6520.0,6288.0,6409.7,2045.4639793
2020-04-01,6410.8,6678.0,6151.9,6642.7,3064.08826173
2020-04-02,6642.7,7203.0,6541.0,6794.6,4050.91954989
2020-04-03,6794.6,7040.0,6604.5,6736.2,3811.34417156
2020-04-04,6734.0,7013.3,6650.2,6856.4,2460.79371155
2020-04-05,6856.4,6892.1,6672.4,6772.2,1579.96635701
2020-04-06,6771.8,7350.0,6766.1,7329.5,2702.68211891
2020-04-07,7329.8,7459.9,7076.0,7197.9,3799.99334732
2020-04-08,7198.0,7419.9,7127.7,7359.7,2702.06833782
2020-04-09,7359.7,7371.6,6851.0,7284.9,2076.13186047
2020-04-10,7283.5,7293.4,6740.1,6859.0,3081.59910192
2020-04-11,6859.0,6940.1,6762.4,6878.1,1539.54064089
2020-04-12,6878.0,7180.4,6780.0,6901.6,1932.48627629
2020-04-13,6901.6,6901.6,6571.0,6838.1,2524.56769739
2020-04-14,6838.0,6974.2,6760.0,6869.5,1548.79355446
2020-04-15,6868.4,6931.3,6607.8,6621.9,1775.92421944
2020-04-16,6621.7,7186.5,6475.9,7101.0,2629.64127634
2020-04-17,7101.3,7144.9,6953.5,7026.3,1470.81685388
2020-04-18,7027.0,7291.0,7016.3,7248.8,1284.63615237
2020-04-19,7248.8,7262.9,7055.5,7120.7,1256.39664658
2020-04-20,7120.7,7210.9,6751.9,6828.6,2402.36229614
2020-04-21,6828.7,6940.5,6760.0,6843.1,1606.02637962
2020-04-22,6841.5,7152.8,6818.8,7125.5,1372.8794875
2020-04-23,7125.6,7743.4,7005.0,7484.0,3084.91452268
2020-04-24,7484.1,7610.0,7396.3,7503.9,1597.06357159
2020-04-25,7503.9,7700.0,7438.0,7543.0,1872.99387261
2020-04-26,7543.1,7700.0,7490.0,7692.8,1666.19131038
2020-04-27,7692.9,7793.0,7624.5,7771.8,1868.14951424
2020-04-28,7772.2,7776.3,7660.7,7740.3,1400.41213207
2020-04-29,7740.4,8964.0,7710.9,8777.6,6237.75443444
2020-04-30,8777.5,9455.9,8388.0,8624.3,8624.81918911
2020-05-01,8623.7,9055.6,8617.1,8826.3,3802.51904461
2020-05-02,8826.4,9010.1,8755.1,8971.1,2216.61074977
2020-05-03,8971.6,9195.1,8718.3,8892.1,3691.46739184
2020-05-04,8892.1,8948.7,8521.0,8870.5,3527.26424821
2020-05-05,8871.5,9107.7,8756.0,9021.1,2600.14035198
2020-05-06,9021.2,9397.8,8911.6,9145.9,4109.87151248
2020-05-07,9146.0,10049.8,9030.9,9983.5,5334.43932954
2020-05-08,9981.2,10031.1,9718.0,9797.8,3446.39735922
2020-05-09,9797.8,9910.1,9523.0,9538.2,3181.27165556
2020-05-10,9537.3,9566.4,8000.0,8725.6,8008.11377362
2020-05-11,8724.7,9161.1,8198.7,8560.9,10408.13387229
2020-05-12,8561.2,8973.2,8529.6,8810.5,3768.9337369
2020-05-13,8810.5,9397.3,8790.8,9307.2,3542.30189723
2020-05-14,9307.9,9931.8,9257.6,9790.7,5353.35706526
2020-05-15,9791.3,9843.4,9121.3,9318.4,5711.84027458
2020-05-16,9316.2,9582.8,9223.9,9382.4,2348.4399918
2020-05-17,9381.4,9880.7,9325.4,9679.3,2252.78548872
2020-05-18,9679.4,9946.3,9486.5,9731.2,3423.0116475
2020-05-19,9731.2,9895.1,9476.6,9777.2,3120.76719588
2020-05-20,9777.2,9837.7,9321.7,9512.5,2993.9891806
2020-05-21,9512.5,9573.2,8815.8,9064.8,5079.2825232
2020-05-22,9066.4,9271.5,8935.5,9168.0,2527.47254209
2020-05-23,9168.0,9307.1,9077.9,9177.3,1631.54670298
2020-05-24,9177.4,9295.0,8700.0,8716.0,3000.43671289
2020-05-25,8716.0,8978.1,8637.6,8899.2,3097.71088283
2020-05-26,8899.1,9008.6,8701.4,8840.0,2168.04988328
2020-05-27,8838.0,9224.3,8815.5,9201.9,2355.57636376
2020-05-28,9202.0,9622.3,9111.7,9577.2,3270.61351505
2020-05-29,9577.2,9603.0,9331.2,9426.1,2159.66125421
2020-05-30,9426.2,9736.4,9337.6,9696.1,2705.7435618
2020-05-31,9696.2,9700.0,9398.6,9450.0,2419.46081172
2020-06-01,9450.2,10369.7,9422.6,10201.0,3736.40993135
2020-06-02,10201.1,10220.7,9272.1,9518.3,4688.5140847
2020-06-03,9518.4,9686.6,9300.0,9667.5,1840.02834644
2020-06-04,9667.6,9880.0,9423.9,9790.2,2313.17292831
2020-06-05,9790.2,9850.0,9588.4,9622.4,2340.02568162
2020-06-06,9622.4,9733.1,9535.5,9668.6,1410.98356727
2020-06-07,9668.7,9802.4,9386.0,9745.1,2843.76935513
2020-06-08,9745.2,9796.0,9640.0,9775.8,1340.55274231
2020-06-09,9775.8,9870.7,9566.9,9772.4,2790.91665866
2020-06-10,9772.4,9987.5,9700.0,9881.9,2294.73294475
2020-06-11,9881.9,9966.2,9011.0,9280.6,4884.50525187
2020-06-12,9280.7,9554.7,9238.4,9466.6,1836.62859315
2020-06-13,9466.6,9492.6,9343.5,9473.1,1070.03567113
2020-06-14,9473.0,9479.4,9250.2,9340.6,1370.14206566
2020-06-15,9340.7,9494.7,8910.6,9425.3,4076.51121275
2020-06-16,9425.4,9587.6,9373.2,9524.6,2266.07589031
2020-06-17,9524.6,9563.0,9242.0,9464.5,2046.64560314
2020-06-18,9464.6,9484.6,9278.4,9387.4,1523.59270628
2020-06-19,9387.5,9436.5,9242.0,9309.9,1845.43422191
2020-06-20,9309.9,9394.4,9173.4,9358.0,1305.1663391
2020-06-21,9357.9,9418.8,9283.2,9295.0,932.6131302
2020-06-22,9295.0,9774.0,9278.6,9685.8,2169.80782576
2020-06-23,9685.9,9719.8,9580.1,9623.7,1609.00192911
2020-06-24,9623.6,9668.4,9207.0,9296.7,2809.58046048
2020-06-25,9296.7,9337.5,9010.4,9247.0,2964.47065371
2020-06-26,9247.1,9295.5,9045.4,9164.4,2536.34530613
2020-06-27,9164.3,9194.0,8836.3,9012.7,2444.57063062
2020-06-28,9012.8,9189.4,8933.2,9119.1,1781.15835612
2020-06-29,9119.1,9234.9,9027.4,9191.1,1991.97124968
2020-06-30,9191.1,9202.0,9067.9,9136.6,1443.94107615
2020-07-01,9136.6,9289.0,9091.0,9231.4,2100.08951805
2020-07-02,9231.4,9260.4,8944.1,9086.1,2413.43090427
2020-07-03,9087.1,9123.5,9038.1,9058.8,1320.29434055
2020-07-04,9059.0,9187.6,9044.3,9135.9,1247.61719155
2020-07-05,9135.4,9143.2,8912.0,9072.4,2436.3278776
2020-07-06,9072.4,9374.1,9060.0,9342.9,3702.90723856
2020-07-07,9342.9,9378.5,9186.7,9254.9,3247.94646932
2020-07-08,9255.0,9467.9,9230.0,9435.3,2660.48501828
2020-07-09,9435.4,9439.2,9164.8,9235.1,2662.33401164
2020-07-10,9235.2,9313.0,9128.4,9286.9,2010.99077375
2020-07-11,9287.0,9298.7,9180.2,9232.5,1380.50306896
2020-07-12,9232.6,9342.7,9159.9,9298.6,1424.02205528
2020-07-13,9299.6,9339.5,9204.6,9242.6,2099.93174165
2020-07-14,9242.5,9275.0,9117.4,9253.3,1709.96977519
2020-07-15,9253.4,9274.5,9161.0,9198.9,1564.88517513
2020-07-16,9199.0,9224.9,9046.4,9133.4,1858.37199899
2020-07-17,9133.4,9184.2,9088.6,9154.1,1214.3836412
2020-07-18,9154.2,9204.8,9122.4,9168.9,1357.51446555
2020-07-19,9168.9,9229.0,9103.9,9206.6,1528.52968247
2020-07-20,9206.6,9218.7,9132.3,9159.9,1770.6617005
2020-07-21,9160.1,9430.2,9153.1,9385.4,2944.05499825
2020-07-22,9385.5,9531.2,9277.7,9516.1,2672.7010378
2020-07-23,9516.1,9665.6,9444.5,9603.0,3093.60730693
2020-07-24,9603.1,9631.9,9466.5,9540.2,2253.2869288
2020-07-25,9540.2,9729.6,9525.7,9699.6,2517.55208247
2020-07-26,9699.7,10124.6,9648.2,9931.0,4299.24634905
2020-07-27,9931.0,11380.0,9922.0,11026.5,11492.57640914
2020-07-28,11026.7,11240.0,10561.8,10909.8,8563.57849231
2020-07-29,10909.8,11336.0,10450.0,11101.0,5459.14245836
2020-07-30,11100.9,11170.0,10833.5,11100.3,4487.33262338
2020-07-31,11100.4,11446.3,10963.4,11336.4,4457.56921885
2020-08-01,11336.3,11857.7,11206.6,11799.4,5897.10046722
2020-08-02,11799.8,12108.7,9998.0,11070.6,7892.63310726
2020-08-03,11070.6,11477.0,10890.0,11220.6,4469.02610772
2020-08-04,11220.7,11410.0,11020.3,11188.7,3817.96318964
2020-08-05,11188.6,11782.0,11097.8,11741.2,4569.74534666
2020-08-06,11741.1,11900.0,11566.3,11764.2,3711.41815891
2020-08-07,11764.4,11906.7,11325.0,11592.3,5160.45766121
2020-08-08,11592.3,11805.0,11518.0,11765.7,3712.55991915
2020-08-09,11765.7,11794.1,11524.6,11682.2,3160.32762424
2020-08-10,11682.2,12055.7,11500.1,11890.1,5342.23262017
2020-08-11,11890.3,11933.2,11127.3,11392.1,6360.97783694
2020-08-12,11392.1,11615.8,11152.4,11564.7,3634.25218513
2020-08-13,11565.0,11787.0,11272.8,11775.6,4156.27605326
2020-08-14,11775.7,11850.0,11635.6,11759.7,2906.7836547
2020-08-15,11759.8,11980.0,11668.6,11854.4,4069.58175049
2020-08-16,11854.5,11932.2,11685.0,11910.1,3726.66202642
2020-08-17,11910.2,12450.0,11770.3,12280.8,5443.04315438
2020-08-18,12280.8,12383.1,11250.0,11945.4,5191.99726781
2020-08-19,11945.4,12019.6,11563.5,11753.3,5696.51423367
2020-08-20,11753.4,11879.7,11667.4,11858.0,3045.36114031
2020-08-21,11858.0,11878.0,11492.8,11529.4,4107.07341878
2020-08-22,11529.3,11685.0,11379.0,11665.3,2767.71720714
2020-08-23,11665.4,11713.6,11514.8,11647.4,2214.22557473
2020-08-24,11647.4,11823.8,11588.3,11751.4,2250.0288632
2020-08-25,11751.4,11765.8,11080.5,11320.7,4400.57820135
2020-08-26,11320.7,11536.5,11243.6,11460.7,3754.66655695
2020-08-27,11460.8,11584.7,11127.0,11327.9,4773.82465598
2020-08-28,11329.0,11540.0,11279.1,11527.4,2829.93797101
2020-08-29,11527.4,11577.6,11423.1,11467.4,2218.82286928
2020-08-30,11467.3,11715.6,11460.7,11711.0,2833.24085284
2020-08-31,11710.9,11780.0,11572.1,11651.6,2849.94224514
2020-09-01,11651.6,12049.4,11530.1,11922.4,4430.53125008
2020-09-02,11922.5,11952.4,11155.0,11387.6,5319.0297894
2020-09-03,11387.6,11458.7,9900.0,10136.2,8753.75581105
2020-09-04,10134.6,10625.0,9825.0,10447.2,10253.79712846
2020-09-05,10447.1,10565.2,9836.9,10166.4,13167.1919902
2020-09-06,10168.1,10345.5,9996.9,10254.3,6372.5835542
2020-09-07,10255.8,10411.6,9877.0,10372.1,5101.2820699
2020-09-08,10372.1,10437.5,9851.8,10127.1,6037.49477764
2020-09-09,10127.1,10341.8,9983.7,10219.7,3004.00307099
2020-09-10,10219.6,10482.7,10211.4,10338.0,3789.32033793
2020-09-11,10337.9,10395.5,10196.6,10386.9,2377.07712515
2020-09-12,10387.0,10476.9,10270.1,10440.2,1666.94276005
2020-09-13,10440.2,10579.0,10214.1,10329.6,2789.48744619
2020-09-14,10329.6,10749.1,10244.6,10672.9,3732.98560507
2020-09-15,10672.3,10930.1,10606.5,10785.0,4378.23775425
2020-09-16,10784.9,11091.9,10665.1,10954.7,4229.84321714
2020-09-17,10954.7,11043.7,10746.5,10938.7,3121.63589363
2020-09-18,10938.8,11037.0,10815.1,10932.3,2104.08429366
2020-09-19,10932.4,11178.2,10890.0,11081.6,1888.93772481
2020-09-20,11081.6,11081.6,10754.6,10919.5,2205.61750318
2020-09-21,10919.6,10986.7,10297.3,10417.1,4845.62709756
2020-09-22,10417.1,10571.8,10357.6,10528.8,2495.44445648
2020-09-23,10528.8,10535.4,10137.6,10241.7,3055.10883414
2020-09-24,10241.7,10792.5,10194.2,10736.3,2843.34745818
2020-09-25,10736.2,10759.2,10554.8,10688.2,2122.74079415
2020-09-26,10688.2,10823.0,10646.9,10729.0,1368.71840622
2020-09-27,10728.9,10798.7,10589.4,10772.4,1182.99980084
2020-09-28,10772.5,10956.8,10636.9,10693.2,1701.83514954
2020-09-29,10693.1,10872.3,10630.0,10840.2,1119.5932882
2020-09-30,10840.2,10846.8,10658.2,10777.2,935.62176325
2020-10-01,10777.2,10917.5,10437.5,10620.1,2273.32448141
2020-10-02,10619.4,10663.7,10371.6,10566.5,2010.12370424
2020-10-03,10566.6,10599.6,10483.4,10539.0,617.07135365
2020-10-04,10539.0,10688.9,10516.3,10664.1,589.69900962
2020-10-05,10663.1,10798.0,10617.6,10792.4,946.93192161
2020-10-06,10792.5,10800.0,10525.0,10570.3,1811.5187879
2020-10-07,10570.1,10680.4,10532.9,10667.1,1419.94662291
2020-10-08,10666.7,10947.4,10532.4,10923.6,1919.82356714
2020-10-09,10923.6,11101.0,10833.3,11052.9,1127.66673597
2020-10-10,11052.8,11488.7,11051.5,11294.4,1515.47941721
2020-10-11,11294.5,11443.0,11269.9,11371.0,950.06535704
2020-10-12,11371.0,11718.0,11187.0,11530.7,1892.14328761
2020-10-13,11530.6,11554.5,11307.6,11419.4,1397.2409329
2020-10-14,11420.9,11544.3,11288.4,11416.4,1336.83313052
2020-10-15,11418.2,11610.0,11254.7,11503.9,1860.50806848
2020-10-16,11502.8,11538.9,11200.0,11317.9,1554.86226352
2020-10-17,11317.9,11402.8,11259.7,11361.3,664.50882251
2020-10-18,11361.4,11504.4,11345.4,11502.3,673.63560348
2020-10-19,11502.4,11825.2,11407.0,11750.0,1257.07306071
2020-10-20,11750.1,12032.3,11680.0,11909.6,2412.2180752
2020-10-21,11909.6,13243.8,11887.5,12785.1,5193.56775119
2020-10-22,12785.0,13183.0,12678.5,12967.7,3789.94848931
2020-10-23,12967.7,13040.9,12723.6,12924.6,2034.84721128
2020-10-24,12923.9,13163.9,12871.8,13110.6,1351.85608735
2020-10-25,13110.5,13350.0,12899.0,13031.3,1338.08546852
2020-10-26,13031.3,13232.4,12772.0,13055.3,1853.59561111
2020-10-27,13055.1,13785.8,13038.6,13636.9,2546.50539743
2020-10-28,13636.8,13853.7,12892.7,13270.8,3936.14923573
2020-10-29,13268.9,13638.3,12974.3,13455.0,2411.68085079
2020-10-30,13454.9,13666.9,13113.0,13556.7,2649.22723858
2020-10-31,13557.3,14100.0,13412.8,13792.1,2556.24212234
2020-11-01,13792.0,13891.0,13620.0,13758.7,1249.74802079
2020-11-02,13758.8,13829.2,13196.3,13550.9,2156.93846771
2020-11-03,13550.8,14060.6,13277.5,14019.8,2630.70110277
2020-11-04,14019.7,14256.4,13529.2,14141.3,3122.75651384
2020-11-05,14141.3,15746.2,14095.4,15589.8,4809.04202935
2020-11-06,15591.3,15959.6,15179.5,15578.3,5512.90554053
2020-11-07,15580.6,15751.9,14344.5,14814.6,4357.40480691
2020-11-08,14816.5,15650.0,14706.4,15478.3,2443.80984902
2020-11-09,15477.4,15840.0,14809.2,15326.8,3638.51854379
2020-11-10,15326.8,15458.1,15077.0,15299.4,1185.11508329
2020-11-11,15298.0,15972.9,15272.2,15688.4,1855.11283173
2020-11-12,15686.5,16338.3,15450.0,16297.1,2378.99407168
2020-11-13,16290.4,16472.3,15954.2,16320.9,1744.72060174
2020-11-14,16320.8,16325.8,15701.5,16064.7,1143.28365949
2020-11-15,16071.3,16158.5,15776.5,15954.0,977.47524027
2020-11-16,15957.4,16881.1,15868.8,16711.8,1742.5333912
2020-11-17,16711.8,17857.5,16527.0,17665.7,3091.13241231
2020-11-18,17657.1,18470.2,17112.2,17775.4,4258.20139296
2020-11-19,17779.2,18170.7,17339.5,17805.7,2153.85752161
2020-11-20,17802.8,18808.6,17747.4,18659.4,2195.47334822
2020-11-21,18659.4,18964.9,18322.3,18702.2,2063.26469505
2020-11-22,18702.2,18749.1,17622.2,18416.9,2373.60044413
2020-11-23,18415.1,18762.0,18009.0,18370.6,2338.73016754
2020-11-24,18370.3,19412.5,17999.9,19153.2,3392.94521173
2020-11-25,19160.0,19480.0,18479.7,18723.3,2559.63582582
2020-11-26,18722.2,18913.1,16203.3,17148.5,5594.26051216
2020-11-27,17148.8,17451.2,16446.1,17139.2,2721.94456076
2020-11-28,17139.2,17873.8,16866.1,17716.8,1841.96742642
2020-11-29,17716.8,18346.7,17517.5,18180.4,1639.9569172
2020-11-30,18182.7,19868.3,17229.8,19693.9,3639.06879152
2020-12-01,19693.8,19888.9,18011.0,18770.5,3564.56780269
2020-12-02,18770.5,19337.0,18325.0,19206.0,2575.27420669
2020-12-03,19202.9,19602.9,18872.6,19423.8,1633.73872106
2020-12-04,19425.4,19525.9,18548.6,18654.6,1794.75097912
2020-12-05,18652.5,19172.8,18505.7,19147.0,914.51552453
2020-12-06,19147.0,19425.1,18859.3,19362.6,1109.78287701
2020-12-07,19360.8,19419.1,18902.0,19168.9,1018.93226272
2020-12-08,19169.0,19293.4,18183.0,18327.3,1367.1061265
2020-12-09,18326.3,18635.5,17640.8,18540.1,1871.18861253
2020-12-10,18540.0,18552.2,17913.4,18251.2,1255.37068042
2020-12-11,18251.4,18288.9,17584.2,18027.0,1845.5977192
2020-12-12,18035.9,18942.1,18020.9,18806.8,968.56828459
2020-12-13,18809.8,19411.0,18715.0,19176.1,1285.87149129
2020-12-14,19176.1,19348.2,19002.2,19271.1,830.18279453
2020-12-15,19271.1,19568.3,19050.0,19425.4,1169.89543121
2020-12-16,19425.5,21550.0,19283.7,21340.8,2689.22303743
2020-12-17,21340.8,23842.1,21235.0,22805.7,5322.25955604
2020-12-18,22799.8,23279.0,22348.0,23110.8,1721.2589705
2020-12-19,23113.0,24166.8,22737.2,23828.0,1977.608544
2020-12-20,23827.1,24297.7,23085.0,23469.5,1688.07445198
2020-12-21,23469.5,24103.4,21576.9,22717.5,3075.11333526
2020-12-22,22725.5,23831.7,22371.7,23813.1,2196.04706422
2020-12-23,23813.1,24125.0,22615.8,23230.7,3045.96872549
2020-12-24,23232.5,23797.3,22705.7,23729.6,1787.55195955
2020-12-25,23728.9,24783.7,23429.5,24706.7,2201.05246771
2020-12-26,24709.9,26869.3,24502.7,26486.9,2781.26887939
2020-12-27,26487.5,28418.2,25700.0,26282.5,4915.61631982
2020-12-28,26279.8,27495.8,26104.4,27075.6,2223.68571799
2020-12-29,27075.5,27405.0,25892.9,27383.3,2486.08046405
2020-12-30,27385.3,28993.4,27300.0,28868.1,3097.20517931
2020-12-31,28868.2,29333.1,27891.4,28920.5,2557.10505958
2021-01-01,28924.9,29607.1,28633.0,29333.2,1672.60482834
2021-01-02,29333.2,33286.8,28949.2,32185.4,5165.02345878
2021-01-03,32181.3,34766.0,31500.0,33000.4,5674.96143676
2021-01-04,33005.9,33600.2,27500.0,31993.0,7405.23285327
2021-01-05,31993.1,34371.0,29806.1,33938.6,5222.37990469
2021-01-06,33946.6,36933.6,33310.9,36750.6,5514.16455318
2021-01-07,36750.5,40350.0,35700.0,39439.5,6417.76201806
2021-01-08,39439.5,41948.3,36232.0,40574.7,7040.21979864
2021-01-09,40578.8,41400.0,38734.2,40096.6,3405.50789894
2021-01-10,40096.6,41330.9,34329.0,38160.7,5343.46002775
2021-01-11,38160.7,38255.9,30425.1,35392.3,15510.10515384
2021-01-12,35395.0,36632.8,32542.9,34063.5,6938.01691122
2021-01-13,34050.0,37823.0,32361.8,37388.3,6127.99748073
2021-01-14,37364.5,40099.9,36747.1,39150.6,3997.60871964
2021-01-15,39150.6,39760.0,34364.1,36748.2,4823.48837879
2021-01-16,36745.1,37934.9,35378.0,35992.7,3963.06308779
2021-01-17,35992.7,36843.6,33804.9,35836.2,3449.09524186
2021-01-18,35824.4,37481.7,34783.1,36620.7,2997.11416823
2021-01-19,36630.2,37859.3,35866.8,35899.3,2610.72769277
2021-01-20,35899.3,36404.4,33396.2,35474.7,3158.62573567
2021-01-21,35469.6,35597.5,30064.7,30860.8,6943.04006563
2021-01-22,30860.8,33814.4,28856.0,32958.6,6338.79035017
2021-01-23,32951.6,33444.9,31398.0,32075.4,2873.25798454
2021-01-24,32073.6,33068.2,30920.4,32255.3,2200.25702584
2021-01-25,32255.2,34853.3,31677.6,32268.8,3202.24460866
2021-01-26,32253.6,32911.0,30824.1,32477.4,3789.87118949
2021-01-27,32475.3,32546.9,29254.1,30343.9,4476.70527692
2021-01-28,30353.9,33761.2,29847.5,33353.1,3410.01299647
2021-01-29,33351.6,38527.2,31924.6,34240.3,9461.05193595
2021-01-30,34240.7,34914.9,32810.0,34273.2,3407.8539956
2021-01-31,34274.3,34338.8,32120.9,33100.8,2427.4248601
2021-02-01,33100.7,34693.8,32300.0,33522.5,3637.97258506
2021-02-02,33523.0,35974.7,33411.4,35481.7,2920.85539599
2021-02-03,35480.2,37651.0,35377.6,37618.7,2741.60580921
2021-02-04,37612.1,38700.0,36155.4,36948.5,3597.00712134
2021-02-05,36936.4,38300.0,36575.7,38294.4,2292.11138339
2021-02-06,38294.4,40964.2,38217.5,39195.5,3882.29460938
2021-02-07,39195.4,39623.6,37341.4,38807.6,2389.96820017
2021-02-08,38807.6,46767.9,38010.0,46373.5,4971.54731481
2021-02-09,46374.6,48139.3,44961.0,46434.8,4330.72854712
2021-02-10,46430.0,47300.0,43687.5,44812.2,4351.84907778
2021-02-11,44806.1,48647.6,44005.8,47941.5,4045.91883504
2021-02-12,47963.1,48958.8,46181.2,47310.7,3356.01832119
2021-02-13,47305.4,48120.5,46225.5,47152.6,2740.99221759
2021-02-14,47152.5,49686.9,47026.3,48591.9,3359.4690565
2021-02-15,48587.2,49003.6,42841.6,47904.4,3974.98461358
2021-02-16,47913.1,50619.3,47023.9,49147.7,3599.85370182
2021-02-17,49147.7,52609.6,48931.1,52118.1,3356.85082847
2021-02-18,52114.3,52522.9,50906.4,51568.9,2183.18379408
2021-02-19,51561.1,56317.7,50727.0,55890.5,3749.6920105
2021-02-20,55893.6,57622.6,53463.3,55851.5,3394.87226216
2021-02-21,55851.4,58336.3,55489.6,57423.0,2514.02340013
2021-02-22,57420.6,57517.8,44160.0,54096.6,6125.32442907
2021-02-23,54085.9,54174.2,44900.0,48908.3,8048.96505298
2021-02-24,48902.9,51361.9,47003.2,49685.2,4816.75027676
2021-02-25,49676.5,52019.6,46624.4,47082.7,3701.80236678
2021-02-26,47082.0,48408.8,44135.0,46289.6,5329.77125908
2021-02-27,46290.2,48381.9,44836.5,46114.4,2872.64640734
2021-02-28,46111.3,46626.1,43004.3,45141.6,3940.17863714
2021-03-01,45136.5,49771.3,44958.9,49590.3,3548.51026561
2021-03-02,49590.3,50201.6,47052.8,48441.2,2936.94454126
2021-03-03,48440.6,52623.9,48100.0,50345.5,3177.38943911
2021-03-04,50347.6,51762.1,47505.7,48374.5,3624.17683614
2021-03-05,48374.5,49450.0,46189.8,48758.9,3697.34556922
2021-03-06,48746.9,49255.1,47001.0,48871.9,1949.15311354
2021-03-07,48885.0,51424.7,48885.0,50930.4,2444.3584982
2021-03-08,50956.6,52387.5,49287.5,52377.0,2710.99151191
2021-03-09,52376.9,54867.6,51833.8,54867.6,3070.93581512
2021-03-10,54867.5,57364.0,52911.4,55865.5,4049.50553851
2021-03-11,55863.7,58150.0,54238.0,57781.1,3403.69441456
2021-03-12,57781.0,58057.5,55013.7,57238.5,4031.0376629
2021-03-13,57220.7,61815.3,56059.3,61180.9,4394.62318443
2021-03-14,61174.3,61700.0,59000.0,59000.0,3084.33952274
2021-03-15,59000.0,60632.9,54525.6,55607.1,5910.33518227
2021-03-16,55607.1,56918.9,53240.3,56880.3,7410.49057723
2021-03-17,56880.3,58951.8,54147.5,58875.8,5828.79026943
2021-03-18,58882.9,60107.7,57000.0,57648.9,5073.7458698
2021-03-19,57648.9,59450.1,56071.0,58024.2,3727.09434161
2021-03-20,58024.3,59874.6,57825.6,58113.5,2746.52973805
2021-03-21,58113.5,58591.6,55501.0,57350.2,3265.35649781
2021-03-22,57345.3,58415.5,53667.0,54096.1,4219.99501831
2021-03-23,54086.8,55823.1,52986.3,54348.4,4374.34046303
2021-03-24,54348.4,57200.0,51499.6,52307.4,6416.76024581
2021-03-25,52307.1,53239.1,50455.0,51301.7,7242.6466396
2021-03-26,51301.7,55062.5,51225.3,55032.0,4609.48192944
2021-03-27,55031.9,56628.6,53967.5,55820.4,3634.73588532
2021-03-28,55820.3,56541.0,54666.6,55772.9,3158.20452681
2021-03-29,55772.8,58400.5,54926.5,57628.9,4413.63121553
2021-03-30,57630.8,59351.9,57072.8,58754.6,3563.87315049
2021-03-31,58753.2,59800.0,56357.5,58745.9,4921.45848213
2021-04-01,58745.5,59487.1,57879.0,58735.7,3163.98213108
2021-04-02,58735.7,60179.1,58460.7,58963.6,2553.76427314
2021-04-03,58963.6,59795.0,56721.2,57058.3,2512.19109578
2021-04-04,57052.5,58481.2,56432.6,58201.4,2069.14670128
2021-04-05,58201.4,59254.1,56501.0,59116.2,3003.76043377
2021-04-06,59116.2,59497.5,57304.8,57988.3,2964.86183859
2021-04-07,57988.3,58668.6,55439.0,55958.2,5277.04906389
2021-04-08,55958.2,58141.0,55700.6,58076.7,3175.60482079
2021-04-09,58076.7,58900.0,57666.9,58131.6,3516.19104669
2021-04-10,58138.2,61350.0,57902.1,59770.2,5533.50675561
2021-04-11,59770.2,60687.4,59247.6,60007.6,3896.37426019
2021-04-12,60007.6,61270.7,59417.4,59863.4,4611.409014
2021-04-13,59863.4,63759.7,59815.0,63578.7,6906.310253
2021-04-14,63578.7,64840.0,61000.0,62958.7,7696.509177
2021-04-15,62954.4,63772.1,62023.9,63152.6,4709.82427144
2021-04-16,63152.6,63509.7,59930.8,61342.6,8295.32523869
2021-04-17,61342.7,62497.8,59599.6,59995.2,5367.42979289
2021-04-18,59995.3,60409.5,49001.0,56150.6,11485.97101449
2021-04-19,56152.7,57583.4,54205.2,55618.8,7721.306905
2021-04-20,55618.7,57061.6,53328.0,56427.8,8677.75606016
2021-04-21,56426.1,56761.7,53602.0,53793.6,6240.82191836
2021-04-22,53793.5,55474.7,50400.0,51696.4,8879.16016304
2021-04-23,51691.2,52112.1,47502.1,51102.7,8885.07060366
2021-04-24,51109.8,51157.9,48676.5,50033.0,4833.41744745
2021-04-25,50041.5,50554.6,46966.2,49086.9,4805.34664069
2021-04-26,49069.0,54336.4,48775.8,54000.2,6695.12934907
2021-04-27,53997.1,55439.0,53240.8,55014.3,4344.22291318
2021-04-28,55014.2,56399.1,53808.3,54833.2,4801.04618634
2021-04-29,54833.1,55181.2,52340.1,53558.4,4356.05177188
2021-04-30,53558.5,57936.4,53042.6,57697.3,5000.47557303
2021-05-01,57697.3,58471.4,57006.3,57794.7,3639.78966647
2021-05-02,57794.7,57903.7,56044.3,56568.5,3508.52428767
2021-05-03,56568.5,58977.9,56451.3,57159.7,4780.43387226
2021-05-04,57159.7,57188.2,53083.3,53196.3,7079.55804728
2021-05-05,53196.3,57979.7,52888.0,57431.5,6154.55158495
2021-05-06,57431.5,58362.4,55242.0,56397.6,6418.75056143
2021-05-07,56397.7,58643.2,55244.6,57307.3,6550.0415782
2021-05-08,57307.2,59491.0,56910.4,58863.1,5872.02102552
2021-05-09,58863.1,59208.9,56227.1,58250.2,5830.15382373
2021-05-10,58250.3,59499.9,52538.0,55813.2,8151.25825773
2021-05-11,55813.2,56856.0,54428.1,56678.3,6867.99353936
2021-05-12,56678.4,57990.0,48352.8,49661.9,9545.09873417
2021-05-13,49627.6,51360.8,45800.0,49675.4,10032.9751252
2021-05-14,49675.4,51465.0,48813.0,49848.5,5450.84361176
2021-05-15,49848.4,50660.8,46556.7,46775.4,7795.08529432
2021-05-16,46775.5,49785.8,43877.8,46427.4,9409.63034288
2021-05-17,46426.1,46617.0,42112.5,43538.7,11722.79249275
2021-05-18,43531.1,45784.2,42267.2,42847.8,9551.68122428
2021-05-19,42850.7,43571.0,29000.0,36664.7,21800.57340109
2021-05-20,36670.8,42398.4,34875.4,40530.5,12863.45289698
2021-05-21,40522.7,42238.2,33433.3,37257.0,13365.87411688
2021-05-22,37252.7,38837.7,35210.0,37453.8,10179.56518335
2021-05-23,37446.3,38271.7,31088.0,34676.9,14558.40212191
2021-05-24,34687.8,39920.0,34370.3,38809.9,10412.74700432
2021-05-25,38803.2,39793.6,36444.6,38320.9,9520.13878761
2021-05-26,38320.9,40831.3,37803.6,39241.4,9233.46947077
2021-05-27,39241.3,40399.0,37134.7,38527.7,8469.64540474
2021-05-28,38529.4,38875.0,34683.0,35661.2,11531.34517002
2021-05-29,35661.3,37337.8,33621.0,34600.2,12290.41413565
2021-05-30,34605.6,36496.4,33393.1,35644.4,7624.55210582
2021-05-31,35644.5,37500.0,34127.8,37257.6,8288.36586648
2021-06-01,37257.6,37898.9,35698.1,36689.4,7683.09502812
2021-06-02,36694.6,38230.7,35926.8,37589.0,6046.54340783
2021-06-03,37589.0,39474.5,37176.2,39249.9,5991.13810668
2021-06-04,39249.9,39285.7,35555.8,36829.3,8194.77534541
2021-06-05,36829.3,37962.4,34800.0,35514.6,7313.70229337
2021-06-06,35514.6,36465.9,35230.4,35798.1,5183.52049311
2021-06-07,35798.0,36800.0,33301.3,33560.0,6693.22678492
2021-06-08,33560.0,34061.3,31000.0,33379.8,10968.25291235
2021-06-09,33379.8,37534.7,32393.9,37377.0,9786.86344386
2021-06-10,37386.3,38451.5,35800.0,36673.0,7953.00496074
2021-06-11,36673.0,37680.4,35926.2,37337.6,5668.35626872
2021-06-12,37332.6,37453.7,34625.5,35573.4,6153.43028558
2021-06-13,35553.3,39375.0,34761.7,39018.7,7947.76537761
2021-06-14,39015.3,41029.0,38737.2,40543.0,9828.01439756
2021-06-15,40543.1,41355.3,39525.0,40156.7,7466.72524707
2021-06-16,40154.6,40496.1,38105.2,38347.2,7972.12325903
2021-06-17,38356.0,39571.9,37366.3,38091.2,7793.90305612
2021-06-18,38094.7,38194.5,35117.3,35823.0,7211.36151168
2021-06-19,35822.9,36492.7,34811.0,35478.5,5600.90553303
2021-06-20,35479.6,36191.3,33335.0,35600.5,7100.3775531
2021-06-21,35603.2,35742.5,31251.6,31614.1,13620.6485917
2021-06-22,31614.0,33290.2,28801.8,32505.1,14492.17412516
2021-06-23,32505.0,34839.8,31709.0,33675.0,9779.35209084
2021-06-24,33676.1,35301.4,32306.2,34657.9,6292.05133514
2021-06-25,34658.0,35499.9,31276.1,31588.1,8644.09514911
2021-06-26,31588.1,32720.9,30153.0,32283.7,8232.10619727
2021-06-27,32283.7,34752.4,32001.2,34704.4,6201.73835382
2021-06-28,34703.8,35291.5,33857.4,34490.7,6438.36854468
2021-06-29,34490.8,36595.2,34234.4,35908.9,6179.9829238
2021-06-30,35906.6,36099.6,34022.7,35045.4,5743.848897
2021-07-01,35045.4,35056.5,32711.0,33500.1,5862.19733593
2021-07-02,33500.0,33988.2,32700.8,33791.4,4815.31796337
2021-07-03,33791.5,34942.6,33324.0,34675.2,3265.35647557
2021-07-04,34675.2,35966.8,34349.9,35273.7,2936.64620448
2021-07-05,35279.8,35283.7,33130.7,33683.7,4075.2545818
2021-07-06,33683.7,35100.0,33510.0,34228.5,4425.08052252
2021-07-07,34227.1,35057.3,33777.2,33862.8,3811.98736395
2021-07-08,33862.7,33922.7,32085.5,32875.7,4430.45908695
2021-07-09,32872.8,34100.0,32265.0,33816.4,3393.73863807
2021-07-10,33815.5,34260.9,33037.0,33510.0,3252.0101229
2021-07-11,33510.0,34611.3,33318.5,34263.5,2880.66303705
2021-07-12,34263.5,34702.9,32630.4,33089.4,4117.53539976
2021-07-13,33089.0,33341.0,32195.0,32725.2,3605.48200495
2021-07-14,32725.2,33170.0,31575.4,32819.3,4379.42305702
2021-07-15,32819.3,33184.0,31150.0,31868.5,4180.08632143
2021-07-16,31877.8,32246.9,31026.0,31389.1,3316.32314459
2021-07-17,31383.4,31950.9,31173.6,31520.2,2846.31356992
2021-07-18,31520.2,32447.0,31112.0,31778.1,3325.38259467
2021-07-19,31778.2,31893.0,30400.0,30833.3,3335.89495173
2021-07-20,30833.4,31056.4,29272.0,29782.5,5621.45293025
2021-07-21,29783.6,32844.8,29481.8,32144.0,6911.48800749
2021-07-22,32144.1,32600.0,31717.0,32289.7,3146.42471514
2021-07-23,32289.8,33640.0,31964.0,33634.7,3248.74036973
2021-07-24,33634.7,34494.6,33399.9,34256.7,3775.28197007
2021-07-25,34256.7,35400.0,33848.3,35388.4,4124.18296697
2021-07-26,35385.1,40569.7,35208.0,37242.9,14005.47588008
2021-07-27,37242.0,39554.0,36345.0,39465.5,5662.53372956
2021-07-28,39465.6,40893.0,38746.8,40015.5,10022.39273758
2021-07-29,40016.1,40648.9,39255.0,40022.4,7328.6256963
2021-07-30,40022.4,42308.9,38320.0,42217.2,7634.61483282
2021-07-31,42202.9,42423.4,41026.4,41464.0,5900.90723491
2021-08-01,41464.0,42581.7,39390.1,39852.1,6814.36379395
2021-08-02,39852.1,40468.6,38689.0,39147.8,7179.10065784
2021-08-03,39147.8,39774.0,37653.6,38201.7,9288.5027511
2021-08-04,38201.6,39959.4,37500.0,39719.8,8111.31285721
2021-08-05,39725.3,41350.0,37304.2,40864.4,10942.48820985
2021-08-06,40864.5,43376.7,39856.1,42839.6,8605.00430412
2021-08-07,42839.5,44707.3,42411.0,44574.4,8389.71456376
2021-08-08,44574.9,45317.9,43265.5,43792.8,8345.60050629
2021-08-09,43792.5,46457.0,42780.0,46269.0,7845.11311519
2021-08-10,46263.7,46707.6,44632.0,45581.3,6603.16986028
2021-08-11,45581.5,46740.0,45337.8,45520.8,7611.35984946
2021-08-12,45520.4,46209.0,43750.0,44415.2,9021.96448908
2021-08-13,44411.3,47891.0,44222.3,47807.7,8178.02534973
2021-08-14,47807.7,48151.3,45969.2,47071.4,6501.92478658
2021-08-15,47071.4,47377.6,45486.7,46980.4,7538.96655666
2021-08-16,46980.5,48045.0,45627.7,45887.0,8152.33972192
2021-08-17,45887.0,47172.9,44390.7,44684.3,10153.62758384
2021-08-18,44684.4,46015.3,44206.8,44708.3,9385.036469
2021-08-19,44708.3,47049.2,43925.6,46765.7,7253.81598237
2021-08-20,46765.6,49400.4,46632.5,49319.4,7915.8350641
2021-08-21,49319.9,49776.4,48195.9,48821.3,6635.9862635
2021-08-22,48821.3,49490.0,48034.0,49237.4,5705.20110463
2021-08-23,49232.9,50531.2,49002.8,49478.2,7078.66982677
2021-08-24,49481.7,49897.1,47567.0,47662.5,5769.06409098
2021-08-25,47662.5,49250.0,47130.0,48983.2,4955.54961864
2021-08-26,48983.3,49342.3,46275.0,46829.5,5422.08985861
2021-08-27,46829.4,49164.0,46344.1,49054.1,4508.67334764
2021-08-28,49053.7,49286.0,48350.0,48890.0,3254.33980409
2021-08-29,48892.0,49634.8,47750.0,48763.2,3663.59402625
2021-08-30,48763.2,48869.4,46833.1,46981.0,5164.10791857
2021-08-31,46981.0,48248.9,46688.9,47095.5,4456.80469762
2021-09-01,47095.5,49125.0,46503.8,48815.3,4693.04992712
2021-09-02,48815.3,50380.8,48595.0,49248.9,5074.7017701
2021-09-03,49248.8,51027.0,48322.5,50011.0,5689.38477589
2021-09-04,50010.9,50548.5,49368.0,49902.6,3290.90016352
2021-09-05,49902.8,51885.2,49460.9,51768.0,3909.50809089
2021-09-06,51768.0,52827.3,50969.3,52667.2,4595.47308147
2021-09-07,52667.2,52920.0,42478.9,46861.7,12542.16788427
2021-09-08,46864.0,47338.5,44408.0,46048.1,7277.52729618
2021-09-09,46047.6,47392.0,45488.6,46393.1,5773.34274763
2021-09-10,46393.0,47032.0,44119.1,44850.3,6238.14750095
2021-09-11,44850.4,45984.0,44728.0,45170.5,4077.01413921
2021-09-12,45170.5,46443.0,44738.1,46025.5,4130.89318869
2021-09-13,46025.5,46852.2,43375.0,44938.3,7349.33068202
2021-09-14,44938.3,47245.4,44645.0,47108.8,4812.62856794
2021-09-15,47108.1,48444.2,46693.0,48124.3,4581.98096023
2021-09-16,48124.3,48520.0,47012.4,47738.6,4513.31261248
2021-09-17,47738.6,48139.1,46750.6,47300.3,4304.23330468
2021-09-18,47300.3,48800.0,47030.0,48294.0,3567.69106924
2021-09-19,48294.0,48366.5,46816.2,47242.5,3934.78015558
2021-09-20,47242.4,47353.6,42470.5,43018.6,10832.50206904
2021-09-21,43010.4,43648.0,39571.0,40730.4,10034.90921846
2021-09-22,40730.3,44000.0,40568.0,43556.4,6328.61560322
2021-09-23,43550.7,44978.2,43064.1,44865.7,5371.73422624
2021-09-24,44865.6,45144.1,40683.0,42803.9,9621.77082743
2021-09-25,42803.8,42969.9,41631.2,42676.6,4355.13841987
2021-09-26,42676.5,43930.0,40751.0,43170.6,5337.89083769
2021-09-27,43170.6,44357.1,42090.6,42137.0,4664.1897218
2021-09-28,42137.1,42762.2,40875.0,41018.9,4930.35077988
2021-09-29,41018.9,42593.0,40752.1,41536.9,4430.32196559
2021-09-30,41529.8,44123.0,41413.0,43817.2,5523.72841445
2021-10-01,43819.1,48466.6,43293.6,48144.5,7803.05571118
2021-10-02,48148.8,48333.0,47436.1,47631.6,4410.7626061
2021-10-03,47631.6,49219.4,47099.9,48204.2,6402.40249901
2021-10-04,48204.2,49500.0,46909.0,49223.7,10547.59204229
2021-10-05,49223.7,51887.0,49034.7,51462.3,8635.52576385
2021-10-06,51462.3,55770.5,50386.1,55314.7,11486.42891407
2021-10-07,55314.7,55329.4,53376.8,53778.6,10752.3730524
2021-10-08,53778.6,56138.6,53613.0,53949.7,7651.65082346
2021-10-09,53949.7,55500.0,53650.0,54947.7,5550.55627868
2021-10-10,54948.5,56505.5,54095.0,54663.6,7530.77617975
2021-10-11,54663.6,57840.0,54414.4,57471.9,8509.49678506
2021-10-12,57471.9,57670.0,53889.0,56004.5,9377.44869964
2021-10-13,56001.1,57764.4,54222.5,57367.2,8390.88650677
2021-10-14,57367.2,58529.9,56795.0,57344.9,8171.99928721
2021-10-15,57344.8,62947.4,56861.8,61673.9,14303.10108925
2021-10-16,61673.4,62358.0,60154.4,60878.4,6574.03323818
2021-10-17,60878.5,61701.0,58977.0,61526.2,6360.1859356
2021-10-18,61526.2,62694.0,59868.3,62027.8,10122.65529179
2021-10-19,62027.7,64472.4,61324.6,64285.4,11177.27316502
2021-10-20,64285.4,66985.9,63500.0,66007.2,9866.21035018
2021-10-21,66007.2,66663.4,62015.3,62210.1,13446.64232873
2021-10-22,62210.0,63734.9,60011.0,60699.0,7920.7081848
2021-10-23,60698.6,61748.0,59611.0,61296.2,5726.7403579
2021-10-24,61296.2,61487.6,59517.2,60854.0,6347.26203678
2021-10-25,60853.9,63710.7,60658.1,63082.8,6855.90269929
2021-10-26,63082.9,63287.1,59850.0,60329.6,7083.21685898
2021-10-27,60330.2,61488.2,57963.0,58408.2,10951.76216266
2021-10-28,58408.2,62509.0,57820.0,60590.7,11497.5116225
2021-10-29,60590.7,62961.9,60193.0,62253.3,7686.96940269
2021-10-30,62253.2,62368.0,60644.0,61855.9,4843.74001393
2021-10-31,61855.9,62397.0,59964.0,61293.6,6690.53246045
2021-11-01,61293.9,62440.6,59381.2,60897.5,7994.8764235
2021-11-02,60898.0,64281.4,60635.0,63221.9,7904.42163069
2021-11-03,63221.9,63506.8,60400.0,62894.0,7189.0729254
2021-11-04,62893.9,63086.9,60700.0,61401.9,6264.95293998
2021-11-05,61401.9,62604.0,60730.0,60947.9,5158.7145403
2021-11-06,60947.7,61555.0,60050.0,61467.1,4279.71051737
2021-11-07,61467.1,63277.2,61326.7,63264.8,4848.40462337
2021-11-08,63267.9,67795.7,63267.9,67509.5,8888.36246772
2021-11-09,67509.4,68500.1,66171.6,66941.7,6584.72224006
2021-11-10,66943.0,69028.0,62540.0,64892.2,9142.52216948
2021-11-11,64892.2,65589.9,64109.1,64769.2,5477.97392122
2021-11-12,64770.9,65472.7,62263.9,64134.1,7482.04893344
2021-11-13,64134.1,64963.5,63369.3,64370.6,3122.4147716
2021-11-14,64370.6,65511.1,63569.8,65505.2,4154.61041457
2021-11-15,65505.1,66361.0,63368.0,63611.8,5905.16464088
2021-11-16,63610.4,63613.5,58557.5,60060.8,12811.67529256
2021-11-17,60060.8,60822.7,58358.6,60345.0,8818.93649377
2021-11-18,60345.0,60951.2,56473.3,56877.7,10628.04419424
2021-11-19,56877.8,58331.0,55600.0,58048.5,7300.18026852
2021-11-20,58049.2,59850.0,57355.0,59707.4,5298.84125541
2021-11-21,59707.4,60039.0,58500.1,58595.3,5219.27870896
2021-11-22,58595.6,59497.9,55630.0,56245.1,10321.50930412
2021-11-23,56245.0,57858.9,55320.0,57540.2,8213.71933915
2021-11-24,57540.2,57722.3,55868.0,57136.9,8073.10180735
2021-11-25,57136.9,59400.0,57000.0,58952.4,7071.33910299
2021-11-26,58956.3,59154.9,53500.0,53723.3,11686.737015
2021-11-27,53720.3,55288.0,53600.0,54714.7,5249.00161985
2021-11-28,54713.6,57443.9,53235.6,57275.5,6760.09876093
2021-11-29,57275.5,58882.3,56664.5,57777.4,7082.70991428
2021-11-30,57777.4,59200.0,55877.1,56928.1,8159.20676608
2021-12-01,56937.8,59038.7,56450.0,57187.5,7271.29380829
2021-12-02,57187.5,57372.8,55752.5,56484.6,5966.00951244
2021-12-03,56484.7,57600.0,51367.0,53630.4,7908.19557208
2021-12-04,53611.6,53855.0,40589.0,49166.5,16833.46632698
2021-12-05,49166.5,49691.2,47726.0,49398.1,9988.97117996
2021-12-06,49398.5,50900.0,47120.3,50442.4,12838.49072385
2021-12-07,50442.4,51930.7,50026.6,50582.3,8839.33799491
2021-12-08,50582.3,51203.6,48600.0,50467.3,8998.60231391
2021-12-09,50472.2,50800.0,47317.0,47548.6,9994.40061306
2021-12-10,47545.1,50100.0,46852.7,47135.7,10888.00158562
2021-12-11,47131.6,49485.0,46714.6,49391.6,6869.04319577
2021-12-12,49392.0,50774.9,48650.0,50055.1,5656.18439163
2021-12-13,50055.1,50210.1,45714.5,46695.8,10122.01979812
2021-12-14,46695.8,48665.4,46285.0,48355.2,7935.18014357
2021-12-15,48350.8,49540.0,46539.9,48873.4,9700.98425859
2021-12-16,48873.4,49435.1,47512.0,47624.6,8053.27219804
2021-12-17,47624.7,48001.0,45425.6,46146.3,9198.66539538
2021-12-18,46146.4,47350.0,45500.1,46825.3,5518.13231002
2021-12-19,46825.3,48280.0,46410.0,46678.5,7785.90514861
2021-12-20,46678.5,47525.7,45562.7,46898.1,9758.88339611
2021-12-21,46898.1,49322.0,46655.6,48891.4,7389.39809406
2021-12-22,48891.5,49564.0,48421.1,48582.3,7950.28049261
2021-12-23,48582.2,51369.3,48011.5,50836.6,9284.84203561
2021-12-24,50836.6,51821.0,50401.5,50806.2,7094.77788081
2021-12-25,50811.0,51139.9,50180.0,50405.9,4674.18393009
2021-12-26,50405.9,51279.7,49449.8,50771.5,5914.34971024
2021-12-27,50771.5,52072.2,50446.5,50715.7,6625.72237649
2021-12-28,50715.6,50715.6,47289.6,47543.8,11273.73203423
2021-12-29,47543.8,48139.5,46039.5,46466.4,8147.05651657
2021-12-30,46466.4,47906.9,45932.2,47122.4,7545.19621216
2021-12-31,47122.5,48563.6,45668.7,46216.4,8930.08569259
2022-01-01,46216.4,47936.7,46210.4,47728.6,5184.64208868
2022-01-02,47728.6,47990.0,46656.1,47291.8,4870.84983217
2022-01-03,47291.7,47577.0,45700.0,46443.4,6995.61863223
2022-01-04,46443.4,47529.0,45555.0,45833.0,8422.08327772
2022-01-05,45833.0,47052.4,42500.0,43456.8,14203.26491828
2022-01-06,43456.2,43817.3,42420.0,43086.1,9798.8018015
2022-01-07,43086.1,43149.3,40600.0,41561.4,13472.49853638
2022-01-08,41561.5,42319.7,40501.0,41680.5,9774.6692082
2022-01-09,41680.7,42791.3,41214.9,41877.6,7635.7430321
2022-01-10,41877.6,42262.6,39651.0,41816.3,10553.7434913
2022-01-11,41816.4,43101.5,41257.1,42734.6,9584.54281365
2022-01-12,42734.5,44330.1,42456.1,43916.9,8749.2852159
2022-01-13,43917.0,44421.0,42311.0,42569.6,8793.76179687
2022-01-14,42569.6,43459.9,41713.0,43067.3,7377.52104472
2022-01-15,43067.3,43800.9,42564.1,43074.0,4595.81666042
2022-01-16,43074.1,43477.0,42600.0,43072.6,4615.24284041
2022-01-17,43072.6,43176.9,41500.0,42202.2,5975.48872929
2022-01-18,42202.1,42675.2,41279.0,42349.2,8538.5624044
2022-01-19,42349.3,42559.4,41140.0,41666.0,9762.6089156
2022-01-20,41665.9,43498.3,40563.2,40686.0,10269.4558997
2022-01-21,40680.9,41103.4,35420.0,36454.9,20940.51485645
2022-01-22,36454.8,36828.0,34011.4,35064.3,18348.26764075
2022-01-23,35064.9,36663.0,34600.8,36253.6,10220.24395688
2022-01-24,36253.7,37557.3,32918.7,36675.4,17910.47546151
2022-01-25,36669.3,37549.0,35703.8,36956.9,10359.63052315
2022-01-26,36958.1,38936.0,36217.9,36811.8,14295.52514494
2022-01-27,36816.3,37259.0,35515.8,37166.8,11600.53320017
2022-01-28,37166.8,38006.0,36162.0,37715.6,11803.67246359
2022-01-29,37715.6,38723.1,37305.0,38179.6,7151.98227871
2022-01-30,38179.7,38366.0,37350.0,37884.9,5411.50162843
2022-01-31,37882.5,38739.0,36626.7,38467.3,8856.55180252
2022-02-01,38467.4,39286.0,38021.2,38693.4,8866.02568747
2022-02-02,38693.3,38860.0,36576.0,36883.9,7983.60838549
2022-02-03,36889.7,37381.9,36249.1,37320.9,7376.60193784
2022-02-04,37320.9,41756.4,37032.0,41579.7,11180.30348526
2022-02-05,41579.6,41920.0,40800.0,41386.8,6050.70203366
2022-02-06,41386.8,42655.0,41117.9,42394.8,5524.5382535
2022-02-07,42394.8,44500.0,41649.9,43845.7,12161.14313752
2022-02-08,43843.4,45500.0,42668.3,44042.7,12815.20180978
2022-02-09,44045.7,44801.8,43122.0,44374.8,8310.96379788
2022-02-10,44374.8,45831.9,43165.3,43495.4,11873.77765739
2022-02-11,43495.4,43964.9,41952.0,42370.1,10350.61905479
2022-02-12,42370.1,43033.0,41725.3,42222.4,5674.93523473
2022-02-13,42222.4,42767.7,41869.1,42056.4,4449.74137911
2022-02-14,42056.3,42861.8,41525.7,42534.3,9059.22201987
2022-02-15,42535.0,44800.8,42425.3,44563.5,7673.57159182
2022-02-16,44563.6,44565.3,43320.0,43868.5,6456.56004834
2022-02-17,43866.6,44169.3,40058.8,40507.2,10798.17542746
2022-02-18,40507.2,40959.6,39450.0,39976.5,8221.00542226
2022-02-19,39976.6,40454.0,39632.0,40086.7,3749.57044691
2022-02-20,40086.7,40125.2,37979.3,38380.0,6486.47539481
2022-02-21,38380.0,39500.0,36800.0,37025.7,10163.08486861
2022-02-22,37020.5,38448.4,36333.1,38229.6,8650.22753868
2022-02-23,38229.6,39285.2,37046.8,37248.1,8656.54872291
2022-02-24,37248.2,39823.3,34325.0,38320.9,18871.3906078
2022-02-25,38320.9,39695.0,38015.0,39219.6,9925.50251831
2022-02-26,39219.6,40300.0,38560.3,39119.1,7813.06117948
2022-02-27,39117.3,39864.0,36977.4,37706.7,10079.6383036
2022-02-28,37706.7,44210.4,37446.5,43179.8,14045.29059776
2022-03-01,43174.8,44966.0,42796.9,44428.2,10184.79478736
2022-03-02,44428.2,45367.5,43332.8,43896.9,7712.3714735
2022-03-03,43896.8,44088.0,41832.0,42456.3,7550.68608805
2022-03-04,42456.2,42533.3,38550.1,39143.6,9352.51376368
2022-03-05,39143.6,39612.4,38552.9,39397.0,4120.54031436
2022-03-06,39397.0,39690.4,38082.5,38419.2,6135.97056831
2022-03-07,38419.2,39537.8,37162.0,37994.5,10515.58437589
2022-03-08,37990.3,39361.2,37870.0,38736.6,8025.51209982
2022-03-09,38736.7,42581.2,38651.1,41948.2,11019.72709901
2022-03-10,41944.2,42036.7,38524.5,39421.0,8968.67549175
2022-03-11,39421.1,40257.2,38220.7,38725.9,7936.6193164
2022-03-12,38726.1,39464.0,38661.2,38803.9,2712.24163056
2022-03-13,38803.9,39301.0,37580.0,37775.6,3706.40606719
2022-03-14,37773.6,39912.0,37555.1,39677.8,6271.83978476
2022-03-15,39674.1,39878.0,38118.0,39281.3,5350.38621651
2022-03-16,39281.4,41725.7,38825.0,41123.7,10245.90658235
2022-03-17,41123.8,41480.9,40500.1,40924.0,4297.12421227
2022-03-18,40924.0,42333.0,40146.0,41757.6,5371.62827979
2022-03-19,41758.4,42386.2,41510.7,42206.7,3520.16739454
2022-03-20,42205.0,42287.0,40910.9,41257.8,4176.08301696
2022-03-21,41261.3,41540.5,40488.0,41005.2,4699.87882905
2022-03-22,41005.3,43343.0,40877.6,42358.1,8324.26027999
2022-03-23,42358.1,43012.0,41757.4,42879.8,7286.81684171
2022-03-24,42879.8,44217.8,42600.0,44087.1,5857.237042
