2017-12-25,6.197e-05,6.398e-05,5.2e-05,6e-05,1168237.6793
2017-12-26,5.998e-05,6.477e-05,5.5e-05,5.83e-05,1200848.322
2017-12-27,5.834e-05,6.253e-05,5e-05,5.745e-05,1203662.1417
2017-12-28,5.745e-05,6.69e-05,5.16e-05,6.538e-05,1321849.3438
2017-12-29,6.689e-05,6.689e-05,5.69e-05,6.279e-05,1803763.9004
2017-12-30,6.279e-05,6.8e-05,5.849e-05,6.729e-05,1240523.3669
2017-12-31,6.799e-05,0.000107,6.71e-05,0.0001,2502090.4338
2018-01-01,0.0001,0.000166,9.5e-05,0.00014202,3193732.8736
2018-01-02,0.00014202,0.00022498,0.0001368,0.0001738,4644058.5335
2018-01-03,0.000179,0.0001918,0.00013799,0.00018399,3456132.5166
2018-01-04,0.00018399,0.00018459,0.0001625,0.00017661,1936943.9757
2018-01-05,0.0001748,0.00024,0.00016501,0.00018842,3078800.9347
2018-01-06,0.00018839,0.00025849,0.00018277,0.00025249,2300280.957
2018-01-07,0.00025249,0.00031,0.00023702,0.00028249,3153261.1123
2018-01-08,0.00028249,0.0002875,0.00024,0.00028,1963835.8543
2018-01-09,0.00028,0.00035,0.00025994,0.0003498,3428069.3709
2018-01-10,0.0003497,0.00034996,0.00029,0.000319,2379638.4863
2018-01-11,0.000318,0.00032866,0.00026834,0.000285,1776603.0539
2018-01-12,0.00028763,0.0003185,0.00028499,0.00031583,1130738.9871
2018-01-13,0.00031586,0.00032576,0.00026,0.0002858,1374148.6363
2018-01-14,0.0002858,0.0003,0.0002608,0.00027199,998856.7419
2018-01-15,0.00027064,0.00028196,0.00022,0.00023901,1618219.6149
2018-01-16,0.00023901,0.000272,0.00020902,0.0002467,1914756.6439
2018-01-17,0.00024672,0.0003003,0.00021601,0.00029287,1615422.7695
2018-01-18,0.00029287,0.00031402,0.00025518,0.00026794,1355407.222
2018-01-19,0.00026991,0.0002734,0.00024778,0.00026099,822460.0896
2018-01-20,0.00026099,0.00026887,0.00022605,0.0002424,1034488.3143
2018-01-21,0.0002423,0.00025392,0.00022,0.0002348,753792.9004
2018-01-22,0.00023478,0.0002455,0.000213,0.00023495,897618.9039
2018-01-23,0.00023495,0.000237,0.000212,0.00022429,689915.1076
2018-01-24,0.00022352,0.0002244,0.00021,0.00021438,912793.5896
2018-01-25,0.00021322,0.00022763,0.000195,0.00019821,1011150.4547
2018-01-26,0.0001982,0.00021,0.0001888,0.00020573,942839.5642
2018-01-27,0.00020476,0.0002718,0.0002042,0.00025902,1227948.5261
2018-01-28,0.00025363,0.000257,0.00023,0.00024493,1030956.349
2018-01-29,0.00024233,0.00024493,0.00021,0.0002311,1074530.3763
2018-01-30,0.00023001,0.000233,0.000198,0.00022,1297726.3655
2018-01-31,0.00021999,0.000238,0.0002001,0.00022,905301.0931
2018-02-01,0.00021924,0.00023096,0.00019632,0.00021688,1099790.7178
2018-02-02,0.00021688,0.00023588,0.000144,0.00021158,2055242.7278
2018-02-03,0.00021409,0.00023583,0.000195,0.00021731,1146380.071
2018-02-04,0.00021733,0.000219,0.00017405,0.0001958,941240.2757
2018-02-05,0.0001941,0.00020003,0.00015001,0.00018502,1708522.7606
2018-02-06,0.000185,0.00022429,0.00015078,0.00020408,2022270.8871
2018-02-07,0.00020405,0.00021425,0.00018224,0.00018961,1172936.4307
2018-02-08,0.00018955,0.0002,0.0001704,0.00018499,814188.8748
2018-02-09,0.00018495,0.00019478,0.00017523,0.0001829,676309.0766
2018-02-10,0.0001829,0.000195,0.00016,0.00017085,1107574.9928
2018-02-11,0.00017007,0.00017134,0.00015907,0.00016889,778851.0211
2018-02-12,0.00017049,0.00018989,0.00017049,0.00017958,1022393.9936
2018-02-13,0.00017957,0.000189,0.00016893,0.00018065,775519.7514
2018-02-14,0.00018065,0.000212,0.00017836,0.000212,1142033.1694
2018-02-15,0.00021136,0.0002152,0.0001855,0.00019225,761579.3695
2018-02-16,0.00019221,0.0001996,0.00014996,0.00018867,1080025.0382
2018-02-17,0.00018866,0.00019,0.000174,0.00018103,498180.542
2018-02-18,0.00018323,0.000185,0.00016792,0.000174,520557.4391
2018-02-19,0.00017495,0.00017879,0.0001615,0.00016764,616659.046
2018-02-20,0.00016762,0.00016764,0.000118,0.00013679,1677264.4919
2018-02-21,0.00013541,0.00015,0.0001305,0.00013508,1018915.3859
2018-02-22,0.00013406,0.00013807,0.0001228,0.00013079,1111390.5064
2018-02-23,0.00013079,0.00014962,0.00012702,0.00014391,825952.2863
2018-02-24,0.00014389,0.000147,0.00013362,0.00013557,585853.1196
2018-02-25,0.00013558,0.000144,0.0001297,0.00014352,664174.248
2018-02-26,0.00014222,0.00014649,0.00013296,0.0001359,461509.8496
2018-02-27,0.00013599,0.000144,0.0001231,0.0001241,692677.5631
2018-02-28,0.0001241,0.00012675,0.00011281,0.00011314,885479.5071
2018-03-01,0.00011397,0.000136,0.00011289,0.0001315,904625.9252
2018-03-02,0.00013148,0.0001384,0.000123,0.0001375,869219.3632
2018-03-03,0.00013752,0.00013895,0.00012842,0.00012918,608897.2281
2018-03-04,0.000129,0.00014908,0.0001265,0.0001459,845851.682
2018-03-05,0.0001465,0.00015142,0.00013823,0.00014649,828764.8691
2018-03-06,0.00014691,0.00014744,0.000124,0.00013693,1037141.9818
2018-03-07,0.00013697,0.00013973,0.000121,0.00012696,836846.7784
2018-03-08,0.00012696,0.0001319,0.000115,0.0001194,1453114.1707
2018-03-09,0.00011938,0.00012879,0.0001073,0.00012612,1968285.8375
2018-03-10,0.00012603,0.00012799,0.00011499,0.000118,725364.6669
2018-03-11,0.000118,0.00012677,0.0001147,0.00011802,366551.641
2018-03-12,0.0001181,0.00012228,0.0001147,0.00011535,440247.904
2018-03-13,0.0001155,0.00012193,0.0001095,0.00011372,594676.5933
2018-03-14,0.00011371,0.00011698,0.0001,0.000105,898092.5946
2018-03-15,0.00010519,0.0001098,9.5e-05,9.502e-05,1181930.2885
2018-03-16,9.501e-05,0.0001,9.385e-05,9.899e-05,622277.3668
2018-03-17,9.898e-05,9.898e-05,8e-05,8.413e-05,1162387.3151
2018-03-18,8.413e-05,9.798e-05,6.698e-05,9.682e-05,1948923.1535
2018-03-19,9.683e-05,0.00011299,8.4e-05,0.00010861,1665018.8912
2018-03-20,0.00010861,0.00011195,9.74e-05,0.00010534,919483.3211
2018-03-21,0.00010443,0.0001095,9.86e-05,0.00010267,873057.7242
2018-03-22,0.00010269,0.000107,9.641e-05,0.0001033,718562.5895
2018-03-23,0.00010289,0.00010542,8.638e-05,0.00010089,867616.0211
2018-03-24,0.000101,0.00010479,9.8e-05,0.00010146,687807.131
2018-03-25,0.00010146,0.00010475,9.8e-05,0.0001014,455116.1898
2018-03-26,0.00010189,0.00010325,9.2e-05,0.0001,948515.2392
2018-03-27,9.941e-05,9.999e-05,9.1e-05,9.499e-05,619312.0964
2018-03-28,9.499e-05,9.536e-05,9.14e-05,9.195e-05,497993.9762
2018-03-29,9.183e-05,9.611e-05,8.11e-05,8.55e-05,1534866.1693
2018-03-30,8.526e-05,9.94e-05,7.777e-05,8.516e-05,1621813.8362
2018-03-31,8.506e-05,9.193e-05,8.401e-05,8.856e-05,692353.5202
2018-04-01,8.909e-05,9.145e-05,8.139e-05,8.441e-05,1040778.574
2018-04-02,8.427e-05,8.575e-05,8.052e-05,8.488e-05,1093942.8251
2018-04-03,8.433e-05,0.00011296,8.035e-05,0.00011089,2570294.0186
2018-04-04,0.00011089,0.00012451,0.0001001,0.00011482,5468758.3538
2018-04-05,0.00011482,0.00011588,9.787e-05,0.00010738,2081710.9037
2018-04-06,0.00010737,0.0001092,9.931e-05,0.00010428,843782.3011
2018-04-07,0.00010428,0.00010605,0.00010001,0.00010233,691849.1877
2018-04-08,0.00010223,0.00011084,9.77e-05,0.00011077,1201008.4109
2018-04-09,0.00011075,0.000115,0.0001,0.000106,1925748.4064
2018-04-10,0.00010601,0.00010655,0.0001012,0.00010319,941820.8825
2018-04-11,0.00010301,0.000105,0.0001014,0.00010451,1192659.9405
2018-04-12,0.00010196,0.0001101,9.71e-05,0.00010803,1617514.138
2018-04-13,0.00010796,0.0001182,0.00010165,0.00010595,1627068.4304
2018-04-14,0.00010548,0.000114,0.0001026,0.000109,735505.6855
2018-04-15,0.00010892,0.00012454,0.0001081,0.00011553,1440327.9108
2018-04-16,0.00011604,0.00011891,0.00011061,0.00011798,1095007.607
2018-04-17,0.00011602,0.0001267,0.0001118,0.00012134,2202516.9758
2018-04-18,0.00012134,0.00014901,0.00012066,0.000145,3543097.231
2018-04-19,0.000145,0.000149,0.000134,0.00014014,1917553.2314
2018-04-20,0.00014045,0.00014978,0.00013794,0.00014106,1450321.2997
2018-04-21,0.00014106,0.00014699,0.00013427,0.00013701,1179273.1328
2018-04-22,0.00013702,0.0001559,0.00012797,0.00015095,1776385.293
2018-04-23,0.00014845,0.0001529,0.0001415,0.00014958,1258049.9356
2018-04-24,0.00014797,0.00015,0.000139,0.00014363,1334732.7072
2018-04-25,0.0001435,0.00014419,0.00012055,0.00012956,1724755.7454
2018-04-26,0.00012955,0.0001345,0.00012,0.00013063,1985966.0878
2018-04-27,0.00013,0.0001345,0.0001162,0.00012507,1807974.5369
2018-04-28,0.00012507,0.00013169,0.00011825,0.00012733,1198457.6658
2018-04-29,0.00012581,0.00012989,0.00012,0.00012337,1393935.0806
2018-04-30,0.00012337,0.00013792,0.00012025,0.00012876,2066369.6496
2018-05-01,0.00012818,0.00013,0.0001143,0.00012213,1826518.2573
2018-05-02,0.00012212,0.00012768,0.000115,0.00012,2001887.7522
2018-05-03,0.00011984,0.000128,0.00011603,0.00011889,2467344.5409
2018-05-04,0.00011889,0.00012041,0.0001106,0.0001108,1613050.4188
2018-05-05,0.0001108,0.00011276,9.912e-05,0.00010629,2566742.5779
2018-05-06,0.00010629,0.00010826,9.557e-05,0.00010354,1936847.9719
2018-05-07,0.00010353,0.0001169,9.781e-05,0.00011621,2431874.3635
2018-05-08,0.00011621,0.00011621,0.000106,0.00011171,1561917.352
2018-05-09,0.0001119,0.0001119,0.00010501,0.00010796,1106020.9628
2018-05-10,0.00010747,0.00010902,0.00010033,0.00010131,1953420.5059
2018-05-11,0.000101,0.00010388,9.215e-05,9.897e-05,1988544.8502
2018-05-12,9.898e-05,0.00010196,9.216e-05,0.00010086,1254055.3703
2018-05-13,0.00010086,0.00010499,9.765e-05,0.00010014,1507435.675
2018-05-14,0.0001011,0.0001055,9.923e-05,0.00010099,1456808.0289
2018-05-15,0.00010001,0.00010202,9.5e-05,9.71e-05,1181098.1698
2018-05-16,9.701e-05,9.979e-05,9.253e-05,9.754e-05,921443.9679
2018-05-17,9.754e-05,9.754e-05,9.1e-05,9.179e-05,889832.9222
2018-05-18,9.107e-05,9.496e-05,8.3e-05,9.297e-05,1578189.3011
2018-05-19,9.297e-05,9.497e-05,8.74e-05,9.03e-05,631491.774
2018-05-20,9.03e-05,9.266e-05,8.661e-05,9.076e-05,586250.1215
2018-05-21,9.076e-05,9.896e-05,9.023e-05,9.526e-05,1107177.8819
2018-05-22,9.469e-05,9.784e-05,8.5e-05,8.815e-05,983791.9618
2018-05-23,8.793e-05,8.835e-05,8.15e-05,8.25e-05,1158913.3374
2018-05-24,8.25e-05,8.9e-05,7.881e-05,8.9e-05,1102967.74
2018-05-25,8.899e-05,8.987e-05,8.4e-05,8.436e-05,636081.2136
2018-05-26,8.44e-05,8.8e-05,8.41e-05,8.698e-05,446319.183
2018-05-27,8.698e-05,8.77e-05,8.402e-05,8.617e-05,431719.5137
2018-05-28,8.502e-05,8.531e-05,7.86e-05,7.915e-05,533581.3155
2018-05-29,7.909e-05,8.729e-05,7.858e-05,8.494e-05,950118.7387
2018-05-30,8.455e-05,8.7e-05,8.015e-05,8.253e-05,596792.4618
2018-05-31,8.255e-05,8.665e-05,8.001e-05,8.156e-05,740743.3804
2018-06-01,8.165e-05,8.38e-05,8e-05,8.227e-05,572008.7863
2018-06-02,8.212e-05,8.523e-05,8.062e-05,8.356e-05,566593.7851
2018-06-03,8.35e-05,8.527e-05,8.251e-05,8.35e-05,474302.5142
2018-06-04,8.295e-05,8.397e-05,7.95e-05,8.013e-05,719242.6975
2018-06-05,8.011e-05,8.154e-05,7.85e-05,8.153e-05,686220.0605
2018-06-06,8.144e-05,8.154e-05,7.851e-05,7.983e-05,366225.5826
2018-06-07,8.01e-05,8.297e-05,7.889e-05,7.979e-05,725978.8992
2018-06-08,7.979e-05,8.235e-05,7e-05,7.464e-05,933983.9946
2018-06-09,7.464e-05,7.619e-05,7.012e-05,7.112e-05,734634.9708
2018-06-10,7.112e-05,7.345e-05,6.424e-05,6.925e-05,1233315.1982
2018-06-11,6.925e-05,7.1e-05,6.267e-05,6.844e-05,854389.2587
2018-06-12,6.845e-05,7.055e-05,5.751e-05,6.034e-05,1179359.5535
2018-06-13,6.08e-05,6.164e-05,5.2e-05,5.896e-05,1376028.1651
2018-06-14,5.896e-05,7e-05,5.35e-05,6.601e-05,1162217.1593
2018-06-15,6.6e-05,6.696e-05,5.867e-05,6.13e-05,564689.6936
2018-06-16,6.127e-05,6.42e-05,5.53e-05,6.42e-05,706529.4671
2018-06-17,6.42e-05,7.156e-05,6.272e-05,6.42e-05,1124349.0681
2018-06-18,6.462e-05,6.663e-05,6.098e-05,6.49e-05,900865.1629
2018-06-19,6.451e-05,6.49e-05,6.096e-05,6.187e-05,682318.2841
2018-06-20,6.194e-05,6.238e-05,5.716e-05,6.025e-05,649696.5338
2018-06-21,6.025e-05,6.181e-05,5.5e-05,5.87e-05,683882.7887
2018-06-22,5.871e-05,5.9e-05,5.25e-05,5.409e-05,1011183.6785
2018-06-23,5.452e-05,5.621e-05,5.25e-05,5.376e-05,391269.4054
2018-06-24,5.332e-05,5.498e-05,4.741e-05,5.019e-05,657608.3456
2018-06-25,5.062e-05,5.4e-05,5e-05,5.153e-05,451228.7276
2018-06-26,5.141e-05,5.152e-05,4.752e-05,4.989e-05,571567.2406
2018-06-27,4.947e-05,4.953e-05,4.41e-05,4.678e-05,761021.7521
2018-06-28,4.641e-05,4.736e-05,4e-05,4.206e-05,860930.6884
2018-06-29,4.254e-05,4.315e-05,3.711e-05,3.951e-05,1361871.3328
2018-06-30,4.012e-05,4.346e-05,3.825e-05,3.847e-05,1062924.0111
2018-07-01,3.847e-05,4.172e-05,3.8e-05,4.172e-05,988497.9862
2018-07-02,4.172e-05,4.905e-05,4.122e-05,4.778e-05,1210886.4484
2018-07-03,4.777e-05,4.787e-05,4.292e-05,4.373e-05,757637.7244
2018-07-04,4.373e-05,4.9e-05,4.31e-05,4.673e-05,582093.1177
2018-07-05,4.625e-05,4.849e-05,4.242e-05,4.34e-05,704304.2926
2018-07-06,4.338e-05,4.579e-05,4.265e-05,4.5e-05,679840.8187
2018-07-07,4.454e-05,4.653e-05,4.301e-05,4.548e-05,412076.8938
2018-07-08,4.548e-05,4.99e-05,4.548e-05,4.839e-05,465024.8923
2018-07-09,4.84e-05,4.854e-05,4.49e-05,4.59e-05,570948.0801
2018-07-10,4.59e-05,4.59e-05,4e-05,4.182e-05,801526.4279
2018-07-11,4.17e-05,4.339e-05,4.05e-05,4.3e-05,303244.7251
2018-07-12,4.3e-05,4.358e-05,4.1e-05,4.303e-05,497652.8288
2018-07-13,4.308e-05,4.49e-05,4.222e-05,4.489e-05,680743.373
2018-07-14,4.494e-05,4.68e-05,4.229e-05,4.419e-05,390864.0043
2018-07-15,4.42e-05,4.642e-05,4.3e-05,4.578e-05,376534.3273
2018-07-16,4.616e-05,4.822e-05,4.45e-05,4.789e-05,475698.961
2018-07-17,4.801e-05,5.297e-05,4.714e-05,5.112e-05,930745.7069
2018-07-18,5.064e-05,5.3e-05,4.901e-05,5.079e-05,801832.3835
2018-07-19,5.01e-05,5.079e-05,4.659e-05,4.754e-05,633189.1856
2018-07-20,4.684e-05,4.765e-05,4e-05,4.112e-05,505579.738
2018-07-21,4.119e-05,4.334e-05,4.076e-05,4.333e-05,192411.4985
2018-07-22,4.289e-05,4.433e-05,4.153e-05,4.2e-05,247195.3082
2018-07-23,4.199e-05,4.399e-05,3.8e-05,3.9e-05,512353.6492
2018-07-24,3.831e-05,3.93e-05,3.25e-05,3.5e-05,1189051.6507
2018-07-25,3.53e-05,3.679e-05,3.403e-05,3.678e-05,411247.2279
2018-07-26,3.679e-05,3.712e-05,3.3e-05,3.557e-05,671904.3863
2018-07-27,3.5e-05,3.521e-05,3.3e-05,3.382e-05,519816.8693
2018-07-28,3.382e-05,3.545e-05,3.335e-05,3.424e-05,355737.1991
2018-07-29,3.46e-05,3.631e-05,3.319e-05,3.416e-05,381585.6866
2018-07-30,3.45e-05,3.5e-05,3.318e-05,3.399e-05,247112.8425
2018-07-31,3.364e-05,3.41e-05,2.937e-05,3.146e-05,1176046.2135
2018-08-01,3.137e-05,3.366e-05,2.963e-05,3.049e-05,735966.4047
2018-08-02,3.021e-05,3.2e-05,2.965e-05,2.98e-05,673142.6537
2018-08-03,2.98e-05,3.2e-05,2.805e-05,3.113e-05,682445.9391
2018-08-04,3.113e-05,3.197e-05,3.016e-05,3.084e-05,347034.8771
2018-08-05,3.054e-05,3.114e-05,3.006e-05,3.084e-05,395681.582
2018-08-06,3.076e-05,3.097e-05,2.868e-05,3.004e-05,616332.0172
2018-08-07,3.015e-05,3.18e-05,2.899e-05,2.959e-05,423446.2849
2018-08-08,2.999e-05,3.073e-05,2.751e-05,2.819e-05,820404.9108
2018-08-09,2.788e-05,3.066e-05,2.754e-05,2.942e-05,427297.3516
2018-08-10,2.962e-05,3.05e-05,2.908e-05,2.973e-05,386207.1387
2018-08-11,2.926e-05,2.971e-05,2.832e-05,2.904e-05,419959.366
2018-08-12,2.901e-05,2.975e-05,2.618e-05,2.737e-05,374395.7365
2018-08-13,2.737e-05,2.892e-05,2.45e-05,2.53e-05,457909.6495
2018-08-14,2.527e-05,2.623e-05,1.991e-05,2.269e-05,1110202.5826
2018-08-15,2.264e-05,2.85e-05,2.156e-05,2.602e-05,962432.2058
2018-08-16,2.596e-05,2.642e-05,2.408e-05,2.477e-05,401516.8153
2018-08-17,2.467e-05,2.799e-05,2.434e-05,2.792e-05,615903.7704
2018-08-18,2.798e-05,2.849e-05,2.611e-05,2.672e-05,400065.5295
2018-08-19,2.683e-05,2.729e-05,2.6e-05,2.729e-05,507521.3289
2018-08-20,2.729e-05,2.735e-05,2.581e-05,2.599e-05,508343.4283
2018-08-21,2.592e-05,2.747e-05,2.4e-05,2.494e-05,413408.3026
2018-08-22,2.493e-05,2.656e-05,2.3e-05,2.405e-05,572963.7455
2018-08-23,2.402e-05,2.759e-05,2.402e-05,2.7e-05,637735.1425
2018-08-24,2.7e-05,3.4e-05,2.665e-05,3.11e-05,901808.8119
2018-08-25,3.115e-05,3.151e-05,2.911e-05,3.021e-05,315269.2823
2018-08-26,3.05e-05,3.099e-05,2.75e-05,3.049e-05,357511.0468
2018-08-27,3.05e-05,3.278e-05,2.919e-05,2.973e-05,507993.7149
2018-08-28,3.02e-05,3.39e-05,2.9e-05,3.25e-05,605471.3146
2018-08-29,3.249e-05,3.289e-05,2.928e-05,3.097e-05,411414.6305
2018-08-30,3.072e-05,3.141e-05,2.834e-05,2.892e-05,448150.8715
2018-08-31,2.919e-05,2.996e-05,2.766e-05,2.946e-05,352217.3021
2018-09-01,2.947e-05,3.32e-05,2.916e-05,3.13e-05,418918.5083
2018-09-02,3.13e-05,3.32e-05,2.97e-05,3.14e-05,414582.4801
2018-09-03,3.121e-05,3.3e-05,3.05e-05,3.079e-05,425837.1015
2018-09-04,3.061e-05,3.25e-05,3.061e-05,3.17e-05,378573.9982
2018-09-05,3.193e-05,3.259e-05,2.85e-05,2.884e-05,685656.5128
2018-09-06,2.85e-05,3.075e-05,2.836e-05,2.98e-05,443051.7759
2018-09-07,2.978e-05,3.32e-05,2.95e-05,3.052e-05,451826.1418
2018-09-08,3.052e-05,3.181e-05,2.907e-05,3.001e-05,434740.0014
2018-09-09,2.999e-05,3.247e-05,2.949e-05,3.116e-05,337930.1977
2018-09-10,3.113e-05,3.399e-05,3.082e-05,3.2e-05,589103.7243
2018-09-11,3.213e-05,3.389e-05,2.935e-05,3.29e-05,500709.6317
2018-09-12,3.294e-05,3.59e-05,3.022e-05,3.363e-05,1114930.6635
2018-09-13,3.388e-05,3.799e-05,3.33e-05,3.676e-05,681387.1318
2018-09-14,3.723e-05,3.8e-05,3.4e-05,3.72e-05,495116.7593
2018-09-15,3.67e-05,3.84e-05,3.614e-05,3.711e-05,362313.8966
2018-09-16,3.713e-05,3.743e-05,3.432e-05,3.67e-05,415130.1241
2018-09-17,3.637e-05,3.9e-05,3.497e-05,3.7e-05,540806.2447
2018-09-18,3.675e-05,3.845e-05,3.43e-05,3.752e-05,482061.3278
2018-09-19,3.748e-05,4.287e-05,3.7e-05,4.275e-05,936150.0668
2018-09-20,4.267e-05,4.27e-05,3.8e-05,4.037e-05,698918.0461
2018-09-21,4.023e-05,4.299e-05,3.88e-05,4.162e-05,610089.9516
2018-09-22,4.194e-05,4.194e-05,3.812e-05,3.953e-05,616160.7795
2018-09-23,3.948e-05,3.948e-05,3.75e-05,3.803e-05,284630.4015
2018-09-24,3.799e-05,3.852e-05,3.451e-05,3.646e-05,492911.3816
2018-09-25,3.647e-05,3.825e-05,3.41e-05,3.764e-05,347429.1983
2018-09-26,3.746e-05,3.764e-05,3.615e-05,3.756e-05,241219.4877
2018-09-27,3.764e-05,3.84e-05,3.675e-05,3.76e-05,233210.3632
2018-09-28,3.767e-05,3.855e-05,3.6e-05,3.807e-05,305763.3107
2018-09-29,3.848e-05,3.854e-05,3.699e-05,3.705e-05,213635.9328
2018-09-30,3.705e-05,3.82e-05,3.6e-05,3.648e-05,204305.4889
2018-10-01,3.648e-05,3.809e-05,3.609e-05,3.726e-05,326240.6912
2018-10-02,3.649e-05,3.839e-05,3.428e-05,3.463e-05,664020.252
2018-10-03,3.463e-05,3.784e-05,3.321e-05,3.533e-05,238292.5752
2018-10-04,3.532e-05,3.671e-05,3.5e-05,3.516e-05,180528.6617
2018-10-05,3.547e-05,3.647e-05,3.451e-05,3.53e-05,181996.9484
2018-10-06,3.521e-05,3.565e-05,3.31e-05,3.48e-05,155237.5895
2018-10-07,3.499e-05,3.576e-05,3.361e-05,3.522e-05,204910.9712
2018-10-08,3.538e-05,3.579e-05,3.393e-05,3.529e-05,168994.8461
2018-10-09,3.529e-05,3.569e-05,3.22e-05,3.256e-05,345930.8516
2018-10-10,3.276e-05,3.319e-05,3.133e-05,3.203e-05,596404.0038
2018-10-11,3.205e-05,3.249e-05,2.8e-05,2.858e-05,594242.291
2018-10-12,2.858e-05,3.045e-05,2.751e-05,2.93e-05,352705.6859
2018-10-13,2.935e-05,3.045e-05,2.902e-05,2.987e-05,157154.6915
2018-10-14,3.04e-05,3.359e-05,2.91e-05,3.149e-05,522295.5466
2018-10-15,3.149e-05,3.154e-05,2.893e-05,2.925e-05,478237.3458
2018-10-16,2.949e-05,3.027e-05,2.9e-05,2.93e-05,457130.3916
2018-10-17,2.93e-05,2.969e-05,2.848e-05,2.969e-05,502715.4857
2018-10-18,2.968e-05,3.118e-05,2.933e-05,3.11e-05,529351.3337
2018-10-19,3.081e-05,3.39e-05,2.993e-05,3.242e-05,767803.0427
2018-10-20,3.266e-05,3.35e-05,3.003e-05,3.078e-05,340330.6809
2018-10-21,3.099e-05,3.19e-05,3.008e-05,3.02e-05,155556.6648
2018-10-22,3.05e-05,3.171e-05,2.995e-05,3.099e-05,437036.5668
2018-10-23,3.099e-05,3.134e-05,3e-05,3.056e-05,263988.7602
2018-10-24,3.045e-05,3.094e-05,2.968e-05,3.049e-05,249730.2555
2018-10-25,3.034e-05,3.125e-05,2.922e-05,3.006e-05,331067.8924
2018-10-26,2.971e-05,3.15e-05,2.922e-05,3.148e-05,396856.908
2018-10-27,3.147e-05,3.341e-05,3.11e-05,3.288e-05,425654.1538
2018-10-28,3.292e-05,3.339e-05,3.06e-05,3.279e-05,366180.9318
2018-10-29,3.279e-05,3.35e-05,3.125e-05,3.189e-05,423971.6393
2018-10-30,3.151e-05,3.7e-05,3.126e-05,3.643e-05,722472.6514
2018-10-31,3.695e-05,3.886e-05,3.5e-05,3.581e-05,1050543.2087
2018-11-01,3.582e-05,3.696e-05,3.399e-05,3.465e-05,596306.7817
2018-11-02,3.469e-05,3.698e-05,3.4e-05,3.669e-05,907158.6122
2018-11-03,3.667e-05,3.69e-05,3.541e-05,3.591e-05,246857.6539
2018-11-04,3.553e-05,3.62e-05,3.451e-05,3.516e-05,284614.0143
2018-11-05,3.516e-05,3.618e-05,3.466e-05,3.521e-05,253616.24
2018-11-06,3.54e-05,3.657e-05,3.521e-05,3.657e-05,301093.1805
2018-11-07,3.627e-05,3.785e-05,3.56e-05,3.617e-05,439555.1461
2018-11-08,3.613e-05,3.681e-05,3.51e-05,3.626e-05,250713.1714
2018-11-09,3.626e-05,3.795e-05,3.59e-05,3.72e-05,290603.8203
2018-11-10,3.72e-05,3.777e-05,3.522e-05,3.619e-05,258263.7346
2018-11-11,3.59e-05,3.603e-05,3.449e-05,3.49e-05,198011.7806
2018-11-12,3.49e-05,3.49e-05,3.374e-05,3.429e-05,186915.9212
2018-11-13,3.4e-05,3.421e-05,3.3e-05,3.336e-05,231287.2545
2018-11-14,3.302e-05,3.302e-05,2.597e-05,3.188e-05,1189060.2845
2018-11-15,3.103e-05,3.118e-05,2.6e-05,2.9e-05,1520713.9325
2018-11-16,2.9e-05,3.144e-05,2.803e-05,2.975e-05,424366.3676
2018-11-17,2.95e-05,2.986e-05,2.756e-05,2.861e-05,305342.9411
2018-11-18,2.819e-05,2.886e-05,2.677e-05,2.811e-05,254081.6018
2018-11-19,2.784e-05,2.808e-05,2.248e-05,2.394e-05,1395520.0457
2018-11-20,2.394e-05,2.6e-05,2.207e-05,2.521e-05,1213718.4008
2018-11-21,2.513e-05,2.798e-05,2.507e-05,2.692e-05,549743.5202
2018-11-22,2.7e-05,2.76e-05,2.658e-05,2.696e-05,273124.4347
2018-11-23,2.696e-05,2.739e-05,2.599e-05,2.697e-05,387749.8655
2018-11-24,2.729e-05,2.739e-05,2.656e-05,2.727e-05,256322.1851
2018-11-25,2.687e-05,2.739e-05,2.396e-05,2.705e-05,760074.3221
2018-11-26,2.704e-05,2.739e-05,2.554e-05,2.667e-05,405032.9407
2018-11-27,2.659e-05,2.679e-05,2.537e-05,2.615e-05,297086.7896
2018-11-28,2.603e-05,2.95e-05,2.568e-05,2.677e-05,807733.5254
2018-11-29,2.677e-05,2.9e-05,2.55e-05,2.835e-05,534073.3098
2018-11-30,2.835e-05,2.899e-05,2.602e-05,2.779e-05,399448.6599
2018-12-01,2.779e-05,2.822e-05,2e-05,2.621e-05,543875.1515
2018-12-02,2.621e-05,2.784e-05,2.607e-05,2.784e-05,220141.3633
2018-12-03,2.776e-05,2.838e-05,2.68e-05,2.73e-05,203840.2291
2018-12-04,2.703e-05,2.821e-05,2.609e-05,2.72e-05,280701.4484
2018-12-05,2.72e-05,2.741e-05,2.202e-05,2.426e-05,1067360.6899
2018-12-06,2.424e-05,2.477e-05,2e-05,2.24e-05,982628.5685
2018-12-07,2.24e-05,2.569e-05,2.1e-05,2.414e-05,1215244.3925
2018-12-08,2.39e-05,2.42e-05,2.025e-05,2.3e-05,803005.6619
2018-12-09,2.299e-05,2.325e-05,2.178e-05,2.249e-05,178822.5072
2018-12-10,2.249e-05,2.298e-05,2.074e-05,2.212e-05,529297.9068
2018-12-11,2.209e-05,2.231e-05,1.964e-05,2.05e-05,637351.8005
2018-12-12,2.05e-05,2.166e-05,1.8e-05,2.048e-05,924918.7596
2018-12-13,2.045e-05,2.117e-05,1.984e-05,2.062e-05,336938.003
2018-12-14,2.06e-05,2.191e-05,1.976e-05,2.146e-05,639951.5416
2018-12-15,2.112e-05,2.146e-05,2.021e-05,2.023e-05,328200.8877
2018-12-16,2.029e-05,2.13e-05,2.022e-05,2.042e-05,245693.9812
2018-12-17,2.045e-05,2.15e-05,2e-05,2.119e-05,474008.1494
2018-12-18,2.129e-05,2.2e-05,2.041e-05,2.136e-05,414389.6196
2018-12-19,2.103e-05,2.397e-05,2.1e-05,2.219e-05,583919.6939
2018-12-20,2.219e-05,2.419e-05,2.103e-05,2.406e-05,555339.2549
2018-12-21,2.379e-05,2.41e-05,2.202e-05,2.231e-05,464028.6645
2018-12-22,2.243e-05,2.324e-05,2.208e-05,2.301e-05,348613.2508
2018-12-23,2.301e-05,2.488e-05,2.27e-05,2.469e-05,330226.7376
2018-12-24,2.469e-05,2.682e-05,2.469e-05,2.578e-05,630584.977
2018-12-25,2.577e-05,2.642e-05,2.42e-05,2.427e-05,310569.1182
2018-12-26,2.446e-05,2.569e-05,2.355e-05,2.418e-05,304966.9075
2018-12-27,2.418e-05,2.442e-05,2.1e-05,2.104e-05,640623.6325
2018-12-28,2.123e-05,2.393e-05,2.103e-05,2.263e-05,447193.2785
2018-12-29,2.263e-05,2.394e-05,2.207e-05,2.213e-05,250764.808
2018-12-30,2.239e-05,2.45e-05,2.206e-05,2.237e-05,401199.5933
2018-12-31,2.241e-05,2.296e-05,1.9e-05,2.02e-05,1151616.9133
2019-01-01,2.002e-05,2.25e-05,2.002e-05,2.196e-05,244885.8666
2019-01-02,2.204e-05,2.277e-05,2.161e-05,2.24e-05,317954.2641
2019-01-03,2.241e-05,2.26e-05,2.05e-05,2.233e-05,385856.7925
2019-01-04,2.216e-05,2.259e-05,2.162e-05,2.164e-05,218734.8504
2019-01-05,2.173e-05,2.4e-05,2.163e-05,2.298e-05,403293.4392
2019-01-06,2.248e-05,2.299e-05,2.192e-05,2.215e-05,237342.1828
2019-01-07,2.232e-05,2.37e-05,2.212e-05,2.247e-05,296412.2806
2019-01-08,2.266e-05,3.3e-05,2.245e-05,3.171e-05,2701703.3232
2019-01-09,3.2e-05,3.914e-05,2.874e-05,2.922e-05,4463188.5516
2019-01-10,2.931e-05,2.997e-05,2.414e-05,2.526e-05,1644361.2284
2019-01-11,2.548e-05,2.564e-05,2.269e-05,2.424e-05,949461.5936
2019-01-12,2.423e-05,2.449e-05,2.282e-05,2.334e-05,333999.7802
2019-01-13,2.359e-05,2.425e-05,2.265e-05,2.278e-05,302532.9294
2019-01-14,2.293e-05,2.379e-05,2.212e-05,2.339e-05,522626.5752
2019-01-15,2.343e-05,2.486e-05,2.219e-05,2.34e-05,507533.9601
2019-01-16,2.343e-05,2.39e-05,2.281e-05,2.311e-05,210283.2252
2019-01-17,2.306e-05,2.54e-05,2.291e-05,2.42e-05,514668.3693
2019-01-18,2.42e-05,2.522e-05,2.25e-05,2.38e-05,557006.8525
2019-01-19,2.386e-05,2.45e-05,2.312e-05,2.382e-05,312135.5698
2019-01-20,2.382e-05,2.5e-05,2.255e-05,2.416e-05,363089.2796
2019-01-21,2.418e-05,2.497e-05,2.355e-05,2.474e-05,346451.0757
2019-01-22,2.465e-05,2.473e-05,2.38e-05,2.412e-05,178334.1177
2019-01-23,2.408e-05,2.45e-05,2.309e-05,2.353e-05,230821.5177
2019-01-24,2.352e-05,2.397e-05,2.22e-05,2.255e-05,609389.1711
2019-01-25,2.251e-05,2.299e-05,2.212e-05,2.218e-05,419522.694
2019-01-26,2.223e-05,2.32e-05,2.179e-05,2.192e-05,407009.6206
2019-01-27,2.192e-05,2.293e-05,2.151e-05,2.159e-05,199379.0841
2019-01-28,2.188e-05,2.225e-05,2e-05,2.156e-05,465709.656
2019-01-29,2.156e-05,2.225e-05,2.048e-05,2.097e-05,308266.0714
2019-01-30,2.097e-05,2.287e-05,2.085e-05,2.145e-05,203415.8117
2019-01-31,2.132e-05,2.21e-05,2.118e-05,2.16e-05,309217.3786
2019-02-01,2.158e-05,2.192e-05,2.118e-05,2.167e-05,198725.9122
2019-02-02,2.17e-05,2.205e-05,2.11e-05,2.126e-05,203089.335
2019-02-03,2.14e-05,2.188e-05,2.103e-05,2.181e-05,201916.4459
2019-02-04,2.16e-05,2.187e-05,1.955e-05,2.067e-05,419107.4395
2019-02-05,2.067e-05,2.102e-05,1.666e-05,2.006e-05,1082529.3674
2019-02-06,2.015e-05,2.099e-05,1.94e-05,1.957e-05,337795.9505
2019-02-07,1.982e-05,2.045e-05,1.88e-05,1.951e-05,447741.098
2019-02-08,1.939e-05,2.15e-05,1.937e-05,2.009e-05,340576.1136
2019-02-09,2.009e-05,2.08e-05,1.888e-05,1.965e-05,243254.0066
2019-02-10,1.965e-05,2.077e-05,1.931e-05,2.016e-05,285424.1198
2019-02-11,2.018e-05,2.077e-05,2e-05,2.025e-05,185988.43
2019-02-12,2.048e-05,2.119e-05,2.025e-05,2.077e-05,217954.9995
2019-02-13,2.07e-05,2.09e-05,2.046e-05,2.073e-05,118316.126
2019-02-14,2.073e-05,2.074e-05,2.005e-05,2.022e-05,126939.6659
2019-02-15,2.022e-05,2.089e-05,2.007e-05,2.062e-05,206643.7206
2019-02-16,2.062e-05,2.103e-05,2.041e-05,2.081e-05,194164.6908
2019-02-17,2.099e-05,2.183e-05,2.052e-05,2.135e-05,301628.3178
2019-02-18,2.145e-05,2.19e-05,2.093e-05,2.1e-05,126398.14565985
2019-02-19,2.1e-05,2.399e-05,1.752e-05,2.057e-05,546112.9648158
2019-02-20,2.064e-05,2.098e-05,1.956e-05,2.096e-05,129722.03600463
2019-02-21,2.097e-05,2.1e-05,1.999e-05,1.999e-05,143051.20475599
2019-02-22,2.01e-05,2.09e-05,1.99e-05,2.057e-05,183292.82812466
2019-02-23,2.085e-05,2.115e-05,2.002e-05,2.093e-05,243317.33763887
2019-02-24,2.093e-05,2.274e-05,2.066e-05,2.135e-05,266482.19590209
2019-02-25,2.183e-05,2.273e-05,2.051e-05,2.051e-05,232258.31687295
2019-02-26,2.069e-05,2.069e-05,1.979e-05,2.066e-05,292908.85022301
2019-02-27,2.066e-05,2.069e-05,1.995e-05,2.004e-05,160425.04607783
2019-02-28,2.008e-05,2.063e-05,1.97e-05,1.998e-05,333238.54319179
2019-03-01,1.998e-05,2.08e-05,1.974e-05,2.062e-05,273491.32587595
2019-03-02,2.075e-05,2.08e-05,2.005e-05,2.034e-05,125931.26779558
2019-03-03,2.047e-05,2.128e-05,2.023e-05,2.109e-05,162283.5149243
2019-03-04,2.083e-05,2.174e-05,2.072e-05,2.12e-05,160250.99952936
2019-03-05,2.099e-05,2.999e-05,2.072e-05,2.222e-05,572490.47625604
2019-03-06,2.26e-05,2.28e-05,2.06e-05,2.187e-05,302341.06200805
2019-03-07,2.165e-05,2.742e-05,2.08e-05,2.246e-05,614811.73968166
2019-03-08,2.243e-05,2.358e-05,2.163e-05,2.33e-05,496422.83165744
2019-03-09,2.329e-05,2.357e-05,2.171e-05,2.262e-05,303123.05446099
2019-03-10,2.243e-05,2.324e-05,2.211e-05,2.3e-05,156316.71899355
2019-03-11,2.281e-05,2.445e-05,2.237e-05,2.359e-05,533100.16275134
2019-03-12,2.351e-05,2.359e-05,2.214e-05,2.307e-05,355346.13895068
2019-03-13,2.294e-05,2.349e-05,2.201e-05,2.23e-05,355638.91045544
2019-03-14,2.229e-05,2.379e-05,2.204e-05,2.366e-05,435900.89057945
2019-03-15,2.365e-05,2.488e-05,2.34e-05,2.356e-05,226614.42474854
2019-03-16,2.381e-05,2.47e-05,2.276e-05,2.318e-05,141648.65823974
2019-03-17,2.338e-05,2.338e-05,2.223e-05,2.255e-05,123208.01772385
2019-03-18,2.239e-05,2.305e-05,2.21e-05,2.287e-05,160839.41817709
2019-03-19,2.294e-05,2.294e-05,2.152e-05,2.161e-05,408698.35969601
2019-03-20,2.179e-05,2.218e-05,2.05e-05,2.218e-05,371295.88714042
2019-03-21,2.218e-05,2.313e-05,2.111e-05,2.297e-05,385303.61232615
2019-03-22,2.273e-05,2.318e-05,2.232e-05,2.297e-05,242227.76728311
2019-03-23,2.297e-05,2.299e-05,2.236e-05,2.272e-05,245802.91755536
2019-03-24,2.272e-05,2.282e-05,2.15e-05,2.179e-05,272210.42557256
2019-03-25,2.178e-05,2.217e-05,2.117e-05,2.162e-05,394788.03526003
2019-03-26,2.15e-05,2.397e-05,2.137e-05,2.359e-05,528619.88756171
2019-03-27,2.36e-05,2.6e-05,2.31e-05,2.4e-05,1116200.89667751
2019-03-28,2.401e-05,2.499e-05,2.321e-05,2.37e-05,455914.04392983
2019-03-29,2.37e-05,2.414e-05,2.245e-05,2.324e-05,472491.35406739
2019-03-30,2.324e-05,2.389e-05,2.291e-05,2.387e-05,275591.46639351
2019-03-31,2.386e-05,2.447e-05,2.334e-05,2.399e-05,275601.58375647
2019-04-01,2.401e-05,2.472e-05,2.25e-05,2.304e-05,586653.57985698
2019-04-02,2.3e-05,2.405e-05,2.052e-05,2.089e-05,725434.38841116
2019-04-03,2.119e-05,2.388e-05,2.05e-05,2.226e-05,1157252.80930339
2019-04-04,2.202e-05,2.283e-05,2.065e-05,2.206e-05,769382.54841402
2019-04-05,2.2e-05,2.396e-05,2.182e-05,2.225e-05,603782.76089107
2019-04-06,2.225e-05,2.338e-05,2.204e-05,2.338e-05,296565.51883094
2019-04-07,2.329e-05,2.443e-05,2.329e-05,2.411e-05,590174.55690887
2019-04-08,2.417e-05,2.468e-05,2.209e-05,2.27e-05,793229.10067527
2019-04-09,2.27e-05,2.4e-05,2.085e-05,2.259e-05,777966.2121041
2019-04-10,2.253e-05,2.379e-05,2.209e-05,2.23e-05,312389.18662358
2019-04-11,2.23e-05,2.23e-05,2.1e-05,2.162e-05,431422.31238632
2019-04-12,2.151e-05,2.225e-05,2.143e-05,2.176e-05,174166.56128806
2019-04-13,2.17e-05,2.269e-05,2.17e-05,2.178e-05,177188.89724323
2019-04-14,2.189e-05,2.249e-05,2.178e-05,2.234e-05,204258.28666173
2019-04-15,2.23e-05,2.272e-05,2.15e-05,2.193e-05,418566.77412529
2019-04-16,2.189e-05,2.214e-05,2.118e-05,2.153e-05,285291.28800512
2019-04-17,2.158e-05,2.197e-05,2.135e-05,2.176e-05,121689.12098109
2019-04-18,2.176e-05,2.2e-05,2.12e-05,2.171e-05,157723.67112235
2019-04-19,2.171e-05,2.182e-05,2.123e-05,2.123e-05,205835.33078485
2019-04-20,2.129e-05,2.153e-05,2.102e-05,2.111e-05,202361.73151755
2019-04-21,2.111e-05,2.14e-05,2.047e-05,2.07e-05,232318.97564886
2019-04-22,2.072e-05,2.074e-05,1.956e-05,1.973e-05,341287.96257616
2019-04-23,1.98e-05,1.997e-05,1.921e-05,1.938e-05,402296.66085311
2019-04-24,1.936e-05,1.964e-05,1.812e-05,1.871e-05,927048.82704364
2019-04-25,1.87e-05,1.884e-05,1.744e-05,1.747e-05,760572.34695093
2019-04-26,1.763e-05,1.872e-05,1.7e-05,1.845e-05,953430.94715162
2019-04-27,1.845e-05,1.885e-05,1.755e-05,1.876e-05,880992.3428
2019-04-28,1.88e-05,1.974e-05,1.849e-05,1.903e-05,934916.26687735
2019-04-29,1.901e-05,1.927e-05,1.812e-05,1.828e-05,801315.0999347
2019-04-30,1.832e-05,1.918e-05,1.827e-05,1.909e-05,633104.39576359
2019-05-01,1.915e-05,1.946e-05,1.861e-05,1.907e-05,840443.55807034
2019-05-02,1.906e-05,1.931e-05,1.86e-05,1.894e-05,553565.959599
2019-05-03,1.898e-05,1.913e-05,1.675e-05,1.751e-05,1112618.58955992
2019-05-04,1.742e-05,1.795e-05,1.685e-05,1.71e-05,986522.70825141
2019-05-05,1.701e-05,1.711e-05,1.687e-05,1.71e-05,808427.61343451
2019-05-06,1.708e-05,1.736e-05,1.601e-05,1.634e-05,992866.88489573
2019-05-07,1.627e-05,1.655e-05,1.547e-05,1.576e-05,1008987.72899459
2019-05-08,1.583e-05,1.625e-05,1.548e-05,1.594e-05,858858.79723242
2019-05-09,1.594e-05,1.63e-05,1.46e-05,1.481e-05,1162281.37498227
2019-05-10,1.47e-05,1.642e-05,1.357e-05,1.441e-05,1395688.33325336
2019-05-11,1.447e-05,1.471e-05,1.334e-05,1.403e-05,1297805.96118339
2019-05-12,1.401e-05,1.467e-05,1.263e-05,1.304e-05,923586.85302632
2019-05-13,1.311e-05,1.325e-05,9.9e-06,1.136e-05,979457.49961384
2019-05-14,1.109e-05,1.245e-05,1.077e-05,1.145e-05,1124229.1837137
2019-05-15,1.141e-05,1.189e-05,1.082e-05,1.148e-05,1462467.69012977
2019-05-16,1.162e-05,1.279e-05,1.15e-05,1.256e-05,1388575.42088465
2019-05-17,1.256e-05,1.298e-05,1.151e-05,1.168e-05,1019490.02771667
2019-05-18,1.168e-05,1.24e-05,9.47e-06,1.203e-05,962259.0219582
2019-05-19,1.208e-05,1.208e-05,1.059e-05,1.065e-05,631199.65210864
2019-05-20,1.065e-05,1.179e-05,1.05e-05,1.1e-05,898503.88443107
2019-05-21,1.109e-05,1.14e-05,1.015e-05,1.036e-05,1052343.88574831
2019-05-22,1.035e-05,1.092e-05,1.019e-05,1.066e-05,1367948.83915765
2019-05-23,1.068e-05,1.1e-05,1.044e-05,1.088e-05,720402.29901021
2019-05-24,1.085e-05,1.1e-05,9.8e-06,9.85e-06,756202.75489157
2019-05-25,9.86e-06,1.06e-05,9.76e-06,1.049e-05,557386.42981599
2019-05-26,1.041e-05,1.19e-05,9.97e-06,1.002e-05,889394.22077344
2019-05-27,9.99e-06,1e-05,8.85e-06,9.46e-06,919376.965439
2019-05-28,9.34e-06,1e-05,8.8e-06,9.01e-06,1001329.0853504
2019-05-29,9.09e-06,1.016e-05,8.87e-06,9.34e-06,643145.69354726
2019-05-30,9.44e-06,1e-05,9.15e-06,9.39e-06,828690.61944808
2019-05-31,9.44e-06,9.71e-06,9.18e-06,9.3e-06,591822.17432123
2019-06-01,9.25e-06,1.006e-05,9.25e-06,9.93e-06,656104.19684737
2019-06-02,9.99e-06,1.065e-05,9.65e-06,9.99e-06,605147.11839116
2019-06-03,9.97e-06,1.093e-05,9.94e-06,1.046e-05,823307.02143244
2019-06-04,1.05e-05,1.067e-05,9.86e-06,1.024e-05,521134.23884371
2019-06-05,1.028e-05,1.036e-05,9.85e-06,1.009e-05,705117.08234333
2019-06-06,1.014e-05,1.016e-05,9.95e-06,1.015e-05,554186.6393796
2019-06-07,1.007e-05,1.1e-05,9.81e-06,1.049e-05,1049174.48561998
2019-06-08,1.048e-05,1.098e-05,1.016e-05,1.04e-05,498494.55798441
2019-06-09,1.038e-05,1.086e-05,1.016e-05,1.045e-05,419594.83891771
2019-06-10,1.044e-05,1.06e-05,1.006e-05,1.02e-05,552995.57496399
2019-06-11,1.022e-05,1.06e-05,9.5e-06,1.006e-05,888262.64635772
2019-06-12,1.005e-05,1.02e-05,9.57e-06,1.015e-05,599060.19334121
2019-06-13,1.008e-05,1.039e-05,1.003e-05,1.024e-05,530811.67611576
2019-06-14,1.033e-05,1.033e-05,1.001e-05,1.005e-05,330526.726144
2019-06-15,1.01e-05,1.039e-05,9.06e-06,9.44e-06,706558.40174155
2019-06-16,9.42e-06,9.51e-06,5.84e-06,8.84e-06,1241559.00009309
2019-06-17,8.92e-06,9.17e-06,8.52e-06,8.57e-06,596418.42862909
2019-06-18,8.66e-06,9.09e-06,8.5e-06,8.91e-06,541541.47964447
2019-06-19,8.91e-06,9.17e-06,8.67e-06,9.06e-06,376894.76163747
2019-06-20,9.09e-06,9.27e-06,8.51e-06,8.55e-06,456637.14101208
2019-06-21,8.55e-06,8.85e-06,7.8e-06,7.89e-06,526565.39481762
2019-06-22,7.85e-06,8e-06,5.82e-06,6.99e-06,1931240.89971839
2019-06-23,6.99e-06,7.33e-06,6.55e-06,7.05e-06,815225.52254189
2019-06-24,7.05e-06,7.18e-06,6.37e-06,6.59e-06,479676.3151645
2019-06-25,6.59e-06,6.61e-06,6.03e-06,6.12e-06,622321.34042787
2019-06-26,6.05e-06,6.22e-06,5.15e-06,5.42e-06,814229.11387525
2019-06-27,5.4e-06,6.31e-06,5.31e-06,6.1e-06,1046544.97517797
2019-06-28,6.12e-06,6.98e-06,6.1e-06,6.89e-06,1060460.20812821
2019-06-29,6.93e-06,7.79e-06,6.93e-06,7.69e-06,1109696.79344833
2019-06-30,7.66e-06,8.38e-06,7.22e-06,8.21e-06,935165.27599589
2019-07-01,8.19e-06,1.009e-05,7.77e-06,8.08e-06,2522867.24151784
2019-07-02,8.05e-06,9e-06,7.2e-06,7.92e-06,2105869.40505719
2019-07-03,7.95e-06,8.45e-06,7.32e-06,7.37e-06,1203082.09678947
2019-07-04,7.33e-06,7.54e-06,7.02e-06,7.07e-06,815205.70082502
2019-07-05,7.07e-06,7.37e-06,6.92e-06,7.1e-06,892071.78256084
2019-07-06,7.06e-06,7.43e-06,7e-06,7.24e-06,566367.95711234
2019-07-07,7.23e-06,7.77e-06,6.95e-06,7.27e-06,620294.33007043
2019-07-08,7.24e-06,9.32e-06,7.01e-06,7.49e-06,2048998.613775
2019-07-09,7.53e-06,7.67e-06,6.57e-06,6.72e-06,918516.2820933
2019-07-10,6.72e-06,7.95e-06,5.8e-06,7.37e-06,1223824.43894128
2019-07-11,7.37e-06,7.94e-06,6.86e-06,7.08e-06,994968.06417017
2019-07-12,7.11e-06,7.28e-06,6.7e-06,6.87e-06,904004.57993392
2019-07-13,6.86e-06,7.21e-06,6.35e-06,7.13e-06,1078484.34712773
2019-07-14,7.15e-06,7.15e-06,6.66e-06,6.94e-06,525399.39260593
2019-07-15,6.95e-06,7.08e-06,6.64e-06,6.78e-06,635862.66749281
2019-07-16,6.78e-06,8.29e-06,6.68e-06,7.98e-06,718833.94723576
2019-07-17,7.98e-06,8.23e-06,7.61e-06,7.71e-06,910968.48795001
2019-07-18,7.71e-06,7.81e-06,7.57e-06,7.64e-06,451145.30639903
2019-07-19,7.63e-06,8.11e-06,7.4e-06,7.55e-06,427883.39478074
2019-07-20,7.51e-06,7.81e-06,7.35e-06,7.64e-06,500628.00208283
2019-07-21,7.64e-06,8.11e-06,7.53e-06,8.07e-06,762078.2311586
2019-07-22,8.07e-06,8.24e-06,7.82e-06,8.04e-06,420074.96704793
2019-07-23,8.04e-06,8.38e-06,7.99e-06,8.32e-06,437326.09425432
2019-07-24,8.32e-06,8.99e-06,8.29e-06,8.68e-06,580351.33483901
2019-07-25,8.72e-06,1.099e-05,8.65e-06,1.014e-05,1104959.26337363
2019-07-26,1.012e-05,1.012e-05,9.47e-06,9.68e-06,552562.44115111
2019-07-27,9.64e-06,9.64e-06,9.01e-06,9.34e-06,370384.62767413
2019-07-28,9.36e-06,9.79e-06,9.23e-06,9.78e-06,488040.80390154
2019-07-29,9.79e-06,1.045e-05,9.17e-06,9.42e-06,866061.70467971
2019-07-30,9.44e-06,9.72e-06,9.16e-06,9.46e-06,643684.94553155
2019-07-31,9.52e-06,1.057e-05,9.5e-06,1.021e-05,892601.91979825
2019-08-01,1.022e-05,1.15e-05,7.48e-06,7.92e-06,3490330.3139616
2019-08-02,7.92e-06,8.05e-06,7.01e-06,7.4e-06,1563592.77290332
2019-08-03,7.38e-06,7.74e-06,7.17e-06,7.3e-06,580060.30188993
2019-08-04,7.3e-06,7.36e-06,6.26e-06,6.36e-06,814779.17702212
2019-08-05,6.34e-06,6.73e-06,6e-06,6.28e-06,811362.70684991
2019-08-06,6.28e-06,6.79e-06,5.27e-06,6.63e-06,1282417.79440616
2019-08-07,6.61e-06,6.99e-06,6.03e-06,6.3e-06,710015.19611563
2019-08-08,6.3e-06,6.38e-06,6.1e-06,6.34e-06,544492.59767572
2019-08-09,6.31e-06,6.33e-06,5.67e-06,5.82e-06,553696.49455875
2019-08-10,5.8e-06,5.95e-06,5.39e-06,5.42e-06,1014641.65562939
2019-08-11,5.43e-06,5.69e-06,5.39e-06,5.55e-06,633466.0778064
2019-08-12,5.53e-06,5.78e-06,5.2e-06,5.52e-06,804518.86314678
2019-08-13,5.5e-06,5.58e-06,5.41e-06,5.49e-06,415163.58085348
2019-08-14,5.48e-06,5.57e-06,5.31e-06,5.41e-06,615503.29247217
2019-08-15,5.41e-06,5.49e-06,5.13e-06,5.33e-06,854634.71760414
2019-08-16,5.33e-06,5.34e-06,4.85e-06,4.96e-06,746011.95833876
2019-08-17,4.94e-06,5.01e-06,4.71e-06,4.95e-06,542553.97041998
2019-08-18,4.92e-06,5.16e-06,4.89e-06,5.13e-06,407960.75425267
2019-08-19,5.14e-06,5.31e-06,4.89e-06,4.92e-06,739260.28292095
2019-08-20,4.93e-06,5.11e-06,4.64e-06,4.84e-06,502280.68210642
2019-08-21,4.86e-06,5.33e-06,4.74e-06,5.17e-06,413792.35225573
2019-08-22,5.17e-06,5.45e-06,5.12e-06,5.26e-06,247416.30560603
2019-08-23,5.27e-06,5.37e-06,4.98e-06,5.02e-06,391576.17032563
2019-08-24,5.02e-06,5.08e-06,4.81e-06,4.99e-06,558421.48738299
2019-08-25,5.01e-06,5.27e-06,4.99e-06,5.09e-06,512907.7602
2019-08-26,5.08e-06,5.19e-06,4.9e-06,5.08e-06,317584.3632
2019-08-27,5.08e-06,5.38e-06,5.08e-06,5.22e-06,383805.74176406
2019-08-28,5.22e-06,5.24e-06,4.54e-06,4.79e-06,590609.74759052
2019-08-29,4.76e-06,4.98e-06,4.63e-06,4.77e-06,363520.8227502
2019-08-30,4.76e-06,4.93e-06,4.74e-06,4.79e-06,215797.3132
2019-08-31,4.8e-06,4.91e-06,4.74e-06,4.91e-06,165691.6677
2019-09-01,4.89e-06,5.19e-06,4.89e-06,5.04e-06,238665.90898561
2019-09-02,5.03e-06,5.21e-06,4.92e-06,5.19e-06,269195.79705947
2019-09-03,5.18e-06,5.18e-06,4.97e-06,5.06e-06,207499.69900793
2019-09-04,5.03e-06,5.14e-06,4.95e-06,5e-06,105838.687
2019-09-05,5.01e-06,5.03e-06,4.65e-06,4.68e-06,501930.27308991
2019-09-06,4.68e-06,4.68e-06,4.47e-06,4.5e-06,392513.05137579
2019-09-07,4.5e-06,4.6e-06,4.05e-06,4.46e-06,492350.82332959
2019-09-08,4.45e-06,4.5e-06,4.12e-06,4.27e-06,638783.29930053
2019-09-09,4.27e-06,4.42e-06,4.2e-06,4.2e-06,290315.21882469
2019-09-10,4.24e-06,4.28e-06,4e-06,4.16e-06,329950.23653341
2019-09-11,4.15e-06,4.33e-06,4.03e-06,4.15e-06,275925.07161224
2019-09-12,4.11e-06,4.34e-06,4e-06,4.06e-06,373108.70101184
2019-09-13,4.06e-06,4.3e-06,3.93e-06,4.04e-06,292793.16291768
2019-09-14,4.04e-06,4.12e-06,3.88e-06,4.05e-06,192044.89002109
2019-09-15,4.05e-06,4.1e-06,3.82e-06,3.91e-06,246393.78420737
2019-09-16,3.94e-06,4.32e-06,3.94e-06,4.07e-06,231133.86617925
2019-09-17,4.07e-06,4.21e-06,3.91e-06,4e-06,275023.69983892
2019-09-18,3.98e-06,4.19e-06,3.95e-06,4.17e-06,219099.68796286
2019-09-19,4.15e-06,4.22e-06,3.99e-06,4.12e-06,593782.668655
2019-09-20,4.12e-06,4.18e-06,4.02e-06,4.05e-06,350036.29593941
2019-09-21,4.05e-06,4.14e-06,4.03e-06,4.12e-06,244758.824687
2019-09-22,4.12e-06,4.13e-06,4e-06,4.06e-06,273401.97325478
2019-09-23,4.06e-06,4.15e-06,3.86e-06,3.93e-06,404041.50978059
2019-09-24,3.94e-06,4.16e-06,3.37e-06,3.69e-06,735998.93715529
2019-09-25,3.68e-06,3.79e-06,3.45e-06,3.63e-06,612806.44835806
2019-09-26,3.64e-06,3.8e-06,3.45e-06,3.68e-06,336880.26005002
2019-09-27,3.69e-06,3.99e-06,3.65e-06,3.79e-06,401490.76639769
2019-09-28,3.8e-06,3.91e-06,3.75e-06,3.84e-06,278181.76715842
2019-09-29,3.84e-06,4.1e-06,3.81e-06,3.94e-06,81107.59922564
2019-09-30,3.94e-06,4.43e-06,3.93e-06,4.26e-06,224320.84440422
2019-10-01,4.27e-06,4.49e-06,4.01e-06,4.4e-06,263669.29240216
2019-10-02,4.4e-06,4.5e-06,4.21e-06,4.45e-06,101833.7415223
2019-10-03,4.45e-06,5.38e-06,4.43e-06,5.11e-06,609756.24347316
2019-10-04,5.13e-06,5.71e-06,4.86e-06,5.19e-06,525741.01918659
2019-10-05,5.21e-06,5.51e-06,5.04e-06,5.27e-06,151523.52243747
2019-10-06,5.31e-06,5.32e-06,4.35e-06,4.51e-06,450037.78115179
2019-10-07,4.56e-06,4.99e-06,4.3e-06,4.51e-06,581066.97564866
2019-10-08,4.51e-06,4.65e-06,3.93e-06,4.51e-06,990106.35286971
2019-10-09,4.51e-06,4.66e-06,4.16e-06,4.23e-06,309058.91125047
2019-10-10,4.22e-06,4.23e-06,4e-06,4.02e-06,295718.90872198
2019-10-11,4.02e-06,4.15e-06,3.49e-06,3.76e-06,695420.71309864
2019-10-12,3.74e-06,4.18e-06,3.61e-06,3.92e-06,398681.36326559
2019-10-13,3.93e-06,4.39e-06,3.6e-06,4.07e-06,536360.80042067
2019-10-14,4.04e-06,5.74e-06,3.76e-06,4.35e-06,1501466.48942147
2019-10-15,4.35e-06,5.37e-06,4.28e-06,4.35e-06,687991.3793
2019-10-16,4.35e-06,4.78e-06,4.27e-06,4.61e-06,317150.9437776
2019-10-17,4.61e-06,5.49e-06,4.41e-06,4.45e-06,865300.54067937
2019-10-18,4.45e-06,5e-06,4.37e-06,4.88e-06,614569.70141584
2019-10-19,4.88e-06,4.92e-06,4.5e-06,4.57e-06,153343.83384472
2019-10-20,4.57e-06,4.66e-06,4.32e-06,4.38e-06,352380.77985772
2019-10-21,4.35e-06,4.56e-06,3.95e-06,4.26e-06,313462.28805219
2019-10-22,4.25e-06,4.47e-06,4.09e-06,4.29e-06,293473.04973355
2019-10-23,4.29e-06,4.29e-06,3.94e-06,4.25e-06,301312.22334481
2019-10-24,4.26e-06,4.31e-06,3.98e-06,4.22e-06,215811.1558
2019-10-25,4.2e-06,4.29e-06,3.8e-06,3.89e-06,310680.16073296
2019-10-26,3.89e-06,4.99e-06,3.21e-06,3.87e-06,874792.30635917
2019-10-27,3.89e-06,3.92e-06,3.36e-06,3.52e-06,659418.75645645
2019-10-28,3.5e-06,3.84e-06,3.1e-06,3.77e-06,526407.98064276
2019-10-29,3.78e-06,4.8e-06,3.71e-06,3.86e-06,994502.93069317
2019-10-30,3.86e-06,4.18e-06,3.86e-06,4.12e-06,193866.75741167
2019-10-31,4.08e-06,4.17e-06,3.7e-06,4.1e-06,272342.51825449
2019-11-01,4.07e-06,4.18e-06,3.78e-06,3.96e-06,316052.27541312
2019-11-02,3.96e-06,4.07e-06,3.68e-06,3.89e-06,266963.1953
2019-11-03,3.87e-06,4.07e-06,3.84e-06,4.02e-06,132490.9957
2019-11-04,4.03e-06,4.1e-06,3.93e-06,3.98e-06,197876.78245376
2019-11-05,3.95e-06,4.02e-06,3.65e-06,3.81e-06,375984.84851503
2019-11-06,3.77e-06,3.85e-06,3.63e-06,3.71e-06,200208.0950742
2019-11-07,3.71e-06,3.9e-06,3.36e-06,3.58e-06,503480.2301581
2019-11-08,3.6e-06,4.04e-06,3.5e-06,3.64e-06,543127.8923
2019-11-09,3.63e-06,3.81e-06,3.48e-06,3.6e-06,410013.11720323
2019-11-10,3.6e-06,3.8e-06,3.54e-06,3.57e-06,112331.02050011
2019-11-11,3.57e-06,3.95e-06,3.53e-06,3.78e-06,173978.50427345
2019-11-12,3.79e-06,4.2e-06,3.7e-06,3.84e-06,396838.08228187
2019-11-13,3.84e-06,3.88e-06,3.5e-06,3.66e-06,608367.98694706
2019-11-14,3.68e-06,3.89e-06,3.56e-06,3.59e-06,398501.51495681
2019-11-15,3.63e-06,3.96e-06,3.57e-06,3.68e-06,539010.62073341
2019-11-16,3.66e-06,3.95e-06,3.53e-06,3.85e-06,279708.97182859
2019-11-17,3.85e-06,4e-06,3.7e-06,3.83e-06,309068.19671983
2019-11-18,3.8e-06,3.99e-06,3.61e-06,3.75e-06,1005368.26966083
2019-11-19,3.75e-06,3.82e-06,3.6e-06,3.73e-06,441710.01854105
2019-11-20,3.74e-06,4.25e-06,3.68e-06,3.79e-06,859221.43520799
2019-11-21,3.81e-06,4.1e-06,3.68e-06,3.76e-06,877918.27498219
2019-11-22,3.73e-06,4.21e-06,3.73e-06,4.02e-06,873435.88293373
2019-11-23,4e-06,4.41e-06,3.85e-06,3.9e-06,458747.05440086
2019-11-24,3.89e-06,4e-06,3.82e-06,3.92e-06,268828.49049699
2019-11-25,3.89e-06,4.04e-06,3.8e-06,3.86e-06,465356.28677264
2019-11-26,3.87e-06,3.92e-06,3.73e-06,3.85e-06,388018.58040898
2019-11-27,3.82e-06,3.99e-06,3.73e-06,3.83e-06,342232.56914142
2019-11-28,3.8e-06,3.95e-06,3.79e-06,3.87e-06,184799.84640302
2019-11-29,3.87e-06,4e-06,3.86e-06,3.92e-06,166345.61633013
2019-11-30,3.92e-06,4.39e-06,3.86e-06,3.99e-06,747629.18022024
2019-12-01,3.99e-06,4.21e-06,3.96e-06,4.12e-06,258598.4917
2019-12-02,4.14e-06,4.21e-06,3.85e-06,3.9e-06,785457.60361283
2019-12-03,3.87e-06,4.48e-06,3.85e-06,4e-06,587818.24862178
2019-12-04,4e-06,4.14e-06,3.86e-06,4.06e-06,516068.28937667
2019-12-05,4.05e-06,4.09e-06,3.86e-06,3.87e-06,233640.89846195
2019-12-06,3.87e-06,4.3e-06,3.71e-06,3.8e-06,718719.69483618
2019-12-07,3.83e-06,4.22e-06,3.8e-06,3.95e-06,335424.21255817
2019-12-08,3.96e-06,4.13e-06,3.71e-06,3.94e-06,784829.49656536
2019-12-09,3.94e-06,3.94e-06,3.73e-06,3.78e-06,327494.66647547
2019-12-10,3.78e-06,4.01e-06,3.71e-06,3.82e-06,431208.7028401
2019-12-11,3.84e-06,3.92e-06,3.73e-06,3.8e-06,159012.10896545
2019-12-12,3.78e-06,3.94e-06,3.76e-06,3.83e-06,109588.70698282
2019-12-13,3.84e-06,3.95e-06,3.77e-06,3.89e-06,203681.51875498
2019-12-14,3.88e-06,3.9e-06,3.81e-06,3.85e-06,84107.49797377
2019-12-15,3.85e-06,3.99e-06,3.78e-06,3.95e-06,303780.1525961
2019-12-16,3.98e-06,3.99e-06,3.76e-06,3.83e-06,224195.55609986
2019-12-17,3.82e-06,3.97e-06,3.54e-06,3.55e-06,795301.50091588
2019-12-18,3.54e-06,3.95e-06,3.51e-06,3.67e-06,650282.96403544
2019-12-19,3.68e-06,3.97e-06,3.64e-06,3.75e-06,346562.81337989
2019-12-20,3.75e-06,3.79e-06,3.61e-06,3.77e-06,165354.0869233
2019-12-21,3.76e-06,3.82e-06,3.66e-06,3.7e-06,155482.7381
2019-12-22,3.72e-06,3.91e-06,3.71e-06,3.82e-06,177035.18743814
2019-12-23,3.83e-06,4.03e-06,3.66e-06,3.69e-06,687378.27367089
2019-12-24,3.69e-06,3.83e-06,3.69e-06,3.78e-06,62735.11098969
2019-12-25,3.77e-06,3.81e-06,3.76e-06,3.81e-06,59429.757495
2019-12-26,3.79e-06,3.81e-06,3.6e-06,3.61e-06,267993.12009489
2019-12-27,3.61e-06,3.84e-06,3.61e-06,3.75e-06,142301.95990236
2019-12-28,3.78e-06,4.16e-06,3.67e-06,3.87e-06,607416.54574915
2019-12-29,3.84e-06,3.95e-06,3.75e-06,3.86e-06,349226.43489828
2019-12-30,3.83e-06,3.99e-06,3.41e-06,3.75e-06,1606761.00940079
2019-12-31,3.73e-06,3.79e-06,3.53e-06,3.67e-06,277020.33829721
2020-01-01,3.67e-06,3.99e-06,3.59e-06,3.81e-06,574684.8379
2020-01-02,3.81e-06,3.97e-06,3.75e-06,3.97e-06,548676.07561577
2020-01-03,3.94e-06,4.06e-06,3.9e-06,4.03e-06,270333.06924841
2020-01-04,4.05e-06,4.1e-06,3.93e-06,4.07e-06,505878.77405864
2020-01-05,4.06e-06,4.14e-06,3.94e-06,4e-06,185015.10224411
2020-01-06,4.01e-06,4.49e-06,3.95e-06,4.45e-06,794682.25602545
2020-01-07,4.46e-06,5.52e-06,4.32e-06,5.43e-06,2715051.50309387
2020-01-08,5.41e-06,5.45e-06,4.14e-06,4.61e-06,2096801.62532135
2020-01-09,4.64e-06,4.93e-06,4.46e-06,4.58e-06,651762.03579619
2020-01-10,4.58e-06,4.95e-06,4.5e-06,4.69e-06,291614.40602757
2020-01-11,4.68e-06,5.19e-06,4.65e-06,5.11e-06,724216.75912153
2020-01-12,5.11e-06,5.55e-06,5.04e-06,5.45e-06,453728.86895666
2020-01-13,5.46e-06,5.46e-06,5.07e-06,5.08e-06,519463.71942152
2020-01-14,5.08e-06,6e-06,4.6e-06,5.94e-06,1869858.59072801
2020-01-15,5.94e-06,6.18e-06,5.46e-06,5.7e-06,1129981.67398642
2020-01-16,5.72e-06,5.79e-06,5.24e-06,5.31e-06,571153.23218999
2020-01-17,5.29e-06,5.91e-06,5.06e-06,5.1e-06,644435.8926996
2020-01-18,5.09e-06,5.17e-06,4.68e-06,4.79e-06,391984.3718273
2020-01-19,4.8e-06,5.18e-06,4.5e-06,4.97e-06,717175.34932968
2020-01-20,4.97e-06,5.04e-06,4.69e-06,4.76e-06,180192.49145393
2020-01-21,4.74e-06,5.08e-06,4.26e-06,4.7e-06,649411.75110131
2020-01-22,4.67e-06,5.16e-06,4.22e-06,4.49e-06,1025596.0251832
2020-01-23,4.49e-06,4.61e-06,4.15e-06,4.33e-06,479366.9197
2020-01-24,4.34e-06,4.4e-06,4.15e-06,4.28e-06,285079.40132885
2020-01-25,4.28e-06,4.49e-06,4.11e-06,4.3e-06,510901.94974025
2020-01-26,4.32e-06,4.35e-06,4.05e-06,4.14e-06,708238.26323627
2020-01-27,4.14e-06,4.3e-06,3.97e-06,4.08e-06,229574.35022494
2020-01-28,4.08e-06,4.75e-06,3.92e-06,4.23e-06,614933.10397513
2020-01-29,4.22e-06,4.55e-06,4.08e-06,4.4e-06,781807.91120678
2020-01-30,4.38e-06,4.48e-06,3.99e-06,4.28e-06,795494.01165591
2020-01-31,4.28e-06,4.59e-06,4.07e-06,4.51e-06,611018.97108905
2020-02-01,4.53e-06,4.88e-06,4.27e-06,4.55e-06,553920.12696098
2020-02-02,4.53e-06,4.6e-06,4.24e-06,4.38e-06,523000.09479982
2020-02-03,4.38e-06,4.47e-06,4.13e-06,4.18e-06,650736.40631403
2020-02-04,4.17e-06,4.47e-06,4.16e-06,4.42e-06,362243.77950392
2020-02-05,4.4e-06,4.48e-06,4e-06,4.19e-06,968276.49919842
2020-02-06,4.19e-06,4.41e-06,3.99e-06,4.27e-06,548616.10526221
2020-02-07,4.25e-06,4.42e-06,4.1e-06,4.16e-06,635869.50232502
2020-02-08,4.15e-06,4.37e-06,4e-06,4.29e-06,669900.80255749
2020-02-09,4.28e-06,4.32e-06,4.05e-06,4.17e-06,697260.23089478
2020-02-10,4.18e-06,4.3e-06,4.05e-06,4.2e-06,491540.7929268
2020-02-11,4.2e-06,4.32e-06,4e-06,4.17e-06,577602.80770309
2020-02-12,4.17e-06,4.59e-06,4.13e-06,4.43e-06,746677.88632707
2020-02-13,4.42e-06,4.62e-06,4.26e-06,4.46e-06,670593.45851329
2020-02-14,4.46e-06,4.65e-06,4.35e-06,4.6e-06,353691.95032324
2020-02-15,4.57e-06,4.88e-06,4.43e-06,4.67e-06,523665.15737854
2020-02-16,4.67e-06,5.11e-06,4.35e-06,4.67e-06,965175.90342519
2020-02-17,4.67e-06,5.32e-06,4.52e-06,5.19e-06,634085.66229543
2020-02-18,5.2e-06,5.45e-06,4.79e-06,4.88e-06,747351.7141442
2020-02-19,4.88e-06,5.6e-06,4.88e-06,5.15e-06,792692.05749154
2020-02-20,5.15e-06,5.88e-06,5.01e-06,5.6e-06,803332.86892455
2020-02-21,5.59e-06,6.31e-06,5.36e-06,6.05e-06,1094947.707336
2020-02-22,6.02e-06,6.66e-06,5.73e-06,6.09e-06,720083.66709455
2020-02-23,6.09e-06,7.63e-06,6.09e-06,7.06e-06,1386636.7542012
2020-02-24,7.06e-06,7.34e-06,6.41e-06,7.14e-06,811692.78879999
2020-02-25,7.09e-06,7.67e-06,6.34e-06,6.45e-06,753934.88428011
2020-02-26,6.45e-06,7.23e-06,5.88e-06,6.41e-06,1230139.87938652
2020-02-27,6.45e-06,8e-06,6.18e-06,7.55e-06,1633409.01778831
2020-02-28,7.52e-06,8.42e-06,7.18e-06,7.98e-06,1032957.04409593
2020-02-29,7.98e-06,8.33e-06,7.57e-06,7.69e-06,323408.75284322
2020-03-01,7.65e-06,7.93e-06,7.16e-06,7.43e-06,400169.35350309
2020-03-02,7.39e-06,8.19e-06,7.16e-06,7.22e-06,469272.64557332
2020-03-03,7.24e-06,7.69e-06,5.38e-06,6.59e-06,2204283.6505022
2020-03-04,6.6e-06,6.98e-06,6.2e-06,6.39e-06,629236.61406668
2020-03-05,6.42e-06,6.93e-06,6.32e-06,6.49e-06,226479.59501473
2020-03-06,6.45e-06,6.47e-06,5.6e-06,6.1e-06,577170.16794582
2020-03-07,6.1e-06,7.07e-06,5.96e-06,6.52e-06,398788.70368422
2020-03-08,6.5e-06,6.72e-06,5.82e-06,5.87e-06,605803.25843476
2020-03-09,5.93e-06,6.19e-06,5e-06,5.51e-06,1261666.87798341
2020-03-10,5.51e-06,5.84e-06,5.15e-06,5.25e-06,407009.97453324
2020-03-11,5.22e-06,5.95e-06,4.8e-06,5.06e-06,631136.08435454
2020-03-12,5e-06,5.13e-06,4.2e-06,4.3e-06,1448423.39973914
2020-03-13,4.32e-06,5.89e-06,4.2e-06,4.6e-06,1558663.74035361
2020-03-14,4.59e-06,5.3e-06,4.42e-06,4.82e-06,941181.62651774
2020-03-15,4.82e-06,4.82e-06,4.22e-06,4.75e-06,873663.08685041
2020-03-16,4.75e-06,5.11e-06,4.22e-06,4.43e-06,702328.82163181
2020-03-17,4.44e-06,5.19e-06,4.26e-06,4.95e-06,514267.47585394
2020-03-18,4.92e-06,4.92e-06,4.21e-06,4.75e-06,712497.26646783
2020-03-19,4.72e-06,4.94e-06,4.38e-06,4.56e-06,1307855.4379704
2020-03-20,4.56e-06,4.63e-06,4.22e-06,4.34e-06,382951.3653037
2020-03-21,4.36e-06,4.38e-06,4.07e-06,4.27e-06,391722.64307156
2020-03-22,4.25e-06,4.35e-06,4e-06,4.09e-06,418369.8166691
2020-03-23,4.08e-06,4.21e-06,3.3e-06,3.8e-06,1638312.96354777
2020-03-24,3.8e-06,4.49e-06,3.7e-06,3.79e-06,1198283.31043431
2020-03-25,3.77e-06,4.11e-06,3.6e-06,3.9e-06,590571.74113452
2020-03-26,3.88e-06,3.95e-06,3.58e-06,3.75e-06,1050112.21597099
2020-03-27,3.74e-06,3.88e-06,3.46e-06,3.63e-06,1028016.99324358
2020-03-28,3.63e-06,3.78e-06,3.58e-06,3.71e-06,640512.22266071
2020-03-29,3.73e-06,3.8e-06,3.54e-06,3.78e-06,932594.2442863
2020-03-30,3.77e-06,3.77e-06,3.5e-06,3.65e-06,681953.69504257
2020-03-31,3.65e-06,3.73e-06,3.5e-06,3.54e-06,732188.48941136
2020-04-01,3.53e-06,3.68e-06,3.48e-06,3.53e-06,733005.00196792
2020-04-02,3.54e-06,3.64e-06,3.37e-06,3.49e-06,841168.34579637
2020-04-03,3.48e-06,3.59e-06,3.2e-06,3.58e-06,1219531.74339399
2020-04-04,3.58e-06,3.65e-06,3.2e-06,3.43e-06,1377209.77219805
2020-04-05,3.43e-06,3.49e-06,3.2e-06,3.34e-06,1099900.37403145
2020-04-06,3.32e-06,3.57e-06,3.16e-06,3.38e-06,1282895.52812333
2020-04-07,3.38e-06,3.54e-06,2.96e-06,3.22e-06,1849652.03890746
2020-04-08,3.24e-06,3.46e-06,3e-06,3.15e-06,1975131.2455651
2020-04-09,3.15e-06,3.36e-06,3e-06,3.25e-06,1426157.59269988
2020-04-10,3.26e-06,3.43e-06,3.03e-06,3.1e-06,1627681.69229363
2020-04-11,3.1e-06,3.56e-06,3.02e-06,3.29e-06,2562668.15085241
2020-04-12,3.28e-06,3.48e-06,3.12e-06,3.16e-06,1105760.36430732
2020-04-13,3.16e-06,3.45e-06,3.11e-06,3.12e-06,1836236.7301813
2020-04-14,3.13e-06,3.45e-06,3.1e-06,3.3e-06,1303502.70011432
2020-04-15,3.3e-06,3.34e-06,3.03e-06,3.15e-06,2138206.32988795
2020-04-16,3.16e-06,3.32e-06,3.02e-06,3.17e-06,1291683.66022991
2020-04-17,3.19e-06,3.23e-06,3.01e-06,3.18e-06,969629.53999115
2020-04-18,3.16e-06,3.39e-06,3.1e-06,3.39e-06,1653543.95497624
2020-04-19,3.37e-06,3.4e-06,3.1e-06,3.17e-06,1426076.38874078
2020-04-20,3.17e-06,3.3e-06,3.05e-06,3.13e-06,960739.90403652
2020-04-21,3.14e-06,3.26e-06,3.09e-06,3.2e-06,905348.38697662
2020-04-22,3.2e-06,3.35e-06,3.1e-06,3.3e-06,1291481.99543967
2020-04-23,3.32e-06,3.41e-06,3.11e-06,3.21e-06,1116752.14117544
2020-04-24,3.21e-06,3.36e-06,3.06e-06,3.34e-06,1980100.83781432
2020-04-25,3.32e-06,3.36e-06,3.1e-06,3.29e-06,1186325.77898619
2020-04-26,3.29e-06,3.33e-06,3.14e-06,3.26e-06,1484073.37232314
2020-04-27,3.27e-06,3.39e-06,3.12e-06,3.27e-06,1761282.01958162
2020-04-28,3.25e-06,3.35e-06,3.14e-06,3.31e-06,893859.40359105
2020-04-29,3.3e-06,3.52e-06,3.19e-06,3.46e-06,2119452.15713442
2020-04-30,3.44e-06,3.6e-06,3.28e-06,3.33e-06,2349027.11554069
2020-05-01,3.33e-06,3.45e-06,3.15e-06,3.31e-06,1973182.52361406
2020-05-02,3.29e-06,3.39e-06,3.13e-06,3.29e-06,1607068.27136506
2020-05-03,3.3e-06,3.43e-06,3.2e-06,3.39e-06,956136.41341623
2020-05-04,3.37e-06,3.88e-06,3.37e-06,3.79e-06,1775495.58166688
2020-05-05,3.81e-06,4.15e-06,3.47e-06,3.95e-06,2222872.14576511
2020-05-06,3.95e-06,5.2e-06,3.91e-06,5.03e-06,3426281.58005679
2020-05-07,5e-06,6.02e-06,4.23e-06,4.89e-06,5924560.77747468
2020-05-08,4.88e-06,5.92e-06,4.62e-06,5.92e-06,2562271.17261224
2020-05-09,5.9e-06,5.96e-06,5e-06,5.51e-06,2741490.03213319
2020-05-10,5.51e-06,5.67e-06,4.92e-06,5.63e-06,1828790.46692681
2020-05-11,5.66e-06,7e-06,5.28e-06,6.95e-06,3141068.8776019
2020-05-12,6.95e-06,7.7e-06,6.37e-06,7e-06,3873623.39715894
2020-05-13,7e-06,7.72e-06,6.49e-06,7.23e-06,3152386.16007766
2020-05-14,7.22e-06,8.39e-06,6.81e-06,8.14e-06,3364465.641171
2020-05-15,8.13e-06,1.3e-05,7.98e-06,1.258e-05,6192557.37366442
2020-05-16,1.258e-05,1.292e-05,9.77e-06,1.036e-05,4159286.47242369
2020-05-17,1.045e-05,1.052e-05,8.5e-06,8.63e-06,3324311.33434701
2020-05-18,8.58e-06,1.199e-05,8.53e-06,1.048e-05,2735895.81156848
2020-05-19,1.047e-05,1.189e-05,1.006e-05,1.079e-05,1488017.66164257
2020-05-20,1.062e-05,1.171e-05,1.037e-05,1.05e-05,1185293.5898836
2020-05-21,1.047e-05,1.178e-05,8.69e-06,1.139e-05,2019610.50779726
2020-05-22,1.139e-05,1.191e-05,9.53e-06,1.071e-05,1470718.92059313
2020-05-23,1.065e-05,1.088e-05,8.68e-06,1.03e-05,2265647.58200819
2020-05-24,1.03e-05,1.054e-05,9.88e-06,1.001e-05,578968.73832429
2020-05-25,1.011e-05,1.17e-05,8.68e-06,1.106e-05,2663790.72081673
2020-05-26,1.103e-05,1.17e-05,1.001e-05,1.079e-05,1029927.20672393
2020-05-27,1.078e-05,1.148e-05,1.042e-05,1.095e-05,661447.93135804
2020-05-28,1.101e-05,1.169e-05,1.055e-05,1.147e-05,1041288.48384061
2020-05-29,1.157e-05,1.168e-05,9.36e-06,1.124e-05,1803163.77041776
2020-05-30,1.124e-05,1.141e-05,1.078e-05,1.127e-05,750768.94216783
2020-05-31,1.132e-05,1.163e-05,1.089e-05,1.131e-05,1126385.07286993
2020-06-01,1.136e-05,1.5e-05,1.106e-05,1.249e-05,3663372.44743162
2020-06-02,1.231e-05,1.334e-05,1.17e-05,1.227e-05,1941782.36366556
2020-06-03,1.229e-05,1.275e-05,9.41e-06,1.249e-05,1881169.07196752
2020-06-04,1.248e-05,1.265e-05,9e-06,1.219e-05,2368652.05733625
2020-06-05,1.213e-05,1.281e-05,1.134e-05,1.159e-05,956740.54714449
2020-06-06,1.158e-05,1.196e-05,1.076e-05,1.171e-05,946981.40376471
2020-06-07,1.171e-05,1.195e-05,1.115e-05,1.138e-05,413328.10222356
2020-06-08,1.138e-05,1.209e-05,1.111e-05,1.135e-05,604752.93553839
2020-06-09,1.136e-05,1.17e-05,1.081e-05,1.108e-05,510178.31653445
2020-06-10,1.115e-05,1.195e-05,1.054e-05,1.128e-05,748209.03739667
2020-06-11,1.126e-05,1.131e-05,9.95e-06,1.015e-05,1243383.38855266
2020-06-12,1.015e-05,1.077e-05,1.007e-05,1.049e-05,701838.96257387
2020-06-13,1.041e-05,1.125e-05,1.016e-05,1.044e-05,684535.42889392
2020-06-14,1.037e-05,1.048e-05,9.41e-06,9.69e-06,778591.5014804
2020-06-15,9.63e-06,9.87e-06,9.2e-06,9.34e-06,637049.55367879
2020-06-16,9.34e-06,9.87e-06,9.2e-06,9.76e-06,440560.19589239
2020-06-17,9.7e-06,9.79e-06,9.1e-06,9.55e-06,599697.30397332
2020-06-18,9.48e-06,1.032e-05,9.25e-06,9.55e-06,438001.7770338
2020-06-19,9.6e-06,1.177e-05,9.5e-06,1.049e-05,1302619.05549818
2020-06-20,1.049e-05,1.1e-05,9.99e-06,1.055e-05,595488.8446142
2020-06-21,1.06e-05,1.118e-05,1.02e-05,1.044e-05,391040.72103338
2020-06-22,1.041e-05,1.071e-05,1.009e-05,1.032e-05,467970.2810402
2020-06-23,1.025e-05,1.036e-05,9.53e-06,9.83e-06,839052.51577512
2020-06-24,9.78e-06,1.008e-05,9.12e-06,9.66e-06,695700.13669547
2020-06-25,9.63e-06,1.017e-05,9.29e-06,9.9e-06,427805.80553673
2020-06-26,9.94e-06,9.97e-06,9.04e-06,9.36e-06,497504.05398642
2020-06-27,9.36e-06,9.98e-06,8.68e-06,9.58e-06,601448.2949005
2020-06-28,9.64e-06,1.368e-05,8.5e-06,1.248e-05,5102920.88504208
2020-06-29,1.248e-05,1.421e-05,1.175e-05,1.31e-05,2372256.93926168
2020-06-30,1.304e-05,1.389e-05,1.237e-05,1.26e-05,1006946.62920501
2020-07-01,1.261e-05,1.347e-05,1.237e-05,1.293e-05,1006062.87565994
2020-07-02,1.289e-05,1.35e-05,1.238e-05,1.332e-05,1123590.83722803
2020-07-03,1.331e-05,1.345e-05,1.255e-05,1.331e-05,987779.99234887
2020-07-04,1.333e-05,1.374e-05,1.251e-05,1.272e-05,900977.88347341
2020-07-05,1.272e-05,1.32e-05,1.1e-05,1.131e-05,1902413.84122165
2020-07-06,1.13e-05,1.181e-05,1.06e-05,1.091e-05,1363100.79395496
2020-07-07,1.091e-05,1.138e-05,1.035e-05,1.065e-05,1041404.79095468
2020-07-08,1.066e-05,1.076e-05,9.7e-06,1.022e-05,1880919.92764227
2020-07-09,1.022e-05,1.065e-05,9.74e-06,9.95e-06,1131646.83617485
2020-07-10,9.97e-06,1.03e-05,9.6e-06,9.68e-06,494261.52158114
2020-07-11,9.66e-06,1.019e-05,9.4e-06,9.85e-06,638299.90489889
2020-07-12,9.84e-06,1.029e-05,9.4e-06,9.99e-06,692673.41339439
2020-07-13,9.98e-06,1.039e-05,9.55e-06,9.63e-06,1143328.93772333
2020-07-14,9.63e-06,1.016e-05,9.56e-06,9.62e-06,420035.0244332
2020-07-15,9.61e-06,1.015e-05,8.96e-06,9.11e-06,1164975.18553024
2020-07-16,9.1e-06,9.32e-06,8.9e-06,9.24e-06,802502.76601938
2020-07-17,9.19e-06,9.55e-06,9e-06,9.1e-06,503432.19633002
2020-07-18,9.12e-06,9.4e-06,8.62e-06,8.71e-06,932992.40149158
2020-07-19,8.78e-06,9.59e-06,8.67e-06,9.19e-06,704883.82045921
2020-07-20,9.27e-06,9.67e-06,8.6e-06,8.76e-06,586946.2166911
2020-07-21,8.82e-06,8.94e-06,7.75e-06,8.02e-06,1389462.66937111
2020-07-22,8.06e-06,8.85e-06,7.75e-06,8.37e-06,1246162.69227899
2020-07-23,8.37e-06,9.28e-06,8.29e-06,8.86e-06,1291901.12070249
2020-07-24,8.86e-06,8.93e-06,7.76e-06,8.28e-06,944083.75465991
2020-07-25,8.23e-06,8.34e-06,7.79e-06,7.94e-06,760450.54921415
2020-07-26,7.94e-06,8.66e-06,7.59e-06,8.14e-06,1456154.65843371
2020-07-27,8.12e-06,8.42e-06,7.03e-06,7.05e-06,1874397.20720298
2020-07-28,7.05e-06,7.16e-06,6.71e-06,7e-06,1273607.18804121
2020-07-29,7e-06,7.85e-06,6.8e-06,7.15e-06,961254.70520485
2020-07-30,7.16e-06,7.41e-06,6.74e-06,7.03e-06,788314.15367423
2020-07-31,6.99e-06,7e-06,5.83e-06,6.28e-06,2667541.05662525
2020-08-01,6.27e-06,6.33e-06,5.22e-06,5.72e-06,2259109.64954115
2020-08-02,5.72e-06,5.95e-06,5.22e-06,5.74e-06,1374157.35890697
2020-08-03,5.69e-06,6.36e-06,5.54e-06,6.05e-06,1511290.46265079
2020-08-04,6.05e-06,7.5e-06,5.89e-06,6.69e-06,1440975.33231524
2020-08-05,6.66e-06,6.74e-06,5.92e-06,6.18e-06,826290.33254725
2020-08-06,6.17e-06,6.93e-06,5.92e-06,6.52e-06,986141.13215979
2020-08-07,6.52e-06,6.97e-06,6.36e-06,6.65e-06,641152.18132179
2020-08-08,6.62e-06,6.65e-06,5.96e-06,6.13e-06,1022602.45907292
2020-08-09,6.1e-06,7.05e-06,6.06e-06,6.35e-06,1573773.02731802
2020-08-10,6.36e-06,6.36e-06,5.71e-06,6.12e-06,1179830.83454668
2020-08-11,6.08e-06,6.51e-06,5.95e-06,6.02e-06,609132.84165519
2020-08-12,6.02e-06,6.27e-06,5.9e-06,6.2e-06,1017692.70932531
2020-08-13,6.17e-06,6.54e-06,6.01e-06,6.22e-06,951849.26870286
2020-08-14,6.21e-06,7.1e-06,6.03e-06,7.05e-06,1551085.40349881
2020-08-15,7.07e-06,7.92e-06,6.66e-06,7.62e-06,2780827.02162697
2020-08-16,7.6e-06,8.31e-06,7.11e-06,8.06e-06,2073328.8595062
2020-08-17,8.05e-06,8.21e-06,6.83e-06,7.26e-06,1530833.59100045
2020-08-18,7.26e-06,8.01e-06,6.95e-06,7.82e-06,1091561.7590461
2020-08-19,7.81e-06,8.27e-06,6.03e-06,6.43e-06,2507745.36166663
2020-08-20,6.43e-06,7.04e-06,6.27e-06,6.63e-06,2324168.19684794
2020-08-21,6.63e-06,6.75e-06,5.8e-06,6.04e-06,2143185.21196558
2020-08-22,6.05e-06,6.58e-06,5.8e-06,6.36e-06,1232102.62611452
2020-08-23,6.33e-06,6.44e-06,5.88e-06,6.04e-06,1054451.44497745
2020-08-24,6.04e-06,6.45e-06,5.87e-06,6.25e-06,1422466.42774274
2020-08-25,6.22e-06,6.34e-06,5.8e-06,6.07e-06,1137514.41482047
2020-08-26,6.07e-06,6.08e-06,5.5e-06,5.84e-06,1786203.36269806
2020-08-27,5.84e-06,6.23e-06,5.76e-06,5.84e-06,1849718.61761077
2020-08-28,5.82e-06,6.04e-06,5.68e-06,5.8e-06,908493.46935172
2020-08-29,5.82e-06,6.79e-06,5.7e-06,6.36e-06,2012740.99904636
2020-08-30,6.37e-06,7.51e-06,6.36e-06,6.87e-06,2349419.41124948
2020-08-31,6.87e-06,6.93e-06,5.98e-06,6e-06,1858134.21441757
2020-09-01,6e-06,6.25e-06,5.67e-06,5.78e-06,1178137.13822365
2020-09-02,5.76e-06,5.92e-06,5.32e-06,5.69e-06,1631534.21542084
2020-09-03,5.69e-06,5.83e-06,5.06e-06,5.67e-06,2006636.41219169
2020-09-04,5.65e-06,5.82e-06,5.01e-06,5.47e-06,1339876.58113604
2020-09-05,5.46e-06,6.1e-06,5.08e-06,5.28e-06,1588256.94240172
2020-09-06,5.28e-06,5.5e-06,5.02e-06,5.4e-06,600743.62734289
2020-09-07,5.42e-06,5.64e-06,5.09e-06,5.31e-06,675086.29053973
2020-09-08,5.31e-06,5.51e-06,5.25e-06,5.41e-06,293331.44320489
2020-09-09,5.38e-06,5.94e-06,5.34e-06,5.46e-06,757887.59857015
2020-09-10,5.51e-06,5.86e-06,5.42e-06,5.53e-06,699938.80889936
2020-09-11,5.53e-06,5.55e-06,5.17e-06,5.32e-06,463457.76824457
2020-09-12,5.32e-06,6.3e-06,5.28e-06,5.48e-06,1424229.18089305
2020-09-13,5.47e-06,5.89e-06,5.11e-06,5.4e-06,1088353.47692389
2020-09-14,5.36e-06,5.42e-06,4.9e-06,5.35e-06,1236293.9886128
2020-09-15,5.32e-06,5.47e-06,4.79e-06,4.9e-06,920544.88939321
2020-09-16,4.9e-06,5.18e-06,4.77e-06,4.78e-06,418131.25066702
2020-09-17,4.77e-06,5.06e-06,4.37e-06,4.45e-06,1212634.82022899
2020-09-18,4.42e-06,4.6e-06,4.36e-06,4.59e-06,528392.14465021
2020-09-19,4.58e-06,4.63e-06,4.42e-06,4.59e-06,184491.64986343
2020-09-20,4.57e-06,4.73e-06,4.5e-06,4.58e-06,490669.33971192
2020-09-21,4.58e-06,4.7e-06,4.32e-06,4.37e-06,633461.49139457
2020-09-22,4.33e-06,4.45e-06,4.14e-06,4.35e-06,701348.24193527
2020-09-23,4.31e-06,4.49e-06,4.2e-06,4.29e-06,477379.98929646
2020-09-24,4.25e-06,4.43e-06,4.2e-06,4.39e-06,573883.45487823
2020-09-25,4.36e-06,4.74e-06,4.29e-06,4.67e-06,916408.79580957
2020-09-26,4.65e-06,4.69e-06,4.45e-06,4.51e-06,70690.9251
2020-09-27,4.51e-06,4.78e-06,4.51e-06,4.57e-06,258933.34316488
2020-09-28,4.57e-06,4.79e-06,4.48e-06,4.57e-06,159104.21835008
2020-09-29,4.53e-06,4.66e-06,4.5e-06,4.53e-06,102086.53378104
2020-09-30,4.54e-06,4.61e-06,4.31e-06,4.46e-06,173803.16687866
2020-10-01,4.44e-06,4.53e-06,4.26e-06,4.33e-06,107103.81990047
2020-10-02,4.31e-06,4.42e-06,3.97e-06,4.22e-06,579006.75444029
2020-10-03,4.2e-06,4.38e-06,4.2e-06,4.32e-06,60460.01222425
2020-10-04,4.32e-06,4.46e-06,4.26e-06,4.37e-06,91776.22068704
2020-10-05,4.41e-06,4.41e-06,4.18e-06,4.37e-06,134863.97169293
2020-10-06,4.35e-06,4.61e-06,4.22e-06,4.29e-06,167075.78755113
2020-10-07,4.28e-06,4.54e-06,4.18e-06,4.43e-06,211904.46278849
2020-10-08,4.43e-06,4.64e-06,4.37e-06,4.51e-06,289381.15180968
2020-10-09,4.51e-06,4.52e-06,4.4e-06,4.51e-06,155324.97721656
2020-10-10,4.5e-06,4.87e-06,4.47e-06,4.77e-06,335243.3722264
2020-10-11,4.77e-06,4.91e-06,4.68e-06,4.8e-06,176423.09082723
2020-10-12,4.81e-06,4.87e-06,4.59e-06,4.73e-06,554766.46301911
2020-10-13,4.72e-06,5.29e-06,4.67e-06,5.21e-06,589714.37816117
2020-10-14,5.2e-06,5.28e-06,4.98e-06,5.07e-06,718006.41056425
2020-10-15,5.06e-06,5.18e-06,4.8e-06,4.89e-06,368350.53729364
2020-10-16,4.9e-06,5.18e-06,4.64e-06,4.79e-06,382157.83451869
2020-10-17,4.8e-06,5.05e-06,4.77e-06,4.98e-06,98370.00028549
2020-10-18,4.99e-06,5.11e-06,4.84e-06,4.96e-06,183766.52220137
2020-10-19,4.97e-06,5.01e-06,4.63e-06,4.76e-06,363026.78268794
2020-10-20,4.76e-06,4.84e-06,4.27e-06,4.36e-06,324387.89815103
2020-10-21,4.37e-06,4.5e-06,4.24e-06,4.27e-06,308166.18497164
2020-10-22,4.25e-06,4.46e-06,4.21e-06,4.28e-06,143833.57530457
2020-10-23,4.22e-06,4.44e-06,3.98e-06,4.14e-06,376825.89776675
2020-10-24,4.09e-06,4.15e-06,3.89e-06,3.92e-06,389791.00598356
2020-10-25,3.91e-06,3.96e-06,3.45e-06,3.6e-06,591605.04029835
2020-10-26,3.57e-06,3.69e-06,3.36e-06,3.63e-06,599719.13167817
2020-10-27,3.64e-06,3.64e-06,3.06e-06,3.21e-06,1272541.74933428
2020-10-28,3.14e-06,3.42e-06,2.88e-06,2.94e-06,1846061.74836696
2020-10-29,2.93e-06,3.01e-06,2.73e-06,2.85e-06,1120799.02819931
2020-10-30,2.85e-06,3.24e-06,2.63e-06,2.75e-06,740276.23734039
2020-10-31,2.74e-06,2.76e-06,2.51e-06,2.63e-06,614262.98081537
2020-11-01,2.64e-06,2.77e-06,2.53e-06,2.72e-06,504979.95113572
2020-11-02,2.74e-06,2.84e-06,2.49e-06,2.62e-06,919567.11604665
2020-11-03,2.62e-06,2.69e-06,2.45e-06,2.49e-06,518682.17091183
2020-11-04,2.5e-06,2.8e-06,2.48e-06,2.55e-06,613235.62750054
2020-11-05,2.54e-06,2.59e-06,2.29e-06,2.43e-06,535368.83390167
2020-11-06,2.44e-06,3.31e-06,2.35e-06,2.74e-06,1650408.42263847
2020-11-07,2.79e-06,3.05e-06,2.64e-06,2.97e-06,737256.7340471
2020-11-08,2.97e-06,3.04e-06,2.68e-06,2.84e-06,690139.69000065
2020-11-09,2.84e-06,3.08e-06,2.77e-06,3.03e-06,889421.29573477
2020-11-10,3.05e-06,3.12e-06,2.71e-06,2.97e-06,889832.88775541
2020-11-11,2.96e-06,2.98e-06,2.46e-06,2.52e-06,839097.49454797
2020-11-12,2.56e-06,2.57e-06,2.34e-06,2.42e-06,914941.0167558
2020-11-13,2.4e-06,2.46e-06,2.26e-06,2.46e-06,997412.0917246
2020-11-14,2.43e-06,2.51e-06,2.36e-06,2.41e-06,354366.37568993
2020-11-15,2.4e-06,2.53e-06,2.16e-06,2.23e-06,1086314.45973088
2020-11-16,2.25e-06,2.45e-06,2.06e-06,2.15e-06,962037.41652052
2020-11-17,2.14e-06,2.4e-06,2.07e-06,2.16e-06,1156858.38412041
2020-11-18,2.16e-06,2.26e-06,2.03e-06,2.09e-06,670733.33431259
2020-11-19,2.1e-06,2.28e-06,2.02e-06,2.11e-06,762157.26290325
2020-11-20,2.12e-06,2.19e-06,2.05e-06,2.15e-06,807534.76949634
2020-11-21,2.13e-06,2.17e-06,2.06e-06,2.13e-06,898662.73314424
2020-11-22,2.11e-06,2.34e-06,2.06e-06,2.3e-06,1136412.22303145
2020-11-23,2.31e-06,2.52e-06,2.25e-06,2.38e-06,996437.22213718
2020-11-24,2.41e-06,3.06e-06,2.38e-06,2.9e-06,2112537.1221686
2020-11-25,2.88e-06,3.07e-06,2.49e-06,2.54e-06,2162057.29579746
2020-11-26,2.53e-06,2.66e-06,2.36e-06,2.5e-06,1083051.23438657
2020-11-27,2.48e-06,3.07e-06,2.41e-06,3.07e-06,484172.3877421
2020-11-28,3.01e-06,3.11e-06,2.74e-06,2.83e-06,1142587.27617804
2020-11-29,2.8e-06,2.9e-06,2.64e-06,2.83e-06,758722.20250723
2020-11-30,2.83e-06,2.91e-06,2.48e-06,2.49e-06,1013800.05762085
2020-12-01,2.49e-06,2.8e-06,2.43e-06,2.63e-06,957792.36911053
2020-12-02,2.68e-06,2.81e-06,2.57e-06,2.73e-06,689969.53574895
2020-12-03,2.7e-06,2.88e-06,2.64e-06,2.87e-06,591282.09472309
2020-12-04,2.86e-06,2.98e-06,2.68e-06,2.76e-06,810026.61294178
2020-12-05,2.74e-06,2.83e-06,2.62e-06,2.65e-06,365665.60074154
2020-12-06,2.63e-06,2.76e-06,2.62e-06,2.67e-06,485520.40681355
2020-12-07,2.66e-06,2.87e-06,2.63e-06,2.84e-06,678565.42441309
2020-12-08,2.83e-06,2.95e-06,2.7e-06,2.76e-06,488635.44357575
2020-12-09,2.75e-06,2.96e-06,2.66e-06,2.73e-06,871438.65567962
2020-12-10,2.73e-06,2.74e-06,2.41e-06,2.41e-06,722014.54562349
2020-12-11,2.4e-06,2.63e-06,2.35e-06,2.42e-06,1073068.15901658
2020-12-12,2.41e-06,2.69e-06,2.28e-06,2.32e-06,1060668.02291927
2020-12-13,2.32e-06,2.48e-06,2.26e-06,2.41e-06,448526.73078686
2020-12-14,2.39e-06,2.42e-06,2.27e-06,2.32e-06,237325.38426325
2020-12-15,2.32e-06,2.38e-06,2.17e-06,2.3e-06,239953.84377534
2020-12-16,2.27e-06,2.45e-06,2.22e-06,2.33e-06,662493.41993368
2020-12-17,2.33e-06,2.74e-06,2.33e-06,2.69e-06,1872719.64335915
2020-12-18,2.67e-06,2.86e-06,2.57e-06,2.74e-06,936012.17690522
2020-12-19,2.72e-06,2.81e-06,2.51e-06,2.54e-06,869263.87019073
2020-12-20,2.54e-06,2.66e-06,2.5e-06,2.55e-06,482069.46609082
2020-12-21,2.53e-06,2.55e-06,2.18e-06,2.28e-06,919242.73205868
2020-12-22,2.28e-06,2.34e-06,2.15e-06,2.19e-06,729099.85174776
2020-12-23,2.2e-06,2.3e-06,1.88e-06,1.93e-06,991650.88119711
2020-12-24,1.93e-06,2.07e-06,1.82e-06,1.96e-06,832707.09557429
2020-12-25,1.98e-06,2.07e-06,1.89e-06,1.9e-06,458269.89932874
2020-12-26,1.9e-06,1.93e-06,1.61e-06,1.64e-06,929181.186852
2020-12-27,1.65e-06,1.75e-06,1.58e-06,1.73e-06,1167699.55145769
2020-12-28,1.71e-06,1.8e-06,1.56e-06,1.7e-06,1307545.84555513
2020-12-29,1.7e-06,1.74e-06,1.6e-06,1.61e-06,1037691.15221927
2020-12-30,1.6e-06,1.63e-06,1.23e-06,1.41e-06,4767300.29924869
2020-12-31,1.41e-06,1.44e-06,1.28e-06,1.42e-06,1456988.97426174
2021-01-01,1.42e-06,1.95e-06,1.4e-06,1.77e-06,2488000.44607273
2021-01-02,1.75e-06,1.85e-06,1.47e-06,1.48e-06,1431755.12366624
2021-01-03,1.5e-06,1.54e-06,1.36e-06,1.42e-06,1314786.051017
2021-01-04,1.43e-06,2e-06,1.39e-06,1.78e-06,2920818.79075514
2021-01-05,1.79e-06,1.96e-06,1.67e-06,1.79e-06,1527622.61470024
2021-01-06,1.76e-06,1.86e-06,1.49e-06,1.59e-06,1945255.89019599
2021-01-07,1.59e-06,1.59e-06,1.32e-06,1.38e-06,1792535.41843478
2021-01-08,1.34e-06,1.41e-06,1.23e-06,1.25e-06,1394074.13080569
2021-01-09,1.26e-06,1.56e-06,1.22e-06,1.35e-06,2320695.22353729
2021-01-10,1.34e-06,1.41e-06,1.23e-06,1.27e-06,1550162.68700484
2021-01-11,1.27e-06,1.42e-06,1.23e-06,1.34e-06,1546039.54146714
2021-01-12,1.33e-06,1.49e-06,1.31e-06,1.33e-06,2079498.99352992
2021-01-13,1.32e-06,1.47e-06,1.3e-06,1.33e-06,1393984.19353958
2021-01-14,1.32e-06,1.35e-06,1.24e-06,1.32e-06,1140075.19032611
2021-01-15,1.33e-06,1.4e-06,1.28e-06,1.31e-06,1058482.4890596
2021-01-16,1.31e-06,1.41e-06,1.26e-06,1.32e-06,1410687.95827804
2021-01-17,1.32e-06,1.45e-06,1.29e-06,1.4e-06,1147749.46493637
2021-01-18,1.39e-06,1.45e-06,1.34e-06,1.35e-06,1307277.885368
2021-01-19,1.35e-06,1.44e-06,1.27e-06,1.32e-06,1352699.71480317
2021-01-20,1.31e-06,1.37e-06,1.23e-06,1.31e-06,1463896.32469907
2021-01-21,1.29e-06,1.4e-06,1.27e-06,1.35e-06,1433051.49293436
2021-01-22,1.35e-06,1.48e-06,1.32e-06,1.38e-06,1391404.24891862
2021-01-23,1.39e-06,1.48e-06,1.36e-06,1.46e-06,586188.27918167
2021-01-24,1.46e-06,1.55e-06,1.45e-06,1.52e-06,1010768.16480312
2021-01-25,1.51e-06,1.65e-06,1.43e-06,1.49e-06,2282732.47844184
2021-01-26,1.48e-06,1.5e-06,1.38e-06,1.42e-06,2135420.14067279
2021-01-27,1.42e-06,1.45e-06,1.34e-06,1.38e-06,1188671.6688981
2021-01-28,1.38e-06,1.43e-06,1.3e-06,1.32e-06,1070524.12560341
2021-01-29,1.33e-06,1.43e-06,1.27e-06,1.36e-06,2136690.75753436
2021-01-30,1.35e-06,1.41e-06,1.34e-06,1.38e-06,1137251.96772956
2021-01-31,1.38e-06,1.44e-06,1.36e-06,1.39e-06,1148659.69554846
2021-02-01,1.37e-06,1.49e-06,1.3e-06,1.48e-06,2450087.23571168
2021-02-02,1.48e-06,1.61e-06,1.4e-06,1.46e-06,3535723.18790067
2021-02-03,1.46e-06,1.58e-06,1.44e-06,1.51e-06,2013569.53610969
2021-02-04,1.53e-06,1.57e-06,1.36e-06,1.55e-06,1835034.38558966
2021-02-05,1.55e-06,1.86e-06,1.53e-06,1.85e-06,1832414.86573487
2021-02-06,1.84e-06,3.1e-06,1.71e-06,2.64e-06,9625400.2660905
2021-02-07,2.6e-06,3.07e-06,2.4e-06,2.48e-06,3918944.27505658
2021-02-08,2.47e-06,2.95e-06,2.02e-06,2.04e-06,4129372.28205875
2021-02-09,2.04e-06,2.45e-06,2e-06,2.22e-06,3113767.7944053
2021-02-10,2.21e-06,4.17e-06,2.19e-06,3.86e-06,8922300.51484015
2021-02-11,3.83e-06,4.19e-06,3.41e-06,3.49e-06,4518946.36446482
2021-02-12,3.44e-06,3.73e-06,3.15e-06,3.46e-06,3636326.96025707
2021-02-13,3.42e-06,3.74e-06,3.2e-06,3.57e-06,2661690.28770779
2021-02-14,3.54e-06,3.72e-06,2.66e-06,3.17e-06,4031196.24827335
2021-02-15,3.17e-06,3.5e-06,2.81e-06,3.27e-06,2255455.69723629
2021-02-16,3.26e-06,3.33e-06,2.89e-06,2.95e-06,1728340.37248971
2021-02-17,2.96e-06,3.01e-06,2.26e-06,2.52e-06,3427441.3752771
2021-02-18,2.49e-06,3.1e-06,2.3e-06,2.7e-06,3880217.92703132
2021-02-19,2.71e-06,2.75e-06,2.24e-06,2.4e-06,1663945.39039368
2021-02-20,2.4e-06,2.95e-06,2.24e-06,2.56e-06,4006430.77619414
2021-02-21,2.55e-06,2.6e-06,2.32e-06,2.56e-06,2611707.28068625
2021-02-22,2.56e-06,2.62e-06,2.17e-06,2.31e-06,2447934.83391007
2021-02-23,2.31e-06,2.99e-06,2.02e-06,2.2e-06,2860004.69687527
2021-02-24,2.18e-06,3.11e-06,2.06e-06,2.71e-06,4357753.62755274
2021-02-25,2.73e-06,3.19e-06,2.61e-06,2.98e-06,2150448.50892992
2021-02-26,3e-06,3.15e-06,2.56e-06,2.59e-06,1585941.80884343
2021-02-27,2.59e-06,2.79e-06,2.41e-06,2.66e-06,1796484.39407279
2021-02-28,2.65e-06,2.9e-06,2.35e-06,2.7e-06,2029913.69788747
2021-03-01,2.7e-06,2.89e-06,2.58e-06,2.66e-06,967903.31430441
2021-03-02,2.65e-06,3.12e-06,2.57e-06,3.03e-06,1459948.96175258
2021-03-03,3.03e-06,3.12e-06,2.72e-06,2.82e-06,2189571.04079609
2021-03-04,2.82e-06,2.86e-06,2.56e-06,2.65e-06,1088946.85152363
2021-03-05,2.65e-06,3.14e-06,2.1e-06,2.41e-06,5183914.13961916
2021-03-06,2.41e-06,2.76e-06,2.33e-06,2.66e-06,1106196.71001086
2021-03-07,2.63e-06,2.72e-06,2.36e-06,2.56e-06,1445342.16279327
2021-03-08,2.59e-06,2.63e-06,2.23e-06,2.33e-06,1219970.14739445
2021-03-09,2.33e-06,2.52e-06,2.14e-06,2.48e-06,2365762.57546218
2021-03-10,2.48e-06,2.57e-06,2.18e-06,2.23e-06,1448884.08199548
2021-03-11,2.23e-06,2.44e-06,2.14e-06,2.33e-06,1313919.43156285
2021-03-12,2.33e-06,2.59e-06,2.18e-06,2.24e-06,2199563.53954355
2021-03-13,2.25e-06,2.5e-06,2.21e-06,2.44e-06,1845775.21659221
2021-03-14,2.45e-06,2.64e-06,2.33e-06,2.53e-06,2146842.17467639
2021-03-15,2.5e-06,3.88e-06,2.45e-06,3.35e-06,5468207.59150631
2021-03-16,3.34e-06,4.6e-06,3.04e-06,3.98e-06,7501782.97102147
2021-03-17,3.98e-06,4.81e-06,3.26e-06,3.45e-06,3869539.40177095
2021-03-18,3.43e-06,4.19e-06,3.34e-06,3.69e-06,1818397.99292155
2021-03-19,3.7e-06,3.89e-06,3.38e-06,3.44e-06,1981924.09129864
2021-03-20,3.47e-06,3.87e-06,3.38e-06,3.67e-06,1699206.68658494
2021-03-21,3.66e-06,3.98e-06,3.43e-06,3.78e-06,1647341.39527549
2021-03-22,3.77e-06,4.15e-06,3.55e-06,4e-06,1881439.04656826
2021-03-23,4e-06,4.75e-06,3.93e-06,4.52e-06,2381205.33098162
2021-03-24,4.52e-06,6.99e-06,4.46e-06,5.32e-06,7197139.10017079
2021-03-25,5.3e-06,5.72e-06,4.35e-06,5.06e-06,3694048.96666753
2021-03-26,5.02e-06,5.55e-06,4.82e-06,5.34e-06,1557914.44466707
2021-03-27,5.34e-06,5.7e-06,4.87e-06,5.09e-06,1509617.72458862
2021-03-28,5.06e-06,5.25e-06,4.36e-06,4.97e-06,2145023.0575461
2021-03-29,4.96e-06,5.37e-06,4.43e-06,5.11e-06,2175903.17802974
2021-03-30,5.06e-06,5.19e-06,4.68e-06,5.02e-06,1411177.50671783
2021-03-31,5e-06,5.02e-06,4.53e-06,4.7e-06,1275203.24544363
2021-04-01,4.7e-06,5.9e-06,4.55e-06,5.79e-06,2130180.52838141
2021-04-02,5.71e-06,6.24e-06,5.23e-06,5.67e-06,3248529.29798058
2021-04-03,5.67e-06,6.01e-06,5.34e-06,5.86e-06,1385496.44803727
2021-04-04,5.86e-06,6.28e-06,5.82e-06,5.87e-06,1583106.94135582
2021-04-05,5.82e-06,6.5e-06,5.56e-06,5.89e-06,1922528.03699092
2021-04-06,5.89e-06,5.98e-06,4.86e-06,5.22e-06,2519531.51674223
2021-04-07,5.22e-06,5.64e-06,4.71e-06,5.11e-06,1857736.08579263
2021-04-08,5.11e-06,5.49e-06,4.71e-06,5.22e-06,1608066.65239608
2021-04-09,5.17e-06,5.66e-06,4.87e-06,5.01e-06,1389139.06614022
2021-04-10,5.01e-06,5.1e-06,4.36e-06,4.87e-06,1803576.17311785
2021-04-11,4.87e-06,4.94e-06,4.4e-06,4.66e-06,1594071.17974931
2021-04-12,4.66e-06,4.91e-06,4.12e-06,4.32e-06,1287384.71326845
2021-04-13,4.28e-06,5.5e-06,3.96e-06,4.95e-06,3597234.54853212
2021-04-14,4.99e-06,5.16e-06,4.46e-06,4.72e-06,2168546.01693333
2021-04-15,4.67e-06,5e-06,4.27e-06,4.75e-06,1222654.97880631
2021-04-16,4.75e-06,4.94e-06,4.12e-06,4.34e-06,2607463.17545039
2021-04-17,4.39e-06,4.92e-06,4.2e-06,4.48e-06,2006012.40838879
2021-04-18,4.5e-06,4.62e-06,4.08e-06,4.35e-06,2069075.35851891
2021-04-19,4.3e-06,4.64e-06,4.02e-06,4.15e-06,1137759.12167218
2021-04-20,4.12e-06,4.3e-06,3.63e-06,4.26e-06,1963549.91984954
2021-04-21,4.28e-06,5e-06,4.24e-06,4.37e-06,2078377.24904949
2021-04-22,4.34e-06,5.14e-06,4.27e-06,4.52e-06,2388406.9414256
2021-04-23,4.52e-06,5.09e-06,4.31e-06,4.81e-06,2461927.35075259
2021-04-24,4.83e-06,5.03e-06,4.39e-06,4.7e-06,1162221.46624898
2021-04-25,4.7e-06,4.82e-06,4.32e-06,4.61e-06,764449.92101565
2021-04-26,4.58e-06,5.41e-06,4.45e-06,5.28e-06,1921125.33603168
2021-04-27,5.24e-06,5.56e-06,5.06e-06,5.4e-06,1141675.94532822
2021-04-28,5.4e-06,5.63e-06,5.01e-06,5.26e-06,1378852.62844363
2021-04-29,5.27e-06,5.8e-06,5e-06,5.48e-06,1306836.08814423
2021-04-30,5.43e-06,6.18e-06,5.35e-06,5.78e-06,1879960.32797939
2021-05-01,5.82e-06,6.15e-06,5.47e-06,5.55e-06,1180368.33270821
2021-05-02,5.54e-06,5.63e-06,4.68e-06,5.3e-06,2527875.39324679
2021-05-03,5.3e-06,5.36e-06,4.95e-06,5.12e-06,1293995.2717181
2021-05-04,5.07e-06,5.12e-06,4.65e-06,5.04e-06,1503334.22300418
2021-05-05,5.04e-06,6.14e-06,4.85e-06,4.87e-06,2653204.81057107
2021-05-06,4.9e-06,5.25e-06,4.71e-06,5.16e-06,1782112.54080641
2021-05-07,5.16e-06,5.34e-06,4.97e-06,5.23e-06,1155308.18742714
2021-05-08,5.22e-06,5.43e-06,5.02e-06,5.31e-06,1614085.56996255
2021-05-09,5.3e-06,5.38e-06,4.79e-06,4.87e-06,1172395.89624523
2021-05-10,4.87e-06,5e-06,4.29e-06,4.35e-06,2389439.49097064
2021-05-11,4.35e-06,5.29e-06,4.08e-06,4.88e-06,2400632.32194229
2021-05-12,4.89e-06,4.95e-06,4.29e-06,4.36e-06,1697657.18542391
2021-05-13,4.32e-06,4.76e-06,4.06e-06,4.13e-06,2819108.58038473
2021-05-14,4.13e-06,4.97e-06,4.13e-06,4.6e-06,1955739.48644497
2021-05-15,4.61e-06,4.73e-06,4.26e-06,4.32e-06,836711.00067991
2021-05-16,4.31e-06,4.55e-06,3.97e-06,4.11e-06,2334854.41098565
2021-05-17,4.09e-06,4.77e-06,3.98e-06,4.52e-06,2311228.9914394
2021-05-18,4.5e-06,4.73e-06,4.2e-06,4.54e-06,1427498.44109765
2021-05-19,4.55e-06,4.82e-06,2.74e-06,3.78e-06,4688224.53885951
2021-05-20,3.77e-06,3.97e-06,3.47e-06,3.85e-06,2071613.81234296
2021-05-21,3.87e-06,4.03e-06,3.2e-06,3.36e-06,3064271.88872003
2021-05-22,3.36e-06,3.65e-06,3.18e-06,3.36e-06,1985004.49465159
2021-05-23,3.35e-06,3.38e-06,2.51e-06,2.91e-06,2356127.63360721
2021-05-24,2.91e-06,3.58e-06,2.91e-06,3.55e-06,1862791.4922152
2021-05-25,3.56e-06,3.65e-06,3.37e-06,3.49e-06,1031001.2241953
2021-05-26,3.5e-06,3.92e-06,3.43e-06,3.86e-06,1286949.55185662
2021-05-27,3.86e-06,4.33e-06,3.56e-06,3.85e-06,1542130.13390406
2021-05-28,3.83e-06,4.25e-06,3.62e-06,4.04e-06,985343.39064974
2021-05-29,4.04e-06,4.28e-06,3.79e-06,3.88e-06,1314064.75995075
2021-05-30,3.88e-06,4.13e-06,3.81e-06,3.99e-06,428826.40844195
2021-05-31,3.99e-06,4.26e-06,3.75e-06,4.17e-06,1007683.4160146
2021-06-01,4.17e-06,4.2e-06,3.78e-06,3.81e-06,570104.94951372
2021-06-02,3.82e-06,4.12e-06,3.73e-06,3.98e-06,753743.3001498
2021-06-03,3.98e-06,4.06e-06,3.77e-06,3.95e-06,567122.36149016
2021-06-04,3.95e-06,3.99e-06,3.66e-06,3.93e-06,945431.70475544
2021-06-05,3.92e-06,4.19e-06,3.76e-06,4.14e-06,927289.76810721
2021-06-06,4.14e-06,4.29e-06,4.06e-06,4.26e-06,432785.74503131
2021-06-07,4.26e-06,4.26e-06,3.89e-06,3.95e-06,748201.92545588
2021-06-08,3.94e-06,3.99e-06,3.6e-06,3.75e-06,1831713.49011181
2021-06-09,3.76e-06,4.02e-06,3.58e-06,3.94e-06,1390934.88107685
2021-06-10,3.93e-06,4.15e-06,3.73e-06,4.02e-06,1629718.48642977
2021-06-11,4.02e-06,4.15e-06,3.77e-06,3.77e-06,675773.59465954
2021-06-12,3.79e-06,3.92e-06,3.63e-06,3.88e-06,616019.12596946
2021-06-13,3.88e-06,3.9e-06,3.77e-06,3.77e-06,163602.96068065
2021-06-14,3.77e-06,3.99e-06,3.77e-06,3.79e-06,459654.80391503
2021-06-15,3.8e-06,3.92e-06,3.64e-06,3.75e-06,810536.51943212
2021-06-16,3.75e-06,3.92e-06,3.66e-06,3.77e-06,483133.71107699
2021-06-17,3.78e-06,4.01e-06,3.74e-06,3.9e-06,317801.00688244
2021-06-18,3.91e-06,4.14e-06,3.75e-06,3.81e-06,1275021.56466116
2021-06-19,3.81e-06,4.21e-06,3.8e-06,3.91e-06,631196.21301512
2021-06-20,3.91e-06,4.08e-06,3.81e-06,3.91e-06,264897.51469954
2021-06-21,3.91e-06,4e-06,3.31e-06,3.36e-06,1294904.60355553
2021-06-22,3.36e-06,3.75e-06,3.03e-06,3.45e-06,1968751.93035787
2021-06-23,3.44e-06,3.59e-06,3.17e-06,3.3e-06,448377.0886493
2021-06-24,3.3e-06,3.53e-06,3.08e-06,3.29e-06,670775.9536367
2021-06-25,3.29e-06,3.48e-06,3.03e-06,3.17e-06,1129306.56126269
2021-06-26,3.16e-06,3.23e-06,2.85e-06,3.1e-06,787959.68428177
2021-06-27,3.09e-06,3.2e-06,2.96e-06,3.06e-06,254896.81862603
2021-06-28,3.08e-06,3.24e-06,2.95e-06,3.08e-06,506715.90563435
2021-06-29,3.09e-06,3.15e-06,2.81e-06,2.97e-06,822170.55960264
2021-06-30,2.95e-06,3.08e-06,2.78e-06,2.96e-06,589021.06804263
2021-07-01,2.97e-06,3.11e-06,2.95e-06,3.02e-06,203433.74868689
2021-07-02,3.02e-06,3.1e-06,2.84e-06,2.97e-06,381924.10181569
2021-07-03,2.96e-06,3.02e-06,2.86e-06,2.93e-06,148733.11904845
2021-07-04,2.93e-06,3.23e-06,2.88e-06,2.96e-06,522154.25780579
2021-07-05,2.97e-06,3.03e-06,2.81e-06,2.89e-06,394572.04742138
2021-07-06,2.89e-06,3.01e-06,2.87e-06,2.99e-06,304355.47094451
2021-07-07,2.97e-06,3.12e-06,2.91e-06,3.09e-06,293549.18534774
2021-07-08,3.08e-06,3.19e-06,2.96e-06,2.99e-06,348714.22952623
2021-07-09,2.98e-06,3.09e-06,2.95e-06,3.02e-06,262966.28942928
2021-07-10,3.01e-06,3.02e-06,2.92e-06,2.93e-06,144995.50893363
2021-07-11,2.92e-06,3e-06,2.89e-06,2.95e-06,281331.97394115
2021-07-12,2.94e-06,2.97e-06,2.85e-06,2.94e-06,268470.95933361
2021-07-13,2.93e-06,2.95e-06,2.72e-06,2.74e-06,265858.90539686
2021-07-14,2.74e-06,3.09e-06,2.66e-06,2.82e-06,1000475.19606325
2021-07-15,2.83e-06,3.01e-06,2.73e-06,2.97e-06,411000.3816429
2021-07-16,2.98e-06,3e-06,2.86e-06,2.86e-06,377987.40317206
2021-07-17,2.86e-06,2.88e-06,2.8e-06,2.83e-06,176059.8222968
2021-07-18,2.85e-06,2.89e-06,2.7e-06,2.74e-06,229607.32647646
2021-07-19,2.74e-06,2.78e-06,2.63e-06,2.7e-06,353636.06403944
2021-07-20,2.69e-06,2.73e-06,2.55e-06,2.71e-06,699163.59820185
2021-07-21,2.72e-06,2.8e-06,2.45e-06,2.47e-06,1085145.60961677
2021-07-22,2.49e-06,2.56e-06,2.39e-06,2.53e-06,713937.05456682
2021-07-23,2.53e-06,2.66e-06,2.5e-06,2.55e-06,367130.88163973
2021-07-24,2.53e-06,2.61e-06,2.49e-06,2.54e-06,310372.41883916
2021-07-25,2.54e-06,2.57e-06,2.46e-06,2.5e-06,211081.53672634
2021-07-26,2.49e-06,2.71e-06,2.34e-06,2.51e-06,1333524.37251715
2021-07-27,2.5e-06,2.57e-06,2.45e-06,2.53e-06,182423.32253944
2021-07-28,2.52e-06,2.59e-06,2.22e-06,2.32e-06,1181297.34083825
2021-07-29,2.32e-06,2.35e-06,2.2e-06,2.3e-06,1031925.91156397
2021-07-30,2.3e-06,2.36e-06,2.28e-06,2.33e-06,383181.04577196
2021-07-31,2.33e-06,2.45e-06,2.3e-06,2.36e-06,677920.57503117
2021-08-01,2.36e-06,2.45e-06,2.3e-06,2.37e-06,340005.64131828
2021-08-02,2.38e-06,2.53e-06,2.31e-06,2.48e-06,362988.30772769
2021-08-03,2.48e-06,2.56e-06,2.35e-06,2.44e-06,796929.10272106
2021-08-04,2.43e-06,2.52e-06,2.35e-06,2.39e-06,418951.6589185
2021-08-05,2.39e-06,2.47e-06,2.35e-06,2.42e-06,280326.2231
2021-08-06,2.42e-06,2.51e-06,2.35e-06,2.36e-06,882216.3567557
2021-08-07,2.38e-06,2.75e-06,2.36e-06,2.68e-06,1702223.05837423
2021-08-08,2.68e-06,2.82e-06,2.5e-06,2.56e-06,994556.67452748
2021-08-09,2.56e-06,2.59e-06,2.35e-06,2.46e-06,930502.7208219
2021-08-10,2.46e-06,2.49e-06,2.31e-06,2.38e-06,681944.16212608
2021-08-11,2.38e-06,2.44e-06,2.3e-06,2.37e-06,740147.3571728
2021-08-12,2.35e-06,2.57e-06,2.34e-06,2.46e-06,818196.07964869
2021-08-13,2.46e-06,2.59e-06,2.4e-06,2.58e-06,712270.35855403
2021-08-14,2.58e-06,2.6e-06,2.4e-06,2.42e-06,606045.34931781
2021-08-15,2.42e-06,2.73e-06,2.32e-06,2.54e-06,1131306.32902808
2021-08-16,2.55e-06,2.63e-06,2.45e-06,2.51e-06,925643.79394635
2021-08-17,2.51e-06,2.6e-06,2.48e-06,2.5e-06,333289.0355008
2021-08-18,2.52e-06,2.54e-06,2.32e-06,2.39e-06,614849.81604521
2021-08-19,2.4e-06,2.51e-06,2.34e-06,2.41e-06,695848.81052963
2021-08-20,2.4e-06,2.48e-06,2.28e-06,2.33e-06,700416.83576168
2021-08-21,2.33e-06,2.38e-06,2.13e-06,2.34e-06,1162845.04704972
2021-08-22,2.34e-06,2.39e-06,2.12e-06,2.19e-06,712554.97424945
2021-08-23,2.19e-06,2.37e-06,2.12e-06,2.28e-06,1442165.44496462
2021-08-24,2.29e-06,2.42e-06,2.18e-06,2.24e-06,764370.14679497
2021-08-25,2.25e-06,2.39e-06,2.19e-06,2.27e-06,790337.08783617
2021-08-26,2.27e-06,2.35e-06,2.18e-06,2.31e-06,693675.05281275
2021-08-27,2.3e-06,2.46e-06,2.25e-06,2.37e-06,935305.15166586
2021-08-28,2.37e-06,2.37e-06,2.13e-06,2.26e-06,1180208.94882043
2021-08-29,2.26e-06,2.29e-06,2.15e-06,2.22e-06,677408.93228009
2021-08-30,2.22e-06,2.25e-06,2.15e-06,2.2e-06,624073.48778715
2021-08-31,2.2e-06,2.23e-06,2.06e-06,2.2e-06,1455329.34929169
2021-09-01,2.2e-06,2.23e-06,2.04e-06,2.15e-06,1182494.49113033
2021-09-02,2.14e-06,2.19e-06,1.94e-06,2.1e-06,1492547.11769908
2021-09-03,2.1e-06,2.14e-06,1.89e-06,2e-06,2030219.68916931
2021-09-04,2.01e-06,2.14e-06,1.98e-06,2.1e-06,1478824.37189133
2021-09-05,2.1e-06,2.14e-06,2e-06,2.03e-06,324622.53016383
