2019-09-30,0.00016678,0.00020578,0.00016171,0.00017998,143584.29573151
2019-10-01,0.00017994,0.00018004,0.00017152,0.00017789,31475.44672833
2019-10-02,0.00017929,0.00017998,0.00017049,0.0001751,120809.94207974
2019-10-03,0.00017512,0.00018966,0.00016875,0.00018717,251559.27849935
2019-10-04,0.00018966,0.00021888,0.00018772,0.00020887,105577.62756841
2019-10-05,0.00020889,0.0002292,0.00019876,0.0002245,93682.04115208
2019-10-06,0.00022449,0.00024888,0.00022253,0.00023874,100662.13167273
2019-10-07,0.00023874,0.00024887,0.00020559,0.00021595,84854.35873551
2019-10-08,0.00021605,0.00021875,0.00020233,0.00021086,16660.53516985
2019-10-09,0.00021286,0.00021661,0.0001934,0.00019512,95560.10113719
2019-10-10,0.00019521,0.00020095,0.0001934,0.00020073,56770.7759919
2019-10-11,0.00020074,0.000218,0.00019854,0.000218,75964.98281133
2019-10-12,0.000218,0.000218,0.000215,0.00021767,139048.43233456
2019-10-13,0.00021768,0.00023144,0.00021606,0.00023116,54617.69528458
2019-10-14,0.00023123,0.00023144,0.00023038,0.00023128,109109.10708053
2019-10-15,0.00023129,0.00024683,0.00023038,0.0002466,78507.43097164
2019-10-16,0.00024664,0.00024843,0.00024374,0.00024682,36815.25721143
2019-10-17,0.00024782,0.00024782,0.00024376,0.0002467,8328.9974
2019-10-18,0.00024669,0.00025,0.00024376,0.00024669,47588.89208611
2019-10-19,0.00024668,0.00024999,0.00024661,0.0002467,57158.60934509
2019-10-20,0.0002467,0.00026475,0.00024667,0.00025808,21779.9860393
2019-10-21,0.00025808,0.00026469,0.0002555,0.00025667,13662.15887695
2019-10-22,0.00025807,0.00026477,0.000254,0.00025808,38628.3988
2019-10-23,0.00025807,0.00026003,0.00025634,0.00025634,59828.86110451
2019-10-24,0.0002569,0.0002569,0.000225,0.00023661,19406.55466565
2019-10-25,0.00023695,0.00024308,0.00019855,0.00020721,2014.60793807
2019-10-26,0.00020363,0.00020363,2.8e-05,0.0001748,9486.209
2019-10-27,0.00017387,0.00018396,0.00013158,0.00015825,26188.2611467
2019-10-28,0.00015936,0.00017507,0.00015163,0.00015343,17143.1909
2019-10-29,0.00015309,0.00015343,0.00010574,0.00013389,35128.22251347
2019-10-30,0.00013363,0.0001339,7.554e-05,9.444e-05,25866.85240676
2019-10-31,9.442e-05,0.00011441,8.7e-05,0.00010876,11475.76461335
2019-11-01,0.00010876,0.000116,8.833e-05,0.00010473,5392.55336414
2019-11-02,0.00010473,0.00011249,9.333e-05,0.00011249,2930.66674086
2019-11-03,0.00011242,0.000118,9.427e-05,0.00011222,1796.3309
2019-11-04,0.00011177,0.00011566,0.00010247,0.00011249,1333.0822
2019-11-05,0.00010996,0.00011548,0.00010555,0.00011153,831.6156
2019-11-06,0.00011381,0.00012982,0.00011381,0.00012982,4568.94234829
2019-11-07,0.00012981,0.00012982,0.00012704,0.00012725,1037.47472241
2019-11-08,0.00012725,0.00015,0.00012714,0.00014576,12336.9032
2019-11-09,0.00014579,0.00015,0.00014198,0.00014755,19996.90145042
2019-11-10,0.0001478,0.00015,0.00014165,0.00014701,7695.2213
2019-11-11,0.00014999,0.00015,0.00014002,0.00014671,9084.01237766
2019-11-12,0.00014671,0.00015,0.00014671,0.00014952,50757.2975
2019-11-13,0.00014947,0.00015,0.00014836,0.00014983,56158.2169
2019-11-14,0.00014988,0.00015,0.00014684,0.00014924,53500.9913
2019-11-15,0.00014898,0.00015073,0.00014706,0.0001499,15730.24186932
2019-11-16,0.00014981,0.00015678,0.00014706,0.00015543,116186.25125553
2019-11-17,0.00015667,0.00015678,0.00015357,0.0001545,8245.0907
2019-11-18,0.00015557,0.00015678,0.00015133,0.0001564,2169.6144
2019-11-19,0.0001564,0.00015671,0.00014971,0.00014991,7542.7185
2019-11-20,0.00015249,0.00015249,0.00014971,0.0001499,164942.8952
2019-11-21,0.0001499,0.00015215,0.00014972,0.00014989,167816.043
2019-11-22,0.00014989,0.00015678,0.00014984,0.00015299,25267.5824
2019-11-23,0.0001533,0.00016664,0.00014989,0.00016355,14776.8878
2019-11-24,0.00016355,0.00016499,0.00015421,0.00015777,299.725
2019-11-25,0.00015777,0.000165,0.00015202,0.00015814,432.90684714
2019-11-26,0.00015493,0.00015543,0.000152,0.00015501,185374.08480639
2019-11-27,0.00015532,0.000165,0.00015505,0.00015511,196100.97941457
2019-11-28,0.00015504,0.00016431,0.00015421,0.00015712,5884.0594
2019-11-29,0.00015807,0.00015829,0.00015158,0.00015415,1537.49673936
2019-11-30,0.00015417,0.00016291,0.00015202,0.00015891,57502.1869
2019-12-01,0.00015935,0.00016127,0.00015581,0.00015937,198949.4174
2019-12-02,0.00015792,0.00016056,0.00015658,0.00015972,261127.01419505
2019-12-03,0.00015981,0.00016146,0.00015401,0.00015411,209104.2084
2019-12-04,0.0001559,0.00015815,0.00015221,0.00015648,1747.62348352
2019-12-05,0.0001551,0.00016393,0.00015158,0.00015631,2771.32821395
2019-12-06,0.00015293,0.00015657,0.00015158,0.00015158,709.53997162
2019-12-07,0.00015158,0.00015583,0.00013765,0.00015041,77986.40553864
2019-12-08,0.00015321,0.000155,0.00014965,0.00015495,30925.34984521
2019-12-09,0.00015497,0.00015498,0.00014716,0.00015167,190.1022
2019-12-10,0.00015125,0.00015498,0.00014981,0.00015486,104466.6375
2019-12-11,0.00015473,0.00015507,0.00015155,0.00015488,129131.9463
2019-12-12,0.00015478,0.00015507,0.00015003,0.00015312,23508.2096
2019-12-13,0.00015325,0.00015507,0.00015105,0.00015286,34068.09180389
2019-12-14,0.00015356,0.00015507,0.00015004,0.00015184,22645.5741
2019-12-15,0.00015236,0.00015507,0.00015,0.00015434,354.0489
2019-12-16,0.00015499,0.00015507,0.00015,0.00015392,66212.9916
2019-12-17,0.00015473,0.00015507,0.00015,0.00015,938.2897
2019-12-18,0.00015115,0.00015507,0.00014664,0.00014664,87098.3275
2019-12-19,0.00014999,0.00015632,0.00014967,0.00015116,139102.5742
2019-12-20,0.00015223,0.00015632,0.00015223,0.00015543,153672.275
2019-12-21,0.00015526,0.00015632,0.00014696,0.00015523,109403.20408921
2019-12-22,0.00015216,0.0001522,0.00014687,0.00014687,2920.8952
2019-12-23,0.00014492,0.00015632,0.00014279,0.00015034,60026.6059
2019-12-24,0.00015079,0.00015163,0.00014722,0.00014846,4590.9719
2019-12-25,0.00014898,0.00015632,0.00014696,0.00015285,4693.1939
2019-12-26,0.00015292,0.00015632,0.00015172,0.0001563,49870.9194
2019-12-27,0.00015599,0.00015632,0.00015079,0.00015285,70566.6725
2019-12-28,0.00015248,0.00015631,0.00014757,0.0001516,9138.46209599
2019-12-29,0.0001521,0.00015242,0.00014749,0.00014762,404.00473207
2019-12-30,0.00014871,0.00015472,0.00014761,0.00014961,48640.219
2019-12-31,0.00014956,0.00017,0.00014754,0.00016611,36974.6549
2020-01-01,0.00016938,0.00018654,0.00016938,0.00018358,53072.72013278
2020-01-02,0.00018639,0.00019466,0.00017936,0.00019131,59832.2482
2020-01-03,0.0001935,0.00019466,0.00017674,0.00018439,14465.7629
2020-01-04,0.00018518,0.00020225,0.00018518,0.00019001,56595.02053582
2020-01-05,0.00019001,0.00020225,0.00018483,0.00019525,43365.4832
2020-01-06,0.00019525,0.00019761,0.000152,0.00018319,48049.79626828
2020-01-07,0.00018232,0.00020225,0.00014126,0.00018409,76468.6876
2020-01-08,0.00018408,0.00018408,0.00017449,0.00017586,10899.3024
2020-01-09,0.00017723,0.00018,0.00017618,0.00018,9586.3134
2020-01-10,0.00017981,0.00018132,0.00017589,0.00017589,3704.36868343
2020-01-11,0.00017589,0.00018242,0.00017449,0.0001787,60567.64016844
2020-01-12,0.00017847,0.0001824,0.00017309,0.00017309,11214.9984
2020-01-13,0.00017309,0.00017325,0.00017309,0.00017309,1353.11059696
2020-01-14,0.00017309,0.00017325,0.0001644,0.00016575,177944.658258
2020-01-15,0.00016587,0.00016893,0.0001521,0.00015305,43059.54310927
2020-01-16,0.00015236,0.0001649,0.00014539,0.000153,117643.2356
2020-01-17,0.0001535,0.0001608,0.00014031,0.00015573,66884.50869604
2020-01-18,0.00015644,0.000175,0.00015644,0.00017118,108663.92988116
2020-01-19,0.00017118,0.000175,0.0001638,0.000175,26174.97607796
2020-01-20,0.0001743,0.000175,0.00017106,0.000175,38158.82586487
2020-01-21,0.000175,0.000175,0.00017201,0.00017337,78710.6247
2020-01-22,0.00017315,0.00021588,0.00017201,0.00021569,160321.7915
2020-01-23,0.00021547,0.00021588,0.00020099,0.00021271,71059.24414618
2020-01-24,0.00021421,0.00021588,0.000211,0.00021538,36240.50668179
2020-01-25,0.00021548,0.00021588,0.00020822,0.00021181,38437.2772
2020-01-26,0.00021361,0.00022555,0.00021361,0.00021687,12840.89570279
2020-01-27,0.00021757,0.00021757,0.00020818,0.00021175,2845.57629291
2020-01-28,0.00020837,0.0002247,0.00020817,0.00021515,46131.90039852
2020-01-29,0.00021555,0.00021598,0.0002081,0.00021598,99125.62482196
2020-01-30,0.00021543,0.0002247,0.00020656,0.0002091,83852.32769702
2020-01-31,0.0002091,0.0002299,0.00019204,0.00020545,96926.97510782
2020-02-01,0.00020483,0.000215,0.00020098,0.00021295,186986.37092318
2020-02-02,0.00021297,0.0002134,0.00019206,0.00020086,55943.23208603
2020-02-03,0.00019752,0.0002021,0.00017609,0.00018,89881.47272551
2020-02-04,0.00017965,0.000195,0.00016979,0.00019,84388.59193072
2020-02-05,0.00018995,0.00018995,0.0001661,0.00017209,49326.77067366
2020-02-06,0.0001721,0.00018199,0.00015633,0.0001626,70787.47652729
2020-02-07,0.00016295,0.00019225,0.0001472,0.00015661,149043.82950059
2020-02-08,0.00015432,0.00017,0.00014805,0.00015612,57713.64360266
2020-02-09,0.00015593,0.00015632,0.00013762,0.00014272,32412.41285962
2020-02-10,0.00014298,0.0001485,0.00012799,0.00014143,11301.4697695
2020-02-11,0.00014219,0.00015632,0.00012989,0.0001358,15113.88439814
2020-02-12,0.00013579,0.00014195,0.00012715,0.00013467,5952.77275166
2020-02-13,0.00013347,0.00014696,0.00012316,0.00012687,4038.52374313
2020-02-14,0.00012687,0.00013974,0.00012385,0.00013102,10372.77058791
2020-02-15,0.00013102,0.00014755,0.00012105,0.00013123,17725.03209099
2020-02-16,0.00013123,0.00013748,0.00011397,0.00012094,8152.71683491
2020-02-17,0.00011704,0.00013,0.00011601,0.00012516,4484.1989
2020-02-18,0.00012127,0.00013,0.000116,0.000116,3445.43025441
2020-02-19,0.00011581,0.00012599,0.00010351,0.0001149,3696.91300365
2020-02-20,0.00011578,0.00014736,0.00010857,0.00011315,40229.1268
2020-02-21,0.00011315,0.00012349,0.00010852,0.00011534,1931.589
2020-02-22,0.00011364,0.00012646,0.00011052,0.00011785,8328.30986209
2020-02-23,0.00011745,0.00012716,0.00010699,0.000107,18090.1211
2020-02-24,0.00010733,0.00011051,0.00010351,0.00010648,4109.35
2020-02-25,0.00010625,0.0001182,0.00010111,0.00010833,23262.07029015
2020-02-26,0.00010704,0.00011592,9.273e-05,0.00010107,16745.09535624
2020-02-27,0.00010085,0.00012499,9.719e-05,0.00012128,6308.00446954
2020-02-28,0.00012124,0.00012714,0.00011766,0.00012257,8419.18177614
2020-02-29,0.00012104,0.0001257,0.00012104,0.00012484,227.2867
2020-03-01,0.00012486,0.00015632,0.00012028,0.00014005,6473.3542184
2020-03-02,0.00013982,0.00014293,0.00011645,0.00013322,4986.9268
2020-03-03,0.00013195,0.00013195,0.00012405,0.00012894,93.672
2020-03-04,0.00012702,0.00014683,0.00012069,0.00013155,2529.98518791
2020-03-05,0.00013155,0.00014878,0.00012784,0.00012784,2401.93030701
2020-03-06,0.00012852,0.00014572,0.00012501,0.0001435,2212.7848
2020-03-07,0.0001435,0.000155,0.00013283,0.000153,10933.3982
2020-03-08,0.00015301,0.00016831,0.00011188,0.00011787,53250.8675802
2020-03-09,0.00011858,0.0001193,9.508e-05,0.00010361,15520.27943133
2020-03-10,0.00010361,0.00010484,0.0001,0.00010435,6243.54574303
2020-03-11,0.00010435,0.00010879,8.846e-05,9.433e-05,5663.41839644
2020-03-12,9.374e-05,0.00010525,4.604e-05,4.628e-05,38876.51920139
2020-03-13,4.573e-05,5.881e-05,3.792e-05,5.316e-05,53177.23802158
2020-03-14,5.321e-05,6.6e-05,4.665e-05,5.222e-05,15161.9164
2020-03-15,5.001e-05,5.267e-05,4.404e-05,4.449e-05,15386.70953652
2020-03-16,4.541e-05,4.541e-05,3.228e-05,3.744e-05,16280.71118589
2020-03-17,3.745e-05,3.759e-05,3.208e-05,3.517e-05,12972.25178755
2020-03-18,3.5e-05,3.836e-05,3.202e-05,3.487e-05,15151.13839068
2020-03-19,3.486e-05,0.000115,3.2e-05,0.00010678,72265.27998454
2020-03-20,0.00010733,0.00014,4.82e-05,7.286e-05,232069.1871321
2020-03-21,7.443e-05,9.8e-05,6.152e-05,9.8e-05,53293.48678323
2020-03-22,9.8e-05,0.00013,8.821e-05,0.00010804,53704.21233046
2020-03-23,0.00010805,0.0001113,9.077e-05,9.43e-05,21472.22695037
2020-03-24,9.373e-05,9.967e-05,8.193e-05,8.818e-05,36425.6597
2020-03-25,8.88e-05,9.024e-05,7.999e-05,8.048e-05,2051.9063
2020-03-26,8.048e-05,9.151e-05,7e-05,7.606e-05,17309.93325762
2020-03-27,7.553e-05,7.717e-05,6.095e-05,6.512e-05,19548.19496535
2020-03-28,6.691e-05,7.729e-05,6.004e-05,6.947e-05,8771.1486
2020-03-29,6.947e-05,7.471e-05,6e-05,6e-05,8360.98327553
2020-03-30,6e-05,7.809e-05,6e-05,6.228e-05,28758.5923
2020-03-31,6.172e-05,6.265e-05,5.71e-05,5.955e-05,842.1853
2020-04-01,5.846e-05,6.027e-05,5.525e-05,5.898e-05,2425.33
2020-04-02,5.798e-05,0.00022,5.735e-05,9.844e-05,91820.97866711
2020-04-03,9.844e-05,0.00013529,8.173e-05,0.0001257,31006.3006561
2020-04-04,0.000125,0.00014795,0.00011777,0.00012213,6625.90201395
2020-04-05,0.00012072,0.00013426,0.00010452,0.00011845,22027.1924
2020-04-06,0.00011801,0.00012033,0.00010642,0.00010905,11003.87795188
2020-04-07,0.00010907,0.00011231,9.682e-05,0.00010158,22427.71433101
2020-04-08,9.995e-05,0.00010206,9.344e-05,0.00010062,3351.74587273
2020-04-09,0.0001001,0.0001124,9.343e-05,0.00011084,9544.61649356
2020-04-10,0.00010965,0.00011046,9.662e-05,9.971e-05,8472.96457972
2020-04-11,9.895e-05,0.00010079,9.478e-05,9.973e-05,4107.9444
2020-04-12,9.801e-05,0.00012,9.37e-05,9.37e-05,20068.2554
2020-04-13,9.559e-05,0.000105,9.3e-05,9.322e-05,14976.10656306
2020-04-14,9.507e-05,9.638e-05,8.528e-05,9.609e-05,10381.724
2020-04-15,9.61e-05,9.908e-05,8.896e-05,9.251e-05,12008.95183625
2020-04-16,9.272e-05,9.653e-05,8.501e-05,8.501e-05,24848.7074
2020-04-17,8.495e-05,9.424e-05,8.301e-05,9.239e-05,10809.6707076
2020-04-18,9.239e-05,9.485e-05,8.735e-05,9.043e-05,3425.99467737
2020-04-19,9.04e-05,9.04e-05,8.478e-05,8.568e-05,21616.2831
2020-04-20,8.552e-05,9.199e-05,8.225e-05,8.382e-05,112385.0654
2020-04-21,8.382e-05,8.94e-05,8.382e-05,8.612e-05,136334.4261
2020-04-22,8.517e-05,8.805e-05,8.244e-05,8.244e-05,26456.88488414
2020-04-23,8.256e-05,8.425e-05,7.505e-05,7.765e-05,38399.4221
2020-04-24,7.765e-05,8.689e-05,7.5e-05,8.689e-05,10334.04302231
2020-04-25,8.3e-05,8.687e-05,7.203e-05,7.75e-05,14088.8934
2020-04-26,7.79e-05,8.597e-05,7.2e-05,7.569e-05,49157.44566098
2020-04-27,7.566e-05,7.799e-05,7.236e-05,7.406e-05,20943.97448007
2020-04-28,7.602e-05,8.1e-05,7.332e-05,7.511e-05,44047.9536
2020-04-29,7.494e-05,7.631e-05,6.484e-05,6.556e-05,23007.33240483
2020-04-30,6.519e-05,6.761e-05,6.247e-05,6.639e-05,10218.90970628
2020-05-01,6.617e-05,7.163e-05,6.477e-05,6.553e-05,14965.98599376
2020-05-02,6.562e-05,6.712e-05,6.259e-05,6.58e-05,10498.27311307
2020-05-03,6.518e-05,6.58e-05,6.322e-05,6.491e-05,7549.3092
2020-05-04,6.448e-05,6.686e-05,6.132e-05,6.134e-05,39738.18016346
2020-05-05,6.132e-05,6.282e-05,5.602e-05,5.709e-05,4926.69609434
2020-05-06,5.711e-05,6.099e-05,5.478e-05,5.611e-05,8670.9774
2020-05-07,5.648e-05,5.944e-05,5.058e-05,5.318e-05,8277.28803442
2020-05-08,5.231e-05,5.746e-05,5.031e-05,5.18e-05,5935.7269
2020-05-09,5.217e-05,5.42e-05,5.12e-05,5.405e-05,6282.4584
2020-05-10,5.42e-05,5.957e-05,5.24e-05,5.413e-05,8123.771
2020-05-11,5.375e-05,6.384e-05,5.073e-05,6.096e-05,5644.8286
2020-05-12,6.02e-05,6.087e-05,5.3e-05,5.409e-05,4268.2399
2020-05-13,5.44e-05,6.1e-05,5.136e-05,5.197e-05,6888.8818
2020-05-14,5.275e-05,5.281e-05,4.757e-05,4.809e-05,1455.96981014
2020-05-15,4.816e-05,5.051e-05,4.54e-05,4.919e-05,2195.0306
2020-05-16,5.099e-05,5.5e-05,4.821e-05,4.977e-05,5741.165
2020-05-17,5.006e-05,5.064e-05,4.698e-05,4.748e-05,2195.4189
2020-05-18,4.736e-05,5.109e-05,4.696e-05,4.826e-05,1863.0896542
2020-05-19,4.833e-05,5.228e-05,4.731e-05,4.771e-05,5369.7642
2020-05-20,4.771e-05,5.09e-05,4.696e-05,4.697e-05,2304.38674979
2020-05-21,4.779e-05,6.197e-05,4.697e-05,5.067e-05,20968.19390257
2020-05-22,5.066e-05,5.066e-05,4.777e-05,5.024e-05,8289.93169587
2020-05-23,4.901e-05,5.986e-05,4.901e-05,5.405e-05,4629.7044
2020-05-24,5.328e-05,5.519e-05,5.182e-05,5.39e-05,1767.97311598
2020-05-25,5.39e-05,5.639e-05,5.085e-05,5.595e-05,2998.7292
2020-05-26,5.52e-05,5.624e-05,5.336e-05,5.348e-05,1592.29485386
2020-05-27,5.439e-05,5.439e-05,4.759e-05,5.035e-05,10299.0332
2020-05-28,5.053e-05,5.24e-05,5.043e-05,5.095e-05,10952.73937416
2020-05-29,5.095e-05,5.205e-05,4.808e-05,5.045e-05,3794.13923098
2020-05-30,5.039e-05,5.15e-05,4.8e-05,4.957e-05,1510.3799
2020-05-31,4.968e-05,5.106e-05,4.925e-05,5.059e-05,2387.7259
2020-06-01,5.05e-05,5.307e-05,4.697e-05,4.733e-05,16096.1556
2020-06-02,4.746e-05,5.2e-05,4.696e-05,5.143e-05,2092.7165845
2020-06-03,5.143e-05,5.176e-05,4.9e-05,5.049e-05,2310.8812
2020-06-04,5.085e-05,5.164e-05,4.843e-05,4.843e-05,1842.03780829
2020-06-05,4.926e-05,5.318e-05,4.504e-05,5.16e-05,9498.91220851
2020-06-06,5.16e-05,5.41e-05,4.972e-05,5.16e-05,3581.0028
2020-06-07,5.168e-05,5.293e-05,5.087e-05,5.204e-05,631.52212771
2020-06-08,5.168e-05,5.639e-05,5.051e-05,5.149e-05,4142.57448866
2020-06-09,5.193e-05,5.247e-05,5.011e-05,5.179e-05,3869.40447927
2020-06-10,5.121e-05,5.266e-05,4.753e-05,5.265e-05,4995.47733812
2020-06-11,5.25e-05,5.5e-05,5.25e-05,5.3e-05,5732.59253397
2020-06-12,5.25e-05,5.25e-05,4.839e-05,5.007e-05,39939.4956
2020-06-13,5.008e-05,5.128e-05,5e-05,5.051e-05,3905.6711
2020-06-14,5.051e-05,5.246e-05,5.046e-05,5.085e-05,22814.42905174
2020-06-15,5.085e-05,5.211e-05,4.862e-05,5.062e-05,23139.7507
2020-06-16,4.992e-05,5.376e-05,4.94e-05,5.039e-05,6957.59810513
2020-06-17,5.167e-05,5.394e-05,5.105e-05,5.31e-05,944.8863
2020-06-18,5.31e-05,5.31e-05,5.059e-05,5.187e-05,3279.3268
2020-06-19,5.176e-05,5.336e-05,5.005e-05,5.201e-05,1345.0761
2020-06-20,5.201e-05,5.919e-05,5.065e-05,5.094e-05,6151.0169
2020-06-21,5.245e-05,5.977e-05,5.075e-05,5.286e-05,4839.68133811
2020-06-22,5.213e-05,5.286e-05,5.062e-05,5.063e-05,27095.48153932
2020-06-23,5.063e-05,5.089e-05,4.868e-05,5.025e-05,47201.4539
2020-06-24,5.067e-05,5.194e-05,4.879e-05,4.988e-05,78092.90404076
2020-06-25,4.986e-05,5.079e-05,4.865e-05,5.004e-05,18925.98481936
2020-06-26,5.01e-05,5.18e-05,4.958e-05,5.014e-05,4791.5339
2020-06-27,5.003e-05,5.095e-05,4.979e-05,5.044e-05,5223.13437538
2020-06-28,5.006e-05,5.076e-05,4.86e-05,4.921e-05,855.7564
2020-06-29,4.915e-05,5.155e-05,4.869e-05,5.155e-05,5111.71430021
2020-06-30,5.139e-05,8.945e-05,5.113e-05,5.705e-05,960097.53290773
2020-07-01,5.705e-05,6.425e-05,5.605e-05,6.02e-05,332937.31782061
2020-07-02,5.994e-05,7.833e-05,5.93e-05,6.581e-05,704679.58682539
2020-07-03,6.61e-05,6.768e-05,6.097e-05,6.383e-05,196335.5833015
2020-07-04,6.314e-05,6.363e-05,5.848e-05,5.915e-05,249160.7182983
2020-07-05,5.878e-05,6.738e-05,5.85e-05,6.192e-05,92601.17404105
2020-07-06,6.222e-05,6.698e-05,5.957e-05,6.108e-05,239116.98218679
2020-07-07,6.067e-05,7.988e-05,6.021e-05,6.308e-05,2494533.0999653
2020-07-08,6.298e-05,6.47e-05,5.891e-05,6.183e-05,336567.6479231
2020-07-09,6.159e-05,6.528e-05,5.725e-05,6.156e-05,348864.59898244
2020-07-10,6.116e-05,6.667e-05,5.89e-05,6.098e-05,123682.94398679
2020-07-11,6.081e-05,6.525e-05,5.927e-05,6.203e-05,60707.48440625
2020-07-12,6.194e-05,6.531e-05,5.888e-05,5.963e-05,122351.8293831
2020-07-13,5.962e-05,7.273e-05,5.734e-05,6.596e-05,444363.91401401
2020-07-14,6.56e-05,8.883e-05,6.414e-05,8.389e-05,881679.881918
2020-07-15,8.389e-05,9.699e-05,8.234e-05,8.763e-05,544306.58054662
2020-07-16,8.735e-05,9.222e-05,7.853e-05,8.399e-05,358002.98262073
2020-07-17,8.449e-05,0.00011621,8.296e-05,0.00011287,424898.94712817
2020-07-18,0.00011215,0.00013216,0.00010272,0.00013024,490143.16647698
2020-07-19,0.00013045,0.00018493,0.00012402,0.00017672,624493.95576397
2020-07-20,0.00017672,0.00021812,0.00015624,0.00018172,894352.9931228
2020-07-21,0.00018051,0.00019419,0.00014892,0.00017603,672704.95623559
2020-07-22,0.00017603,0.00019011,0.00015549,0.00016151,364638.64648316
2020-07-23,0.00016123,0.00017667,0.00015893,0.00017004,228918.3485969
2020-07-24,0.00017037,0.00022,0.00016545,0.00021375,474896.7504294
2020-07-25,0.00021147,0.000261,0.00020014,0.00020599,478793.46272107
2020-07-26,0.00020645,0.00021013,0.00017909,0.00019229,401739.69885783
2020-07-27,0.00019146,0.00019541,0.00012453,0.00013729,863685.51353096
2020-07-28,0.00013708,0.00016212,0.00012937,0.00014788,467188.59789919
2020-07-29,0.00014824,0.00016073,0.00013336,0.00014102,286248.73165468
2020-07-30,0.00014111,0.000148,0.00013612,0.00013632,357768.28434874
2020-07-31,0.0001367,0.00017333,0.00013193,0.0001549,556892.84456052
2020-08-01,0.00015501,0.00017449,0.00013567,0.00013863,664703.3876879
2020-08-02,0.00013903,0.00016154,0.0001318,0.00015631,389520.19347907
2020-08-03,0.00015692,0.00017371,0.0001516,0.00017197,653677.57795079
2020-08-04,0.00017232,0.00018621,0.00015555,0.0001653,531647.16178791
2020-08-05,0.0001653,0.00017347,0.00014847,0.00015155,345386.9523839
2020-08-06,0.00015156,0.00016444,0.00014901,0.00016353,247985.05522466
2020-08-07,0.00016411,0.0001666,0.00015328,0.00015891,241075.08732832
2020-08-08,0.00015825,0.000185,0.00015703,0.00018162,379421.75641418
2020-08-09,0.00018182,0.00021829,0.00017566,0.00020019,601848.07680468
2020-08-10,0.00020045,0.00023,0.00019208,0.00021338,553623.58737103
2020-08-11,0.00021296,0.00028491,0.0002,0.00027804,711523.03270723
2020-08-12,0.00027509,0.000337,0.00026552,0.00033014,460549.14430989
2020-08-13,0.00033014,0.00044698,0.00031574,0.0003692,649908.07169768
2020-08-14,0.00036599,0.00038,0.00030197,0.00031832,434292.75459668
2020-08-15,0.00031706,0.0003353,0.0002801,0.00028094,308258.81112774
2020-08-16,0.00028251,0.00031723,0.00027108,0.00028635,347377.65624474
2020-08-17,0.00028653,0.00030999,0.00024318,0.00025299,496921.07500978
2020-08-18,0.00025274,0.00036066,0.00024791,0.00030138,567851.68504065
2020-08-19,0.00030252,0.00031757,0.0002565,0.00026332,452373.63194889
2020-08-20,0.00026345,0.0002991,0.00026345,0.00026962,441943.63215457
2020-08-21,0.00027047,0.00027642,0.00022,0.000227,657746.65738468
2020-08-22,0.000227,0.00025069,0.0002015,0.0002401,637907.17066914
2020-08-23,0.00024008,0.00025494,0.00021682,0.00024469,512470.4707121
2020-08-24,0.00024464,0.00026552,0.00023378,0.00024962,480104.52967105
2020-08-25,0.00025025,0.00025364,0.00021853,0.00023324,440559.56405671
2020-08-26,0.00023311,0.000257,0.000227,0.00025012,448717.10638657
2020-08-27,0.00025014,0.00026996,0.00022886,0.00024326,479572.41089917
2020-08-28,0.00024432,0.00028514,0.0002419,0.00025204,368220.51008888
2020-08-29,0.00025204,0.00028361,0.00025046,0.00026446,372259.75625417
2020-08-30,0.00026494,0.00027712,0.00024485,0.00025158,318094.86155736
2020-08-31,0.00025128,0.00026428,0.00024237,0.00024477,332292.05348289
2020-09-01,0.0002452,0.00025253,0.00021,0.00021558,546710.30172152
2020-09-02,0.00021505,0.00022824,0.00018194,0.00020833,493007.02894484
2020-09-03,0.00020833,0.00021144,0.00017515,0.00017912,400316.96651686
2020-09-04,0.00017814,0.000215,0.00017363,0.00019478,489019.88314955
2020-09-05,0.00019503,0.00019941,0.00015417,0.00016471,424185.45434541
2020-09-06,0.0001646,0.00018924,0.00015282,0.00017526,315659.42276959
2020-09-07,0.00017533,0.00017992,0.00015806,0.00016909,228472.52110831
2020-09-08,0.0001696,0.0001758,0.00016145,0.00016334,169360.74451461
2020-09-09,0.00016386,0.00018039,0.00016241,0.00017487,211363.48442834
2020-09-10,0.0001754,0.00018791,0.00017194,0.00017225,242895.78265555
2020-09-11,0.00017221,0.00017507,0.00016368,0.00017272,117644.64981283
2020-09-12,0.00017219,0.00018181,0.00016568,0.0001752,114981.08903058
2020-09-13,0.00017528,0.00018239,0.00016322,0.00016672,187630.63666984
2020-09-14,0.00016661,0.00019,0.00015803,0.00017436,344148.20982585
2020-09-15,0.00017464,0.00017611,0.00014639,0.00015012,204592.54504168
2020-09-16,0.00015027,0.00015046,0.00013308,0.00013852,268235.4628395
2020-09-17,0.00013811,0.00014589,0.00013189,0.00013765,136744.76039814
2020-09-18,0.00013765,0.00015391,0.00013469,0.00014084,224880.02688904
2020-09-19,0.00014084,0.0001491,0.00013639,0.00014254,124933.85448257
2020-09-20,0.00014241,0.00014892,0.00013678,0.00014004,78385.78114417
2020-09-21,0.00013977,0.0001423,0.00011745,0.00012153,274265.02165917
2020-09-22,0.0001216,0.00012725,0.00011549,0.00012055,162899.29121423
2020-09-23,0.00012058,0.00012256,0.00010282,0.00010487,259314.60829708
2020-09-24,0.00010543,0.00011593,0.00010346,0.00011444,113882.13168166
2020-09-25,0.00011475,0.00012282,0.0001066,0.00011821,158338.98258916
2020-09-26,0.00011846,0.00012848,0.00011771,0.00012515,99627.08323167
2020-09-27,0.00012547,0.00016611,0.0001148,0.00015559,201091.14775939
2020-09-28,0.00015631,0.00017299,0.000143,0.00014707,207883.87291738
2020-09-29,0.00014705,0.00015455,0.000143,0.00014683,83770.74785358
2020-09-30,0.00014634,0.00016245,0.00014426,0.00016158,89288.16489319
2020-10-01,0.00016189,0.00016245,0.00014039,0.00014684,150523.79566303
2020-10-02,0.00014641,0.00014707,0.00012837,0.00013174,156011.98186501
2020-10-03,0.00013184,0.00013785,0.00013021,0.00013052,24821.60598583
2020-10-04,0.00013001,0.00013175,0.00012248,0.00012604,46043.29147836
2020-10-05,0.00012588,0.00013234,0.00012229,0.00012563,39275.03247463
2020-10-06,0.00012574,0.00012574,0.00010726,0.00010918,135111.67660161
2020-10-07,0.0001087,0.00011221,0.00010268,0.00011116,61215.89936166
2020-10-08,0.00011102,0.00012294,0.000102,0.00011988,95087.66345579
2020-10-09,0.00011988,0.0001251,0.00011675,0.00012279,52670.73930849
2020-10-10,0.00012279,0.00012359,0.00011169,0.00011285,57206.79954419
2020-10-11,0.00011298,0.0001179,0.00011178,0.00011468,25846.84804071
2020-10-12,0.00011466,0.00011804,0.00011,0.00011309,57521.58232139
2020-10-13,0.00011294,0.00011403,0.000108,0.00011032,16707.74424273
2020-10-14,0.00011056,0.0001111,0.00010371,0.00010604,33904.89640011
2020-10-15,0.00010578,0.00011285,0.00010386,0.00010509,22795.47634081
2020-10-16,0.00010461,0.00010665,0.0001028,0.00010421,16106.03706088
2020-10-17,0.00010369,0.00010756,0.000103,0.00010467,20209.91933927
2020-10-18,0.00010399,0.00010632,0.00010301,0.00010524,3355.44261267
2020-10-19,0.00010492,0.00010492,0.0001,0.00010033,24850.7289
2020-10-20,0.00010036,0.00010055,9.111e-05,9.426e-05,116932.42811335
2020-10-21,9.46e-05,9.512e-05,8.779e-05,8.979e-05,28257.53740858
2020-10-22,8.98e-05,9.272e-05,8.808e-05,8.926e-05,54446.69724805
2020-10-23,8.934e-05,9.124e-05,8.572e-05,8.686e-05,24317.28969487
2020-10-24,8.691e-05,8.795e-05,8.432e-05,8.516e-05,17011.50574288
2020-10-25,8.524e-05,8.539e-05,8.264e-05,8.316e-05,21203.77805287
2020-10-26,8.296e-05,8.303e-05,7.048e-05,7.695e-05,98089.44499822
2020-10-27,7.701e-05,7.728e-05,6.894e-05,7.338e-05,65265.49848254
2020-10-28,7.323e-05,7.323e-05,6.438e-05,6.529e-05,42257.5027898
2020-10-29,6.548e-05,6.715e-05,5.91e-05,6.447e-05,52648.78966451
2020-10-30,6.448e-05,6.586e-05,5.956e-05,6.245e-05,23414.41554972
2020-10-31,6.182e-05,6.425e-05,5.876e-05,5.921e-05,20405.25567839
2020-11-01,5.921e-05,6.108e-05,5.82e-05,6.031e-05,10609.2914927
2020-11-02,6.027e-05,6.414e-05,5.862e-05,5.947e-05,39459.93899386
2020-11-03,5.94e-05,5.94e-05,5.221e-05,5.499e-05,76411.97156445
2020-11-04,5.488e-05,5.605e-05,5.23e-05,5.434e-05,47019.63576541
2020-11-05,5.437e-05,5.807e-05,5.174e-05,5.203e-05,53353.82924638
2020-11-06,5.202e-05,6.103e-05,5.154e-05,6.103e-05,54203.01872223
2020-11-07,6.106e-05,7.587e-05,6.096e-05,6.744e-05,152192.0328061
2020-11-08,6.744e-05,7.092e-05,6.14e-05,6.352e-05,66721.08825248
2020-11-09,6.366e-05,6.445e-05,5.985e-05,6.209e-05,46480.51550615
2020-11-10,6.196e-05,6.8e-05,6.15e-05,6.656e-05,35176.79283099
2020-11-11,6.653e-05,6.737e-05,6.038e-05,6.074e-05,47462.98358018
2020-11-12,6.077e-05,6.134e-05,5.504e-05,5.547e-05,22279.13636374
2020-11-13,5.527e-05,6.136e-05,5.508e-05,5.813e-05,40270.75286801
2020-11-14,5.817e-05,6.047e-05,5.635e-05,5.822e-05,32775.83146589
2020-11-15,5.834e-05,6.163e-05,5.6e-05,5.758e-05,46874.15355361
2020-11-16,5.767e-05,6.368e-05,5.709e-05,6.098e-05,45795.59612068
2020-11-17,6.137e-05,6.73e-05,5.679e-05,5.809e-05,55980.45538704
2020-11-18,5.834e-05,5.909e-05,5.201e-05,5.494e-05,58954.54562866
2020-11-19,5.427e-05,5.497e-05,5.231e-05,5.262e-05,32511.66685492
2020-11-20,5.253e-05,5.591e-05,5.153e-05,5.248e-05,36218.64332846
2020-11-21,5.249e-05,6.115e-05,5.173e-05,6.054e-05,90394.99775191
2020-11-22,6.064e-05,6.153e-05,5.476e-05,5.604e-05,58678.3732441
2020-11-23,5.615e-05,6.287e-05,5.615e-05,6.203e-05,57052.38208776
2020-11-24,6.206e-05,6.791e-05,5.461e-05,6.127e-05,139379.97998297
2020-11-25,6.122e-05,6.674e-05,5.768e-05,6.004e-05,113718.30677952
2020-11-26,5.983e-05,6.099e-05,4.718e-05,5.55e-05,354547.42065961
2020-11-27,5.558e-05,5.984e-05,5.522e-05,5.641e-05,102556.85864314
2020-11-28,5.64e-05,5.661e-05,5.394e-05,5.428e-05,89392.63808991
2020-11-29,5.446e-05,5.446e-05,5.146e-05,5.214e-05,91786.65927681
2020-11-30,5.204e-05,5.388e-05,4.859e-05,4.985e-05,153267.7910413
2020-12-01,4.987e-05,5.297e-05,4.912e-05,5.009e-05,52780.61468731
2020-12-02,5.007e-05,5.12e-05,4.931e-05,5.018e-05,93107.51210479
2020-12-03,5.026e-05,5.11e-05,4.927e-05,4.954e-05,24707.85294156
2020-12-04,4.948e-05,4.985e-05,4.624e-05,4.645e-05,46376.04469678
2020-12-05,4.63e-05,4.836e-05,4.574e-05,4.791e-05,36207.35199096
2020-12-06,4.804e-05,4.827e-05,4.625e-05,4.69e-05,36793.7006
2020-12-07,4.656e-05,4.817e-05,4.634e-05,4.71e-05,66551.46546174
2020-12-08,4.718e-05,4.771e-05,4.601e-05,4.625e-05,31064.59653753
2020-12-09,4.64e-05,4.649e-05,4.431e-05,4.602e-05,66894.2097
2020-12-10,4.612e-05,4.664e-05,4.534e-05,4.598e-05,54128.72248064
2020-12-11,4.591e-05,4.598e-05,4.458e-05,4.458e-05,16459.98386565
2020-12-12,4.46e-05,4.64e-05,4.46e-05,4.579e-05,17340.87318726
2020-12-13,4.596e-05,4.598e-05,4.291e-05,4.383e-05,58822.97368763
2020-12-14,4.383e-05,4.428e-05,4.289e-05,4.394e-05,25831.7056483
2020-12-15,4.397e-05,4.863e-05,4.324e-05,4.774e-05,47974.52146943
2020-12-16,4.809e-05,4.861e-05,4.237e-05,4.368e-05,69319.68742051
2020-12-17,4.351e-05,4.409e-05,3.863e-05,4.029e-05,48019.97653882
2020-12-18,4.023e-05,4.062e-05,3.896e-05,3.99e-05,47478.13255
2020-12-19,3.984e-05,4.104e-05,3.87e-05,3.88e-05,54101.14476054
2020-12-20,3.895e-05,3.993e-05,3.82e-05,3.858e-05,24899.67685519
2020-12-21,3.85e-05,3.88e-05,3.649e-05,3.704e-05,25286.11104757
2020-12-22,3.719e-05,3.748e-05,3.498e-05,3.519e-05,27579.0639
2020-12-23,3.528e-05,3.557e-05,2.453e-05,2.682e-05,199580.90487896
2020-12-24,2.678e-05,3.055e-05,2.61e-05,3.05e-05,116253.98575105
2020-12-25,3.052e-05,3.136e-05,2.818e-05,2.873e-05,37260.86637395
2020-12-26,2.862e-05,2.864e-05,2.542e-05,2.601e-05,63617.0725
2020-12-27,2.599e-05,2.655e-05,2.352e-05,2.55e-05,60884.09308072
2020-12-28,2.554e-05,2.664e-05,2.459e-05,2.464e-05,38893.93789924
2020-12-29,2.478e-05,2.52e-05,2.294e-05,2.33e-05,95165.86308784
2020-12-30,2.324e-05,2.433e-05,2.236e-05,2.331e-05,49965.21539956
2020-12-31,2.326e-05,2.558e-05,2.226e-05,2.55e-05,155563.25194201
2021-01-01,2.559e-05,2.617e-05,2.371e-05,2.428e-05,105083.13143723
2021-01-02,2.419e-05,2.531e-05,2.142e-05,2.317e-05,69488.76894147
2021-01-03,2.317e-05,2.473e-05,2.165e-05,2.332e-05,233628.50561731
2021-01-04,2.338e-05,2.712e-05,2.237e-05,2.284e-05,339895.87468804
2021-01-05,2.283e-05,2.387e-05,2.189e-05,2.23e-05,122276.04773874
2021-01-06,2.236e-05,2.422e-05,2.059e-05,2.226e-05,214109.04837968
2021-01-07,2.231e-05,2.395e-05,2.015e-05,2.188e-05,202205.85190706
2021-01-08,2.205e-05,2.579e-05,2.096e-05,2.418e-05,199191.78420203
2021-01-09,2.395e-05,2.965e-05,2.321e-05,2.596e-05,255547.75159487
2021-01-10,2.596e-05,2.9e-05,2.461e-05,2.649e-05,201568.45222773
2021-01-11,2.649e-05,2.664e-05,2.35e-05,2.378e-05,170470.39571084
2021-01-12,2.385e-05,2.474e-05,2.333e-05,2.376e-05,28057.44059783
2021-01-13,2.379e-05,2.614e-05,2.348e-05,2.356e-05,68232.18565502
2021-01-14,2.367e-05,2.367e-05,2.197e-05,2.227e-05,52726.41002797
2021-01-15,2.242e-05,2.562e-05,2.213e-05,2.435e-05,87485.13830038
2021-01-16,2.458e-05,2.687e-05,2.44e-05,2.611e-05,46531.04589422
2021-01-17,2.602e-05,2.887e-05,2.572e-05,2.87e-05,111486.05013682
2021-01-18,2.865e-05,3.163e-05,2.711e-05,3.103e-05,127545.90077823
2021-01-19,3.103e-05,3.141e-05,2.666e-05,2.805e-05,221969.31753418
2021-01-20,2.791e-05,2.901e-05,2.71e-05,2.879e-05,107171.6678694
2021-01-21,2.854e-05,2.956e-05,2.734e-05,2.764e-05,148441.53779907
2021-01-22,2.756e-05,2.902e-05,2.664e-05,2.683e-05,97959.571745
2021-01-23,2.697e-05,3.139e-05,2.685e-05,3.041e-05,204242.87675068
2021-01-24,3.06e-05,3.191e-05,3.043e-05,3.057e-05,85645.15394641
2021-01-25,3.076e-05,3.33e-05,2.943e-05,3.022e-05,147755.70721215
2021-01-26,3.027e-05,3.262e-05,3.016e-05,3.14e-05,138554.48419924
2021-01-27,3.159e-05,4.45e-05,3.159e-05,4.13e-05,738651.93770591
2021-01-28,4.155e-05,4.339e-05,3.6e-05,3.635e-05,324890.84546054
2021-01-29,3.627e-05,4.009e-05,3.058e-05,3.611e-05,598732.2838372
2021-01-30,3.587e-05,4e-05,3.444e-05,3.655e-05,218830.56225028
2021-01-31,3.655e-05,4.394e-05,3.655e-05,4.09e-05,220792.37199417
2021-02-01,4.069e-05,4.203e-05,3.664e-05,3.812e-05,207190.62413066
2021-02-02,3.808e-05,4.353e-05,3.55e-05,3.723e-05,248090.66581596
2021-02-03,3.735e-05,4.448e-05,3.641e-05,4.05e-05,245151.84038611
2021-02-04,4.09e-05,5.067e-05,3.613e-05,4.664e-05,265194.15315057
2021-02-05,4.688e-05,5.3e-05,4.537e-05,4.614e-05,171082.68979013
2021-02-06,4.639e-05,4.814e-05,4.108e-05,4.456e-05,204599.511069
2021-02-07,4.468e-05,5.599e-05,4.464e-05,5.136e-05,188263.86326412
2021-02-08,5.13e-05,6.26e-05,4.641e-05,4.755e-05,364675.87793696
2021-02-09,4.768e-05,5.696e-05,4.585e-05,5.228e-05,224527.84173192
2021-02-10,5.229e-05,5.856e-05,4.734e-05,5.268e-05,325217.46891223
2021-02-11,5.297e-05,7.212e-05,5.297e-05,5.468e-05,406237.47736017
2021-02-12,5.5e-05,6.5e-05,5.477e-05,5.964e-05,208128.5654477
2021-02-13,5.961e-05,6.4e-05,5.313e-05,5.73e-05,162165.83650815
2021-02-14,5.75e-05,5.779e-05,4.492e-05,4.749e-05,384069.60812544
2021-02-15,4.781e-05,4.964e-05,3.949e-05,4.593e-05,558552.66865262
2021-02-16,4.587e-05,4.946e-05,4.375e-05,4.531e-05,190705.5892114
2021-02-17,4.532e-05,5e-05,3.937e-05,4.742e-05,274764.81639676
2021-02-18,4.755e-05,6.198e-05,4.622e-05,6.037e-05,506434.95522595
2021-02-19,6.093e-05,8.258e-05,5.749e-05,6.491e-05,644217.90610588
2021-02-20,6.491e-05,7.065e-05,4.852e-05,5.398e-05,306430.95980127
2021-02-21,5.38e-05,5.99e-05,5.071e-05,5.385e-05,238708.6907336
2021-02-22,5.382e-05,5.423e-05,4.692e-05,5.213e-05,354369.72362152
2021-02-23,5.247e-05,5.247e-05,3.75e-05,4.662e-05,433011.84101881
2021-02-24,4.685e-05,4.99e-05,4.439e-05,4.639e-05,209806.85075294
2021-02-25,4.657e-05,5.498e-05,4.657e-05,4.818e-05,212959.03529633
2021-02-26,4.834e-05,5.025e-05,4.561e-05,4.834e-05,160919.50304018
2021-02-27,4.83e-05,4.989e-05,4.731e-05,4.818e-05,121492.38553976
2021-02-28,4.822e-05,4.826e-05,4.236e-05,4.397e-05,127765.03174097
2021-03-01,4.419e-05,4.696e-05,4.368e-05,4.531e-05,83565.86926877
2021-03-02,4.531e-05,4.804e-05,4.409e-05,4.615e-05,241535.12806034
2021-03-03,4.605e-05,5.45e-05,4.573e-05,5.181e-05,461045.04420031
2021-03-04,5.179e-05,5.399e-05,4.797e-05,5.039e-05,290371.93632003
2021-03-05,5.028e-05,5.054e-05,4.769e-05,4.879e-05,134604.20676776
2021-03-06,4.883e-05,4.985e-05,4.774e-05,4.871e-05,124718.50478784
2021-03-07,4.865e-05,5.4e-05,4.832e-05,5.083e-05,353220.1826277
2021-03-08,5.078e-05,5.9e-05,4.96e-05,5.472e-05,456937.93833727
2021-03-09,5.498e-05,5.916e-05,5.372e-05,5.466e-05,433712.52757689
2021-03-10,5.481e-05,6.128e-05,5.148e-05,5.638e-05,447917.60652649
2021-03-11,5.622e-05,7.22e-05,5.508e-05,5.909e-05,542045.01940839
2021-03-12,5.914e-05,6.624e-05,5.432e-05,5.733e-05,407994.8875689
2021-03-13,5.716e-05,5.722e-05,4.932e-05,4.954e-05,475826.6072994
2021-03-14,4.979e-05,5.687e-05,4.656e-05,5.137e-05,534863.16219181
2021-03-15,5.168e-05,5.668e-05,4.96e-05,5.167e-05,323957.31988142
2021-03-16,5.188e-05,6.098e-05,5.067e-05,5.547e-05,405657.7030878
2021-03-17,5.539e-05,5.719e-05,5.274e-05,5.456e-05,330171.5557816
2021-03-18,5.459e-05,6.108e-05,5.391e-05,5.815e-05,332738.90441973
2021-03-19,5.852e-05,6.948e-05,5.715e-05,6.892e-05,368654.88051742
2021-03-20,6.893e-05,7.038e-05,6.091e-05,6.1e-05,456108.25168314
2021-03-21,6.127e-05,7.1e-05,6.014e-05,6.652e-05,320443.05315296
2021-03-22,6.683e-05,6.933e-05,6.09e-05,6.26e-05,355079.0112476
2021-03-23,6.251e-05,6.659e-05,5.9e-05,6.01e-05,205892.62987586
2021-03-24,5.995e-05,6.835e-05,5.117e-05,5.501e-05,397711.38591778
2021-03-25,5.494e-05,5.596e-05,5.066e-05,5.4e-05,300802.78242786
2021-03-26,5.418e-05,5.837e-05,5.402e-05,5.499e-05,147885.92103328
2021-03-27,5.53e-05,5.699e-05,5.386e-05,5.669e-05,106422.94864219
2021-03-28,5.67e-05,6.108e-05,5.477e-05,5.531e-05,199622.2544448
2021-03-29,5.551e-05,5.747e-05,5.498e-05,5.715e-05,115639.87431514
2021-03-30,5.719e-05,6.582e-05,5.653e-05,6.203e-05,237842.91553251
2021-03-31,6.223e-05,6.372e-05,5.629e-05,5.966e-05,155020.95909667
2021-04-01,5.968e-05,6.457e-05,5.772e-05,6.241e-05,154766.26572644
2021-04-02,6.238e-05,6.564e-05,6e-05,6.31e-05,116810.79483788
2021-04-03,6.328e-05,6.599e-05,5.919e-05,5.919e-05,190452.17108522
2021-04-04,5.914e-05,7.899e-05,5.801e-05,7.67e-05,509464.48097283
2021-04-05,7.68e-05,9.2e-05,7.19e-05,8.001e-05,523719.03453606
2021-04-06,7.996e-05,8.541e-05,7.307e-05,7.95e-05,293428.73246632
2021-04-07,8.04e-05,8.398e-05,6.848e-05,7.311e-05,397873.66464581
2021-04-08,7.331e-05,8.755e-05,7.21e-05,8.05e-05,232792.50566657
2021-04-09,8.096e-05,8.498e-05,7.722e-05,8.212e-05,221530.90454684
2021-04-10,8.212e-05,9.57e-05,7.973e-05,8.664e-05,415561.15542253
2021-04-11,8.673e-05,8.944e-05,8.034e-05,8.384e-05,220652.21430815
2021-04-12,8.36e-05,8.61e-05,7.631e-05,7.939e-05,299361.63474367
2021-04-13,7.925e-05,8.05e-05,6.418e-05,7.269e-05,334720.0005596
2021-04-14,7.264e-05,7.995e-05,6.953e-05,7.173e-05,349469.59448234
2021-04-15,7.19e-05,8.125e-05,6.954e-05,7.44e-05,381145.97916172
2021-04-16,7.441e-05,8.413e-05,7.185e-05,7.989e-05,433457.64414921
2021-04-17,7.99e-05,8.336e-05,7.667e-05,7.714e-05,250518.79583535
2021-04-18,7.732e-05,7.801e-05,5.749e-05,7.327e-05,938486.56398202
2021-04-19,7.334e-05,7.797e-05,6.503e-05,6.586e-05,398209.43286209
2021-04-20,6.583e-05,7.144e-05,5.931e-05,6.838e-05,317575.22892823
2021-04-21,6.855e-05,7.645e-05,6.639e-05,6.94e-05,193381.34485881
2021-04-22,6.949e-05,7.57e-05,6.254e-05,6.644e-05,272409.71925712
2021-04-23,6.618e-05,6.88e-05,5.334e-05,6.138e-05,392744.70384502
2021-04-24,6.135e-05,6.27e-05,5.644e-05,6.026e-05,129819.44909375
2021-04-25,6.026e-05,6.638e-05,5.733e-05,6.002e-05,234184.03628929
2021-04-26,6.002e-05,7.015e-05,5.968e-05,6.713e-05,256856.23285924
2021-04-27,6.714e-05,7.729e-05,6.63e-05,7.487e-05,207087.08724834
2021-04-28,7.504e-05,8.07e-05,6.852e-05,7.529e-05,260569.77777834
2021-04-29,7.562e-05,9.199e-05,7.293e-05,8.608e-05,371148.56370327
2021-04-30,8.625e-05,9.5e-05,8.171e-05,9.102e-05,277188.92380518
2021-05-01,9.088e-05,9.687e-05,8.649e-05,8.76e-05,205077.33771545
2021-05-02,8.779e-05,9.76e-05,8.238e-05,9.626e-05,145452.7454887
2021-05-03,9.635e-05,0.00010155,8.989e-05,9.55e-05,242893.82242103
2021-05-04,9.573e-05,9.899e-05,8.711e-05,8.842e-05,207934.38114534
2021-05-05,8.842e-05,9.39e-05,8.574e-05,8.76e-05,127388.38790014
2021-05-06,8.82e-05,9.3e-05,8.444e-05,8.686e-05,146696.66322481
2021-05-07,8.672e-05,8.928e-05,8.2e-05,8.388e-05,154162.01254337
2021-05-08,8.378e-05,8.799e-05,8.189e-05,8.225e-05,125214.36838467
2021-05-09,8.23e-05,8.916e-05,7.947e-05,8.691e-05,209461.96471658
2021-05-10,8.771e-05,9.265e-05,7.39e-05,7.946e-05,317724.14755406
2021-05-11,7.968e-05,8.538e-05,7.818e-05,8.44e-05,169777.09558031
2021-05-12,8.404e-05,8.76e-05,7.716e-05,7.849e-05,198582.8480933
2021-05-13,7.852e-05,8.439e-05,7.601e-05,7.943e-05,346473.9822335
2021-05-14,7.909e-05,8.293e-05,7.885e-05,8.161e-05,107855.75331969
2021-05-15,8.157e-05,8.256e-05,7.771e-05,7.887e-05,142314.48831314
2021-05-16,7.877e-05,8.327e-05,7.851e-05,8.209e-05,182522.84258142
2021-05-17,8.198e-05,8.732e-05,7.74e-05,8.488e-05,146053.4428206
2021-05-18,8.492e-05,9.4e-05,8.104e-05,8.91e-05,192049.93484996
2021-05-19,8.909e-05,8.947e-05,5.331e-05,5.363e-05,1357827.0702098
2021-05-20,5.363e-05,6.537e-05,5e-05,6.378e-05,656709.43832993
2021-05-21,6.385e-05,6.544e-05,5.479e-05,5.99e-05,531689.94495785
2021-05-22,6e-05,6.258e-05,5.237e-05,5.356e-05,241528.70132393
2021-05-23,5.382e-05,5.533e-05,4.29e-05,4.856e-05,636712.39293919
2021-05-24,4.867e-05,5.624e-05,4.701e-05,5.524e-05,425247.43952541
2021-05-25,5.511e-05,5.798e-05,5.15e-05,5.788e-05,187185.38133922
2021-05-26,5.798e-05,6.243e-05,5.741e-05,6.243e-05,243450.58034321
2021-05-27,6.224e-05,6.246e-05,5.72e-05,5.871e-05,137868.65750928
2021-05-28,5.866e-05,6.012e-05,5.448e-05,5.626e-05,156402.65101299
2021-05-29,5.628e-05,5.755e-05,4.851e-05,5.391e-05,135111.04295157
2021-05-30,5.382e-05,5.968e-05,5.2e-05,5.512e-05,98015.04251589
2021-05-31,5.493e-05,5.745e-05,5.4e-05,5.692e-05,82539.85743063
2021-06-01,5.677e-05,5.767e-05,5.504e-05,5.576e-05,26386.36399042
2021-06-02,5.568e-05,5.98e-05,5.538e-05,5.798e-05,40683.43378118
2021-06-03,5.782e-05,6.08e-05,5.69e-05,5.932e-05,85772.76511164
2021-06-04,5.932e-05,5.984e-05,5.445e-05,5.674e-05,65062.17663701
2021-06-05,5.646e-05,5.85e-05,5.532e-05,5.672e-05,86385.22721872
2021-06-06,5.66e-05,6.013e-05,5.613e-05,5.985e-05,24142.94078099
2021-06-07,5.95e-05,6.143e-05,5.627e-05,5.729e-05,68780.71806484
2021-06-08,5.714e-05,5.85e-05,5.537e-05,5.699e-05,68637.37465017
2021-06-09,5.68e-05,5.686e-05,5.347e-05,5.413e-05,82525.39022945
2021-06-10,5.382e-05,5.423e-05,5.051e-05,5.087e-05,27063.08900081
2021-06-11,5.089e-05,5.102e-05,4.64e-05,4.684e-05,41896.58667996
2021-06-12,4.677e-05,4.857e-05,4.509e-05,4.759e-05,35395.17493784
2021-06-13,4.758e-05,5.01e-05,4.744e-05,4.907e-05,58643.11152345
2021-06-14,4.901e-05,5.169e-05,4.83e-05,5.127e-05,45721.35852675
2021-06-15,5.132e-05,5.553e-05,5.055e-05,5.438e-05,80560.88191731
2021-06-16,5.437e-05,6.143e-05,5.329e-05,6.045e-05,150550.44515727
2021-06-17,6.045e-05,6.12e-05,5.688e-05,5.857e-05,64098.65114797
2021-06-18,5.847e-05,5.847e-05,5.481e-05,5.749e-05,72424.55775409
2021-06-19,5.744e-05,6.388e-05,5.726e-05,5.826e-05,69984.51228498
2021-06-20,5.819e-05,6.333e-05,5.771e-05,6.171e-05,52997.53072008
2021-06-21,6.203e-05,6.452e-05,5.776e-05,5.776e-05,156834.82670078
2021-06-22,5.793e-05,5.906e-05,5.016e-05,5.184e-05,259938.89073836
2021-06-23,5.185e-05,5.767e-05,5.085e-05,5.581e-05,59929.32959478
2021-06-24,5.581e-05,5.681e-05,5.439e-05,5.516e-05,24211.67062007
2021-06-25,5.517e-05,5.548e-05,5.277e-05,5.394e-05,29310.44192082
2021-06-26,5.391e-05,5.515e-05,5.347e-05,5.401e-05,30864.59919152
2021-06-27,5.395e-05,5.491e-05,5.246e-05,5.372e-05,34924.28719303
2021-06-28,5.396e-05,5.577e-05,5.331e-05,5.502e-05,24305.61146432
2021-06-29,5.502e-05,5.765e-05,5.458e-05,5.627e-05,49928.11537546
2021-06-30,5.623e-05,5.81e-05,5.451e-05,5.762e-05,75452.18540291
2021-07-01,5.762e-05,5.762e-05,5.595e-05,5.682e-05,10720.31384295
2021-07-02,5.67e-05,5.695e-05,5.468e-05,5.59e-05,5612.06157101
2021-07-03,5.583e-05,5.691e-05,5.532e-05,5.583e-05,6053.23526045
2021-07-04,5.584e-05,5.79e-05,5.533e-05,5.745e-05,9395.40609381
2021-07-05,5.737e-05,5.891e-05,5.66e-05,5.785e-05,15721.57664631
2021-07-06,5.804e-05,6.173e-05,5.804e-05,6.117e-05,51214.38947327
2021-07-07,6.117e-05,6.393e-05,6.074e-05,6.169e-05,48669.9121746
2021-07-08,6.189e-05,6.257e-05,5.846e-05,5.881e-05,72473.99352369
2021-07-09,5.881e-05,5.979e-05,5.666e-05,5.77e-05,38812.11636426
2021-07-10,5.764e-05,5.809e-05,5.66e-05,5.702e-05,14784.0655857
2021-07-11,5.7e-05,5.764e-05,5.637e-05,5.7e-05,26060.0542295
2021-07-12,5.684e-05,5.789e-05,5.649e-05,5.76e-05,7459.38171942
2021-07-13,5.74e-05,5.769e-05,5.545e-05,5.605e-05,32754.36452785
2021-07-14,5.585e-05,5.618e-05,5.441e-05,5.563e-05,11076.25969736
2021-07-15,5.572e-05,5.6e-05,5.406e-05,5.431e-05,12549.63390931
2021-07-16,5.415e-05,5.524e-05,5.251e-05,5.272e-05,15190.82980046
2021-07-17,5.29e-05,5.426e-05,5.2e-05,5.309e-05,12580.05027715
2021-07-18,5.312e-05,5.464e-05,5.312e-05,5.384e-05,5562.3398
2021-07-19,5.381e-05,5.381e-05,5.015e-05,5.022e-05,24522.06901025
2021-07-20,5.014e-05,5.078e-05,4.735e-05,4.801e-05,24972.35731774
2021-07-21,4.791e-05,4.922e-05,4.646e-05,4.744e-05,32962.709
2021-07-22,4.75e-05,4.826e-05,4.691e-05,4.8e-05,17513.27547188
2021-07-23,4.809e-05,4.879e-05,4.676e-05,4.734e-05,44036.11121951
2021-07-24,4.715e-05,4.909e-05,4.689e-05,4.754e-05,63866.73522324
2021-07-25,4.754e-05,4.756e-05,4.596e-05,4.638e-05,16961.20737908
2021-07-26,4.622e-05,4.713e-05,4.351e-05,4.495e-05,56461.24783981
2021-07-27,4.502e-05,4.678e-05,4.445e-05,4.464e-05,64801.1507
2021-07-28,4.482e-05,4.618e-05,4.345e-05,4.54e-05,28115.93684384
2021-07-29,4.54e-05,5.342e-05,4.502e-05,4.972e-05,48218.77614449
2021-07-30,4.983e-05,5.07e-05,4.86e-05,4.864e-05,18939.1629516
2021-07-31,4.862e-05,5.31e-05,4.842e-05,5.201e-05,45618.95191752
2021-08-01,5.216e-05,5.462e-05,5.159e-05,5.274e-05,61411.60573834
2021-08-02,5.274e-05,6.269e-05,5.274e-05,5.688e-05,139232.22085482
2021-08-03,5.709e-05,5.718e-05,5.499e-05,5.677e-05,33818.41816549
2021-08-04,5.678e-05,5.875e-05,5.631e-05,5.743e-05,18434.84156895
2021-08-05,5.754e-05,6.066e-05,5.695e-05,5.733e-05,32612.63525686
2021-08-06,5.747e-05,6.266e-05,5.683e-05,6.014e-05,56409.24273261
2021-08-07,6.009e-05,6.165e-05,5.857e-05,5.865e-05,51039.52229443
2021-08-08,5.873e-05,5.906e-05,5.541e-05,5.64e-05,22901.45919007
2021-08-09,5.65e-05,6.655e-05,5.65e-05,6.441e-05,77349.68569241
2021-08-10,6.423e-05,6.881e-05,6.364e-05,6.714e-05,41208.34555654
2021-08-11,6.724e-05,7.346e-05,6.697e-05,7.091e-05,60657.76469531
2021-08-12,7.088e-05,7.4e-05,6.824e-05,7.389e-05,56574.64474136
2021-08-13,7.394e-05,7.818e-05,7.325e-05,7.503e-05,60731.49286783
2021-08-14,7.465e-05,7.512e-05,7.29e-05,7.385e-05,17572.2103453
2021-08-15,7.365e-05,7.457e-05,7.12e-05,7.365e-05,39203.15757383
2021-08-16,7.373e-05,7.541e-05,6.898e-05,7.08e-05,47632.13283662
2021-08-17,7.063e-05,7.196e-05,6.685e-05,6.752e-05,44684.81777922
2021-08-18,6.747e-05,7.19e-05,6.382e-05,7.073e-05,80655.63143577
2021-08-19,7.07e-05,7.75e-05,6.946e-05,7.713e-05,40347.79881954
2021-08-20,7.697e-05,7.992e-05,7.424e-05,7.54e-05,45618.74460926
2021-08-21,7.525e-05,7.7e-05,7.261e-05,7.659e-05,123696.87395428
2021-08-22,7.695e-05,7.782e-05,7.285e-05,7.485e-05,39673.82478666
2021-08-23,7.485e-05,7.904e-05,7.254e-05,7.684e-05,24274.21205372
2021-08-24,7.681e-05,8.531e-05,7.545e-05,8.107e-05,79816.0667356
2021-08-25,8.122e-05,9.471e-05,8.102e-05,8.128e-05,146188.76876177
2021-08-26,8.135e-05,8.173e-05,7.75e-05,7.953e-05,32151.42631822
2021-08-27,7.951e-05,8.518e-05,7.796e-05,8.152e-05,363684.63891528
2021-08-28,8.155e-05,8.253e-05,7.854e-05,7.888e-05,67654.48964612
2021-08-29,7.884e-05,7.889e-05,7.65e-05,7.695e-05,80738.5302
