2017-12-18,1.405e-05,1.498e-05,1.313e-05,1.466e-05,112876973.0
2017-12-19,1.466e-05,1.641e-05,1.402e-05,1.505e-05,159623498.0
2017-12-20,1.505e-05,1.779e-05,1.25e-05,1.526e-05,181743002.0
2017-12-21,1.526e-05,1.686e-05,1.501e-05,1.638e-05,155109692.0
2017-12-22,1.638e-05,1.793e-05,1.291e-05,1.565e-05,169385298.0
2017-12-23,1.565e-05,1.711e-05,1.528e-05,1.61e-05,90023095.0
2017-12-24,1.61e-05,1.647e-05,1.521e-05,1.607e-05,58786376.0
2017-12-25,1.607e-05,1.65e-05,1.555e-05,1.608e-05,99511815.0
2017-12-26,1.608e-05,1.622e-05,1.3e-05,1.42e-05,103814697.0
2017-12-27,1.42e-05,1.524e-05,1.342e-05,1.463e-05,59920018.0
2017-12-28,1.463e-05,1.601e-05,1.339e-05,1.538e-05,56446646.0
2017-12-29,1.538e-05,2.462e-05,1.529e-05,2.22e-05,278211592.0
2017-12-30,2.22e-05,2.98e-05,2.165e-05,2.495e-05,348893383.0
2017-12-31,2.495e-05,2.688e-05,2.3e-05,2.558e-05,114400877.0
2018-01-01,2.558e-05,4.1e-05,2.545e-05,3.648e-05,306017522.0
2018-01-02,3.648e-05,4.3e-05,2.603e-05,3.785e-05,279506749.0
2018-01-03,3.785e-05,6.789e-05,3.779e-05,5.963e-05,424117965.0
2018-01-04,5.963e-05,6.295e-05,4.5e-05,4.959e-05,257436611.0
2018-01-05,4.959e-05,5.439e-05,3.464e-05,3.91e-05,235933624.0
2018-01-06,3.91e-05,4.972e-05,3.663e-05,4.064e-05,141235115.0
2018-01-07,4.069e-05,4.45e-05,3.5e-05,4.174e-05,136288087.0
2018-01-08,4.174e-05,4.431e-05,3.665e-05,4.138e-05,108555809.0
2018-01-09,4.138e-05,4.284e-05,3.842e-05,4.021e-05,137551947.0
2018-01-10,4.021e-05,4.112e-05,3.351e-05,3.764e-05,107498451.0
2018-01-11,3.764e-05,4.491e-05,3.23e-05,4.167e-05,134128917.0
2018-01-12,4.167e-05,5.074e-05,4.012e-05,4.855e-05,178314863.0
2018-01-13,4.855e-05,5.078e-05,4.406e-05,4.677e-05,73046622.0
2018-01-14,4.677e-05,4.744e-05,4.218e-05,4.557e-05,41806668.0
2018-01-15,4.557e-05,4.93e-05,4.32e-05,4.36e-05,68741932.0
2018-01-16,4.36e-05,4.392e-05,3.025e-05,3.898e-05,93793758.0
2018-01-17,3.898e-05,4.39e-05,3.2e-05,4.328e-05,106272917.0
2018-01-18,4.328e-05,4.77e-05,4.151e-05,4.435e-05,88803388.0
2018-01-19,4.435e-05,4.575e-05,4.257e-05,4.37e-05,40460379.0
2018-01-20,4.37e-05,4.384e-05,4.037e-05,4.151e-05,38531350.0
2018-01-21,4.151e-05,4.178e-05,3.899e-05,4.026e-05,34579456.0
2018-01-22,4.026e-05,4.515e-05,3.969e-05,4.427e-05,73989440.0
2018-01-23,4.427e-05,4.595e-05,4.3e-05,4.485e-05,52799044.0
2018-01-24,4.485e-05,5.34e-05,4.46e-05,5.041e-05,151520609.0
2018-01-25,5.041e-05,5.799e-05,4.915e-05,5.434e-05,140862376.0
2018-01-26,5.434e-05,5.827e-05,5.275e-05,5.69e-05,103432943.0
2018-01-27,5.69e-05,5.72e-05,5.339e-05,5.403e-05,42153860.0
2018-01-28,5.403e-05,5.403e-05,5.102e-05,5.285e-05,39212952.0
2018-01-29,5.285e-05,5.285e-05,5.035e-05,5.141e-05,31644633.0
2018-01-30,5.141e-05,5.147e-05,4.656e-05,4.8e-05,49093739.0
2018-01-31,4.8e-05,5.349e-05,4.52e-05,5.217e-05,58680634.0
2018-02-01,5.217e-05,5.241e-05,4.77e-05,4.949e-05,43832722.0
2018-02-02,4.949e-05,4.991e-05,3.727e-05,4.661e-05,79960613.0
2018-02-03,4.661e-05,5.144e-05,4.22e-05,4.813e-05,47360846.0
2018-02-04,4.813e-05,5.07e-05,4.499e-05,4.629e-05,38623237.0
2018-02-05,4.629e-05,5.035e-05,4.36e-05,4.65e-05,62878110.0
2018-02-06,4.65e-05,4.78e-05,4.301e-05,4.701e-05,71667231.0
2018-02-07,4.701e-05,4.701e-05,4.376e-05,4.403e-05,36030431.0
2018-02-08,4.405e-05,4.463e-05,4.35e-05,4.449e-05,799543.0
2018-02-09,4.449e-05,4.653e-05,4.296e-05,4.501e-05,25723318.0
2018-02-10,4.501e-05,4.844e-05,4.453e-05,4.574e-05,46479637.0
2018-02-11,4.574e-05,4.575e-05,4.337e-05,4.456e-05,22380251.0
2018-02-12,4.456e-05,4.52e-05,4.32e-05,4.337e-05,17217658.0
2018-02-13,4.337e-05,4.975e-05,4.293e-05,4.7e-05,83783340.0
2018-02-14,4.7e-05,4.875e-05,4.522e-05,4.745e-05,64393047.0
2018-02-15,4.745e-05,4.75e-05,4.336e-05,4.399e-05,38398731.0
2018-02-16,4.399e-05,4.5e-05,4.351e-05,4.408e-05,23175726.0
2018-02-17,4.408e-05,4.538e-05,4.25e-05,4.265e-05,33110109.0
2018-02-18,4.265e-05,4.298e-05,4.1e-05,4.179e-05,21475197.0
2018-02-19,4.179e-05,4.255e-05,3.954e-05,3.982e-05,24527967.0
2018-02-20,3.982e-05,4.0e-05,3.41e-05,3.482e-05,53237403.0
2018-02-21,3.482e-05,3.838e-05,3.334e-05,3.596e-05,63155696.0
2018-02-22,3.596e-05,3.675e-05,3.346e-05,3.543e-05,31781225.0
2018-02-23,3.543e-05,3.697e-05,3.47e-05,3.615e-05,23780859.0
2018-02-24,3.615e-05,3.622e-05,3.49e-05,3.538e-05,17491346.0
2018-02-25,3.538e-05,3.7e-05,3.487e-05,3.644e-05,23499370.0
2018-02-26,3.644e-05,3.645e-05,3.441e-05,3.459e-05,17533020.0
2018-02-27,3.459e-05,3.507e-05,3.283e-05,3.366e-05,18776655.0
2018-02-28,3.366e-05,3.366e-05,3.153e-05,3.199e-05,19927789.0
2018-03-01,3.199e-05,3.249e-05,2.799e-05,3.083e-05,23486340.0
2018-03-02,3.083e-05,3.084e-05,2.868e-05,2.88e-05,21203478.0
2018-03-03,2.88e-05,3.066e-05,2.727e-05,3.04e-05,26778501.0
2018-03-04,3.04e-05,3.293e-05,2.98e-05,3.149e-05,75753133.0
2018-03-05,3.149e-05,3.475e-05,3.014e-05,3.042e-05,58619538.0
2018-03-06,3.042e-05,3.234e-05,3.014e-05,3.105e-05,23237752.0
2018-03-07,3.105e-05,3.297e-05,3.0e-05,3.279e-05,40215278.0
2018-03-08,3.279e-05,3.366e-05,3.162e-05,3.293e-05,33739716.0
2018-03-09,3.293e-05,3.331e-05,3.088e-05,3.327e-05,29292976.0
2018-03-10,3.327e-05,3.368e-05,3.225e-05,3.265e-05,15102610.0
2018-03-11,3.265e-05,3.295e-05,3.112e-05,3.167e-05,13578808.0
2018-03-12,3.167e-05,3.199e-05,3.075e-05,3.156e-05,14580741.0
2018-03-13,3.156e-05,3.191e-05,3.044e-05,3.138e-05,30139435.0
2018-03-14,3.138e-05,3.168e-05,2.944e-05,2.996e-05,62491354.0
2018-03-15,2.996e-05,3.005e-05,2.753e-05,2.898e-05,67290233.0
2018-03-16,2.898e-05,2.902e-05,2.753e-05,2.761e-05,48007866.0
2018-03-17,2.761e-05,2.846e-05,2.546e-05,2.598e-05,61814312.0
2018-03-18,2.598e-05,2.783e-05,2.127e-05,2.673e-05,112605653.0
2018-03-19,2.673e-05,2.911e-05,2.13e-05,2.878e-05,90179240.0
2018-03-20,2.878e-05,3.189e-05,2.776e-05,2.995e-05,82701829.0
2018-03-21,2.995e-05,3.036e-05,2.781e-05,2.817e-05,80409764.0
2018-03-22,2.817e-05,2.848e-05,2.636e-05,2.767e-05,66374437.0
2018-03-23,2.767e-05,2.797e-05,2.638e-05,2.667e-05,74465747.0
2018-03-24,2.661e-05,2.768e-05,2.636e-05,2.715e-05,68812727.0
2018-03-25,2.715e-05,2.849e-05,2.705e-05,2.834e-05,63205375.0
2018-03-26,2.834e-05,2.91e-05,2.725e-05,2.787e-05,67110668.0
2018-03-27,2.787e-05,2.844e-05,2.595e-05,2.756e-05,58647925.0
2018-03-28,2.756e-05,2.806e-05,2.73e-05,2.743e-05,47359374.0
2018-03-29,2.743e-05,2.797e-05,2.1e-05,2.668e-05,70574126.0
2018-03-30,2.668e-05,2.757e-05,2.585e-05,2.74e-05,63286598.0
2018-03-31,2.74e-05,3.076e-05,2.713e-05,2.96e-05,116792547.0
2018-04-01,2.96e-05,3.041e-05,2.905e-05,3.019e-05,67515453.0
2018-04-02,3.019e-05,3.349e-05,2.962e-05,3.169e-05,96806128.0
2018-04-03,3.169e-05,3.323e-05,3.06e-05,3.134e-05,78095808.0
2018-04-04,3.134e-05,3.177e-05,2.95e-05,2.972e-05,69342174.0
2018-04-05,2.972e-05,3.05e-05,2.842e-05,2.9e-05,73455329.0
2018-04-06,2.9e-05,2.992e-05,2.851e-05,2.902e-05,71074243.0
2018-04-07,2.902e-05,2.98e-05,2.876e-05,2.923e-05,55850555.0
2018-04-08,2.923e-05,2.952e-05,2.851e-05,2.943e-05,42499534.0
2018-04-09,2.943e-05,2.982e-05,2.871e-05,2.9e-05,61311557.0
2018-04-10,2.9e-05,2.992e-05,2.898e-05,2.914e-05,48739689.0
2018-04-11,2.914e-05,3.078e-05,2.9e-05,3.047e-05,61321669.0
2018-04-12,3.047e-05,3.19e-05,2.889e-05,3.099e-05,100079352.0
2018-04-13,3.099e-05,3.325e-05,2.979e-05,3.116e-05,97063643.0
2018-04-14,3.116e-05,3.232e-05,3.075e-05,3.168e-05,58038264.0
2018-04-15,3.168e-05,3.66e-05,3.162e-05,3.53e-05,100236743.0
2018-04-16,3.53e-05,3.64e-05,3.408e-05,3.538e-05,72900677.0
2018-04-17,3.538e-05,3.957e-05,3.478e-05,3.809e-05,97363372.0
2018-04-18,3.809e-05,4.379e-05,3.803e-05,4.332e-05,115163658.0
2018-04-19,4.332e-05,4.68e-05,4.226e-05,4.402e-05,114045632.0
2018-04-20,4.402e-05,4.617e-05,4.288e-05,4.414e-05,93826881.0
2018-04-21,4.414e-05,4.534e-05,4.0e-05,4.179e-05,64427097.0
2018-04-22,4.179e-05,4.275e-05,4.105e-05,4.15e-05,44677820.0
2018-04-23,4.15e-05,4.214e-05,4.031e-05,4.165e-05,51944609.0
2018-04-24,4.165e-05,4.345e-05,4.066e-05,4.07e-05,77719331.0
2018-04-25,4.078e-05,4.115e-05,3.676e-05,3.799e-05,85021281.0
2018-04-26,3.799e-05,4.4e-05,3.775e-05,4.163e-05,87362846.0
2018-04-27,4.163e-05,4.591e-05,4.131e-05,4.338e-05,99556286.0
2018-04-28,4.338e-05,4.676e-05,4.316e-05,4.586e-05,67906897.0
2018-04-29,4.586e-05,4.899e-05,4.499e-05,4.875e-05,82989039.0
2018-04-30,4.875e-05,4.889e-05,4.481e-05,4.58e-05,56273844.0
2018-05-01,4.58e-05,4.974e-05,4.359e-05,4.823e-05,82303743.0
2018-05-02,4.823e-05,4.882e-05,4.685e-05,4.75e-05,48929342.0
2018-05-03,4.75e-05,4.77e-05,4.432e-05,4.458e-05,45486403.0
2018-05-04,4.458e-05,4.552e-05,4.372e-05,4.424e-05,20273163.0
2018-05-05,4.424e-05,4.444e-05,4.285e-05,4.374e-05,18632279.0
2018-05-06,4.374e-05,4.374e-05,4.215e-05,4.247e-05,15921380.0
2018-05-07,4.247e-05,4.282e-05,4.066e-05,4.217e-05,21711579.0
2018-05-08,4.217e-05,4.357e-05,4.085e-05,4.142e-05,25942195.0
2018-05-09,4.142e-05,4.19e-05,3.916e-05,3.99e-05,22853408.0
2018-05-10,3.99e-05,4.118e-05,3.832e-05,3.832e-05,19882009.0
2018-05-11,3.832e-05,3.915e-05,3.434e-05,3.699e-05,37465071.0
2018-05-12,3.699e-05,4.26e-05,3.616e-05,4.207e-05,45219065.0
2018-05-13,4.207e-05,4.409e-05,4.135e-05,4.253e-05,36884424.0
2018-05-14,4.253e-05,4.328e-05,4.059e-05,4.161e-05,26032393.0
2018-05-15,4.161e-05,4.228e-05,4.003e-05,4.01e-05,21380883.0
2018-05-16,4.01e-05,4.063e-05,3.846e-05,3.966e-05,22703919.0
2018-05-17,3.966e-05,4.052e-05,3.767e-05,3.799e-05,15413954.0
2018-05-18,3.799e-05,3.866e-05,3.715e-05,3.838e-05,12128771.0
2018-05-19,3.838e-05,3.912e-05,3.73e-05,3.806e-05,11284575.0
2018-05-20,3.806e-05,3.916e-05,3.796e-05,3.856e-05,11949055.0
2018-05-21,3.856e-05,3.866e-05,3.701e-05,3.713e-05,9487042.0
2018-05-22,3.713e-05,3.88e-05,3.638e-05,3.647e-05,15203735.0
2018-05-23,3.647e-05,3.789e-05,3.492e-05,3.635e-05,21326711.0
2018-05-24,3.635e-05,3.919e-05,3.6e-05,3.839e-05,23532246.0
2018-05-25,3.839e-05,3.939e-05,3.803e-05,3.839e-05,71747202.0
2018-05-26,3.839e-05,3.92e-05,3.832e-05,3.857e-05,73495358.0
2018-05-27,3.857e-05,3.863e-05,3.698e-05,3.726e-05,82659364.0
2018-05-28,3.726e-05,3.751e-05,3.478e-05,3.503e-05,81707542.0
2018-05-29,3.503e-05,3.811e-05,3.452e-05,3.786e-05,84917734.0
2018-05-30,3.786e-05,3.887e-05,3.632e-05,3.729e-05,86682445.0
2018-05-31,3.729e-05,4.01e-05,3.694e-05,3.946e-05,96315959.0
2018-06-01,3.946e-05,3.978e-05,3.771e-05,3.838e-05,85548830.0
2018-06-02,3.838e-05,3.946e-05,3.834e-05,3.903e-05,79667253.0
2018-06-03,3.903e-05,4.02e-05,3.872e-05,3.94e-05,78013239.0
2018-06-04,3.94e-05,4.025e-05,3.82e-05,3.881e-05,72620684.0
2018-06-05,3.881e-05,3.912e-05,3.785e-05,3.855e-05,67226472.0
2018-06-06,3.855e-05,3.91e-05,3.816e-05,3.91e-05,80913999.0
2018-06-07,3.91e-05,3.965e-05,3.784e-05,3.804e-05,65403987.0
2018-06-08,3.804e-05,3.854e-05,3.76e-05,3.772e-05,65038844.0
2018-06-09,3.772e-05,3.798e-05,3.7e-05,3.741e-05,71507442.0
2018-06-10,3.741e-05,3.76e-05,3.54e-05,3.605e-05,65617043.0
2018-06-11,3.605e-05,3.685e-05,3.506e-05,3.675e-05,59596305.0
2018-06-12,3.675e-05,3.682e-05,3.455e-05,3.471e-05,72731908.0
2018-06-13,3.471e-05,3.518e-05,3.322e-05,3.481e-05,72336695.0
2018-06-14,3.481e-05,3.65e-05,3.439e-05,3.627e-05,76766807.0
2018-06-15,3.627e-05,3.685e-05,3.56e-05,3.588e-05,58913608.0
2018-06-16,3.588e-05,3.614e-05,3.51e-05,3.54e-05,53953285.0
2018-06-17,3.54e-05,3.601e-05,3.506e-05,3.541e-05,50992237.0
2018-06-18,3.541e-05,3.559e-05,3.44e-05,3.467e-05,53239964.0
2018-06-19,3.467e-05,3.532e-05,3.44e-05,3.479e-05,53968446.0
2018-06-20,3.479e-05,3.513e-05,3.4e-05,3.411e-05,76371547.0
2018-06-21,3.411e-05,3.485e-05,3.355e-05,3.373e-05,64049212.0
2018-06-22,3.373e-05,3.4e-05,3.269e-05,3.314e-05,69630227.0
2018-06-23,3.314e-05,3.334e-05,3.226e-05,3.275e-05,84178297.0
2018-06-24,3.275e-05,3.291e-05,3.0e-05,3.143e-05,78954654.0
2018-06-25,3.143e-05,3.209e-05,3.066e-05,3.166e-05,65680373.0
2018-06-26,3.166e-05,3.167e-05,3.01e-05,3.016e-05,45549673.0
2018-06-27,3.016e-05,3.159e-05,2.929e-05,3.108e-05,67955417.0
2018-06-28,3.108e-05,3.172e-05,3.004e-05,3.024e-05,62038456.0
2018-06-29,3.024e-05,3.043e-05,2.933e-05,3.014e-05,71352455.0
2018-06-30,3.014e-05,3.134e-05,2.963e-05,3.02e-05,65720574.0
2018-07-01,3.02e-05,3.148e-05,2.979e-05,3.145e-05,62963921.0
2018-07-02,3.145e-05,3.277e-05,2.902e-05,3.25e-05,71177006.0
2018-07-03,3.25e-05,3.333e-05,3.132e-05,3.153e-05,72686770.0
2018-07-04,3.153e-05,3.236e-05,3.137e-05,3.194e-05,36837369.0
2018-07-05,3.194e-05,3.228e-05,3.052e-05,3.074e-05,55732333.0
2018-07-06,3.074e-05,3.195e-05,3.03e-05,3.129e-05,58944366.0
2018-07-07,3.129e-05,3.166e-05,3.033e-05,3.08e-05,55834137.0
2018-07-08,3.08e-05,3.225e-05,3.069e-05,3.135e-05,61876754.0
2018-07-09,3.135e-05,3.186e-05,3.084e-05,3.089e-05,58032867.0
2018-07-10,3.089e-05,3.1e-05,2.981e-05,3.03e-05,65007772.0
2018-07-11,3.03e-05,3.04e-05,2.909e-05,2.971e-05,57651646.0
2018-07-12,2.971e-05,2.978e-05,2.917e-05,2.953e-05,66151280.0
2018-07-13,2.953e-05,3.325e-05,2.953e-05,3.307e-05,81805524.0
2018-07-14,3.307e-05,3.4e-05,3.168e-05,3.331e-05,58036037.0
2018-07-15,3.331e-05,3.516e-05,3.298e-05,3.477e-05,57357950.0
2018-07-16,3.477e-05,3.566e-05,3.455e-05,3.56e-05,49170416.0
2018-07-17,3.56e-05,3.564e-05,3.388e-05,3.466e-05,54055411.0
2018-07-18,3.466e-05,4.38e-05,3.459e-05,4.033e-05,179002947.0
2018-07-19,4.033e-05,4.35e-05,3.826e-05,4.088e-05,157767633.0
2018-07-20,4.088e-05,4.095e-05,3.599e-05,3.667e-05,148301646.0
2018-07-21,3.667e-05,4.007e-05,3.533e-05,3.953e-05,115778236.0
2018-07-22,3.953e-05,4.114e-05,3.8e-05,3.829e-05,107265254.0
2018-07-23,3.829e-05,3.98e-05,3.626e-05,3.704e-05,91396254.0
2018-07-24,3.704e-05,3.762e-05,3.512e-05,3.574e-05,109657650.0
2018-07-25,3.574e-05,4.244e-05,3.55e-05,4.08e-05,153753710.0
2018-07-26,4.08e-05,4.23e-05,3.725e-05,3.885e-05,155873077.0
2018-07-27,3.885e-05,3.962e-05,3.769e-05,3.9e-05,105566863.0
2018-07-28,3.9e-05,3.954e-05,3.8e-05,3.83e-05,83996914.0
2018-07-29,3.83e-05,3.86e-05,3.706e-05,3.75e-05,91018830.0
2018-07-30,3.75e-05,3.75e-05,3.498e-05,3.604e-05,103036118.0
2018-07-31,3.604e-05,3.673e-05,3.34e-05,3.584e-05,102102122.0
2018-08-01,3.584e-05,3.738e-05,3.504e-05,3.641e-05,84670617.0
2018-08-02,3.641e-05,3.666e-05,3.44e-05,3.442e-05,79852833.0
2018-08-03,3.442e-05,3.581e-05,3.357e-05,3.448e-05,97649721.0
2018-08-04,3.448e-05,3.484e-05,3.353e-05,3.408e-05,81119150.0
2018-08-05,3.408e-05,3.493e-05,3.375e-05,3.457e-05,72427716.0
2018-08-06,3.457e-05,3.475e-05,3.335e-05,3.356e-05,65703762.0
2018-08-07,3.356e-05,3.467e-05,3.32e-05,3.389e-05,90517487.0
2018-08-08,3.389e-05,3.4e-05,3.072e-05,3.146e-05,92361327.0
2018-08-09,3.146e-05,3.466e-05,3.146e-05,3.382e-05,98645052.0
2018-08-10,3.382e-05,3.746e-05,3.348e-05,3.619e-05,133381338.0
2018-08-11,3.619e-05,3.666e-05,3.299e-05,3.409e-05,61615590.0
2018-08-12,3.409e-05,3.409e-05,3.409e-05,3.409e-05,0.0
2018-08-13,3.54e-05,3.755e-05,3.484e-05,3.548e-05,122258762.0
2018-08-14,3.548e-05,3.635e-05,3.296e-05,3.503e-05,97152827.0
2018-08-15,3.503e-05,3.618e-05,3.41e-05,3.425e-05,76855021.0
2018-08-16,3.425e-05,3.435e-05,3.316e-05,3.402e-05,79202499.0
2018-08-17,3.402e-05,3.665e-05,3.39e-05,3.631e-05,81278593.0
2018-08-18,3.631e-05,3.736e-05,3.432e-05,3.474e-05,66115172.0
2018-08-19,3.474e-05,3.606e-05,3.446e-05,3.52e-05,53326850.0
2018-08-20,3.52e-05,3.569e-05,3.384e-05,3.39e-05,53922574.0
2018-08-21,3.39e-05,3.448e-05,3.338e-05,3.385e-05,45915789.0
2018-08-22,3.385e-05,3.398e-05,3.218e-05,3.27e-05,54890259.0
2018-08-23,3.27e-05,3.339e-05,3.238e-05,3.315e-05,50263069.0
2018-08-24,3.315e-05,3.324e-05,3.251e-05,3.267e-05,44300472.0
2018-08-25,3.267e-05,3.27e-05,3.2e-05,3.227e-05,48491020.0
2018-08-26,3.227e-05,3.236e-05,3.156e-05,3.181e-05,43037713.0
2018-08-27,3.181e-05,3.3e-05,3.169e-05,3.294e-05,49728502.0
2018-08-28,3.294e-05,3.373e-05,3.246e-05,3.328e-05,64709490.0
2018-08-29,3.328e-05,3.344e-05,3.166e-05,3.209e-05,52360984.0
2018-08-30,3.209e-05,3.232e-05,3.101e-05,3.18e-05,51122173.0
2018-08-31,3.18e-05,3.219e-05,3.108e-05,3.172e-05,49082269.0
2018-09-01,3.172e-05,3.268e-05,3.159e-05,3.192e-05,50366290.0
2018-09-02,3.192e-05,3.211e-05,3.068e-05,3.098e-05,21432186.0
2018-09-03,3.098e-05,3.11e-05,3.018e-05,3.038e-05,17541876.0
2018-09-04,3.038e-05,3.198e-05,3.02e-05,3.158e-05,30410900.0
2018-09-05,3.158e-05,3.185e-05,3.012e-05,3.033e-05,59220102.0
2018-09-06,3.033e-05,3.2e-05,3.0e-05,3.193e-05,109044687.0
2018-09-07,3.193e-05,3.263e-05,3.093e-05,3.218e-05,74607910.0
2018-09-08,3.218e-05,3.232e-05,3.115e-05,3.122e-05,66065238.0
2018-09-09,3.122e-05,3.18e-05,3.017e-05,3.044e-05,75342379.0
2018-09-10,3.044e-05,3.078e-05,2.959e-05,3.013e-05,72663283.0
2018-09-11,3.013e-05,3.374e-05,2.933e-05,3.188e-05,107375968.0
2018-09-12,3.188e-05,3.286e-05,2.96e-05,3.106e-05,104454927.0
2018-09-13,3.106e-05,3.263e-05,3.105e-05,3.171e-05,79662282.0
2018-09-14,3.171e-05,3.196e-05,3.05e-05,3.09e-05,72130226.0
2018-09-15,3.09e-05,3.145e-05,3.074e-05,3.103e-05,57302086.0
2018-09-16,3.103e-05,3.23e-05,3.079e-05,3.176e-05,65937778.0
2018-09-17,3.176e-05,3.238e-05,3.111e-05,3.13e-05,68528139.0
2018-09-18,3.13e-05,3.381e-05,3.096e-05,3.268e-05,85809287.0
2018-09-19,3.268e-05,3.327e-05,3.201e-05,3.231e-05,70232809.0
2018-09-20,3.231e-05,3.787e-05,3.211e-05,3.571e-05,113993720.0
2018-09-21,3.571e-05,4.15e-05,3.545e-05,3.671e-05,187626825.0
2018-09-22,3.671e-05,3.712e-05,3.491e-05,3.573e-05,63837206.0
2018-09-23,3.573e-05,4.489e-05,3.551e-05,4.193e-05,200837110.0
2018-09-24,4.193e-05,4.22e-05,3.831e-05,3.927e-05,94475885.0
2018-09-25,3.927e-05,3.999e-05,3.622e-05,3.926e-05,97351284.0
2018-09-26,3.926e-05,3.97e-05,3.705e-05,3.765e-05,67696715.0
2018-09-27,3.765e-05,4.075e-05,3.751e-05,3.887e-05,72944158.0
2018-09-28,3.887e-05,3.917e-05,3.762e-05,3.818e-05,50547248.0
2018-09-29,3.818e-05,3.976e-05,3.778e-05,3.858e-05,43730292.0
2018-09-30,3.858e-05,3.977e-05,3.828e-05,3.922e-05,49867481.0
2018-10-01,3.922e-05,4.01e-05,3.85e-05,3.915e-05,48023784.0
2018-10-02,3.915e-05,3.944e-05,3.769e-05,3.779e-05,40151764.0
2018-10-03,3.779e-05,3.808e-05,3.671e-05,3.712e-05,29145910.0
2018-10-04,3.712e-05,3.764e-05,3.69e-05,3.706e-05,15163077.0
2018-10-05,3.706e-05,3.759e-05,3.653e-05,3.73e-05,13066568.0
2018-10-06,3.73e-05,3.755e-05,3.631e-05,3.662e-05,10400876.0
2018-10-07,3.662e-05,3.719e-05,3.625e-05,3.703e-05,8984014.0
2018-10-08,3.703e-05,3.758e-05,3.671e-05,3.749e-05,13756202.0
2018-10-09,3.749e-05,3.769e-05,3.68e-05,3.72e-05,12084896.0
2018-10-10,3.72e-05,3.733e-05,3.656e-05,3.669e-05,11505925.0
2018-10-11,3.669e-05,3.673e-05,3.306e-05,3.315e-05,44343394.0
2018-10-12,3.315e-05,3.496e-05,3.307e-05,3.417e-05,16519863.0
2018-10-13,3.417e-05,3.477e-05,3.4e-05,3.422e-05,7426087.0
2018-10-14,3.422e-05,3.43e-05,3.306e-05,3.32e-05,9726959.0
2018-10-15,3.32e-05,3.451e-05,3.238e-05,3.387e-05,35964219.0
2018-10-16,3.387e-05,3.397e-05,3.387e-05,3.397e-05,0.0
2018-10-17,3.509e-05,3.759e-05,3.489e-05,3.71e-05,60989927.0
2018-10-18,3.71e-05,3.819e-05,3.55e-05,3.697e-05,38396314.0
2018-10-19,3.697e-05,3.859e-05,3.64e-05,3.826e-05,27346911.0
2018-10-20,3.826e-05,3.922e-05,3.778e-05,3.829e-05,24990084.0
2018-10-21,3.829e-05,3.858e-05,3.733e-05,3.752e-05,15024396.0
2018-10-22,3.752e-05,3.81e-05,3.698e-05,3.773e-05,21090990.0
2018-10-23,3.773e-05,3.839e-05,3.706e-05,3.748e-05,20603599.0
2018-10-24,3.748e-05,3.755e-05,3.659e-05,3.68e-05,15872706.0
2018-10-25,3.68e-05,3.697e-05,3.619e-05,3.655e-05,10945414.0
2018-10-26,3.655e-05,3.658e-05,3.574e-05,3.634e-05,10285018.0
2018-10-27,3.634e-05,3.638e-05,3.539e-05,3.55e-05,6695142.0
2018-10-28,3.55e-05,3.654e-05,3.535e-05,3.613e-05,8848187.0
2018-10-29,3.613e-05,3.63e-05,3.492e-05,3.509e-05,13106247.0
2018-10-30,3.509e-05,3.569e-05,3.5e-05,3.535e-05,8620889.0
2018-10-31,3.535e-05,3.565e-05,3.476e-05,3.558e-05,10768574.0
2018-11-01,3.558e-05,3.568e-05,3.504e-05,3.527e-05,9706292.0
2018-11-02,3.527e-05,3.78e-05,3.521e-05,3.703e-05,30678721.0
2018-11-03,3.703e-05,3.818e-05,3.687e-05,3.71e-05,30760521.0
2018-11-04,3.71e-05,3.853e-05,3.698e-05,3.79e-05,33344216.0
2018-11-05,3.79e-05,3.856e-05,3.735e-05,3.849e-05,26550569.0
2018-11-06,3.849e-05,4.162e-05,3.841e-05,4.117e-05,92993008.0
2018-11-07,4.117e-05,4.124e-05,3.881e-05,3.942e-05,56608058.0
2018-11-08,3.942e-05,4.136e-05,3.844e-05,3.988e-05,66428027.0
2018-11-09,3.988e-05,4.13e-05,3.965e-05,4.028e-05,52039654.0
2018-11-10,4.028e-05,4.124e-05,4.003e-05,4.114e-05,27958576.0
2018-11-11,4.114e-05,4.364e-05,4.088e-05,4.304e-05,86594304.0
2018-11-12,4.304e-05,4.449e-05,4.185e-05,4.201e-05,80417521.0
2018-11-13,4.201e-05,4.256e-05,4.015e-05,4.048e-05,57402636.0
2018-11-14,4.048e-05,4.098e-05,3.82e-05,4.076e-05,77898118.0
2018-11-15,4.076e-05,4.371e-05,3.972e-05,4.268e-05,82250783.0
2018-11-16,4.268e-05,4.413e-05,4.215e-05,4.276e-05,88174240.0
2018-11-17,4.276e-05,4.462e-05,4.201e-05,4.421e-05,65563473.0
2018-11-18,4.421e-05,4.55e-05,4.373e-05,4.471e-05,71790396.0
2018-11-19,4.471e-05,4.7e-05,4.27e-05,4.629e-05,105792793.0
2018-11-20,4.629e-05,4.712e-05,4.118e-05,4.317e-05,122346444.0
2018-11-21,4.317e-05,4.515e-05,4.24e-05,4.419e-05,59966118.0
2018-11-22,4.419e-05,4.43e-05,4.251e-05,4.274e-05,31436991.0
2018-11-23,4.274e-05,4.3e-05,4.07e-05,4.162e-05,44301996.0
2018-11-24,4.162e-05,4.192e-05,3.699e-05,3.923e-05,66519147.0
2018-11-25,3.923e-05,4.0e-05,3.58e-05,3.983e-05,97323090.0
2018-11-26,3.983e-05,4.019e-05,3.643e-05,3.83e-05,82971836.0
2018-11-27,3.83e-05,3.833e-05,3.682e-05,3.788e-05,46043703.0
2018-11-28,3.788e-05,3.91e-05,3.727e-05,3.782e-05,54671928.0
2018-11-29,3.782e-05,3.962e-05,3.704e-05,3.846e-05,53246191.0
2018-11-30,3.846e-05,4.04e-05,3.782e-05,3.946e-05,55744708.0
2018-12-01,3.955e-05,4.023e-05,3.9e-05,3.931e-05,32479494.0
2018-12-02,3.931e-05,3.955e-05,3.831e-05,3.869e-05,27763126.0
2018-12-03,3.869e-05,3.92e-05,3.814e-05,3.832e-05,25840976.0
2018-12-04,3.832e-05,3.856e-05,3.69e-05,3.716e-05,31729433.0
2018-12-05,3.716e-05,3.773e-05,3.509e-05,3.547e-05,38943262.0
2018-12-06,3.547e-05,3.609e-05,3.351e-05,3.368e-05,44912259.0
2018-12-07,3.368e-05,3.447e-05,3.203e-05,3.377e-05,67117219.0
2018-12-08,3.377e-05,3.569e-05,3.31e-05,3.405e-05,56016862.0
2018-12-09,3.405e-05,3.484e-05,3.361e-05,3.413e-05,25931444.0
2018-12-10,3.413e-05,3.432e-05,3.308e-05,3.362e-05,19877755.0
2018-12-11,3.362e-05,3.408e-05,3.283e-05,3.303e-05,20307815.0
2018-12-12,3.29e-05,3.333e-05,3.258e-05,3.26e-05,27667550.0
2018-12-13,3.26e-05,3.27e-05,3.123e-05,3.171e-05,32698254.0
2018-12-14,3.171e-05,3.175e-05,2.952e-05,2.996e-05,52357196.0
2018-12-15,2.996e-05,3.038e-05,2.886e-05,2.943e-05,37314025.0
2018-12-16,2.943e-05,3.082e-05,2.934e-05,2.962e-05,33097227.0
2018-12-17,2.962e-05,3.157e-05,2.945e-05,3.092e-05,55818978.0
2018-12-18,3.092e-05,3.151e-05,3.034e-05,3.111e-05,46886362.0
2018-12-19,3.111e-05,3.232e-05,3.041e-05,3.046e-05,70369537.0
2018-12-20,3.046e-05,3.112e-05,2.964e-05,3.064e-05,57964249.0
2018-12-21,3.064e-05,3.299e-05,3.016e-05,3.089e-05,84632255.0
2018-12-22,3.089e-05,3.11e-05,3.021e-05,3.04e-05,40834874.0
2018-12-23,3.04e-05,3.181e-05,3.026e-05,3.172e-05,64260207.0
2018-12-24,3.172e-05,3.393e-05,3.108e-05,3.26e-05,118258796.0
2018-12-25,3.26e-05,3.288e-05,3.102e-05,3.173e-05,44709666.0
2018-12-26,3.173e-05,3.228e-05,3.07e-05,3.134e-05,41193117.0
2018-12-27,3.134e-05,3.135e-05,3.0e-05,3.006e-05,27765304.0
2018-12-28,3.006e-05,3.131e-05,2.986e-05,3.093e-05,33859199.0
2018-12-29,3.093e-05,3.12e-05,3.038e-05,3.098e-05,27398616.0
2018-12-30,3.098e-05,3.104e-05,3.022e-05,3.035e-05,19849713.0
2018-12-31,3.035e-05,3.08e-05,2.969e-05,2.973e-05,26455277.0
2019-01-01,2.973e-05,3.034e-05,2.936e-05,2.991e-05,19407929.0
2019-01-02,2.991e-05,3.043e-05,2.971e-05,3.023e-05,26691367.0
2019-01-03,3.023e-05,3.025e-05,2.944e-05,2.955e-05,24017828.0
2019-01-04,2.955e-05,2.994e-05,2.95e-05,2.973e-05,33024254.0
2019-01-05,2.973e-05,2.985e-05,2.947e-05,2.958e-05,29388957.0
2019-01-06,2.958e-05,3.033e-05,2.94e-05,2.978e-05,38802267.0
2019-01-07,2.978e-05,3.12e-05,2.972e-05,3.075e-05,54201180.0
2019-01-08,3.075e-05,3.103e-05,2.992e-05,3.072e-05,47036850.0
2019-01-09,3.072e-05,3.09e-05,3.026e-05,3.087e-05,37031576.0
2019-01-10,3.087e-05,3.195e-05,2.834e-05,2.954e-05,75959486.0
2019-01-11,2.954e-05,2.977e-05,2.868e-05,2.884e-05,37831963.0
2019-01-12,2.884e-05,2.919e-05,2.874e-05,2.915e-05,22939796.0
2019-01-13,2.915e-05,3.089e-05,2.856e-05,2.908e-05,69821304.0
2019-01-14,2.908e-05,3.008e-05,2.904e-05,2.958e-05,40047307.0
2019-01-15,2.958e-05,2.979e-05,2.891e-05,2.919e-05,32637446.0
2019-01-16,2.919e-05,2.964e-05,2.909e-05,2.938e-05,22750388.0
2019-01-17,2.938e-05,2.997e-05,2.905e-05,2.964e-05,39215026.0
2019-01-18,2.964e-05,2.975e-05,2.921e-05,2.935e-05,23583241.0
2019-01-19,2.935e-05,2.958e-05,2.851e-05,2.904e-05,45762296.0
2019-01-20,2.904e-05,2.929e-05,2.859e-05,2.909e-05,41567952.0
2019-01-21,2.909e-05,2.919e-05,2.865e-05,2.876e-05,25888558.0
2019-01-22,2.876e-05,2.895e-05,2.85e-05,2.859e-05,34561855.0
2019-01-23,2.859e-05,2.872e-05,2.802e-05,2.835e-05,36233406.0
2019-01-24,2.835e-05,2.838e-05,2.803e-05,2.829e-05,30097465.0
2019-01-25,2.829e-05,2.83e-05,2.77e-05,2.787e-05,30232939.0
2019-01-26,2.787e-05,2.895e-05,2.705e-05,2.752e-05,106387154.0
2019-01-27,2.752e-05,2.755e-05,2.6e-05,2.657e-05,89521318.0
2019-01-28,2.657e-05,2.669e-05,2.451e-05,2.498e-05,71579318.0
2019-01-29,2.498e-05,2.52e-05,2.338e-05,2.407e-05,78286181.0
2019-01-30,2.407e-05,2.545e-05,2.382e-05,2.461e-05,82912712.0
2019-01-31,2.461e-05,2.524e-05,2.361e-05,2.366e-05,69615309.0
2019-02-01,2.366e-05,2.415e-05,2.302e-05,2.336e-05,62240469.0
2019-02-02,2.336e-05,2.385e-05,2.325e-05,2.368e-05,29320366.0
2019-02-03,2.368e-05,2.38e-05,2.278e-05,2.318e-05,31379912.0
2019-02-04,2.318e-05,2.327e-05,2.268e-05,2.271e-05,43789438.0
2019-02-05,2.271e-05,2.275e-05,2.202e-05,2.22e-05,57643987.0
2019-02-06,2.22e-05,2.228e-05,2.135e-05,2.179e-05,51207110.0
2019-02-07,2.179e-05,2.258e-05,2.143e-05,2.185e-05,61369151.0
2019-02-08,2.185e-05,2.316e-05,2.152e-05,2.225e-05,83590330.0
2019-02-09,2.225e-05,2.245e-05,2.179e-05,2.203e-05,43785830.0
2019-02-10,2.203e-05,2.242e-05,2.086e-05,2.18e-05,70625853.0
2019-02-11,2.18e-05,2.194e-05,2.11e-05,2.122e-05,39793750.0
2019-02-12,2.122e-05,2.153e-05,2.069e-05,2.127e-05,51741950.0
2019-02-13,2.127e-05,2.15e-05,2.09e-05,2.114e-05,45426127.0
2019-02-14,2.114e-05,2.126e-05,2.074e-05,2.121e-05,47388683.0
2019-02-15,2.121e-05,2.253e-05,2.102e-05,2.198e-05,109001416.0
2019-02-16,2.198e-05,2.203e-05,2.125e-05,2.158e-05,42858867.0
2019-02-17,2.158e-05,2.192e-05,2.132e-05,2.17e-05,39127630.0
2019-02-18,2.17e-05,2.186e-05,2.113e-05,2.145e-05,59193849.0
2019-02-19,2.145e-05,2.376e-05,2.123e-05,2.3e-05,136954279.0
2019-02-20,2.3e-05,2.329e-05,2.191e-05,2.318e-05,87331341.0
2019-02-21,2.318e-05,2.379e-05,2.215e-05,2.25e-05,59885873.0
2019-02-22,2.25e-05,2.31e-05,2.24e-05,2.284e-05,29133644.0
2019-02-23,2.284e-05,2.322e-05,2.254e-05,2.281e-05,43669039.0
2019-02-24,2.281e-05,2.334e-05,2.144e-05,2.189e-05,84272359.0
2019-02-25,2.189e-05,2.297e-05,2.17e-05,2.247e-05,66171759.0
2019-02-26,2.247e-05,2.265e-05,2.191e-05,2.216e-05,47364067.0
2019-02-27,2.216e-05,2.249e-05,2.17e-05,2.205e-05,46201670.0
2019-02-28,2.205e-05,2.22e-05,2.161e-05,2.215e-05,33686206.0
2019-03-01,2.215e-05,2.246e-05,2.191e-05,2.217e-05,33352974.0
2019-03-02,2.217e-05,2.238e-05,2.165e-05,2.188e-05,30563264.0
2019-03-03,2.188e-05,2.39e-05,2.169e-05,2.298e-05,100937216.0
2019-03-04,2.298e-05,2.299e-05,2.146e-05,2.207e-05,57569384.0
2019-03-05,2.207e-05,2.241e-05,2.179e-05,2.221e-05,45095777.0
2019-03-06,2.221e-05,2.227e-05,2.174e-05,2.19e-05,31009751.0
2019-03-07,2.19e-05,2.212e-05,2.177e-05,2.199e-05,29877776.0
2019-03-08,2.199e-05,2.295e-05,2.193e-05,2.232e-05,73046612.0
2019-03-09,2.232e-05,2.32e-05,2.218e-05,2.293e-05,51450422.0
2019-03-10,2.293e-05,2.653e-05,2.279e-05,2.56e-05,193664140.0
2019-03-11,2.56e-05,2.813e-05,2.517e-05,2.633e-05,237831254.0
2019-03-12,2.633e-05,2.794e-05,2.513e-05,2.713e-05,138890292.0
2019-03-13,2.713e-05,2.905e-05,2.603e-05,2.821e-05,163350338.0
2019-03-14,2.821e-05,2.921e-05,2.707e-05,2.744e-05,131764621.0
2019-03-15,2.744e-05,2.755e-05,2.64e-05,2.707e-05,64669261.0
2019-03-16,2.707e-05,2.75e-05,2.677e-05,2.705e-05,35937496.0
2019-03-17,2.705e-05,2.739e-05,2.677e-05,2.736e-05,23358119.0
2019-03-18,2.736e-05,2.978e-05,2.666e-05,2.913e-05,147272082.0
2019-03-19,2.913e-05,2.939e-05,2.891e-05,2.891e-05,9154791.0
2019-03-20,2.891e-05,2.891e-05,2.891e-05,2.891e-05,0
2019-03-21,2.891e-05,2.891e-05,2.891e-05,2.891e-05,0
2019-03-22,2.891e-05,2.891e-05,2.891e-05,2.891e-05,0
2019-03-23,2.891e-05,2.891e-05,2.891e-05,2.891e-05,0
2019-03-24,2.891e-05,2.891e-05,2.891e-05,2.891e-05,0
2019-03-25,2.891e-05,2.891e-05,2.891e-05,2.891e-05,0
2019-03-26,2.891e-05,2.891e-05,2.891e-05,2.891e-05,0
2019-03-27,2.891e-05,2.891e-05,2.891e-05,2.891e-05,0
2019-03-28,2.891e-05,2.891e-05,2.891e-05,2.891e-05,0
2019-03-29,2.891e-05,2.891e-05,2.891e-05,2.891e-05,0
2019-03-30,2.891e-05,2.891e-05,2.891e-05,2.891e-05,0
2019-03-31,2.891e-05,2.891e-05,2.891e-05,2.891e-05,0
2019-04-01,2.638e-05,2.684e-05,2.617e-05,2.659e-05,37761473.0
2019-04-02,2.659e-05,2.664e-05,2.37e-05,2.497e-05,111851553.0
2019-04-03,2.497e-05,2.585e-05,2.381e-05,2.441e-05,91952017.0
2019-04-04,2.441e-05,2.49e-05,2.375e-05,2.392e-05,45048405.0
2019-04-05,2.392e-05,2.605e-05,2.391e-05,2.539e-05,55901454.0
2019-04-06,2.539e-05,2.546e-05,2.436e-05,2.474e-05,29995346.0
2019-04-07,2.474e-05,2.591e-05,2.439e-05,2.556e-05,40004911.0
2019-04-08,2.556e-05,2.601e-05,2.425e-05,2.475e-05,44306153.0
2019-04-09,2.475e-05,2.494e-05,2.386e-05,2.411e-05,31653016.0
2019-04-10,2.411e-05,2.433e-05,2.356e-05,2.372e-05,22773532.0
2019-04-11,2.372e-05,2.415e-05,2.214e-05,2.28e-05,39496677.0
2019-04-12,2.28e-05,2.295e-05,2.22e-05,2.241e-05,24446845.0
2019-04-13,2.241e-05,2.295e-05,2.234e-05,2.279e-05,16609469.0
2019-04-14,2.279e-05,2.314e-05,2.25e-05,2.285e-05,17735364.0
2019-04-15,2.285e-05,2.312e-05,2.21e-05,2.235e-05,21562646.0
2019-04-16,2.235e-05,2.244e-05,2.19e-05,2.207e-05,18850318.0
2019-04-17,2.207e-05,2.254e-05,2.184e-05,2.242e-05,20734052.0
2019-04-18,2.242e-05,2.275e-05,2.213e-05,2.229e-05,19464817.0
2019-04-19,2.229e-05,2.243e-05,2.175e-05,2.184e-05,23429388.0
2019-04-20,2.184e-05,2.223e-05,2.158e-05,2.18e-05,20471869.0
2019-04-21,2.18e-05,2.188e-05,2.072e-05,2.11e-05,29257124.0
2019-04-22,2.11e-05,2.168e-05,2.074e-05,2.095e-05,28154634.0
2019-04-23,2.095e-05,2.096e-05,1.961e-05,1.977e-05,34813773.0
2019-04-24,1.977e-05,1.979e-05,1.831e-05,1.89e-05,35126870.0
2019-04-25,1.89e-05,1.945e-05,1.871e-05,1.89e-05,33796058.0
2019-04-26,1.89e-05,1.903e-05,1.843e-05,1.881e-05,28763907.0
2019-04-27,1.881e-05,1.915e-05,1.864e-05,1.895e-05,23858726.0
2019-04-28,1.895e-05,1.916e-05,1.851e-05,1.855e-05,14696415.0
2019-04-29,1.855e-05,1.888e-05,1.812e-05,1.823e-05,22891516.0
2019-04-30,1.823e-05,1.893e-05,1.818e-05,1.893e-05,23537340.0
2019-05-01,1.893e-05,1.926e-05,1.866e-05,1.877e-05,24174766.0
2019-05-02,1.877e-05,1.882e-05,1.808e-05,1.814e-05,19860193.0
2019-05-03,1.814e-05,1.823e-05,1.71e-05,1.771e-05,31799207.0
2019-05-04,1.771e-05,1.775e-05,1.678e-05,1.69e-05,20656742.0
2019-05-05,1.69e-05,1.719e-05,1.675e-05,1.68e-05,16129251.0
2019-05-06,1.68e-05,1.727e-05,1.655e-05,1.69e-05,27118234.0
2019-05-07,1.69e-05,1.71e-05,1.63e-05,1.63e-05,8626019.0
2019-05-08,1.597e-05,1.605e-05,1.534e-05,1.539e-05,16620306.0
2019-05-09,1.539e-05,1.543e-05,1.412e-05,1.431e-05,19935088.0
2019-05-10,1.431e-05,1.476e-05,1.382e-05,1.45e-05,22378545.0
2019-05-11,1.45e-05,1.5e-05,1.357e-05,1.447e-05,59500255.0
2019-05-12,1.447e-05,1.453e-05,1.364e-05,1.41e-05,36490830.0
2019-05-13,1.41e-05,1.448e-05,1.245e-05,1.277e-05,51569251.0
2019-05-14,1.277e-05,1.454e-05,1.247e-05,1.425e-05,108829232.0
2019-05-15,1.425e-05,1.732e-05,1.412e-05,1.732e-05,96825376.0
2019-05-16,1.732e-05,1.959e-05,1.688e-05,1.754e-05,208771792.0
2019-05-17,1.754e-05,1.8e-05,1.64e-05,1.777e-05,110089597.0
2019-05-18,1.777e-05,1.915e-05,1.77e-05,1.809e-05,72370737.0
2019-05-19,1.809e-05,1.811e-05,1.727e-05,1.747e-05,50214247.0
2019-05-20,1.747e-05,1.753e-05,1.679e-05,1.699e-05,46254149.0
2019-05-21,1.699e-05,1.71e-05,1.671e-05,1.689e-05,49650713.0
2019-05-22,1.689e-05,1.722e-05,1.579e-05,1.596e-05,47465451.0
2019-05-23,1.596e-05,1.608e-05,1.561e-05,1.591e-05,41156146.0
2019-05-24,1.591e-05,1.609e-05,1.551e-05,1.572e-05,45141033.0
2019-05-25,1.572e-05,1.593e-05,1.544e-05,1.555e-05,19634959.0
2019-05-26,1.555e-05,1.568e-05,1.477e-05,1.53e-05,39786548.0
2019-05-27,1.53e-05,1.626e-05,1.508e-05,1.574e-05,52815360.0
2019-05-28,1.574e-05,1.625e-05,1.535e-05,1.596e-05,65117966.0
2019-05-29,1.596e-05,1.605e-05,1.545e-05,1.566e-05,58177674.0
2019-05-30,1.566e-05,1.65e-05,1.528e-05,1.558e-05,100832331.0
2019-05-31,1.558e-05,1.572e-05,1.521e-05,1.56e-05,49695976.0
2019-06-01,1.56e-05,1.579e-05,1.516e-05,1.552e-05,46014229.0
2019-06-02,1.552e-05,1.581e-05,1.546e-05,1.562e-05,41707691.0
2019-06-03,1.562e-05,1.612e-05,1.546e-05,1.572e-05,57897587.0
2019-06-04,1.572e-05,1.583e-05,1.548e-05,1.574e-05,42238934.0
2019-06-05,1.574e-05,1.604e-05,1.555e-05,1.558e-05,33564770.0
2019-06-06,1.558e-05,1.617e-05,1.552e-05,1.603e-05,44216111.0
2019-06-07,1.603e-05,1.628e-05,1.581e-05,1.592e-05,29781838.0
2019-06-08,1.592e-05,1.601e-05,1.563e-05,1.568e-05,17252173.0
2019-06-09,1.568e-05,1.585e-05,1.54e-05,1.552e-05,21243899.0
2019-06-10,1.552e-05,1.572e-05,1.536e-05,1.544e-05,34936644.0
2019-06-11,1.544e-05,1.558e-05,1.529e-05,1.551e-05,19207994.0
2019-06-12,1.551e-05,1.579e-05,1.534e-05,1.563e-05,31954561.0
2019-06-13,1.563e-05,1.571e-05,1.505e-05,1.511e-05,30453661.0
2019-06-14,1.511e-05,1.518e-05,1.422e-05,1.442e-05,42559491.0
2019-06-15,1.442e-05,1.47e-05,1.423e-05,1.435e-05,25321412.0
2019-06-16,1.435e-05,1.459e-05,1.374e-05,1.446e-05,41482963.0
2019-06-17,1.446e-05,1.447e-05,1.371e-05,1.406e-05,40897035.0
2019-06-18,1.406e-05,1.41e-05,1.357e-05,1.362e-05,35985646.0
2019-06-19,1.362e-05,1.378e-05,1.334e-05,1.338e-05,31605359.0
2019-06-20,1.338e-05,1.342e-05,1.261e-05,1.272e-05,39333807.0
2019-06-21,1.272e-05,1.281e-05,1.211e-05,1.213e-05,42080559.0
2019-06-22,1.213e-05,1.238e-05,1.123e-05,1.21e-05,84712868.0
2019-06-23,1.21e-05,1.239e-05,1.156e-05,1.176e-05,48625086.0
2019-06-24,1.176e-05,1.189e-05,1.15e-05,1.163e-05,38744698.0
2019-06-25,1.163e-05,1.167e-05,1.044e-05,1.049e-05,67291086.0
2019-06-26,1.049e-05,1.053e-05,9.16e-06,9.4e-06,142424129.0
2019-06-27,9.4e-06,1.015e-05,9.12e-06,9.65e-06,133894214.0
2019-06-28,9.65e-06,9.93e-06,8.89e-06,9.0e-06,59899267.0
2019-06-29,9.0e-06,9.79e-06,8.98e-06,9.67e-06,63648180.0
2019-06-30,9.67e-06,9.7e-06,9.33e-06,9.68e-06,53305501.0
2019-07-01,9.68e-06,1.021e-05,9.63e-06,9.98e-06,69292223.0
2019-07-02,9.98e-06,1.036e-05,9.36e-06,9.48e-06,73803794.0
2019-07-03,9.48e-06,9.49e-06,8.75e-06,8.84e-06,50924376.0
2019-07-04,8.84e-06,9.04e-06,8.63e-06,8.88e-06,49336302.0
2019-07-05,8.88e-06,9.25e-06,8.84e-06,9.11e-06,41600854.0
2019-07-06,9.11e-06,9.38e-06,8.84e-06,9.23e-06,36027745.0
2019-07-07,9.23e-06,9.33e-06,9.1e-06,9.24e-06,27541019.0
2019-07-08,9.24e-06,9.27e-06,8.42e-06,8.49e-06,34764903.0
2019-07-09,8.49e-06,8.57e-06,8.0e-06,8.07e-06,44632771.0
2019-07-10,8.07e-06,8.1e-06,7.46e-06,7.83e-06,66063044.0
2019-07-11,7.83e-06,8.01e-06,7.58e-06,7.65e-06,41408180.0
2019-07-12,7.65e-06,8.7e-06,7.64e-06,8.32e-06,76790662.0
2019-07-13,8.32e-06,8.56e-06,8.2e-06,8.46e-06,39865473.0
2019-07-14,8.46e-06,8.6e-06,8.16e-06,8.4e-06,44212190.0
2019-07-15,8.4e-06,8.5e-06,7.8e-06,7.9e-06,44889909.0
2019-07-16,7.9e-06,8.35e-06,7.87e-06,8.31e-06,40755940.0
2019-07-17,8.31e-06,8.62e-06,8.22e-06,8.33e-06,50361928.0
2019-07-18,8.33e-06,9.65e-06,8.22e-06,8.31e-06,111116134.0
2019-07-19,8.31e-06,9.04e-06,8.24e-06,8.89e-06,60163135.0
2019-07-20,8.89e-06,9.08e-06,8.7e-06,8.83e-06,49392875.0
2019-07-21,8.83e-06,8.84e-06,8.53e-06,8.62e-06,27651451.0
2019-07-22,8.62e-06,8.69e-06,8.42e-06,8.57e-06,31207813.0
2019-07-23,8.57e-06,8.6e-06,8.3e-06,8.54e-06,22508832.0
2019-07-24,8.54e-06,8.84e-06,8.44e-06,8.79e-06,21511916.0
2019-07-25,8.79e-06,8.85e-06,8.5e-06,8.67e-06,20217228.0
2019-07-26,8.67e-06,9.14e-06,8.6e-06,8.95e-06,19167443.0
2019-07-27,8.95e-06,8.95e-06,8.66e-06,8.88e-06,18283663.0
2019-07-28,8.88e-06,8.93e-06,8.73e-06,8.82e-06,12747478.0
2019-07-29,8.82e-06,8.85e-06,8.71e-06,8.76e-06,11036279.0
2019-07-30,8.76e-06,8.82e-06,8.64e-06,8.71e-06,12852227.0
2019-07-31,8.71e-06,8.72e-06,8.23e-06,8.33e-06,18082001.0
2019-08-01,8.33e-06,8.39e-06,7.87e-06,7.97e-06,14646981.0
2019-08-02,7.97e-06,7.99e-06,7.75e-06,7.79e-06,15569052.0
2019-08-03,7.79e-06,7.8e-06,7.56e-06,7.62e-06,19107231.0
2019-08-04,7.62e-06,7.73e-06,7.44e-06,7.49e-06,15141574.0
2019-08-05,7.49e-06,7.49e-06,6.91e-06,6.97e-06,28344404.0
2019-08-06,6.97e-06,7.0e-06,6.61e-06,6.83e-06,30152719.0
2019-08-07,6.83e-06,6.85e-06,6.48e-06,6.57e-06,15631941.0
2019-08-08,6.57e-06,6.66e-06,6.4e-06,6.42e-06,16205257.0
2019-08-09,6.42e-06,6.46e-06,6.01e-06,6.05e-06,20999090.0
2019-08-10,6.05e-06,6.55e-06,6.03e-06,6.52e-06,19049502.0
2019-08-11,6.52e-06,7.02e-06,6.48e-06,6.79e-06,18003604.0
2019-08-12,6.79e-06,6.83e-06,6.6e-06,6.63e-06,11918437.0
2019-08-13,6.63e-06,6.89e-06,6.58e-06,6.84e-06,17047122.0
2019-08-14,6.84e-06,7.05e-06,6.65e-06,6.89e-06,24549631.0
2019-08-15,6.89e-06,6.93e-06,6.68e-06,6.82e-06,13112791.0
2019-08-16,6.82e-06,6.91e-06,6.55e-06,6.62e-06,15890889.0
2019-08-17,6.62e-06,6.69e-06,6.56e-06,6.64e-06,11159293.0
2019-08-18,6.64e-06,6.86e-06,6.61e-06,6.86e-06,11346880.0
2019-08-19,6.86e-06,6.86e-06,6.56e-06,6.57e-06,10233512.0
2019-08-20,6.57e-06,6.59e-06,6.39e-06,6.4e-06,9932232.0
2019-08-21,6.4e-06,6.68e-06,6.35e-06,6.61e-06,14700994.0
2019-08-22,6.61e-06,6.84e-06,6.6e-06,6.76e-06,19731540.0
2019-08-23,6.76e-06,6.78e-06,6.6e-06,6.66e-06,12537976.0
2019-08-24,6.66e-06,7.01e-06,6.65e-06,6.94e-06,18839049.0
2019-08-25,6.94e-06,7.14e-06,6.81e-06,6.84e-06,16765287.0
2019-08-26,6.84e-06,6.84e-06,6.69e-06,6.71e-06,12415050.0
2019-08-27,6.71e-06,6.75e-06,6.66e-06,6.73e-06,8818472.0
2019-08-28,6.73e-06,6.74e-06,6.51e-06,6.58e-06,14019632.0
2019-08-29,6.58e-06,6.63e-06,6.42e-06,6.5e-06,20691772.0
2019-08-30,6.5e-06,6.64e-06,6.36e-06,6.47e-06,11367687.0
2019-08-31,6.47e-06,6.53e-06,6.38e-06,6.45e-06,8088293.0
2019-09-01,6.45e-06,6.5e-06,6.36e-06,6.39e-06,4659106.0
2019-09-02,6.39e-06,6.4e-06,6.06e-06,6.08e-06,13752307.0
2019-09-03,6.08e-06,6.12e-06,5.88e-06,5.95e-06,15922175.0
2019-09-04,5.95e-06,5.97e-06,5.74e-06,5.84e-06,12004042.0
2019-09-05,5.84e-06,5.88e-06,5.68e-06,5.7e-06,12733808.0
2019-09-06,5.7e-06,5.71e-06,5.55e-06,5.63e-06,15361603.0
2019-09-07,5.63e-06,5.84e-06,5.61e-06,5.78e-06,15725577.0
2019-09-08,5.78e-06,5.92e-06,5.78e-06,5.87e-06,9443447.0
2019-09-09,5.87e-06,5.97e-06,5.8e-06,5.84e-06,18883813.0
2019-09-10,5.84e-06,5.96e-06,5.84e-06,5.9e-06,13367939.0
2019-09-11,5.9e-06,5.93e-06,5.74e-06,5.77e-06,11384965.0
2019-09-12,5.77e-06,5.8e-06,5.55e-06,5.61e-06,17887698.0
2019-09-13,5.61e-06,5.7e-06,5.56e-06,5.58e-06,15169964.0
2019-09-14,5.58e-06,5.74e-06,5.55e-06,5.67e-06,26843618.0
2019-09-15,5.67e-06,5.71e-06,5.64e-06,5.65e-06,7236457.0
2019-09-16,5.65e-06,5.77e-06,5.64e-06,5.71e-06,14433320.0
2019-09-17,5.71e-06,6.53e-06,5.67e-06,6.23e-06,51778212.0
2019-09-18,6.23e-06,8.72e-06,6.22e-06,8.14e-06,292412443.0
2019-09-19,8.14e-06,8.98e-06,7.55e-06,7.88e-06,314863873.0
2019-09-20,7.88e-06,7.88e-06,6.88e-06,7.09e-06,177267383.0
2019-09-21,7.09e-06,7.28e-06,6.92e-06,6.97e-06,103039405.0
2019-09-22,6.97e-06,6.99e-06,6.68e-06,6.81e-06,58467693.0
2019-09-23,6.81e-06,6.98e-06,6.4e-06,6.56e-06,73889889.0
2019-09-24,6.56e-06,6.67e-06,6.06e-06,6.19e-06,94796073.0
2019-09-25,6.19e-06,6.95e-06,6.13e-06,6.8e-06,77979822.0
2019-09-26,6.8e-06,7.39e-06,6.79e-06,7.25e-06,127807988.0
2019-09-27,7.25e-06,7.42e-06,7.06e-06,7.2e-06,56477148.0
2019-09-28,7.2e-06,7.25e-06,7.08e-06,7.11e-06,28974100.0
2019-09-29,7.11e-06,7.23e-06,7.08e-06,7.2e-06,22562599.0
2019-09-30,7.2e-06,7.66e-06,7.18e-06,7.46e-06,72914739.0
2019-10-01,7.46e-06,7.48e-06,6.94e-06,7.06e-06,52077241.0
2019-10-02,7.06e-06,7.24e-06,6.98e-06,7.13e-06,25992134.0
2019-10-03,7.13e-06,7.25e-06,7.06e-06,7.11e-06,20364026.0
2019-10-04,7.11e-06,7.33e-06,7.09e-06,7.2e-06,26650978.0
2019-10-05,7.2e-06,7.31e-06,7.18e-06,7.26e-06,17203469.0
2019-10-06,7.26e-06,7.45e-06,7.24e-06,7.42e-06,22168150.0
2019-10-07,7.42e-06,7.87e-06,7.42e-06,7.58e-06,60602696.0
2019-10-08,7.58e-06,7.67e-06,7.44e-06,7.56e-06,30696636.0
2019-10-09,7.56e-06,7.85e-06,7.24e-06,7.36e-06,51408507.0
2019-10-10,7.36e-06,7.39e-06,7.12e-06,7.19e-06,24037796.0
2019-10-11,7.19e-06,7.34e-06,7.05e-06,7.22e-06,37499509.0
2019-10-12,7.22e-06,7.4e-06,7.22e-06,7.32e-06,18469110.0
2019-10-13,7.32e-06,7.49e-06,7.29e-06,7.41e-06,19808955.0
2019-10-14,7.41e-06,7.93e-06,7.38e-06,7.92e-06,44363297.0
2019-10-15,7.92e-06,8.01e-06,7.64e-06,7.84e-06,50805978.0
2019-10-16,7.84e-06,7.89e-06,7.6e-06,7.71e-06,31910030.0
2019-10-17,7.71e-06,8.07e-06,7.65e-06,8.07e-06,43384591.0
2019-10-18,8.07e-06,8.08e-06,7.84e-06,7.92e-06,27693409.0
2019-10-19,7.92e-06,8.01e-06,7.81e-06,7.85e-06,20831583.0
2019-10-20,7.85e-06,7.93e-06,7.65e-06,7.68e-06,19195044.0
2019-10-21,7.68e-06,7.85e-06,7.61e-06,7.79e-06,18902457.0
2019-10-22,7.79e-06,7.95e-06,7.71e-06,7.86e-06,24998644.0
2019-10-23,7.86e-06,8.03e-06,7.7e-06,8.02e-06,30647840.0
2019-10-24,8.02e-06,8.26e-06,7.9e-06,8.11e-06,42908139.0
2019-10-25,8.11e-06,8.14e-06,7.41e-06,7.42e-06,54051511.0
2019-10-26,7.42e-06,7.45e-06,6.46e-06,6.78e-06,72059804.0
2019-10-27,6.78e-06,6.93e-06,6.56e-06,6.85e-06,44152363.0
2019-10-28,6.85e-06,7.1e-06,6.8e-06,7.01e-06,51891999.0
2019-10-29,7.01e-06,7.42e-06,6.89e-06,7.08e-06,50096537.0
2019-10-30,7.08e-06,7.17e-06,6.86e-06,6.97e-06,44911457.0
2019-10-31,6.97e-06,7.13e-06,6.8e-06,7.12e-06,48522109.0
2019-11-01,7.12e-06,7.97e-06,7.09e-06,7.48e-06,199371649.0
2019-11-02,7.48e-06,7.72e-06,7.43e-06,7.67e-06,63626593.0
2019-11-03,7.67e-06,7.72e-06,7.4e-06,7.46e-06,53869933.0
2019-11-04,7.46e-06,8.46e-06,7.39e-06,8.45e-06,95545261.0
2019-11-05,8.45e-06,9.51e-06,8.45e-06,8.84e-06,403428632.0
2019-11-06,8.84e-06,8.9e-06,8.2e-06,8.22e-06,115293566.0
2019-11-07,8.22e-06,8.25e-06,7.89e-06,8.06e-06,110387292.0
2019-11-08,8.06e-06,8.32e-06,7.82e-06,8.1e-06,78841887.0
2019-11-09,8.1e-06,8.31e-06,8.07e-06,8.31e-06,23352603.0
2019-11-10,8.31e-06,9.01e-06,8.3e-06,8.74e-06,115496418.0
2019-11-11,8.74e-06,9.28e-06,8.66e-06,9.17e-06,96880480.0
2019-11-12,9.17e-06,9.42e-06,8.61e-06,8.72e-06,172009473.0
2019-11-13,8.72e-06,8.82e-06,8.58e-06,8.67e-06,33226959.0
2019-11-14,8.67e-06,8.68e-06,8.4e-06,8.57e-06,33920695.0
2019-11-15,8.57e-06,8.66e-06,8.34e-06,8.51e-06,39265561.0
2019-11-16,8.51e-06,8.52e-06,8.37e-06,8.39e-06,22245709.0
2019-11-17,8.39e-06,8.6e-06,8.36e-06,8.42e-06,22274692.0
2019-11-18,8.42e-06,8.45e-06,7.96e-06,8.18e-06,47205928.0
2019-11-19,8.18e-06,8.19e-06,7.87e-06,8.07e-06,38275463.0
2019-11-20,8.07e-06,8.15e-06,7.88e-06,7.9e-06,19261459.0
2019-11-21,7.9e-06,7.99e-06,7.59e-06,7.96e-06,47536100.0
2019-11-22,7.96e-06,8.24e-06,7.73e-06,8.14e-06,55525156.0
2019-11-23,8.14e-06,8.53e-06,8.02e-06,8.4e-06,48984127.0
2019-11-24,8.4e-06,8.46e-06,8.01e-06,8.04e-06,27772722.0
2019-11-25,8.04e-06,8.43e-06,7.99e-06,8.05e-06,35464987.0
2019-11-26,8.05e-06,8.12e-06,7.87e-06,8.03e-06,25892801.0
2019-11-27,8.03e-06,8.13e-06,7.68e-06,7.81e-06,31698659.0
2019-11-28,7.81e-06,7.83e-06,7.7e-06,7.8e-06,14955040.0
2019-11-29,7.8e-06,7.83e-06,7.58e-06,7.62e-06,17207621.0
2019-11-30,7.62e-06,7.65e-06,7.53e-06,7.59e-06,13185179.0
2019-12-01,7.59e-06,7.81e-06,7.55e-06,7.74e-06,17706736.0
2019-12-02,7.74e-06,7.81e-06,7.61e-06,7.65e-06,14299086.0
2019-12-03,7.65e-06,7.69e-06,7.55e-06,7.65e-06,13290945.0
2019-12-04,7.65e-06,7.68e-06,7.38e-06,7.61e-06,28477116.0
2019-12-05,7.61e-06,7.62e-06,7.36e-06,7.49e-06,17366636.0
2019-12-06,7.49e-06,7.51e-06,7.29e-06,7.35e-06,19065868.0
2019-12-07,7.35e-06,7.42e-06,7.33e-06,7.4e-06,10132357.0
2019-12-08,7.4e-06,7.43e-06,7.36e-06,7.43e-06,11253067.0
2019-12-09,7.43e-06,7.47e-06,7.31e-06,7.43e-06,14626601.0
2019-12-10,7.43e-06,7.44e-06,7.26e-06,7.36e-06,19212766.0
2019-12-11,7.36e-06,7.42e-06,7.31e-06,7.33e-06,11782466.0
2019-12-12,7.33e-06,7.4e-06,7.14e-06,7.23e-06,26206481.0
2019-12-13,7.23e-06,7.31e-06,7.2e-06,7.26e-06,9531594.0
2019-12-14,7.26e-06,7.3e-06,7.11e-06,7.2e-06,13112785.0
2019-12-15,7.2e-06,7.23e-06,7.11e-06,7.16e-06,10305135.0
2019-12-16,7.16e-06,7.21e-06,6.8e-06,6.81e-06,29817864.0
2019-12-17,6.81e-06,6.83e-06,6.39e-06,6.54e-06,31876868.0
2019-12-18,6.54e-06,6.74e-06,6.36e-06,6.39e-06,26862207.0
2019-12-19,6.39e-06,6.47e-06,6.26e-06,6.32e-06,20158829.0
2019-12-20,6.32e-06,6.5e-06,6.3e-06,6.42e-06,23055696.0
2019-12-21,6.42e-06,6.51e-06,6.35e-06,6.36e-06,14012186.0
2019-12-22,6.36e-06,6.45e-06,6.28e-06,6.3e-06,16073600.0
2019-12-23,6.3e-06,6.3e-06,6.08e-06,6.14e-06,19059439.0
2019-12-24,6.14e-06,6.25e-06,6.1e-06,6.21e-06,11727822.0
2019-12-25,6.21e-06,6.21e-06,6.1e-06,6.16e-06,8470393.0
2019-12-26,6.16e-06,6.24e-06,6.11e-06,6.2e-06,11147193.0
2019-12-27,6.2e-06,6.38e-06,6.18e-06,6.32e-06,17075219.0
2019-12-28,6.32e-06,6.37e-06,6.25e-06,6.27e-06,13650823.0
2019-12-29,6.27e-06,6.31e-06,6.18e-06,6.26e-06,12178372.0
2019-12-30,6.26e-06,6.38e-06,6.24e-06,6.29e-06,18051932.0
2019-12-31,6.29e-06,6.31e-06,6.21e-06,6.24e-06,9194738.0
2020-01-01,6.24e-06,6.3e-06,6.22e-06,6.29e-06,7657469.0
2020-01-02,6.29e-06,6.35e-06,6.25e-06,6.27e-06,11544011.0
2020-01-03,6.27e-06,6.31e-06,6.14e-06,6.22e-06,13132418.0
2020-01-04,6.22e-06,6.23e-06,6.16e-06,6.2e-06,7427629.0
2020-01-05,6.2e-06,6.21e-06,6.1e-06,6.18e-06,11257300.0
2020-01-06,6.18e-06,6.61e-06,6.11e-06,6.51e-06,57736967.0
2020-01-07,6.51e-06,6.52e-06,5.91e-06,5.94e-06,61494587.0
2020-01-08,5.94e-06,5.95e-06,5.75e-06,5.92e-06,32003174.0
2020-01-09,5.92e-06,6.08e-06,5.92e-06,6.03e-06,15656167.0
2020-01-10,6.03e-06,6.03e-06,5.83e-06,5.87e-06,46043623.0
2020-01-11,5.87e-06,6.07e-06,5.84e-06,6.02e-06,18948412.0
2020-01-12,6.02e-06,6.05e-06,5.96e-06,5.99e-06,12739403.0
2020-01-13,5.99e-06,6.0e-06,5.89e-06,5.94e-06,12736554.0
2020-01-14,5.94e-06,6.26e-06,5.72e-06,5.99e-06,76929329.0
2020-01-15,5.99e-06,6.41e-06,5.94e-06,6.2e-06,73334798.0
2020-01-16,6.2e-06,6.23e-06,6.05e-06,6.16e-06,26980673.0
2020-01-17,6.16e-06,7.26e-06,6.11e-06,6.82e-06,144748425.0
2020-01-18,6.82e-06,7.46e-06,6.52e-06,6.9e-06,138303366.0
2020-01-19,6.9e-06,7.27e-06,6.65e-06,6.9e-06,108905458.0
2020-01-20,6.9e-06,7.52e-06,6.83e-06,7.27e-06,112482162.0
2020-01-21,7.27e-06,7.49e-06,7.16e-06,7.19e-06,48362641.0
2020-01-22,7.19e-06,7.28e-06,7.01e-06,7.06e-06,32050149.0
2020-01-23,7.06e-06,7.11e-06,6.81e-06,6.92e-06,44816634.0
2020-01-24,6.92e-06,6.94e-06,6.65e-06,6.77e-06,39042292.0
2020-01-25,6.77e-06,6.84e-06,6.68e-06,6.71e-06,17257337.0
2020-01-26,6.71e-06,6.85e-06,6.7e-06,6.78e-06,20617603.0
2020-01-27,6.78e-06,6.92e-06,6.67e-06,6.7e-06,37623883.0
2020-01-28,6.7e-06,6.84e-06,6.46e-06,6.48e-06,51477424.0
2020-01-29,6.48e-06,6.73e-06,6.45e-06,6.54e-06,40753880.0
2020-01-30,6.54e-06,6.63e-06,6.45e-06,6.6e-06,39156557.0
2020-01-31,6.6e-06,6.66e-06,6.46e-06,6.49e-06,36098905.0
2020-02-01,6.49e-06,6.69e-06,6.46e-06,6.63e-06,36406785.0
2020-02-02,6.63e-06,6.98e-06,6.54e-06,6.8e-06,71926503.0
2020-02-03,6.8e-06,6.94e-06,6.75e-06,6.92e-06,44968074.0
2020-02-04,6.92e-06,7.32e-06,6.75e-06,7.22e-06,85731255.0
2020-02-05,7.22e-06,7.46e-06,7.03e-06,7.18e-06,84147089.0
2020-02-06,7.18e-06,7.37e-06,6.99e-06,7.28e-06,81538654.0
2020-02-07,7.28e-06,7.53e-06,7.19e-06,7.32e-06,77409309.0
2020-02-08,7.32e-06,7.36e-06,6.97e-06,7.16e-06,64098404.0
2020-02-09,7.16e-06,7.32e-06,7.1e-06,7.22e-06,56686639.0
2020-02-10,7.22e-06,7.26e-06,6.99e-06,7.16e-06,50626314.0
2020-02-11,7.16e-06,7.42e-06,7.04e-06,7.25e-06,95827430.0
2020-02-12,7.25e-06,7.98e-06,7.2e-06,7.75e-06,173261646.0
2020-02-13,7.75e-06,8.44e-06,7.72e-06,8.14e-06,198810734.0
2020-02-14,8.14e-06,8.48e-06,7.89e-06,8.38e-06,105321088.0
2020-02-15,8.38e-06,8.6e-06,7.75e-06,7.97e-06,112082495.0
2020-02-16,7.97e-06,8.11e-06,6.87e-06,7.5e-06,128839995.0
2020-02-17,7.5e-06,7.55e-06,6.98e-06,7.5e-06,116295451.0
2020-02-18,7.5e-06,7.64e-06,7.29e-06,7.47e-06,73959076.0
2020-02-19,7.47e-06,7.81e-06,7.21e-06,7.31e-06,52644283.0
2020-02-20,7.31e-06,7.45e-06,7.11e-06,7.33e-06,60549840.0
2020-02-21,7.33e-06,7.48e-06,7.24e-06,7.33e-06,36517671.0
2020-02-22,7.33e-06,7.41e-06,7.23e-06,7.29e-06,21350527.0
2020-02-23,7.29e-06,7.38e-06,7.22e-06,7.35e-06,25118947.0
2020-02-24,7.35e-06,7.38e-06,7.06e-06,7.16e-06,28958109.0
2020-02-25,7.16e-06,7.17e-06,6.8e-06,6.88e-06,34783950.0
2020-02-26,6.88e-06,6.91e-06,6.41e-06,6.68e-06,71507946.0
2020-02-27,6.68e-06,7.04e-06,6.55e-06,6.85e-06,40273052.0
2020-02-28,6.85e-06,6.92e-06,6.64e-06,6.72e-06,37511954.0
2020-02-29,6.72e-06,6.84e-06,6.63e-06,6.67e-06,22301717.0
2020-03-01,6.67e-06,6.78e-06,6.49e-06,6.54e-06,25985212.0
2020-03-02,6.54e-06,6.77e-06,6.53e-06,6.7e-06,25285122.0
2020-03-03,6.7e-06,6.78e-06,6.61e-06,6.64e-06,26772212.0
2020-03-04,6.64e-06,6.73e-06,6.58e-06,6.7e-06,28675116.0
2020-03-05,6.7e-06,6.81e-06,6.55e-06,6.59e-06,36242946.0
2020-03-06,6.59e-06,6.73e-06,6.54e-06,6.72e-06,20142827.0
2020-03-07,6.72e-06,6.74e-06,6.53e-06,6.56e-06,24854088.0
2020-03-08,6.56e-06,6.57e-06,6.05e-06,6.19e-06,52785303.0
2020-03-09,6.19e-06,6.61e-06,6.11e-06,6.61e-06,55362661.0
2020-03-10,6.61e-06,6.61e-06,6.42e-06,6.58e-06,29529785.0
2020-03-11,6.58e-06,6.63e-06,6.23e-06,6.35e-06,27152943.0
2020-03-12,6.35e-06,6.84e-06,5.79e-06,6.61e-06,135042935.0
2020-03-13,6.61e-06,7.19e-06,6.45e-06,7.09e-06,215191163.0
2020-03-14,7.09e-06,7.32e-06,7.04e-06,7.09e-06,40575081.0
2020-03-15,7.09e-06,7.27e-06,6.8e-06,7.07e-06,34880541.0
2020-03-16,7.07e-06,7.24e-06,6.92e-06,7.03e-06,57201041.0
2020-03-17,7.03e-06,7.09e-06,6.88e-06,7.0e-06,30738026.0
2020-03-18,7.0e-06,7.07e-06,6.72e-06,6.84e-06,39020947.0
2020-03-19,6.84e-06,7.05e-06,6.54e-06,6.71e-06,60696245.0
2020-03-20,6.71e-06,6.75e-06,6.22e-06,6.42e-06,51583309.0
2020-03-21,6.42e-06,6.5e-06,6.25e-06,6.4e-06,21422091.0
2020-03-22,6.4e-06,6.42e-06,6.2e-06,6.32e-06,27341923.0
2020-03-23,6.32e-06,6.38e-06,6.05e-06,6.09e-06,31995969.0
2020-03-24,6.09e-06,6.13e-06,5.91e-06,5.98e-06,25411791.0
2020-03-25,5.98e-06,6.09e-06,5.89e-06,6.07e-06,24511406.0
2020-03-26,6.07e-06,6.37e-06,6.01e-06,6.36e-06,20617644.0
2020-03-27,6.36e-06,6.48e-06,6.21e-06,6.34e-06,27125807.0
2020-03-28,6.34e-06,6.49e-06,6.28e-06,6.4e-06,28649751.0
2020-03-29,6.4e-06,6.5e-06,6.36e-06,6.42e-06,16198649.0
2020-03-30,6.42e-06,6.46e-06,6.17e-06,6.26e-06,25301016.0
2020-03-31,6.26e-06,6.38e-06,6.22e-06,6.35e-06,15480424.0
2020-04-01,6.35e-06,6.43e-06,6.11e-06,6.14e-06,18750318.0
2020-04-02,6.14e-06,6.18e-06,5.93e-06,6.07e-06,24244993.0
2020-04-03,6.07e-06,6.14e-06,5.99e-06,6.14e-06,22061037.0
2020-04-04,6.14e-06,6.16e-06,6.03e-06,6.1e-06,16758738.0
2020-04-05,6.1e-06,6.43e-06,6.09e-06,6.42e-06,24030978.0
2020-04-06,6.42e-06,6.93e-06,6.4e-06,6.8e-06,82743197.0
2020-04-07,6.8e-06,6.98e-06,6.66e-06,6.73e-06,47810161.0
2020-04-08,6.73e-06,6.98e-06,6.69e-06,6.96e-06,24192373.0
2020-04-09,6.96e-06,7.19e-06,6.81e-06,7.13e-06,33795721.0
2020-04-10,7.13e-06,7.17e-06,6.72e-06,6.95e-06,41231577.0
2020-04-11,6.95e-06,7.34e-06,6.92e-06,7.23e-06,39711967.0
2020-04-12,7.23e-06,7.28e-06,6.99e-06,7.08e-06,34642046.0
2020-04-13,7.08e-06,7.14e-06,6.93e-06,7.04e-06,29040193.0
2020-04-14,7.04e-06,7.11e-06,6.96e-06,7.0e-06,16376811.0
2020-04-15,7.0e-06,7.1e-06,6.94e-06,6.95e-06,11992163.0
2020-04-16,6.95e-06,7.02e-06,6.83e-06,6.92e-06,27815980.0
2020-04-17,6.92e-06,6.97e-06,6.86e-06,6.92e-06,11060103.0
2020-04-18,6.92e-06,7.05e-06,6.91e-06,6.98e-06,25384167.0
2020-04-19,6.98e-06,7.01e-06,6.83e-06,6.85e-06,16865495.0
2020-04-20,6.85e-06,7.55e-06,6.83e-06,7.25e-06,75176828.0
2020-04-21,7.25e-06,7.52e-06,7.21e-06,7.44e-06,28015205.0
2020-04-22,7.44e-06,7.78e-06,7.41e-06,7.72e-06,42473605.0
2020-04-23,7.72e-06,8.76e-06,7.71e-06,8.3e-06,152296427.0
2020-04-24,8.3e-06,8.74e-06,8.05e-06,8.15e-06,67021079.0
2020-04-25,8.15e-06,8.35e-06,8.13e-06,8.2e-06,25686691.0
2020-04-26,8.2e-06,8.3e-06,8.04e-06,8.05e-06,31438983.0
2020-04-27,8.05e-06,8.87e-06,7.98e-06,8.65e-06,54090604.0
2020-04-28,8.65e-06,9.28e-06,8.63e-06,8.85e-06,129405484.0
2020-04-29,8.85e-06,8.86e-06,8.06e-06,8.23e-06,96228686.0
2020-04-30,8.23e-06,8.44e-06,7.41e-06,7.82e-06,113907618.0
2020-05-01,7.82e-06,8.38e-06,7.8e-06,8.26e-06,75924903.0
2020-05-02,8.26e-06,8.58e-06,8.04e-06,8.42e-06,64815828.0
2020-05-03,8.42e-06,8.52e-06,8.06e-06,8.21e-06,47779678.0
2020-05-04,8.21e-06,8.37e-06,7.82e-06,8.26e-06,69688823.0
2020-05-05,8.26e-06,8.33e-06,7.98e-06,8.0e-06,31711804.0
2020-05-06,8.0e-06,8.09e-06,7.6e-06,7.61e-06,46460899.0
2020-05-07,7.61e-06,7.85e-06,7.17e-06,7.22e-06,52547565.0
2020-05-08,7.22e-06,7.49e-06,7.14e-06,7.4e-06,50408895.0
2020-05-09,7.4e-06,7.57e-06,7.3e-06,7.49e-06,39971464.0
2020-05-10,7.49e-06,7.62e-06,7.02e-06,7.34e-06,88893411.0
2020-05-11,7.34e-06,7.42e-06,7.05e-06,7.28e-06,52032675.0
2020-05-12,7.28e-06,7.99e-06,7.23e-06,7.96e-06,64068319.0
2020-05-13,7.96e-06,7.97e-06,7.45e-06,7.5e-06,52417235.0
2020-05-14,7.5e-06,7.6e-06,7.02e-06,7.08e-06,53261617.0
2020-05-15,7.08e-06,7.36e-06,7.05e-06,7.22e-06,37286546.0
2020-05-16,7.22e-06,7.3e-06,7.11e-06,7.25e-06,27189824.0
2020-05-17,7.25e-06,7.36e-06,7.1e-06,7.11e-06,29679826.0
2020-05-18,7.11e-06,7.31e-06,7.03e-06,7.22e-06,34672816.0
2020-05-19,7.22e-06,7.25e-06,7.07e-06,7.13e-06,23975828.0
2020-05-20,7.13e-06,7.5e-06,7.11e-06,7.46e-06,49496837.0
2020-05-21,7.46e-06,7.52e-06,7.15e-06,7.34e-06,44977143.0
2020-05-22,7.34e-06,7.52e-06,7.27e-06,7.43e-06,40748927.0
2020-05-23,7.43e-06,7.46e-06,7.31e-06,7.32e-06,21437339.0
2020-05-24,7.32e-06,7.43e-06,7.29e-06,7.33e-06,27256973.0
2020-05-25,7.33e-06,7.44e-06,7.3e-06,7.44e-06,34762487.0
2020-05-26,7.44e-06,7.46e-06,7.29e-06,7.35e-06,21117438.0
2020-05-27,7.35e-06,7.5e-06,7.16e-06,7.18e-06,56859542.0
2020-05-28,7.18e-06,7.35e-06,7.04e-06,7.21e-06,34475726.0
2020-05-29,7.21e-06,7.34e-06,7.1e-06,7.19e-06,31270141.0
2020-05-30,7.19e-06,7.63e-06,7.15e-06,7.48e-06,54984564.0
2020-05-31,7.48e-06,7.98e-06,7.28e-06,7.46e-06,135372209.0
2020-06-01,7.46e-06,7.94e-06,7.34e-06,7.43e-06,98815643.0
2020-06-02,7.43e-06,8.52e-06,7.4e-06,8.36e-06,188633106.0
2020-06-03,8.36e-06,8.74e-06,8.1e-06,8.56e-06,101277060.0
2020-06-04,8.56e-06,8.92e-06,8.27e-06,8.38e-06,113420983.0
2020-06-05,8.38e-06,8.45e-06,8.15e-06,8.2e-06,54858793.0
2020-06-06,8.2e-06,8.41e-06,8.17e-06,8.25e-06,37449740.0
2020-06-07,8.25e-06,8.33e-06,8.01e-06,8.08e-06,39741747.0
2020-06-08,8.08e-06,8.28e-06,8.03e-06,8.19e-06,29946154.0
2020-06-09,8.19e-06,8.24e-06,7.93e-06,8.01e-06,41123883.0
2020-06-10,8.01e-06,8.11e-06,7.88e-06,7.98e-06,53640734.0
2020-06-11,7.98e-06,8.03e-06,7.5e-06,7.66e-06,81020691.0
2020-06-12,7.66e-06,7.86e-06,7.61e-06,7.69e-06,30344684.0
2020-06-13,7.69e-06,7.87e-06,7.64e-06,7.82e-06,25531876.0
2020-06-14,7.82e-06,7.83e-06,7.54e-06,7.58e-06,24364927.0
2020-06-15,7.58e-06,7.59e-06,6.69e-06,7.54e-06,61065788.0
2020-06-16,7.54e-06,7.56e-06,7.39e-06,7.48e-06,24777997.0
2020-06-17,7.48e-06,7.81e-06,7.44e-06,7.59e-06,47635705.0
2020-06-18,7.59e-06,7.66e-06,7.43e-06,7.52e-06,28455081.0
2020-06-19,7.52e-06,7.56e-06,7.38e-06,7.47e-06,22375909.0
2020-06-20,7.47e-06,7.54e-06,7.34e-06,7.46e-06,18386322.0
2020-06-21,7.46e-06,7.49e-06,7.35e-06,7.37e-06,16499341.0
2020-06-22,7.37e-06,7.55e-06,7.35e-06,7.42e-06,33641720.0
2020-06-23,7.42e-06,7.48e-06,7.29e-06,7.39e-06,32618503.0
2020-06-24,7.39e-06,7.52e-06,7.3e-06,7.41e-06,35095865.0
2020-06-25,7.41e-06,7.42e-06,7.23e-06,7.31e-06,25438857.0
2020-06-26,7.31e-06,7.42e-06,7.23e-06,7.31e-06,24158423.0
2020-06-27,7.31e-06,7.31e-06,6.63e-06,6.97e-06,39318597.0
2020-06-28,6.97e-06,7.11e-06,6.88e-06,7.04e-06,28595333.0
2020-06-29,7.04e-06,7.11e-06,6.93e-06,7.08e-06,24034401.0
2020-06-30,7.08e-06,7.36e-06,7.0e-06,7.33e-06,26430819.0
2020-07-01,7.33e-06,7.48e-06,7.24e-06,7.41e-06,29736120.0
2020-07-02,7.41e-06,7.67e-06,7.38e-06,7.45e-06,48436273.0
2020-07-03,7.45e-06,7.54e-06,7.31e-06,7.4e-06,29519156.0
2020-07-04,7.4e-06,7.5e-06,7.33e-06,7.44e-06,20340343.0
2020-07-05,7.44e-06,7.45e-06,7.26e-06,7.41e-06,20725977.0
2020-07-06,7.41e-06,7.75e-06,7.26e-06,7.68e-06,55525383.0
2020-07-07,7.68e-06,8.04e-06,7.56e-06,7.94e-06,65039260.0
2020-07-08,7.94e-06,9.07e-06,7.84e-06,9.05e-06,156483267.0
2020-07-09,9.05e-06,1.046e-05,8.87e-06,9.79e-06,510225573.0
2020-07-10,9.79e-06,9.85e-06,8.97e-06,9.58e-06,245960234.0
2020-07-11,9.58e-06,1.097e-05,9.54e-06,1.018e-05,314360539.0
2020-07-12,1.018e-05,1.056e-05,9.76e-06,1.025e-05,138555821.0
2020-07-13,1.025e-05,1.055e-05,9.4e-06,9.74e-06,186245630.0
2020-07-14,9.74e-06,1.001e-05,9.31e-06,9.94e-06,109007883.0
2020-07-15,9.94e-06,1.046e-05,9.49e-06,1.025e-05,234905317.0
2020-07-16,1.025e-05,1.138e-05,9.64e-06,1.117e-05,293761400.0
2020-07-17,1.117e-05,1.179e-05,1.085e-05,1.136e-05,269640174.0
2020-07-18,1.136e-05,1.14e-05,1.075e-05,1.099e-05,112969724.0
2020-07-19,1.099e-05,1.12e-05,1.057e-05,1.088e-05,81434228.0
2020-07-20,1.088e-05,1.11e-05,1.021e-05,1.03e-05,119668427.0
2020-07-21,1.03e-05,1.053e-05,1.007e-05,1.028e-05,86788691.0
2020-07-22,1.028e-05,1.05e-05,1.009e-05,1.022e-05,70370832.0
2020-07-23,1.022e-05,1.068e-05,1.008e-05,1.022e-05,99544518.0
2020-07-24,1.022e-05,1.026e-05,9.79e-06,1.004e-05,65006756.0
2020-07-25,1.004e-05,1.048e-05,9.97e-06,1.04e-05,100755624.0
2020-07-26,1.04e-05,1.092e-05,9.84e-06,9.96e-06,175394503.0
2020-07-27,9.96e-06,1.0e-05,8.2e-06,8.58e-06,208298050.0
2020-07-28,8.58e-06,8.98e-06,8.35e-06,8.9e-06,138519048.0
2020-07-29,8.9e-06,9.09e-06,8.36e-06,8.56e-06,108920353.0
2020-07-30,8.56e-06,8.81e-06,7.5e-06,8.68e-06,67471257.0
2020-07-31,8.68e-06,8.75e-06,8.32e-06,8.54e-06,46797564.0
2020-08-01,8.54e-06,9.4e-06,8.51e-06,9.11e-06,140926121.0
2020-08-02,9.11e-06,9.73e-06,8.16e-06,9.27e-06,189360177.0
2020-08-03,9.27e-06,9.65e-06,9.2e-06,9.37e-06,73379385.0
2020-08-04,9.37e-06,9.95e-06,9.3e-06,9.84e-06,92220401.0
2020-08-05,9.84e-06,9.94e-06,9.14e-06,9.15e-06,71771484.0
2020-08-06,9.15e-06,9.22e-06,8.93e-06,9.03e-06,58764555.0
2020-08-07,9.03e-06,9.12e-06,8.66e-06,8.89e-06,54990986.0
2020-08-08,8.89e-06,8.89e-06,8.72e-06,8.78e-06,35041089.0
2020-08-09,8.78e-06,9.17e-06,8.72e-06,9.0e-06,71049100.0
2020-08-10,9.0e-06,9.11e-06,8.67e-06,8.93e-06,64839468.0
2020-08-11,8.93e-06,9.1e-06,8.54e-06,8.79e-06,66801111.0
2020-08-12,8.79e-06,8.89e-06,8.53e-06,8.77e-06,41829303.0
2020-08-13,8.77e-06,8.82e-06,8.44e-06,8.59e-06,65824025.0
2020-08-14,8.59e-06,9.17e-06,8.5e-06,8.91e-06,105050125.0
2020-08-15,8.91e-06,9.18e-06,8.69e-06,9.04e-06,95392759.0
2020-08-16,9.04e-06,9.73e-06,8.83e-06,9.67e-06,120433685.0
2020-08-17,9.67e-06,1.005e-05,8.86e-06,9.27e-06,217370337.0
2020-08-18,9.27e-06,9.45e-06,8.74e-06,9.05e-06,78655516.0
2020-08-19,9.05e-06,9.11e-06,8.48e-06,8.69e-06,84291300.0
2020-08-20,8.69e-06,9.06e-06,8.58e-06,9.05e-06,60539986.0
2020-08-21,9.05e-06,9.25e-06,8.6e-06,8.64e-06,99303075.0
2020-08-22,8.64e-06,8.83e-06,8.49e-06,8.76e-06,55214154.0
2020-08-23,8.76e-06,8.85e-06,8.53e-06,8.84e-06,37853384.0
2020-08-24,8.84e-06,9.04e-06,8.69e-06,8.76e-06,59562880.0
2020-08-25,8.76e-06,8.77e-06,8.42e-06,8.59e-06,65327607.0
2020-08-26,8.59e-06,8.74e-06,8.53e-06,8.55e-06,48014931.0
2020-08-27,8.55e-06,8.61e-06,8.09e-06,8.28e-06,59841022.0
2020-08-28,8.28e-06,8.42e-06,8.2e-06,8.31e-06,26401395.0
2020-08-29,8.31e-06,8.45e-06,8.23e-06,8.39e-06,40901259.0
2020-08-30,8.39e-06,8.45e-06,8.3e-06,8.38e-06,63781788.0
2020-08-31,8.38e-06,8.46e-06,8.19e-06,8.3e-06,41448993.0
2020-09-01,8.3e-06,8.43e-06,8.06e-06,8.29e-06,60886834.0
2020-09-02,8.29e-06,8.37e-06,7.83e-06,8.11e-06,58760898.0
2020-09-03,8.11e-06,8.13e-06,7.53e-06,7.67e-06,73932665.0
2020-09-04,7.67e-06,7.89e-06,7.35e-06,7.72e-06,82767969.0
2020-09-05,7.72e-06,7.93e-06,7.33e-06,7.41e-06,57274451.0
2020-09-06,7.41e-06,7.69e-06,7.18e-06,7.55e-06,41272387.0
2020-09-07,7.55e-06,7.71e-06,7.44e-06,7.58e-06,43589834.0
2020-09-08,7.58e-06,7.75e-06,7.51e-06,7.64e-06,34605083.0
2020-09-09,7.64e-06,7.74e-06,7.55e-06,7.66e-06,20478996.0
2020-09-10,7.66e-06,7.95e-06,7.64e-06,7.84e-06,39529449.0
2020-09-11,7.84e-06,8.13e-06,7.74e-06,8.06e-06,29030744.0
2020-09-12,8.06e-06,8.18e-06,7.96e-06,8.02e-06,21126131.0
2020-09-13,8.02e-06,8.04e-06,7.63e-06,7.75e-06,32002050.0
2020-09-14,7.75e-06,7.93e-06,7.5e-06,7.52e-06,33675736.0
2020-09-15,7.52e-06,7.54e-06,7.19e-06,7.21e-06,39149594.0
2020-09-16,7.21e-06,7.48e-06,7.03e-06,7.3e-06,55983414.0
2020-09-17,7.3e-06,7.47e-06,7.22e-06,7.35e-06,48198005.0
2020-09-18,7.35e-06,7.37e-06,7.09e-06,7.16e-06,33993472.0
2020-09-19,7.16e-06,7.19e-06,7.0e-06,7.08e-06,19387971.0
2020-09-20,7.08e-06,7.15e-06,6.95e-06,7.04e-06,23949087.0
2020-09-21,7.04e-06,7.06e-06,6.68e-06,6.72e-06,37439411.0
2020-09-22,6.72e-06,6.89e-06,6.66e-06,6.8e-06,24648979.0
2020-09-23,6.8e-06,6.86e-06,6.55e-06,6.58e-06,28343478.0
2020-09-24,6.58e-06,6.73e-06,6.46e-06,6.56e-06,41841648.0
2020-09-25,6.56e-06,7.05e-06,6.52e-06,6.99e-06,45914500.0
2020-09-26,6.99e-06,7.11e-06,6.8e-06,6.88e-06,23370405.0
2020-09-27,6.88e-06,6.91e-06,6.71e-06,6.81e-06,29833904.0
2020-09-28,6.81e-06,6.96e-06,6.74e-06,6.84e-06,28888231.0
2020-09-29,6.84e-06,6.97e-06,6.75e-06,6.84e-06,20968423.0
2020-09-30,6.84e-06,6.99e-06,6.75e-06,6.95e-06,21878186.0
2020-10-01,6.95e-06,7.03e-06,6.83e-06,6.89e-06,31465793.0
2020-10-02,6.89e-06,6.96e-06,6.62e-06,6.72e-06,30940175.0
2020-10-03,6.72e-06,6.81e-06,6.69e-06,6.74e-06,14912289.0
2020-10-04,6.74e-06,6.89e-06,6.67e-06,6.84e-06,20216003.0
2020-10-05,6.84e-06,6.93e-06,6.77e-06,6.78e-06,19654972.0
2020-10-06,6.78e-06,7.04e-06,6.72e-06,6.83e-06,42916298.0
2020-10-07,6.83e-06,6.89e-06,6.68e-06,6.78e-06,20433032.0
2020-10-08,6.78e-06,6.79e-06,6.63e-06,6.7e-06,19655999.0
2020-10-09,6.7e-06,6.87e-06,6.66e-06,6.79e-06,25461149.0
2020-10-10,6.79e-06,6.92e-06,6.67e-06,6.86e-06,23746713.0
2020-10-11,6.86e-06,6.91e-06,6.75e-06,6.79e-06,17181259.0
2020-10-12,6.79e-06,6.86e-06,6.69e-06,6.72e-06,21967045.0
2020-10-13,6.72e-06,6.73e-06,6.63e-06,6.68e-06,19196205.0
2020-10-14,6.68e-06,6.71e-06,6.42e-06,6.49e-06,35586310.0
2020-10-15,6.49e-06,6.49e-06,6.36e-06,6.44e-06,36467684.0
2020-10-16,6.44e-06,6.99e-06,6.4e-06,6.98e-06,42754040.0
2020-10-17,6.98e-06,7.39e-06,6.88e-06,7.18e-06,79593454.0
2020-10-18,7.18e-06,7.22e-06,6.9e-06,6.9e-06,25473184.0
2020-10-19,6.9e-06,7.55e-06,6.88e-06,7.23e-06,79689068.0
2020-10-20,7.23e-06,7.4e-06,6.74e-06,6.79e-06,59091919.0
2020-10-21,6.79e-06,6.9e-06,6.42e-06,6.53e-06,52792898.0
2020-10-22,6.53e-06,6.82e-06,6.51e-06,6.59e-06,31347222.0
2020-10-23,6.59e-06,6.67e-06,6.46e-06,6.47e-06,18462364.0
2020-10-24,6.47e-06,6.56e-06,6.42e-06,6.52e-06,20040521.0
2020-10-25,6.52e-06,6.56e-06,6.33e-06,6.38e-06,19783779.0
2020-10-26,6.38e-06,6.45e-06,6.2e-06,6.21e-06,22058432.0
2020-10-27,6.21e-06,6.31e-06,5.92e-06,6.0e-06,30052527.0
2020-10-28,6.0e-06,6.13e-06,5.86e-06,5.91e-06,34816817.0
2020-10-29,5.91e-06,5.95e-06,5.7e-06,5.76e-06,31841053.0
2020-10-30,5.76e-06,5.81e-06,5.58e-06,5.67e-06,20044480.0
2020-10-31,5.67e-06,5.81e-06,5.61e-06,5.63e-06,22370592.0
2020-11-01,5.63e-06,5.75e-06,5.55e-06,5.72e-06,12798821.0
2020-11-02,5.72e-06,5.77e-06,5.53e-06,5.57e-06,17199176.0
2020-11-03,5.57e-06,5.62e-06,5.36e-06,5.38e-06,24326266.0
2020-11-04,5.38e-06,5.45e-06,5.23e-06,5.28e-06,20151137.0
2020-11-05,5.28e-06,5.47e-06,4.93e-06,5.15e-06,70181592.0
2020-11-06,5.15e-06,5.51e-06,5.11e-06,5.38e-06,48007257.0
2020-11-07,5.38e-06,5.54e-06,5.3e-06,5.37e-06,37034976.0
2020-11-08,5.37e-06,5.42e-06,5.26e-06,5.27e-06,15083695.0
2020-11-09,5.27e-06,5.32e-06,5.15e-06,5.2e-06,15049875.0
2020-11-10,5.2e-06,5.36e-06,5.19e-06,5.21e-06,25372025.0
2020-11-11,5.21e-06,5.29e-06,5.09e-06,5.13e-06,19299007.0
2020-11-12,5.13e-06,5.15e-06,4.9e-06,4.95e-06,22474163.0
2020-11-13,4.95e-06,5.07e-06,4.9e-06,5.05e-06,17484218.0
2020-11-14,5.06e-06,5.22e-06,5.03e-06,5.04e-06,20245725.0
2020-11-15,5.04e-06,5.12e-06,4.99e-06,5.02e-06,14889708.0
2020-11-16,5.02e-06,5.05e-06,4.86e-06,4.93e-06,21490824.0
2020-11-17,4.94e-06,5.12e-06,4.82e-06,4.9e-06,53237731.0
2020-11-18,4.9e-06,4.92e-06,4.59e-06,4.71e-06,44591140.0
2020-11-19,4.71e-06,4.81e-06,4.61e-06,4.72e-06,43184412.0
2020-11-20,4.72e-06,4.77e-06,4.56e-06,4.75e-06,35674890.0
2020-11-21,4.74e-06,5.9e-06,4.73e-06,5.83e-06,148895733.0
2020-11-22,5.83e-06,6.14e-06,5.46e-06,5.66e-06,148199489.0
2020-11-23,5.66e-06,7.22e-06,5.6e-06,7.19e-06,184716339.0
2020-11-24,7.21e-06,1.035e-05,7.1e-06,1.021e-05,825454456.0
2020-11-25,1.021e-05,1.202e-05,9.74e-06,1.031e-05,598449630.0
2020-11-26,1.029e-05,1.086e-05,8.82e-06,9.81e-06,460334391.0
2020-11-27,9.82e-06,1.21e-05,9.55e-06,1.207e-05,300636275.0
2020-11-28,1.208e-05,1.288e-05,1.104e-05,1.13e-05,287396199.0
2020-11-29,1.13e-05,1.139e-05,1.053e-05,1.067e-05,126613403.0
2020-11-30,1.068e-05,1.118e-05,1.013e-05,1.029e-05,128513291.0
2020-12-01,1.03e-05,1.046e-05,9.34e-06,9.8e-06,108779604.0
2020-12-02,9.8e-06,9.9e-06,9.48e-06,9.65e-06,56361982.0
2020-12-03,9.63e-06,9.78e-06,9.39e-06,9.5e-06,46682976.0
2020-12-04,9.48e-06,9.73e-06,8.57e-06,8.67e-06,85549383.0
2020-12-05,8.66e-06,9.22e-06,8.6e-06,8.97e-06,43147070.0
2020-12-06,8.97e-06,9.37e-06,8.84e-06,9.08e-06,39556440.0
2020-12-07,9.08e-06,9.09e-06,8.66e-06,8.78e-06,29042471.0
2020-12-08,8.78e-06,8.78e-06,8.18e-06,8.33e-06,62183207.0
2020-12-09,8.33e-06,9.48e-06,7.89e-06,9.29e-06,160420580.0
2020-12-10,9.28e-06,9.63e-06,8.79e-06,8.8e-06,106389113.0
2020-12-11,8.81e-06,9.18e-06,8.3e-06,8.36e-06,81031889.0
2020-12-12,8.35e-06,8.99e-06,8.3e-06,8.45e-06,59619869.0
2020-12-13,8.44e-06,9.37e-06,8.29e-06,9.2e-06,78318323.0
2020-12-14,9.18e-06,9.26e-06,8.68e-06,8.83e-06,42657186.0
2020-12-15,8.83e-06,9.05e-06,8.5e-06,8.56e-06,42202500.0
2020-12-16,8.55e-06,9.13e-06,8.24e-06,9.05e-06,128190113.0
2020-12-17,9.06e-06,9.4e-06,7.81e-06,8.17e-06,209150788.0
2020-12-18,8.17e-06,8.2e-06,7.86e-06,8.02e-06,56123614.0
2020-12-19,8.02e-06,8.04e-06,7.55e-06,7.62e-06,35077197.0
2020-12-20,7.62e-06,7.71e-06,7.44e-06,7.53e-06,26508200.0
2020-12-21,7.52e-06,7.55e-06,7.15e-06,7.28e-06,34678174.0
2020-12-22,7.28e-06,7.29e-06,6.67e-06,6.81e-06,60921413.0
2020-12-23,6.8e-06,6.8e-06,4.87e-06,5.46e-06,237079749.0
2020-12-24,5.45e-06,7.04e-06,5.31e-06,6.67e-06,200217477.0
2020-12-25,6.68e-06,6.86e-06,6.04e-06,6.17e-06,104155054.0
2020-12-26,6.16e-06,6.24e-06,5.46e-06,5.54e-06,61055621.0
2020-12-27,5.54e-06,5.73e-06,4.84e-06,5.53e-06,113704447.0
2020-12-28,5.53e-06,5.78e-06,5.23e-06,5.33e-06,71242288.0
2020-12-29,5.33e-06,5.55e-06,4.84e-06,5.05e-06,95161005.0
2020-12-30,5.05e-06,5.06e-06,4.51e-06,4.55e-06,84375294.0
2020-12-31,4.57e-06,4.57e-06,4.28e-06,4.41e-06,59707476.0
2021-01-01,4.41e-06,4.77e-06,4.37e-06,4.51e-06,48291680.0
2021-01-02,4.51e-06,4.56e-06,3.87e-06,3.97e-06,90806895.0
2021-01-03,3.96e-06,4.23e-06,3.59e-06,4.13e-06,107167614.0
2021-01-04,4.14e-06,5.35e-06,4.13e-06,5.11e-06,229271275.0
2021-01-05,5.12e-06,6.49e-06,4.75e-06,5.68e-06,306311705.0
2021-01-06,5.68e-06,1.129e-05,5.68e-06,9.21e-06,1106906849.0
2021-01-07,9.24e-06,1.107e-05,7.71e-06,7.89e-06,516150581.0
2021-01-08,7.88e-06,8.52e-06,7.05e-06,7.31e-06,311961832.0
2021-01-09,7.32e-06,8.14e-06,7.06e-06,7.74e-06,184194932.0
2021-01-10,7.75e-06,8.01e-06,7.3e-06,7.46e-06,136606199.0
2021-01-11,7.45e-06,7.75e-06,6.71e-06,7.66e-06,178284565.0
2021-01-12,7.66e-06,8.95e-06,7.34e-06,8.21e-06,180450930.0
2021-01-13,8.21e-06,8.61e-06,8.04e-06,8.13e-06,106817412.0
2021-01-14,8.13e-06,8.23e-06,7.5e-06,7.75e-06,89151149.0
2021-01-15,7.75e-06,7.96e-06,7.44e-06,7.72e-06,85748171.0
2021-01-16,7.72e-06,8.28e-06,7.66e-06,8.07e-06,77537653.0
2021-01-17,8.09e-06,8.71e-06,8.01e-06,8.48e-06,104985025.0
2021-01-18,8.48e-06,8.62e-06,8.04e-06,8.33e-06,43575261.0
2021-01-19,8.33e-06,8.76e-06,8.13e-06,8.29e-06,92284991.0
2021-01-20,8.29e-06,8.4e-06,8.07e-06,8.28e-06,44981813.0
2021-01-21,8.28e-06,8.53e-06,8.04e-06,8.14e-06,52261010.0
2021-01-22,8.15e-06,8.58e-06,7.73e-06,8.17e-06,65498048.0
2021-01-23,8.18e-06,8.58e-06,8.17e-06,8.41e-06,35540413.0
2021-01-24,8.41e-06,8.63e-06,8.3e-06,8.42e-06,36057771.0
2021-01-25,8.41e-06,8.49e-06,7.84e-06,8.1e-06,43806666.0
2021-01-26,8.1e-06,8.24e-06,7.94e-06,8.06e-06,32470234.0
2021-01-27,8.05e-06,8.08e-06,7.7e-06,7.83e-06,37182755.0
2021-01-28,7.83e-06,8.99e-06,7.74e-06,8.79e-06,102172570.0
2021-01-29,8.79e-06,1.16e-05,7.45e-06,8.56e-06,458136803.0
2021-01-30,8.57e-06,1.082e-05,8.36e-06,9.57e-06,257050649.0
2021-01-31,9.58e-06,1.011e-05,9.02e-06,9.27e-06,173442302.0
2021-02-01,9.28e-06,1.088e-05,9.01e-06,9.65e-06,319192188.0
2021-02-02,9.65e-06,1.049e-05,9.06e-06,9.58e-06,124888186.0
2021-02-03,9.58e-06,9.7e-06,9.06e-06,9.21e-06,79217371.0
2021-02-04,9.22e-06,9.27e-06,8.45e-06,8.82e-06,93805754.0
2021-02-05,8.83e-06,9.66e-06,8.78e-06,9.18e-06,120241648.0
2021-02-06,9.19e-06,9.92e-06,8.37e-06,9.63e-06,138318072.0
2021-02-07,9.64e-06,1.086e-05,9.55e-06,9.92e-06,293768846.0
2021-02-08,9.94e-06,1.016e-05,8.31e-06,8.56e-06,141657704.0
2021-02-09,8.56e-06,8.76e-06,8.24e-06,8.62e-06,81156457.0
2021-02-10,8.62e-06,9.6e-06,8.41e-06,9.26e-06,147420469.0
2021-02-11,9.26e-06,9.84e-06,9.04e-06,9.5e-06,116150675.0
2021-02-12,9.51e-06,1.134e-05,9.3e-06,1.117e-05,129862377.0
2021-02-13,1.117e-05,1.27e-05,1.089e-05,1.196e-05,219552774.0
2021-02-14,1.198e-05,1.214e-05,1.022e-05,1.06e-05,124751003.0
2021-02-15,1.061e-05,1.113e-05,9.26e-06,1.032e-05,130466331.0
2021-02-16,1.031e-05,1.054e-05,9.7e-06,9.87e-06,63589638.0
2021-02-17,9.87e-06,9.92e-06,9.17e-06,9.55e-06,62993528.0
2021-02-18,9.54e-06,1.001e-05,9.49e-06,9.63e-06,57451591.0
2021-02-19,9.63e-06,9.93e-06,9.03e-06,9.17e-06,60753475.0
2021-02-20,9.17e-06,9.51e-06,8.4e-06,8.71e-06,74829232.0
2021-02-21,8.7e-06,8.86e-06,8.45e-06,8.64e-06,53252035.0
2021-02-22,8.64e-06,9.47e-06,7.98e-06,8.57e-06,129797411.0
2021-02-23,8.56e-06,8.59e-06,6.85e-06,7.9e-06,148158150.0
2021-02-24,7.9e-06,8.49e-06,7.81e-06,8.14e-06,71832222.0
2021-02-25,8.14e-06,8.33e-06,8e-06,8.08e-06,53056952.0
2021-02-26,8.08e-06,8.66e-06,7.92e-06,8.65e-06,61649839.0
2021-02-27,8.65e-06,9.96e-06,8.46e-06,9.51e-06,132659174.0
2021-02-28,9.5e-06,9.68e-06,8.81e-06,8.97e-06,100740738.0
2021-03-01,8.99e-06,9.02e-06,8.38e-06,8.68e-06,66547747.0
2021-03-02,8.69e-06,8.86e-06,8.39e-06,8.65e-06,48605205.0
2021-03-03,8.64e-06,8.65e-06,8.22e-06,8.35e-06,45751598.0
2021-03-04,8.35e-06,8.58e-06,8.22e-06,8.52e-06,49714086.0
2021-03-05,8.52e-06,8.55e-06,8.21e-06,8.3e-06,32602173.0
2021-03-06,8.31e-06,8.37e-06,8.14e-06,8.22e-06,24838393.0
2021-03-07,8.21e-06,8.36e-06,8.02e-06,8.1e-06,37572600.0
2021-03-08,8.09e-06,8.33e-06,7.92e-06,7.99e-06,38379188.0
2021-03-09,7.99e-06,8.03e-06,7.77e-06,7.86e-06,46244806.0
2021-03-10,7.87e-06,7.89e-06,7.27e-06,7.33e-06,54535414.0
2021-03-11,7.32e-06,7.73e-06,6.98e-06,7.02e-06,45237919.0
2021-03-12,7.01e-06,7.12e-06,6.69e-06,6.75e-06,43768021.0
2021-03-13,6.75e-06,6.88e-06,6.59e-06,6.66e-06,47416173.0
2021-03-14,6.65e-06,6.68e-06,6.48e-06,6.59e-06,32415044.0
2021-03-15,6.59e-06,6.91e-06,6.48e-06,6.9e-06,45574370.0
2021-03-16,6.91e-06,7.62e-06,6.87e-06,6.95e-06,65864667.0
2021-03-17,6.95e-06,7.22e-06,6.76e-06,6.83e-06,47839515.0
2021-03-18,6.83e-06,7.06e-06,6.72e-06,6.85e-06,37675688.0
2021-03-19,6.85e-06,6.92e-06,6.72e-06,6.8e-06,26769640.0
2021-03-20,6.8e-06,7.42e-06,6.7e-06,7.15e-06,64434621.0
2021-03-21,7.16e-06,7.23e-06,6.9e-06,7.04e-06,53209251.0
2021-03-22,7.04e-06,7.45e-06,6.93e-06,7.26e-06,63351592.0
2021-03-23,7.26e-06,7.44e-06,7.15e-06,7.27e-06,44813497.0
2021-03-24,7.26e-06,7.31e-06,6.73e-06,6.92e-06,45311582.0
2021-03-25,6.92e-06,7.11e-06,6.61e-06,7.04e-06,41785963.0
2021-03-26,7.04e-06,7.32e-06,6.92e-06,6.98e-06,38710107.0
2021-03-27,6.98e-06,7.07e-06,6.76e-06,6.84e-06,29169897.0
2021-03-28,6.84e-06,7.42e-06,6.76e-06,7.13e-06,61811180.0
2021-03-29,7.13e-06,7.29e-06,6.9e-06,7.02e-06,29850687.0
2021-03-30,7.02e-06,7.11e-06,6.81e-06,6.83e-06,34956502.0
2021-03-31,6.83e-06,6.93e-06,6.6e-06,6.91e-06,43714775.0
2021-04-01,6.91e-06,7.3e-06,6.85e-06,7.21e-06,66835076.0
2021-04-02,7.23e-06,7.87e-06,7.22e-06,7.45e-06,108058300.0
2021-04-03,7.45e-06,7.72e-06,7.08e-06,7.16e-06,62943059.0
2021-04-04,7.16e-06,7.48e-06,7.07e-06,7.36e-06,47511172.0
2021-04-05,7.36e-06,9.38e-06,7.3e-06,9.09e-06,208586137.0
2021-04-06,9.08e-06,9.85e-06,8.37e-06,9.34e-06,214809386.0
2021-04-07,9.34e-06,9.5e-06,8.11e-06,8.44e-06,113064134.0
2021-04-08,8.45e-06,8.8e-06,8.27e-06,8.7e-06,69964083.0
2021-04-09,8.69e-06,8.75e-06,8.22e-06,8.35e-06,49656037.0
2021-04-10,8.36e-06,9.87e-06,8.09e-06,9.41e-06,212289185.0
2021-04-11,9.41e-06,1.098e-05,9.3e-06,9.73e-06,266345182.0
2021-04-12,9.74e-06,1.015e-05,9.42e-06,9.87e-06,117006682.0
2021-04-13,9.86e-06,1.08e-05,9.46e-06,1.032e-05,170589208.0
2021-04-14,1.032e-05,1.076e-05,9.36e-06,1.009e-05,118410291.0
2021-04-15,1.008e-05,1.027e-05,9.79e-06,1.013e-05,51905341.0
2021-04-16,1.013e-05,1.03e-05,9.36e-06,9.93e-06,72614308.0
2021-04-17,9.95e-06,1.036e-05,9.83e-06,9.85e-06,58713322.0
2021-04-18,9.86e-06,9.95e-06,8.7e-06,9.7e-06,93176872.0
2021-04-19,9.69e-06,9.94e-06,8.94e-06,8.98e-06,56372994.0
2021-04-20,8.97e-06,9.41e-06,8.7e-06,9.38e-06,54165531.0
2021-04-21,9.37e-06,9.57e-06,8.91e-06,9.1e-06,37455231.0
2021-04-22,9.09e-06,9.46e-06,8.62e-06,8.69e-06,57014480.0
2021-04-23,8.69e-06,8.9e-06,6.65e-06,8.83e-06,96721474.0
2021-04-24,8.82e-06,9.24e-06,8.38e-06,8.5e-06,48103707.0
2021-04-25,8.49e-06,8.85e-06,8.4e-06,8.48e-06,27405200.0
2021-04-26,8.49e-06,9.02e-06,8.41e-06,9e-06,44630771.0
2021-04-27,9e-06,9.53e-06,8.88e-06,9.26e-06,41196541.0
2021-04-28,9.27e-06,9.38e-06,8.81e-06,9.07e-06,28275858.0
2021-04-29,9.06e-06,9.36e-06,8.91e-06,9.19e-06,22127092.0
2021-04-30,9.17e-06,9.78e-06,9.09e-06,9.17e-06,44410987.0
2021-05-01,9.18e-06,9.36e-06,8.93e-06,9.35e-06,30058194.0
2021-05-02,9.35e-06,9.9e-06,9.1e-06,9.82e-06,39010020.0
2021-05-03,9.81e-06,9.89e-06,9.42e-06,9.63e-06,32134808.0
2021-05-04,9.63e-06,9.64e-06,9.26e-06,9.43e-06,43290361.0
2021-05-05,9.43e-06,1.06e-05,9.37e-06,1.055e-05,93627122.0
2021-05-06,1.053e-05,1.216e-05,1.046e-05,1.153e-05,181229352.0
2021-05-07,1.153e-05,1.22e-05,1.071e-05,1.1e-05,108946261.0
2021-05-08,1.101e-05,1.107e-05,1.032e-05,1.045e-05,48031518.0
2021-05-09,1.045e-05,1.104e-05,1.003e-05,1.078e-05,56286523.0
2021-05-10,1.078e-05,1.35e-05,1.076e-05,1.178e-05,290630527.0
2021-05-11,1.178e-05,1.322e-05,1.131e-05,1.296e-05,161741751.0
2021-05-12,1.296e-05,1.3e-05,1.166e-05,1.196e-05,94717208.0
2021-05-13,1.195e-05,1.338e-05,1.154e-05,1.313e-05,143368521.0
2021-05-14,1.314e-05,1.413e-05,1.291e-05,1.342e-05,135450024.0
2021-05-15,1.342e-05,1.521e-05,1.317e-05,1.457e-05,150478824.0
2021-05-16,1.456e-05,1.616e-05,1.431e-05,1.531e-05,160116622.0
2021-05-17,1.531e-05,1.572e-05,1.45e-05,1.478e-05,114159571.0
2021-05-18,1.477e-05,1.541e-05,1.444e-05,1.506e-05,98745037.0
2021-05-19,1.506e-05,1.522e-05,8.65e-06,1.208e-05,220960887.0
2021-05-20,1.208e-05,1.265e-05,1.129e-05,1.221e-05,87790024.0
2021-05-21,1.221e-05,1.226e-05,1.104e-05,1.123e-05,69581743.0
2021-05-22,1.123e-05,1.125e-05,1.03e-05,1.038e-05,48914493.0
2021-05-23,1.039e-05,1.064e-05,8.79e-06,1.046e-05,85364143.0
2021-05-24,1.046e-05,1.28e-05,1.032e-05,1.133e-05,101069731.0
2021-05-25,1.133e-05,1.183e-05,1.088e-05,1.119e-05,55155440.0
2021-05-26,1.119e-05,1.167e-05,1.105e-05,1.132e-05,54877524.0
2021-05-27,1.131e-05,1.14e-05,1.081e-05,1.091e-05,32668828.0
2021-05-28,1.092e-05,1.137e-05,1.034e-05,1.118e-05,42623205.0
2021-05-29,1.119e-05,1.127e-05,1.018e-05,1.06e-05,28362210.0
2021-05-30,1.061e-05,1.124e-05,1.032e-05,1.051e-05,35897394.0
2021-05-31,1.05e-05,1.113e-05,1.044e-05,1.08e-05,40364029.0
2021-06-01,1.081e-05,1.219e-05,1.069e-05,1.14e-05,67988388.0
2021-06-02,1.141e-05,1.146e-05,1.104e-05,1.114e-05,33854477.0
2021-06-03,1.115e-05,1.12e-05,1.08e-05,1.084e-05,25472808.0
2021-06-04,1.083e-05,1.087e-05,1.028e-05,1.045e-05,36595995.0
2021-06-05,1.044e-05,1.075e-05,1.042e-05,1.056e-05,18161145.0
2021-06-06,1.056e-05,1.069e-05,1.046e-05,1.063e-05,10649101.0
2021-06-07,1.064e-05,1.069e-05,1.019e-05,1.033e-05,23320947.0
2021-06-08,1.031e-05,1.058e-05,9.9e-06,1.047e-05,30305774.0
2021-06-09,1.047e-05,1.048e-05,9.56e-06,9.77e-06,36969502.0
2021-06-10,9.77e-06,9.83e-06,9.14e-06,9.24e-06,29801838.0
2021-06-11,9.24e-06,9.25e-06,8.48e-06,8.52e-06,27607800.0
2021-06-12,8.52e-06,9.61e-06,8.33e-06,9.22e-06,29947580.0
2021-06-13,9.23e-06,9.24e-06,8.76e-06,8.84e-06,18539222.0
2021-06-14,8.83e-06,8.93e-06,8.31e-06,8.47e-06,25546574.0
2021-06-15,8.47e-06,8.73e-06,8.26e-06,8.31e-06,23679720.0
2021-06-16,8.31e-06,8.52e-06,8.12e-06,8.27e-06,20424493.0
2021-06-17,8.29e-06,8.43e-06,8.23e-06,8.33e-06,12112108.0
2021-06-18,8.34e-06,8.41e-06,7.81e-06,8.3e-06,25986067.0
2021-06-19,8.3e-06,8.48e-06,8.11e-06,8.14e-06,16486774.0
2021-06-20,8.14e-06,8.41e-06,8.02e-06,8.35e-06,21701030.0
2021-06-21,8.36e-06,8.47e-06,7.45e-06,7.47e-06,44025508.0
2021-06-22,7.45e-06,7.86e-06,6.79e-06,7.23e-06,57387503.0
2021-06-23,7.23e-06,7.91e-06,7.07e-06,7.59e-06,25456285.0
2021-06-24,7.6e-06,7.98e-06,7.47e-06,7.75e-06,22051903.0
2021-06-25,7.75e-06,7.88e-06,7.44e-06,7.63e-06,21752119.0
2021-06-26,7.62e-06,7.8e-06,7.46e-06,7.72e-06,21460211.0
2021-06-27,7.72e-06,7.85e-06,7.3e-06,7.48e-06,19721512.0
2021-06-28,7.48e-06,7.72e-06,7.41e-06,7.64e-06,18594843.0
2021-06-29,7.64e-06,8.22e-06,7.6e-06,7.88e-06,32922674.0
2021-06-30,7.88e-06,8.14e-06,7.71e-06,8.11e-06,20784819.0
2021-07-01,8.11e-06,8.12e-06,7.81e-06,8.02e-06,24042484.0
2021-07-02,8.02e-06,8.09e-06,7.63e-06,7.77e-06,19972947.0
2021-07-03,7.79e-06,7.86e-06,7.57e-06,7.61e-06,17627205.0
2021-07-04,7.6e-06,7.66e-06,7.5e-06,7.6e-06,20415271.0
2021-07-05,7.59e-06,7.69e-06,7.51e-06,7.51e-06,21756788.0
2021-07-06,7.52e-06,7.67e-06,7.5e-06,7.6e-06,21977267.0
2021-07-07,7.61e-06,7.64e-06,7.49e-06,7.58e-06,21824546.0
2021-07-08,7.57e-06,7.61e-06,7.38e-06,7.38e-06,22699256.0
2021-07-09,7.38e-06,7.42e-06,7.15e-06,7.26e-06,21651412.0
2021-07-10,7.27e-06,7.39e-06,7.12e-06,7.3e-06,11851362.0
2021-07-11,7.31e-06,7.33e-06,7.13e-06,7.18e-06,8124471.0
2021-07-12,7.18e-06,7.33e-06,7.17e-06,7.2e-06,13113061.0
2021-07-13,7.2e-06,7.29e-06,7.04e-06,7.1e-06,17118310.0
2021-07-14,7.1e-06,7.42e-06,6.91e-06,7.32e-06,26562007.0
2021-07-15,7.32e-06,7.63e-06,7.16e-06,7.55e-06,22345566.0
2021-07-16,7.55e-06,8.06e-06,7.44e-06,7.49e-06,55025042.0
2021-07-17,7.5e-06,7.58e-06,7.27e-06,7.37e-06,20449340.0
2021-07-18,7.38e-06,7.46e-06,7.21e-06,7.24e-06,17441768.0
2021-07-19,7.23e-06,7.27e-06,6.83e-06,6.85e-06,18193244.0
2021-07-20,6.85e-06,7.22e-06,6.69e-06,7.13e-06,24433482.0
2021-07-21,7.12e-06,7.2e-06,6.95e-06,7.09e-06,20331219.0
2021-07-22,7.1e-06,8.28e-06,7e-06,8.17e-06,63937992.0
2021-07-23,8.17e-06,8.61e-06,7.75e-06,8e-06,51999239.0
2021-07-24,8e-06,8.09e-06,7.71e-06,7.8e-06,16364302.0
2021-07-25,7.79e-06,7.8e-06,7.38e-06,7.4e-06,15739224.0
2021-07-26,7.39e-06,7.46e-06,6.83e-06,6.99e-06,38301020.0
2021-07-27,7e-06,7.07e-06,6.62e-06,6.66e-06,22022322.0
2021-07-28,6.66e-06,7.08e-06,6.52e-06,6.75e-06,29676298.0
2021-07-29,6.75e-06,6.87e-06,6.62e-06,6.8e-06,13174155.0
2021-07-30,6.81e-06,7.1e-06,6.6e-06,6.62e-06,25605720.0
2021-07-31,6.62e-06,6.98e-06,6.61e-06,6.87e-06,22219706.0
2021-08-01,6.86e-06,7.21e-06,6.86e-06,6.91e-06,26429610.0
2021-08-02,6.91e-06,7.15e-06,6.82e-06,7e-06,27111425.0
2021-08-03,7e-06,7.22e-06,6.93e-06,7.18e-06,14924585.0
2021-08-04,7.18e-06,7.19e-06,6.99e-06,7.05e-06,15806478.0
2021-08-05,7.07e-06,7.18e-06,6.75e-06,6.86e-06,24593729.0
2021-08-06,6.86e-06,6.93e-06,6.59e-06,6.65e-06,18111496.0
2021-08-07,6.65e-06,7.13e-06,6.61e-06,6.89e-06,28622456.0
2021-08-08,6.9e-06,7.02e-06,6.51e-06,6.57e-06,18092568.0
2021-08-09,6.55e-06,6.72e-06,6.44e-06,6.46e-06,21442197.0
2021-08-10,6.46e-06,6.88e-06,6.41e-06,6.81e-06,23338854.0
2021-08-11,6.81e-06,7.59e-06,6.8e-06,7.42e-06,46857833.0
2021-08-12,7.42e-06,7.68e-06,7.17e-06,7.4e-06,32364896.0
2021-08-13,7.41e-06,7.89e-06,7.32e-06,7.53e-06,27516028.0
2021-08-14,7.53e-06,8.49e-06,7.41e-06,8.39e-06,43489087.0
2021-08-15,8.39e-06,8.54e-06,8.1e-06,8.32e-06,35474680.0
2021-08-16,8.31e-06,8.64e-06,8.07e-06,8.1e-06,31786817.0
2021-08-17,8.09e-06,8.2e-06,7.61e-06,7.64e-06,29713434.0
2021-08-18,7.64e-06,7.84e-06,7.33e-06,7.65e-06,25665887.0
2021-08-19,7.66e-06,7.9e-06,7.53e-06,7.86e-06,25390500.0
2021-08-20,7.86e-06,8.03e-06,7.67e-06,7.81e-06,23173878.0
2021-08-21,7.8e-06,7.81e-06,7.56e-06,7.6e-06,13782708.0
2021-08-22,7.6e-06,7.93e-06,7.46e-06,7.56e-06,19275285.0
2021-08-23,7.56e-06,7.71e-06,7.5e-06,7.66e-06,29922654.0
2021-08-24,7.65e-06,7.68e-06,7.32e-06,7.34e-06,24670530.0
2021-08-25,7.36e-06,7.46e-06,7.23e-06,7.32e-06,19206331.0
2021-08-26,7.32e-06,7.38e-06,7.09e-06,7.15e-06,18570806.0
2021-08-27,7.16e-06,7.35e-06,7.07e-06,7.28e-06,18452048.0
2021-08-28,7.29e-06,7.32e-06,7.03e-06,7.1e-06,13710599.0
2021-08-29,7.1e-06,7.18e-06,7.03e-06,7.03e-06,12241885.0
2021-08-30,7.03e-06,7.13e-06,6.95e-06,7.01e-06,17540346.0
2021-08-31,7.02e-06,7.53e-06,6.99e-06,7.2e-06,35422249.0
2021-09-01,7.21e-06,7.43e-06,7.18e-06,7.24e-06,22370966.0
2021-09-02,7.25e-06,7.35e-06,7.14e-06,7.29e-06,25296687.0
2021-09-03,7.29e-06,7.49e-06,7.2e-06,7.39e-06,30361882.0
2021-09-04,7.37e-06,7.64e-06,7.34e-06,7.41e-06,28588586.0
2021-09-05,7.41e-06,7.9e-06,7.39e-06,7.69e-06,32458339.0
2021-09-06,7.69e-06,8.32e-06,7.54e-06,8.05e-06,64690799.0
2021-09-07,8.05e-06,8.06e-06,6.24e-06,7.17e-06,104215254.0
2021-09-08,7.16e-06,7.25e-06,6.83e-06,7.16e-06,48539761.0
2021-09-09,7.17e-06,7.33e-06,7.09e-06,7.17e-06,27666116.0
2021-09-10,7.16e-06,7.69e-06,6.97e-06,7.06e-06,50557512.0
2021-09-11,7.07e-06,7.28e-06,7.02e-06,7.2e-06,22531064.0
2021-09-12,7.19e-06,7.38e-06,7.08e-06,7.22e-06,20362016.0
2021-09-13,7.22e-06,7.28e-06,7.03e-06,7.09e-06,27006362.0
2021-09-14,7.09e-06,7.14e-06,6.88e-06,7.03e-06,19185075.0
2021-09-15,7.04e-06,7.21e-06,6.95e-06,7.08e-06,18797909.0
2021-09-16,7.08e-06,7.11e-06,6.86e-06,6.93e-06,22235141.0
2021-09-17,6.93e-06,6.93e-06,6.71e-06,6.75e-06,19469826.0
2021-09-18,6.76e-06,6.77e-06,6.62e-06,6.66e-06,13115014.0
2021-09-19,6.66e-06,6.77e-06,6.62e-06,6.64e-06,10872007.0
2021-09-20,6.64e-06,6.65e-06,6.33e-06,6.55e-06,30944528.0
2021-09-21,6.56e-06,6.7e-06,6.46e-06,6.53e-06,25433629.0
2021-09-22,6.53e-06,6.74e-06,6.38e-06,6.72e-06,22200752.0
2021-09-23,6.71e-06,6.87e-06,6.66e-06,6.75e-06,33269234.0
2021-09-24,6.75e-06,6.81e-06,6.54e-06,6.57e-06,19226882.0
2021-09-25,6.57e-06,6.68e-06,6.43e-06,6.5e-06,13526971.0
2021-09-26,6.5e-06,6.5e-06,6.3e-06,6.4e-06,15795146.0
2021-09-27,6.39e-06,6.55e-06,6.25e-06,6.28e-06,13975629.0
2021-09-28,6.28e-06,6.37e-06,6.2e-06,6.25e-06,22634241.0
2021-09-29,6.26e-06,6.63e-06,6.22e-06,6.5e-06,25415164.0
2021-09-30,6.49e-06,6.52e-06,6.31e-06,6.36e-06,16690000.0
2021-10-01,6.36e-06,6.49e-06,6.11e-06,6.25e-06,27866375.0
2021-10-02,6.23e-06,6.8e-06,6.14e-06,6.64e-06,30108439.0
2021-10-03,6.65e-06,6.75e-06,6.48e-06,6.53e-06,30168311.0
2021-10-04,6.52e-06,6.54e-06,6.15e-06,6.3e-06,26148503.0
2021-10-05,6.31e-06,6.47e-06,6.11e-06,6.19e-06,18166613.0
2021-10-06,6.2e-06,6.57e-06,5.8e-06,6.47e-06,49392956.0
2021-10-07,6.47e-06,6.71e-06,6.28e-06,6.38e-06,74531134.0
2021-10-08,6.39e-06,6.43e-06,6.18e-06,6.23e-06,27794215.0
2021-10-09,6.24e-06,6.71e-06,6.17e-06,6.42e-06,31486141.0
2021-10-10,6.42e-06,6.45e-06,6.04e-06,6.06e-06,22551442.0
2021-10-11,6.06e-06,6.33e-06,5.85e-06,5.99e-06,25788042.0
2021-10-12,6e-06,6.07e-06,5.63e-06,5.95e-06,24365370.0
2021-10-13,5.94e-06,6.78e-06,5.91e-06,6.41e-06,50298317.0
2021-10-14,6.42e-06,6.61e-06,6.34e-06,6.44e-06,31921559.0
2021-10-15,6.44e-06,6.45e-06,5.82e-06,5.86e-06,43698189.0
2021-10-16,5.87e-06,6.91e-06,5.86e-06,6.51e-06,76957743.0
2021-10-17,6.52e-06,6.61e-06,6.16e-06,6.23e-06,40411742.0
2021-10-18,6.23e-06,6.48e-06,6.09e-06,6.11e-06,32249855.0
2021-10-19,6.12e-06,6.16e-06,5.74e-06,5.82e-06,19926367.0
2021-10-20,5.82e-06,5.95e-06,5.72e-06,5.94e-06,25916134.0
2021-10-21,5.94e-06,6.08e-06,5.91e-06,5.99e-06,29771794.0
2021-10-22,6e-06,6.14e-06,5.95e-06,6.14e-06,17271999.0
2021-10-23,6.14e-06,6.22e-06,6.07e-06,6.17e-06,17355016.0
2021-10-24,6.16e-06,6.37e-06,6.05e-06,6.12e-06,20847621.0
2021-10-25,6.12e-06,6.16e-06,5.98e-06,6.16e-06,21625334.0
2021-10-26,6.16e-06,6.26e-06,6.06e-06,6.18e-06,21007790.0
2021-10-27,6.18e-06,6.2e-06,5.32e-06,5.65e-06,61340022.0
2021-10-28,5.65e-06,5.85e-06,5.55e-06,5.66e-06,38388207.0
2021-10-29,5.65e-06,5.83e-06,5.63e-06,5.8e-06,25415684.0
2021-10-30,5.81e-06,6.2e-06,5.75e-06,5.8e-06,28558468.0
2021-10-31,5.8e-06,6.37e-06,5.74e-06,6.08e-06,50794496.0
2021-11-01,6.07e-06,6.1e-06,5.89e-06,6e-06,21784577.0
2021-11-02,6.01e-06,6.06e-06,5.81e-06,6.05e-06,19817052.0
2021-11-03,6.06e-06,6.35e-06,5.95e-06,6.12e-06,40556057.0
2021-11-04,6.12e-06,6.26e-06,5.99e-06,6e-06,20634759.0
2021-11-05,6.01e-06,6.03e-06,5.88e-06,5.89e-06,20994149.0
2021-11-06,5.89e-06,5.97e-06,5.78e-06,5.83e-06,17152777.0
2021-11-07,5.84e-06,5.89e-06,5.73e-06,5.75e-06,19514184.0
2021-11-08,5.74e-06,5.75e-06,5.55e-06,5.59e-06,25716815.0
2021-11-09,5.59e-06,6.33e-06,5.53e-06,6.17e-06,50938071.0
2021-11-10,6.16e-06,6.43e-06,5.7e-06,5.91e-06,77605421.0
2021-11-11,5.9e-06,6.2e-06,5.84e-06,6.03e-06,28823280.0
2021-11-12,6.03e-06,6.07e-06,5.81e-06,5.91e-06,26637013.0
2021-11-13,5.92e-06,5.93e-06,5.81e-06,5.88e-06,14395206.0
2021-11-14,5.87e-06,5.88e-06,5.72e-06,5.76e-06,16258418.0
2021-11-15,5.76e-06,6.1e-06,5.74e-06,5.92e-06,23179078.0
2021-11-16,5.92e-06,5.95e-06,5.61e-06,5.72e-06,32038124.0
2021-11-17,5.71e-06,5.79e-06,5.6e-06,5.73e-06,19688904.0
2021-11-18,5.74e-06,5.93e-06,5.5e-06,5.76e-06,26048665.0
2021-11-19,5.76e-06,6.75e-06,5.73e-06,6.09e-06,55463037.0
2021-11-20,6.1e-06,6.14e-06,5.79e-06,5.84e-06,38399986.0
2021-11-21,5.84e-06,5.9e-06,5.75e-06,5.86e-06,23564504.0
2021-11-22,5.86e-06,6.3e-06,5.77e-06,5.96e-06,52442996.0
2021-11-23,5.97e-06,5.98e-06,5.76e-06,5.93e-06,44630213.0
2021-11-24,5.93e-06,6.1e-06,5.64e-06,5.72e-06,49593081.0
2021-11-25,5.72e-06,5.95e-06,5.69e-06,5.8e-06,35651368.0
2021-11-26,5.79e-06,6.28e-06,5.54e-06,6.12e-06,114109080.0
2021-11-27,6.12e-06,6.17e-06,5.84e-06,5.95e-06,48966716.0
2021-11-28,5.96e-06,5.97e-06,5.6e-06,5.65e-06,34834861.0
2021-11-29,5.65e-06,5.8e-06,5.56e-06,5.68e-06,39478063.0
2021-11-30,5.69e-06,6.13e-06,5.68e-06,5.88e-06,52131971.0
2021-12-01,5.89e-06,6.06e-06,5.65e-06,5.72e-06,49988621.0
2021-12-02,5.73e-06,6.07e-06,5.66e-06,6.01e-06,49859650.0
2021-12-03,6.02e-06,6.4e-06,5.91e-06,6.07e-06,91724504.0
2021-12-04,6.07e-06,6.11e-06,4.84e-06,5.87e-06,174260639.0
2021-12-05,5.88e-06,5.93e-06,5.38e-06,5.64e-06,59862419.0
2021-12-06,5.65e-06,5.96e-06,5.22e-06,5.84e-06,84672960.0
2021-12-07,5.83e-06,5.9e-06,5.56e-06,5.66e-06,40483815.0
2021-12-08,5.66e-06,6.12e-06,5.61e-06,6.06e-06,60703617.0
2021-12-09,6.07e-06,6.13e-06,5.74e-06,5.74e-06,49609903.0
2021-12-10,5.74e-06,5.77e-06,5.5e-06,5.52e-06,33196175.0
2021-12-11,5.52e-06,5.82e-06,5.46e-06,5.56e-06,37314011.0
2021-12-12,5.56e-06,5.6e-06,5.46e-06,5.5e-06,20792122.0
2021-12-13,5.5e-06,5.54e-06,5.36e-06,5.42e-06,22736898.0
2021-12-14,5.41e-06,5.78e-06,5.33e-06,5.53e-06,44311422.0
2021-12-15,5.53e-06,5.69e-06,5.26e-06,5.58e-06,56756360.0
2021-12-16,5.58e-06,5.65e-06,5.33e-06,5.36e-06,39863165.0
2021-12-17,5.37e-06,5.58e-06,5.32e-06,5.51e-06,45379750.0
2021-12-18,5.51e-06,5.75e-06,5.4e-06,5.45e-06,57409330.0
2021-12-19,5.45e-06,5.66e-06,5.36e-06,5.42e-06,51003206.0
2021-12-20,5.42e-06,5.88e-06,5.38e-06,5.48e-06,103652296.0
2021-12-21,5.49e-06,5.49e-06,5.35e-06,5.47e-06,38451453.0
2021-12-22,5.47e-06,5.67e-06,5.46e-06,5.49e-06,50247445.0
2021-12-23,5.49e-06,5.74e-06,5.48e-06,5.65e-06,38424415.0
2021-12-24,5.65e-06,5.68e-06,5.4e-06,5.47e-06,24136599.0
2021-12-25,5.47e-06,5.79e-06,5.44e-06,5.74e-06,24029078.0
2021-12-26,5.74e-06,5.84e-06,5.71e-06,5.74e-06,17787386.0
2021-12-27,5.73e-06,5.96e-06,5.73e-06,5.89e-06,19112650.0
2021-12-28,5.88e-06,6e-06,5.69e-06,5.77e-06,28709757.0
2021-12-29,5.76e-06,5.86e-06,5.72e-06,5.75e-06,17439596.0
2021-12-30,5.75e-06,5.81e-06,5.63e-06,5.69e-06,16161233.0
2021-12-31,5.69e-06,5.79e-06,5.64e-06,5.77e-06,15139360.0
2022-01-01,5.77e-06,5.84e-06,5.69e-06,5.8e-06,14882522.0
2022-01-02,5.81e-06,6.2e-06,5.8e-06,6.18e-06,20469038.0
2022-01-03,6.18e-06,6.34e-06,6.11e-06,6.24e-06,26568733.0
2022-01-04,6.25e-06,6.27e-06,6.05e-06,6.1e-06,15242212.0
2022-01-05,6.09e-06,6.37e-06,5.97e-06,6.14e-06,35193346.0
2022-01-06,6.14e-06,6.34e-06,6.01e-06,6.21e-06,24100636.0
2022-01-07,6.22e-06,6.3e-06,6.09e-06,6.19e-06,18541901.0
2022-01-08,6.19e-06,6.32e-06,6.07e-06,6.11e-06,21677713.0
2022-01-09,6.11e-06,6.24e-06,6.1e-06,6.24e-06,14476444.0
2022-01-10,6.23e-06,6.26e-06,5.89e-06,6.06e-06,27555885.0
2022-01-11,6.06e-06,6.17e-06,5.95e-06,6.16e-06,15191857.0
2022-01-12,6.16e-06,6.67e-06,6.15e-06,6.43e-06,30768970.0
2022-01-13,6.43e-06,6.61e-06,6.31e-06,6.33e-06,20530583.0
2022-01-14,6.32e-06,6.77e-06,6.13e-06,6.14e-06,32150168.0
2022-01-15,6.14e-06,6.24e-06,5.99e-06,6.01e-06,27393206.0
2022-01-16,6.02e-06,6.09e-06,5.93e-06,6.01e-06,13138295.0
2022-01-17,6.01e-06,6.08e-06,5.9e-06,6.06e-06,14455113.0
2022-01-18,6.06e-06,6.09e-06,5.98e-06,6e-06,15032295.0
2022-01-19,6e-06,6.09e-06,5.87e-06,5.89e-06,15264095.0
2022-01-20,5.9e-06,5.92e-06,5.66e-06,5.69e-06,37015734.0
2022-01-21,5.69e-06,5.86e-06,5.47e-06,5.56e-06,56445793.0
2022-01-22,5.56e-06,5.69e-06,4.9e-06,5.49e-06,56631998.0
2022-01-23,5.49e-06,5.62e-06,5.39e-06,5.54e-06,22702366.0
2022-01-24,5.54e-06,5.6e-06,5.19e-06,5.4e-06,28787754.0
2022-01-25,5.4e-06,5.47e-06,5.23e-06,5.31e-06,16146126.0
2022-01-26,5.32e-06,5.39e-06,5.24e-06,5.34e-06,17513611.0
2022-01-27,5.34e-06,5.43e-06,5.18e-06,5.22e-06,15106019.0
2022-01-28,5.22e-06,5.34e-06,5.18e-06,5.27e-06,12566382.0
2022-01-29,5.27e-06,5.41e-06,5.23e-06,5.33e-06,12722865.0
2022-01-30,5.32e-06,5.41e-06,5.12e-06,5.15e-06,10337323.0
2022-01-31,5.16e-06,5.29e-06,5.11e-06,5.18e-06,18121993.0
2022-02-01,5.19e-06,5.34e-06,5.18e-06,5.22e-06,12893360.0
2022-02-02,5.22e-06,5.34e-06,5.18e-06,5.23e-06,16571350.0
2022-02-03,5.23e-06,5.28e-06,5.17e-06,5.23e-06,15502066.0
2022-02-04,5.23e-06,5.27e-06,5.01e-06,5.03e-06,15130572.0
2022-02-05,5.02e-06,5.19e-06,5.02e-06,5.14e-06,14243067.0
2022-02-06,5.14e-06,5.35e-06,5.14e-06,5.28e-06,18356207.0
2022-02-07,5.28e-06,5.59e-06,5.25e-06,5.46e-06,33069452.0
2022-02-08,5.47e-06,5.76e-06,5.38e-06,5.5e-06,36375362.0
2022-02-09,5.5e-06,5.55e-06,5.37e-06,5.38e-06,19603495.0
2022-02-10,5.37e-06,5.45e-06,5.18e-06,5.33e-06,17872391.0
2022-02-11,5.32e-06,5.35e-06,5.06e-06,5.09e-06,14150292.0
2022-02-12,5.09e-06,5.26e-06,5.04e-06,5.17e-06,14315335.0
2022-02-13,5.17e-06,5.21e-06,4.99e-06,5e-06,11494252.0
2022-02-14,5e-06,5.02e-06,4.9e-06,4.96e-06,16709221.0
2022-02-15,4.95e-06,4.98e-06,4.89e-06,4.95e-06,14139785.0
2022-02-16,4.96e-06,5.03e-06,4.9e-06,4.98e-06,11256288.0
2022-02-17,4.98e-06,5.13e-06,4.97e-06,4.99e-06,20383982.0
2022-02-18,5e-06,5.11e-06,4.9e-06,5.01e-06,15476788.0
2022-02-19,5.02e-06,5.24e-06,4.94e-06,5.09e-06,28131320.0
2022-02-20,5.1e-06,5.2e-06,4.98e-06,5.06e-06,24613278.0
2022-02-21,5.06e-06,5.14e-06,4.78e-06,4.8e-06,32037826.0
2022-02-22,4.81e-06,4.91e-06,4.74e-06,4.86e-06,16625995.0
2022-02-23,4.86e-06,4.98e-06,4.82e-06,4.87e-06,12546134.0
2022-02-24,4.87e-06,4.94e-06,4.68e-06,4.75e-06,43545515.0
2022-02-25,4.76e-06,4.89e-06,4.66e-06,4.86e-06,13014272.0
2022-02-26,4.86e-06,5.06e-06,4.85e-06,4.93e-06,12147524.0
2022-02-27,4.92e-06,4.92e-06,4.77e-06,4.81e-06,10094407.0
2022-02-28,4.8e-06,4.8e-06,4.42e-06,4.58e-06,17917046.0
2022-03-01,4.58e-06,4.64e-06,4.44e-06,4.48e-06,15507285.0
2022-03-02,4.48e-06,4.49e-06,4.35e-06,4.41e-06,18444142.0
2022-03-03,4.4e-06,4.48e-06,4.35e-06,4.43e-06,12935629.0
2022-03-04,4.43e-06,4.54e-06,4.35e-06,4.49e-06,13441292.0
2022-03-05,4.5e-06,4.62e-06,4.43e-06,4.58e-06,13248315.0
2022-03-06,4.58e-06,4.63e-06,4.47e-06,4.5e-06,11343870.0
2022-03-07,4.5e-06,4.59e-06,4.45e-06,4.47e-06,16135889.0
2022-03-08,4.46e-06,4.51e-06,4.36e-06,4.46e-06,14400909.0
2022-03-09,4.47e-06,4.53e-06,4.25e-06,4.5e-06,20886541.0
2022-03-10,4.5e-06,4.62e-06,4.45e-06,4.54e-06,12543511.0
2022-03-11,4.54e-06,4.77e-06,4.45e-06,4.74e-06,19043839.0
2022-03-12,4.74e-06,4.85e-06,4.67e-06,4.77e-06,15051008.0
2022-03-13,4.77e-06,4.85e-06,4.65e-06,4.67e-06,11982843.0
2022-03-14,4.67e-06,4.67e-06,4.5e-06,4.54e-06,13661922.0
2022-03-15,4.54e-06,4.69e-06,4.53e-06,4.65e-06,10601651.0
2022-03-16,4.65e-06,4.69e-06,4.48e-06,4.6e-06,16573166.0
2022-03-17,4.61e-06,4.68e-06,4.54e-06,4.63e-06,10854426.0
2022-03-18,4.64e-06,4.67e-06,4.57e-06,4.61e-06,10519321.0
2022-03-19,4.62e-06,4.76e-06,4.58e-06,4.75e-06,12644259.0
2022-03-20,4.74e-06,4.82e-06,4.66e-06,4.78e-06,12852063.0
2022-03-21,4.77e-06,4.97e-06,4.74e-06,4.97e-06,11184162.0
2022-03-22,4.96e-06,5.01e-06,4.8e-06,4.88e-06,13981515.0
2022-03-23,4.89e-06,4.99e-06,4.86e-06,4.88e-06,11138597.0
2022-03-24,4.89e-06,4.94e-06,4.82e-06,4.87e-06,6733647.0
