2018-01-22,1.878e-05,1.989e-05,1.8e-05,1.858e-05,13867568.0
2018-01-23,1.86e-05,2.179e-05,1.808e-05,2.045e-05,25714863.0
2018-01-24,2.044e-05,2.318e-05,1.988e-05,2.043e-05,33452749.0
2018-01-25,2.053e-05,2.675e-05,2.02e-05,2.657e-05,38449663.0
2018-01-26,2.665e-05,2.884e-05,2.33e-05,2.49e-05,57661390.0
2018-01-27,2.49e-05,2.601e-05,2.36e-05,2.443e-05,16006800.0
2018-01-28,2.446e-05,2.47e-05,2.19e-05,2.269e-05,14831110.0
2018-01-29,2.269e-05,2.449e-05,2.206e-05,2.37e-05,17846731.0
2018-01-30,2.362e-05,2.489e-05,2.152e-05,2.226e-05,14486163.0
2018-01-31,2.231e-05,2.288e-05,2.001e-05,2.071e-05,10714526.0
2018-02-01,2.071e-05,2.243e-05,1.88e-05,1.935e-05,16386098.0
2018-02-02,1.935e-05,1.989e-05,1.65e-05,1.939e-05,18038616.0
2018-02-03,1.936e-05,2.056e-05,1.838e-05,1.951e-05,6344796.0
2018-02-04,1.956e-05,1.968e-05,1.74e-05,1.789e-05,8590051.0
2018-02-05,1.777e-05,1.825e-05,1.358e-05,1.485e-05,16314311.0
2018-02-06,1.485e-05,2.14e-05,1.459e-05,2.015e-05,31737166.0
2018-02-07,2.018e-05,2.05e-05,1.692e-05,1.738e-05,14079453.0
2018-02-08,1.738e-05,1.856e-05,1.728e-05,1.832e-05,687902.0
2018-02-09,1.832e-05,1.92e-05,1.814e-05,1.874e-05,4915040.0
2018-02-10,1.866e-05,1.885e-05,1.699e-05,1.748e-05,10207220.0
2018-02-11,1.748e-05,1.81e-05,1.612e-05,1.689e-05,7039330.0
2018-02-12,1.688e-05,1.748e-05,1.638e-05,1.645e-05,4837484.0
2018-02-13,1.646e-05,1.971e-05,1.45e-05,1.784e-05,23289994.0
2018-02-14,1.789e-05,1.94e-05,1.683e-05,1.724e-05,20852295.0
2018-02-15,1.723e-05,1.82e-05,1.685e-05,1.773e-05,8371458.0
2018-02-16,1.771e-05,1.89e-05,1.756e-05,1.85e-05,10584981.0
2018-02-17,1.85e-05,2.154e-05,1.847e-05,1.941e-05,29074984.0
2018-02-18,1.931e-05,2.116e-05,1.783e-05,1.873e-05,17670735.0
2018-02-19,1.879e-05,2.275e-05,1.837e-05,2.169e-05,37187502.0
2018-02-20,2.174e-05,2.369e-05,1.799e-05,1.845e-05,46427986.0
2018-02-21,1.845e-05,1.993e-05,1.727e-05,1.822e-05,13781851.0
2018-02-22,1.809e-05,1.912e-05,1.725e-05,1.8e-05,9536059.0
2018-02-23,1.8e-05,1.844e-05,1.71e-05,1.787e-05,9022094.0
2018-02-24,1.787e-05,1.825e-05,1.698e-05,1.75e-05,7642517.0
2018-02-25,1.74e-05,1.936e-05,1.711e-05,1.889e-05,11235718.0
2018-02-26,1.893e-05,2.089e-05,1.809e-05,1.83e-05,28297220.0
2018-02-27,1.838e-05,1.873e-05,1.75e-05,1.775e-05,7814323.0
2018-02-28,1.776e-05,1.828e-05,1.667e-05,1.757e-05,10183031.0
2018-03-01,1.757e-05,1.804e-05,1.699e-05,1.724e-05,7824973.0
2018-03-02,1.723e-05,1.756e-05,1.666e-05,1.697e-05,7134652.0
2018-03-03,1.697e-05,1.715e-05,1.562e-05,1.569e-05,6132685.0
2018-03-04,1.568e-05,1.646e-05,1.543e-05,1.578e-05,4530300.0
2018-03-05,1.578e-05,1.615e-05,1.505e-05,1.534e-05,5654699.0
2018-03-06,1.535e-05,1.553e-05,1.505e-05,1.518e-05,4625405.0
2018-03-07,1.52e-05,1.68e-05,1.365e-05,1.528e-05,20474574.0
2018-03-08,1.528e-05,1.59e-05,1.387e-05,1.398e-05,7200756.0
2018-03-09,1.398e-05,1.569e-05,1.365e-05,1.483e-05,14076753.0
2018-03-10,1.483e-05,1.555e-05,1.438e-05,1.444e-05,6148575.0
2018-03-11,1.439e-05,1.635e-05,1.426e-05,1.561e-05,9630855.0
2018-03-12,1.562e-05,1.595e-05,1.464e-05,1.484e-05,9127357.0
2018-03-13,1.484e-05,1.55e-05,1.429e-05,1.443e-05,5779795.0
2018-03-14,1.445e-05,1.48e-05,1.327e-05,1.35e-05,7385502.0
2018-03-15,1.343e-05,1.38e-05,1.188e-05,1.294e-05,40748398.0
2018-03-16,1.296e-05,1.512e-05,1.252e-05,1.475e-05,56268025.0
2018-03-17,1.474e-05,1.487e-05,1.287e-05,1.301e-05,55987994.0
2018-03-18,1.301e-05,1.318e-05,1.144e-05,1.285e-05,50165761.0
2018-03-19,1.284e-05,1.375e-05,9.72e-06,1.301e-05,60387836.0
2018-03-20,1.302e-05,1.346e-05,1.224e-05,1.334e-05,54289785.0
2018-03-21,1.333e-05,1.494e-05,1.317e-05,1.38e-05,64779208.0
2018-03-22,1.378e-05,1.423e-05,1.252e-05,1.324e-05,53700944.0
2018-03-23,1.325e-05,1.364e-05,1.21e-05,1.303e-05,53392340.0
2018-03-24,1.303e-05,1.488e-05,1.291e-05,1.434e-05,58137702.0
2018-03-25,1.434e-05,1.67e-05,1.386e-05,1.531e-05,135211878.0
2018-03-26,1.533e-05,1.748e-05,1.469e-05,1.631e-05,123618365.0
2018-03-27,1.633e-05,1.688e-05,1.5e-05,1.603e-05,76315288.0
2018-03-28,1.603e-05,1.651e-05,1.56e-05,1.6e-05,62760026.0
2018-03-29,1.6e-05,1.618e-05,1.458e-05,1.466e-05,57035117.0
2018-03-30,1.462e-05,1.532e-05,1.401e-05,1.509e-05,58403655.0
2018-03-31,1.509e-05,1.53e-05,1.422e-05,1.446e-05,54135722.0
2018-04-01,1.446e-05,1.457e-05,1.344e-05,1.378e-05,50306809.0
2018-04-02,1.378e-05,1.411e-05,1.321e-05,1.374e-05,54220422.0
2018-04-03,1.38e-05,1.419e-05,1.353e-05,1.414e-05,56497998.0
2018-04-04,1.413e-05,1.423e-05,1.322e-05,1.329e-05,53144138.0
2018-04-05,1.327e-05,1.353e-05,1.29e-05,1.318e-05,50146208.0
2018-04-06,1.318e-05,1.532e-05,1.31e-05,1.439e-05,111558471.0
2018-04-07,1.441e-05,1.52e-05,1.18e-05,1.374e-05,80399689.0
2018-04-08,1.379e-05,1.596e-05,1.372e-05,1.566e-05,69278632.0
2018-04-09,1.567e-05,1.595e-05,1.376e-05,1.437e-05,96430445.0
2018-04-10,1.437e-05,1.463e-05,1.4e-05,1.413e-05,54356439.0
2018-04-11,1.412e-05,1.44e-05,1.404e-05,1.426e-05,53706769.0
2018-04-12,1.426e-05,1.45e-05,1.326e-05,1.387e-05,56782794.0
2018-04-13,1.387e-05,1.45e-05,1.365e-05,1.404e-05,56931792.0
2018-04-14,1.404e-05,1.423e-05,1.372e-05,1.397e-05,29103921.0
2018-04-15,1.397e-05,1.46e-05,1.396e-05,1.436e-05,36607649.0
2018-04-16,1.436e-05,1.449e-05,1.396e-05,1.41e-05,49079470.0
2018-04-17,1.412e-05,1.53e-05,1.407e-05,1.484e-05,49963298.0
2018-04-18,1.485e-05,1.596e-05,1.477e-05,1.563e-05,58639273.0
2018-04-19,1.564e-05,1.599e-05,1.531e-05,1.581e-05,53368147.0
2018-04-20,1.582e-05,1.633e-05,1.532e-05,1.549e-05,52489096.0
2018-04-21,1.549e-05,1.562e-05,1.425e-05,1.48e-05,43333335.0
2018-04-22,1.48e-05,1.6e-05,1.462e-05,1.571e-05,49959357.0
2018-04-23,1.572e-05,1.639e-05,1.564e-05,1.618e-05,50847549.0
2018-04-24,1.618e-05,1.74e-05,1.602e-05,1.609e-05,60616191.0
2018-04-25,1.608e-05,1.654e-05,1.45e-05,1.53e-05,54714105.0
2018-04-26,1.53e-05,1.66e-05,1.473e-05,1.609e-05,51691415.0
2018-04-27,1.61e-05,1.684e-05,1.546e-05,1.627e-05,58217052.0
2018-04-28,1.625e-05,1.673e-05,1.612e-05,1.647e-05,41916431.0
2018-04-29,1.647e-05,1.733e-05,1.592e-05,1.719e-05,52179855.0
2018-04-30,1.719e-05,1.826e-05,1.7e-05,1.718e-05,63238018.0
2018-05-01,1.726e-05,1.766e-05,1.625e-05,1.72e-05,48906651.0
2018-05-02,1.719e-05,1.745e-05,1.697e-05,1.712e-05,44218017.0
2018-05-03,1.713e-05,1.89e-05,1.7e-05,1.717e-05,66417241.0
2018-05-04,1.717e-05,1.858e-05,1.706e-05,1.772e-05,56647782.0
2018-05-05,1.772e-05,1.84e-05,1.63e-05,1.649e-05,49545107.0
2018-05-06,1.649e-05,1.694e-05,1.52e-05,1.611e-05,55986663.0
2018-05-07,1.612e-05,1.699e-05,1.531e-05,1.675e-05,51733844.0
2018-05-08,1.674e-05,1.725e-05,1.597e-05,1.644e-05,50410190.0
2018-05-09,1.643e-05,1.68e-05,1.575e-05,1.614e-05,40365986.0
2018-05-10,1.608e-05,1.753e-05,1.59e-05,1.697e-05,48855380.0
2018-05-11,1.697e-05,1.72e-05,1.522e-05,1.605e-05,22854777.0
2018-05-12,1.605e-05,1.66e-05,1.511e-05,1.64e-05,8082338.0
2018-05-13,1.64e-05,1.735e-05,1.612e-05,1.675e-05,9611447.0
2018-05-14,1.675e-05,1.705e-05,1.579e-05,1.623e-05,16157766.0
2018-05-15,1.625e-05,1.696e-05,1.585e-05,1.672e-05,11617965.0
2018-05-16,1.671e-05,1.698e-05,1.563e-05,1.677e-05,10135416.0
2018-05-17,1.677e-05,1.699e-05,1.571e-05,1.585e-05,8517402.0
2018-05-18,1.585e-05,1.652e-05,1.571e-05,1.636e-05,7450682.0
2018-05-19,1.643e-05,1.72e-05,1.625e-05,1.683e-05,13940632.0
2018-05-20,1.684e-05,1.71e-05,1.654e-05,1.679e-05,7649799.0
2018-05-21,1.675e-05,1.718e-05,1.646e-05,1.687e-05,7781112.0
2018-05-22,1.688e-05,1.71e-05,1.62e-05,1.635e-05,8918378.0
2018-05-23,1.634e-05,1.657e-05,1.513e-05,1.53e-05,9068364.0
2018-05-24,1.535e-05,1.636e-05,1.478e-05,1.592e-05,10872808.0
2018-05-25,1.593e-05,1.601e-05,1.501e-05,1.53e-05,3576601.0
2018-05-26,1.531e-05,1.593e-05,1.502e-05,1.565e-05,4471158.0
2018-05-27,1.57e-05,1.572e-05,1.505e-05,1.512e-05,2487931.0
2018-05-28,1.51e-05,1.521e-05,1.369e-05,1.379e-05,5262814.0
2018-05-29,1.375e-05,1.45e-05,1.3e-05,1.408e-05,7692819.0
2018-05-30,1.409e-05,1.491e-05,1.38e-05,1.42e-05,7834163.0
2018-05-31,1.415e-05,1.445e-05,1.396e-05,1.429e-05,4411254.0
2018-06-01,1.429e-05,1.435e-05,1.352e-05,1.388e-05,5878458.0
2018-06-02,1.391e-05,1.434e-05,1.351e-05,1.396e-05,5711513.0
2018-06-03,1.395e-05,1.405e-05,1.346e-05,1.366e-05,5285621.0
2018-06-04,1.366e-05,1.382e-05,1.276e-05,1.302e-05,7546048.0
2018-06-05,1.302e-05,1.325e-05,1.233e-05,1.305e-05,8555832.0
2018-06-06,1.308e-05,1.313e-05,1.234e-05,1.265e-05,11724626.0
2018-06-07,1.265e-05,1.544e-05,1.254e-05,1.478e-05,90657045.0
2018-06-08,1.478e-05,1.55e-05,1.346e-05,1.385e-05,31255867.0
2018-06-09,1.383e-05,1.47e-05,1.366e-05,1.377e-05,10365785.0
2018-06-10,1.372e-05,1.38e-05,1.266e-05,1.297e-05,9016194.0
2018-06-11,1.298e-05,1.31e-05,1.243e-05,1.288e-05,6972648.0
2018-06-12,1.285e-05,1.424e-05,1.248e-05,1.304e-05,13967015.0
2018-06-13,1.302e-05,1.309e-05,1.163e-05,1.19e-05,7092062.0
2018-06-14,1.191e-05,1.27e-05,1.17e-05,1.228e-05,7578040.0
2018-06-15,1.225e-05,1.25e-05,1.177e-05,1.183e-05,5145561.0
2018-06-16,1.182e-05,1.21e-05,1.175e-05,1.206e-05,2755407.0
2018-06-17,1.205e-05,1.207e-05,1.148e-05,1.17e-05,4391617.0
2018-06-18,1.17e-05,1.173e-05,9.83e-06,1.112e-05,18472569.0
2018-06-19,1.11e-05,1.12e-05,1.054e-05,1.077e-05,6311365.0
2018-06-20,1.077e-05,1.099e-05,1.028e-05,1.043e-05,7417993.0
2018-06-21,1.044e-05,1.052e-05,1.003e-05,1.023e-05,4419275.0
2018-06-22,1.025e-05,1.031e-05,9e-06,9.43e-06,10351094.0
2018-06-23,9.45e-06,9.57e-06,8.68e-06,9.03e-06,6870448.0
2018-06-24,9.05e-06,9.27e-06,8.41e-06,9.03e-06,7495926.0
2018-06-25,9.03e-06,9.94e-06,8.9e-06,9.19e-06,8975693.0
2018-06-26,9.13e-06,9.23e-06,8.68e-06,8.9e-06,3967529.0
2018-06-27,8.88e-06,9.01e-06,8.4e-06,8.79e-06,6214325.0
2018-06-28,8.8e-06,8.93e-06,8.47e-06,8.54e-06,5119377.0
2018-06-29,8.51e-06,8.76e-06,7.94e-06,8.24e-06,8313947.0
2018-06-30,8.22e-06,9.33e-06,8.18e-06,8.89e-06,37781473.0
2018-07-01,8.9e-06,9.09e-06,8.54e-06,9.05e-06,5783510.0
2018-07-02,9.03e-06,9.69e-06,8.9e-06,9.53e-06,8615669.0
2018-07-03,9.53e-06,9.7e-06,8.93e-06,9.24e-06,13185176.0
2018-07-04,9.25e-06,1.025e-05,9.14e-06,9.69e-06,10793867.0
2018-07-05,9.65e-06,1.029e-05,9.32e-06,9.56e-06,8043486.0
2018-07-06,9.56e-06,9.85e-06,8.93e-06,9.21e-06,5760706.0
2018-07-07,9.22e-06,1.012e-05,9.13e-06,9.7e-06,28188042.0
2018-07-08,9.68e-06,1.009e-05,9.33e-06,9.58e-06,12166922.0
2018-07-09,9.59e-06,1.065e-05,9.33e-06,9.87e-06,15118171.0
2018-07-10,9.88e-06,1.045e-05,9.59e-06,9.86e-06,27306919.0
2018-07-11,9.88e-06,1.036e-05,9.43e-06,9.63e-06,16823581.0
2018-07-12,9.62e-06,9.96e-06,9.22e-06,9.39e-06,31611937.0
2018-07-13,9.38e-06,9.78e-06,9.23e-06,9.39e-06,32260422.0
2018-07-14,9.41e-06,9.49e-06,9.02e-06,9.13e-06,25401408.0
2018-07-15,9.14e-06,9.29e-06,8.88e-06,9.2e-06,24929944.0
2018-07-16,9.2e-06,9.27e-06,8.98e-06,9.1e-06,23482892.0
2018-07-17,9.11e-06,9.19e-06,8.79e-06,9.03e-06,16365184.0
2018-07-18,9.04e-06,9.26e-06,8.51e-06,8.58e-06,17817581.0
2018-07-19,8.6e-06,8.7e-06,8e-06,8.12e-06,10983502.0
2018-07-20,8.12e-06,8.31e-06,7.66e-06,7.78e-06,6510128.0
2018-07-21,7.8e-06,8.26e-06,7.71e-06,8.13e-06,3919384.0
2018-07-22,8.11e-06,8.26e-06,7.73e-06,7.84e-06,16175467.0
2018-07-23,7.84e-06,7.93e-06,6.95e-06,7e-06,10232737.0
2018-07-24,7e-06,8.28e-06,6.56e-06,8.09e-06,163872392.0
2018-07-25,8.09e-06,8.38e-06,7.33e-06,7.53e-06,63136871.0
2018-07-26,7.53e-06,7.91e-06,7.5e-06,7.64e-06,7203723.0
2018-07-27,7.64e-06,7.67e-06,7.36e-06,7.46e-06,3755791.0
2018-07-28,7.47e-06,7.86e-06,7.39e-06,7.6e-06,8661368.0
2018-07-29,7.61e-06,7.85e-06,7.31e-06,7.7e-06,10021980.0
2018-07-30,7.7e-06,7.87e-06,7.32e-06,7.43e-06,8729832.0
2018-07-31,7.43e-06,7.74e-06,7.19e-06,7.29e-06,13198759.0
2018-08-01,7.27e-06,7.51e-06,6.89e-06,7.12e-06,13862684.0
2018-08-02,7.12e-06,7.2e-06,6.7e-06,6.74e-06,6181579.0
2018-08-03,6.74e-06,7e-06,6.36e-06,6.67e-06,23308241.0
2018-08-04,6.67e-06,6.95e-06,6.55e-06,6.84e-06,6630422.0
2018-08-05,6.82e-06,7.17e-06,6.82e-06,6.96e-06,5137080.0
2018-08-06,6.96e-06,7.12e-06,6.73e-06,6.82e-06,5013254.0
2018-08-07,6.83e-06,7.53e-06,6.82e-06,7.19e-06,16376621.0
2018-08-08,7.16e-06,7.37e-06,6.73e-06,6.93e-06,7901200.0
2018-08-09,6.94e-06,7.07e-06,6.76e-06,6.88e-06,11913000.0
2018-08-10,6.89e-06,7.02e-06,6.56e-06,6.61e-06,8074542.0
2018-08-11,6.61e-06,6.63e-06,6.02e-06,6.37e-06,6949690.0
2018-08-12,6.38e-06,6.64e-06,6.23e-06,6.42e-06,2336795.0
2018-08-13,6.4e-06,6.63e-06,5.69e-06,5.84e-06,5113805.0
2018-08-14,5.85e-06,6e-06,4.92e-06,5.81e-06,7053797.0
2018-08-15,5.8e-06,6.46e-06,5.68e-06,5.79e-06,6350729.0
2018-08-16,5.79e-06,6.08e-06,5.68e-06,6.08e-06,3689908.0
2018-08-17,6.06e-06,6.86e-06,6.03e-06,6.52e-06,6931913.0
2018-08-18,6.52e-06,6.62e-06,5.85e-06,6.11e-06,6250500.0
2018-08-19,6.13e-06,6.2e-06,5.97e-06,6.13e-06,3082115.0
2018-08-20,6.14e-06,6.25e-06,5.55e-06,5.61e-06,5219677.0
2018-08-21,5.59e-06,6.01e-06,5.53e-06,5.76e-06,4862136.0
2018-08-22,5.76e-06,5.92e-06,5.38e-06,5.44e-06,8532811.0
2018-08-23,5.41e-06,5.59e-06,5.21e-06,5.52e-06,5245862.0
2018-08-24,5.53e-06,5.8e-06,5.45e-06,5.59e-06,8060280.0
2018-08-25,5.59e-06,6.05e-06,5.43e-06,5.58e-06,9583768.0
2018-08-26,5.56e-06,5.7e-06,5.41e-06,5.62e-06,4596535.0
2018-08-27,5.64e-06,5.9e-06,5.56e-06,5.87e-06,7062951.0
2018-08-28,5.86e-06,6.29e-06,5.74e-06,6.25e-06,7658293.0
2018-08-29,6.26e-06,6.37e-06,5.85e-06,6.01e-06,9190905.0
2018-08-30,6.02e-06,6.33e-06,5.92e-06,6.14e-06,10245802.0
2018-08-31,6.16e-06,6.27e-06,6.01e-06,6.17e-06,6006309.0
2018-09-01,6.18e-06,6.63e-06,6.15e-06,6.58e-06,9088721.0
2018-09-02,6.58e-06,6.74e-06,6.2e-06,6.27e-06,8319133.0
2018-09-03,6.24e-06,6.55e-06,6.24e-06,6.4e-06,6230902.0
2018-09-04,6.4e-06,7.75e-06,6.35e-06,6.79e-06,20589972.0
2018-09-05,6.79e-06,7.22e-06,6.1e-06,6.19e-06,12472428.0
2018-09-06,6.19e-06,8.5e-06,6.1e-06,7.34e-06,54846292.0
2018-09-07,7.35e-06,7.66e-06,6.85e-06,7.05e-06,21480639.0
2018-09-08,7.05e-06,7.44e-06,6.01e-06,6.49e-06,17533950.0
2018-09-09,6.51e-06,6.72e-06,5.89e-06,6.07e-06,11962704.0
2018-09-10,6.05e-06,6.3e-06,5.95e-06,6.21e-06,8005127.0
2018-09-11,6.22e-06,6.58e-06,5.82e-06,6.07e-06,11890890.0
2018-09-12,6.06e-06,6.11e-06,5.41e-06,5.76e-06,13175848.0
2018-09-13,5.76e-06,6.5e-06,5.75e-06,6.3e-06,9862304.0
2018-09-14,6.31e-06,6.45e-06,5.86e-06,6.13e-06,11730295.0
2018-09-15,6.15e-06,6.8e-06,6.11e-06,6.5e-06,16757374.0
2018-09-16,6.5e-06,6.65e-06,6.27e-06,6.52e-06,7463597.0
2018-09-17,6.53e-06,6.9e-06,6.06e-06,6.32e-06,16226218.0
2018-09-18,6.31e-06,6.54e-06,6.14e-06,6.45e-06,9746183.0
2018-09-19,6.45e-06,6.54e-06,6.07e-06,6.32e-06,9561755.0
2018-09-20,6.31e-06,6.64e-06,6.23e-06,6.48e-06,9818874.0
2018-09-21,6.45e-06,6.73e-06,6.19e-06,6.45e-06,16503687.0
2018-09-22,6.45e-06,6.78e-06,6.18e-06,6.55e-06,12725952.0
2018-09-23,6.57e-06,6.74e-06,6.45e-06,6.56e-06,4614471.0
2018-09-24,6.55e-06,6.63e-06,6.24e-06,6.29e-06,3552234.0
2018-09-25,6.29e-06,6.49e-06,6.1e-06,6.32e-06,5945789.0
2018-09-26,6.36e-06,6.49e-06,6.19e-06,6.29e-06,21815361.0
2018-09-27,6.29e-06,6.66e-06,6.25e-06,6.52e-06,13897476.0
2018-09-28,6.54e-06,1.221e-05,6.51e-06,1.003e-05,298435697.0
2018-09-29,1.003e-05,1.188e-05,9.09e-06,9.3e-06,51739199.0
2018-09-30,9.27e-06,9.67e-06,8.61e-06,8.96e-06,13059189.0
2018-10-01,8.95e-06,9.09e-06,8.57e-06,8.82e-06,4511142.0
2018-10-02,8.82e-06,9.05e-06,8.55e-06,8.62e-06,8284580.0
2018-10-03,8.62e-06,8.71e-06,8e-06,8.5e-06,13819554.0
2018-10-04,8.51e-06,8.65e-06,8.1e-06,8.37e-06,26817152.0
2018-10-05,8.38e-06,9.2e-06,8.21e-06,8.5e-06,16368824.0
2018-10-06,8.51e-06,8.52e-06,8.17e-06,8.21e-06,5665734.0
2018-10-07,8.23e-06,8.37e-06,8.07e-06,8.18e-06,3381938.0
2018-10-08,8.18e-06,8.27e-06,8.01e-06,8.12e-06,4195240.0
2018-10-09,8.12e-06,8.2e-06,7.88e-06,8.03e-06,4811334.0
2018-10-10,8.03e-06,8.5e-06,7.9e-06,8.3e-06,10094636.0
2018-10-11,8.3e-06,8.3e-06,7.25e-06,7.27e-06,16366716.0
2018-10-12,7.3e-06,7.86e-06,7.25e-06,7.7e-06,9262490.0
2018-10-13,7.66e-06,7.9e-06,7.6e-06,7.75e-06,8065752.0
2018-10-14,7.75e-06,8.09e-06,7.59e-06,7.83e-06,41578477.0
2018-10-15,7.84e-06,7.88e-06,7.03e-06,7.43e-06,14937162.0
2018-10-16,7.43e-06,7.54e-06,7.35e-06,7.43e-06,7813283.0
2018-10-17,7.44e-06,7.65e-06,7.24e-06,7.36e-06,12590350.0
2018-10-18,7.37e-06,7.56e-06,7.1e-06,7.36e-06,14017820.0
2018-10-19,7.37e-06,7.61e-06,7.34e-06,7.48e-06,9057845.0
2018-10-20,7.48e-06,8.34e-06,7.44e-06,8.3e-06,133682777.0
2018-10-21,8.3e-06,8.44e-06,7.5e-06,7.67e-06,64103734.0
2018-10-22,7.67e-06,7.97e-06,7.55e-06,7.93e-06,13436374.0
2018-10-23,7.9e-06,8e-06,7.66e-06,7.86e-06,10174955.0
2018-10-24,7.85e-06,8.3e-06,7.69e-06,8.2e-06,104639401.0
2018-10-25,8.21e-06,8.23e-06,7.73e-06,7.82e-06,13066815.0
2018-10-26,7.86e-06,7.86e-06,7.64e-06,7.73e-06,8306952.0
2018-10-27,7.73e-06,7.94e-06,7.44e-06,7.53e-06,8003880.0
2018-10-28,7.53e-06,7.77e-06,7.49e-06,7.69e-06,5967913.0
2018-10-29,7.69e-06,7.8e-06,7.26e-06,7.32e-06,9512505.0
2018-10-30,7.32e-06,7.67e-06,7.28e-06,7.6e-06,9623574.0
2018-10-31,7.61e-06,7.9e-06,7.43e-06,7.83e-06,10925463.0
2018-11-01,7.83e-06,8.22e-06,7.8e-06,8.15e-06,17344696.0
2018-11-02,8.11e-06,8.15e-06,7.69e-06,7.81e-06,9602633.0
2018-11-03,7.81e-06,8.06e-06,7.56e-06,7.7e-06,13053468.0
2018-11-04,7.7e-06,7.84e-06,7.46e-06,7.67e-06,16177370.0
2018-11-05,7.64e-06,8e-06,7.39e-06,7.46e-06,7798311.0
2018-11-06,7.46e-06,7.63e-06,7.39e-06,7.5e-06,4720845.0
2018-11-07,7.49e-06,7.64e-06,7.45e-06,7.55e-06,5274330.0
2018-11-08,7.55e-06,7.8e-06,7.5e-06,7.71e-06,8283406.0
2018-11-09,7.71e-06,8.08e-06,7.61e-06,7.81e-06,23729416.0
2018-11-10,7.78e-06,8.16e-06,7.75e-06,7.98e-06,13514199.0
2018-11-11,7.98e-06,8.03e-06,7.68e-06,7.75e-06,5657877.0
2018-11-12,7.73e-06,8.48e-06,7.73e-06,7.86e-06,33595867.0
2018-11-13,7.89e-06,7.96e-06,7.65e-06,7.67e-06,13241059.0
2018-11-14,7.66e-06,7.68e-06,5.1e-06,7.08e-06,22981357.0
2018-11-15,7.07e-06,7.39e-06,6.66e-06,7.16e-06,17197829.0
2018-11-16,7.16e-06,7.44e-06,6.93e-06,6.98e-06,12045310.0
2018-11-17,6.97e-06,7.1e-06,6.7e-06,6.81e-06,7477499.0
2018-11-18,6.82e-06,7.38e-06,6.79e-06,7.03e-06,9910317.0
2018-11-19,7.02e-06,7.04e-06,5.86e-06,6.11e-06,24971594.0
2018-11-20,6.1e-06,6.57e-06,5.9e-06,6.44e-06,19321399.0
2018-11-21,6.45e-06,7e-06,6.32e-06,6.48e-06,32890907.0
2018-11-22,6.48e-06,6.74e-06,6.32e-06,6.43e-06,9233191.0
2018-11-23,6.44e-06,6.5e-06,6.1e-06,6.19e-06,8261977.0
2018-11-24,6.2e-06,6.3e-06,5.9e-06,6.02e-06,4345004.0
2018-11-25,6.02e-06,6.14e-06,5.77e-06,5.9e-06,7035189.0
2018-11-26,5.89e-06,6.07e-06,5.7e-06,5.86e-06,8658435.0
2018-11-27,5.87e-06,6.09e-06,5.71e-06,5.96e-06,6843547.0
2018-11-28,5.97e-06,7.79e-06,5.95e-06,6.35e-06,38913957.0
2018-11-29,6.37e-06,6.52e-06,6.12e-06,6.31e-06,19207748.0
2018-11-30,6.31e-06,7.05e-06,6.21e-06,6.4e-06,83196433.0
2018-12-01,6.4e-06,7.49e-06,6.4e-06,7.16e-06,31901692.0
2018-12-02,7.17e-06,7.4e-06,6.79e-06,6.88e-06,16469560.0
2018-12-03,6.86e-06,7.15e-06,6.63e-06,6.9e-06,8949986.0
2018-12-04,6.91e-06,7.45e-06,6.76e-06,7e-06,18287001.0
2018-12-05,7.01e-06,7.78e-06,6.61e-06,6.97e-06,24269351.0
2018-12-06,6.97e-06,7.26e-06,6.66e-06,6.72e-06,10866694.0
2018-12-07,6.74e-06,7.75e-06,6.65e-06,7.59e-06,38962283.0
2018-12-08,7.59e-06,8.11e-06,7.57e-06,7.72e-06,24162188.0
2018-12-09,7.72e-06,8.24e-06,7.48e-06,7.62e-06,21770572.0
2018-12-10,7.61e-06,9.85e-06,7.37e-06,9.52e-06,35793063.0
2018-12-11,9.52e-06,9.91e-06,8.14e-06,8.6e-06,55881694.0
2018-12-12,8.6e-06,8.85e-06,8.22e-06,8.26e-06,14639126.0
2018-12-13,8.27e-06,8.71e-06,8.21e-06,8.52e-06,10284490.0
2018-12-14,8.52e-06,8.86e-06,8.22e-06,8.8e-06,14837070.0
2018-12-15,8.78e-06,9.27e-06,8.33e-06,8.91e-06,14166153.0
2018-12-16,8.96e-06,1.12e-05,8.88e-06,1.006e-05,115883361.0
2018-12-17,1.006e-05,1.009e-05,9.34e-06,9.58e-06,35923742.0
2018-12-18,9.62e-06,1.021e-05,9.08e-06,9.92e-06,38006551.0
2018-12-19,9.94e-06,1.008e-05,9.02e-06,9.48e-06,27716727.0
2018-12-20,9.49e-06,1.017e-05,9.4e-06,1.009e-05,23895975.0
2018-12-21,1.009e-05,1.265e-05,9.79e-06,1.101e-05,50872187.0
2018-12-22,1.102e-05,1.15e-05,1.038e-05,1.059e-05,16888731.0
2018-12-23,1.059e-05,1.144e-05,1.047e-05,1.088e-05,12187663.0
2018-12-24,1.087e-05,1.122e-05,1.06e-05,1.099e-05,13605389.0
2018-12-25,1.099e-05,1.101e-05,1.001e-05,1.015e-05,9713632.0
2018-12-26,1.016e-05,1.125e-05,1.012e-05,1.052e-05,9311771.0
2018-12-27,1.052e-05,1.258e-05,1.04e-05,1.114e-05,41917125.0
2018-12-28,1.113e-05,1.136e-05,1.06e-05,1.088e-05,13386983.0
2018-12-29,1.089e-05,1.139e-05,1.079e-05,1.105e-05,8724809.0
2018-12-30,1.108e-05,1.111e-05,1.042e-05,1.047e-05,9458882.0
2018-12-31,1.045e-05,1.087e-05,9.89e-06,1.001e-05,13334840.0
2019-01-01,1e-05,1.096e-05,9.93e-06,1.055e-05,12128766.0
2019-01-02,1.055e-05,1.12e-05,1.025e-05,1.038e-05,9821909.0
2019-01-03,1.04e-05,1.054e-05,1.002e-05,1.016e-05,7839183.0
2019-01-04,1.013e-05,1.023e-05,9.8e-06,1.002e-05,5575094.0
2019-01-05,1e-05,1.005e-05,9.56e-06,9.68e-06,6731504.0
2019-01-06,9.68e-06,9.78e-06,9.39e-06,9.64e-06,7392260.0
2019-01-07,9.64e-06,9.68e-06,9.26e-06,9.57e-06,6620389.0
2019-01-08,9.57e-06,1.05e-05,9.45e-06,9.64e-06,19931933.0
2019-01-09,9.64e-06,9.96e-06,9.56e-06,9.76e-06,19791030.0
2019-01-10,9.76e-06,9.84e-06,8.9e-06,9.06e-06,12511325.0
2019-01-11,9.06e-06,9.44e-06,8.91e-06,9.33e-06,9390532.0
2019-01-12,9.33e-06,1.099e-05,9.2e-06,9.89e-06,41655876.0
2019-01-13,9.88e-06,9.93e-06,9.14e-06,9.24e-06,20204884.0
2019-01-14,9.24e-06,9.38e-06,9.15e-06,9.32e-06,9087981.0
2019-01-15,9.32e-06,9.78e-06,9.02e-06,9.57e-06,19118662.0
2019-01-16,9.57e-06,9.76e-06,9.21e-06,9.42e-06,12773526.0
2019-01-17,9.42e-06,9.46e-06,9.1e-06,9.3e-06,7051265.0
2019-01-18,9.3e-06,9.35e-06,9.12e-06,9.23e-06,6089084.0
2019-01-19,9.22e-06,9.43e-06,9.11e-06,9.22e-06,9806537.0
2019-01-20,9.22e-06,9.31e-06,9e-06,9.25e-06,9897888.0
2019-01-21,9.25e-06,9.58e-06,9.15e-06,9.42e-06,11028285.0
2019-01-22,9.41e-06,9.73e-06,9.36e-06,9.64e-06,9760581.0
2019-01-23,9.63e-06,1.008e-05,9.49e-06,9.64e-06,16427172.0
2019-01-24,9.63e-06,9.84e-06,9.4e-06,9.71e-06,8546116.0
2019-01-25,9.71e-06,9.9e-06,9.45e-06,9.68e-06,6109993.0
2019-01-26,9.68e-06,9.71e-06,9.37e-06,9.46e-06,4635844.0
2019-01-27,9.46e-06,9.5e-06,8.33e-06,9.03e-06,26530328.0
2019-01-28,9.03e-06,9.07e-06,8.13e-06,8.49e-06,24222494.0
2019-01-29,8.49e-06,9.45e-06,8.43e-06,9.35e-06,16985786.0
2019-01-30,9.35e-06,9.39e-06,8.87e-06,9.13e-06,10458690.0
2019-01-31,9.14e-06,9.16e-06,8.06e-06,8.39e-06,11748119.0
2019-02-01,8.39e-06,8.67e-06,8.16e-06,8.34e-06,9244126.0
2019-02-02,8.34e-06,8.46e-06,8.01e-06,8.16e-06,6993064.0
2019-02-03,8.17e-06,8.38e-06,8.05e-06,8.19e-06,5505042.0
2019-02-04,8.18e-06,8.33e-06,8e-06,8.13e-06,6751569.0
2019-02-05,8.13e-06,8.25e-06,7.92e-06,8.01e-06,6857678.0
2019-02-06,8e-06,8.03e-06,6.97e-06,7.38e-06,22922118.0
2019-02-07,7.38e-06,7.87e-06,7.38e-06,7.83e-06,16219276.0
2019-02-08,7.83e-06,8.26e-06,7.66e-06,7.85e-06,13296567.0
2019-02-09,7.86e-06,7.89e-06,7.6e-06,7.66e-06,7782855.0
2019-02-10,7.67e-06,8.49e-06,7.45e-06,8.24e-06,19137616.0
2019-02-11,8.24e-06,9.47e-06,8.07e-06,8.56e-06,70431188.0
2019-02-12,8.56e-06,8.84e-06,8.36e-06,8.45e-06,51238626.0
2019-02-13,8.44e-06,8.51e-06,8.33e-06,8.46e-06,12911239.0
2019-02-14,8.47e-06,8.95e-06,8.45e-06,8.57e-06,17935845.0
2019-02-15,8.57e-06,8.76e-06,8.51e-06,8.64e-06,12331319.0
2019-02-16,8.64e-06,8.73e-06,8.44e-06,8.49e-06,11190241.0
2019-02-17,8.48e-06,9.19e-06,8.38e-06,9e-06,19201843.0
2019-02-18,9.03e-06,9.97e-06,8.79e-06,9.02e-06,53781543.0
2019-02-19,9.01e-06,9.05e-06,8.71e-06,8.92e-06,13384732.0
2019-02-20,8.92e-06,1.054e-05,8.7e-06,9.38e-06,56971617.0
2019-02-21,9.37e-06,9.7e-06,9.1e-06,9.51e-06,26455980.0
2019-02-22,9.51e-06,1.044e-05,9.43e-06,9.87e-06,35396817.0
2019-02-23,9.87e-06,1.015e-05,9.52e-06,9.58e-06,16249854.0
2019-02-24,9.58e-06,9.7e-06,9.34e-06,9.6e-06,13653069.0
2019-02-25,9.61e-06,2.943e-05,9.58e-06,2.067e-05,502933793.0
2019-02-26,2.068e-05,2.818e-05,1.884e-05,2.211e-05,745058642.0
2019-02-27,2.212e-05,2.323e-05,1.855e-05,1.944e-05,249274159.0
2019-02-28,1.948e-05,2.381e-05,1.93e-05,2.156e-05,250000783.0
2019-03-01,2.157e-05,2.163e-05,1.989e-05,2.03e-05,71146112.0
2019-03-02,2.031e-05,2.355e-05,1.911e-05,2.18e-05,104118281.0
2019-03-03,2.181e-05,2.25e-05,2.041e-05,2.128e-05,84973675.0
2019-03-04,2.128e-05,2.187e-05,1.99e-05,2.082e-05,49985393.0
2019-03-05,2.083e-05,2.759e-05,2.071e-05,2.651e-05,227376732.0
2019-03-06,2.652e-05,2.811e-05,2.439e-05,2.562e-05,187585089.0
2019-03-07,2.562e-05,2.732e-05,2.454e-05,2.616e-05,116932047.0
2019-03-08,2.619e-05,5.795e-05,2.517e-05,5.395e-05,812718675.0
2019-03-09,5.395e-05,6.391e-05,4.761e-05,5.186e-05,543514639.0
2019-03-10,5.185e-05,5.961e-05,4.618e-05,5.003e-05,223783590.0
2019-03-11,5.013e-05,5.284e-05,4.075e-05,4.209e-05,140816830.0
2019-03-12,4.213e-05,5.125e-05,3.71e-05,4.936e-05,100952536.0
2019-03-13,4.936e-05,5e-05,4.216e-05,4.48e-05,104502420.0
2019-03-14,4.476e-05,4.595e-05,4.142e-05,4.275e-05,44712260.0
2019-03-15,4.276e-05,4.523e-05,4.191e-05,4.362e-05,36492926.0
2019-03-16,4.363e-05,4.41e-05,3.813e-05,4.164e-05,39612302.0
2019-03-17,4.168e-05,4.282e-05,3.935e-05,4.205e-05,31386601.0
2019-03-18,4.205e-05,5.625e-05,4.082e-05,5.022e-05,166738859.0
2019-03-19,5.022e-05,5.131e-05,4.478e-05,4.721e-05,74116544.0
2019-03-20,4.715e-05,4.879e-05,4.508e-05,4.631e-05,38825136.0
2019-03-21,4.631e-05,4.942e-05,4.523e-05,4.741e-05,56437778.0
2019-03-22,4.737e-05,4.95e-05,4.641e-05,4.764e-05,41491039.0
2019-03-23,4.767e-05,4.767e-05,4.555e-05,4.609e-05,22548234.0
2019-03-24,4.609e-05,4.679e-05,4.297e-05,4.623e-05,39025782.0
2019-03-25,4.631e-05,4.679e-05,4.15e-05,4.293e-05,43504110.0
2019-03-26,4.294e-05,4.367e-05,4e-05,4.154e-05,34466341.0
2019-03-27,4.151e-05,4.298e-05,4.045e-05,4.137e-05,27271708.0
2019-03-28,4.139e-05,4.154e-05,4.036e-05,4.076e-05,18969802.0
2019-03-29,4.075e-05,4.09e-05,3.74e-05,3.866e-05,31525359.0
2019-03-30,3.866e-05,3.869e-05,3.544e-05,3.657e-05,34117454.0
2019-03-31,3.663e-05,3.988e-05,3.575e-05,3.664e-05,37569928.0
2019-04-01,3.67e-05,3.739e-05,3.515e-05,3.61e-05,31596847.0
2019-04-02,3.606e-05,3.612e-05,3.01e-05,3.19e-05,59831094.0
2019-04-03,3.183e-05,3.252e-05,2.861e-05,2.996e-05,51717246.0
2019-04-04,2.995e-05,3.573e-05,2.931e-05,3.319e-05,116234325.0
2019-04-05,3.319e-05,3.386e-05,3.09e-05,3.126e-05,40114376.0
2019-04-06,3.126e-05,3.18e-05,2.933e-05,3.028e-05,26495932.0
2019-04-07,3.029e-05,3.083e-05,2.945e-05,2.97e-05,21714665.0
2019-04-08,2.97e-05,2.984e-05,2.748e-05,2.771e-05,29063390.0
2019-04-09,2.768e-05,3.134e-05,2.758e-05,2.899e-05,60652074.0
2019-04-10,2.898e-05,2.922e-05,2.712e-05,2.785e-05,27163577.0
2019-04-11,2.782e-05,2.786e-05,2.579e-05,2.694e-05,20381715.0
2019-04-12,2.693e-05,2.964e-05,2.621e-05,2.816e-05,33387700.0
2019-04-13,2.816e-05,3.573e-05,2.8e-05,3.293e-05,112137207.0
2019-04-14,3.293e-05,3.57e-05,3.086e-05,3.142e-05,81138892.0
2019-04-15,3.143e-05,3.207e-05,2.954e-05,3.003e-05,44915990.0
2019-04-16,3.004e-05,3.087e-05,2.867e-05,2.928e-05,30173445.0
2019-04-17,2.928e-05,3.455e-05,2.891e-05,3.28e-05,91698897.0
2019-04-18,3.281e-05,3.51e-05,3.155e-05,3.37e-05,67989366.0
2019-04-19,3.366e-05,3.829e-05,3.26e-05,3.579e-05,126032298.0
2019-04-20,3.58e-05,3.97e-05,3.55e-05,3.803e-05,83557125.0
2019-04-21,3.803e-05,3.806e-05,3.379e-05,3.529e-05,58124689.0
2019-04-22,3.529e-05,3.65e-05,3.41e-05,3.485e-05,31450575.0
2019-04-23,3.488e-05,3.51e-05,3.059e-05,3.143e-05,38548976.0
2019-04-24,3.143e-05,3.145e-05,2.843e-05,2.943e-05,24384854.0
2019-04-25,2.942e-05,3.186e-05,2.9e-05,2.94e-05,29699432.0
2019-04-26,2.944e-05,3.054e-05,2.796e-05,2.947e-05,20007696.0
2019-04-27,2.946e-05,3.051e-05,2.912e-05,2.977e-05,12324556.0
2019-04-28,2.976e-05,3.047e-05,2.899e-05,2.93e-05,10318828.0
2019-04-29,2.93e-05,2.98e-05,2.759e-05,2.815e-05,13383373.0
2019-04-30,2.818e-05,2.903e-05,2.766e-05,2.866e-05,8953229.0
2019-05-01,2.861e-05,2.898e-05,2.713e-05,2.764e-05,12351774.0
2019-05-02,2.764e-05,2.832e-05,2.717e-05,2.755e-05,15223840.0
2019-05-03,2.755e-05,2.767e-05,2.525e-05,2.595e-05,18520537.0
2019-05-04,2.591e-05,2.595e-05,2.405e-05,2.437e-05,14447654.0
2019-05-05,2.432e-05,2.565e-05,2.421e-05,2.515e-05,11842519.0
2019-05-06,2.517e-05,2.559e-05,2.45e-05,2.512e-05,13049247.0
2019-05-07,2.514e-05,2.522e-05,2.319e-05,2.361e-05,14968302.0
2019-05-08,2.361e-05,2.362e-05,2.222e-05,2.235e-05,10678057.0
2019-05-09,2.228e-05,2.235e-05,1.866e-05,1.881e-05,13385920.0
2019-05-10,1.881e-05,2.435e-05,1.87e-05,2.176e-05,44871899.0
2019-05-11,2.177e-05,2.491e-05,1.994e-05,2.034e-05,71587325.0
2019-05-12,2.038e-05,2.122e-05,1.949e-05,2.031e-05,22316614.0
2019-05-13,2.029e-05,2.082e-05,1.689e-05,1.744e-05,29278734.0
2019-05-14,1.745e-05,1.856e-05,1.704e-05,1.802e-05,40988908.0
2019-05-15,1.801e-05,2.021e-05,1.733e-05,1.91e-05,42442846.0
2019-05-16,1.911e-05,2.05e-05,1.832e-05,1.939e-05,46757978.0
2019-05-17,1.935e-05,2.225e-05,1.811e-05,2.193e-05,62616190.0
2019-05-18,2.194e-05,2.222e-05,2.007e-05,2.025e-05,34902859.0
2019-05-19,2.027e-05,2.033e-05,1.854e-05,1.874e-05,28995389.0
2019-05-20,1.874e-05,1.967e-05,1.836e-05,1.931e-05,31153194.0
2019-05-21,1.931e-05,2.287e-05,1.882e-05,2.148e-05,68831706.0
2019-05-22,2.148e-05,2.442e-05,1.98e-05,2.023e-05,110031328.0
2019-05-23,2.019e-05,2.196e-05,1.999e-05,2.13e-05,38542169.0
2019-05-24,2.13e-05,2.254e-05,1.959e-05,2.018e-05,38166728.0
2019-05-25,2.018e-05,2.158e-05,1.997e-05,2.081e-05,23048676.0
2019-05-26,2.081e-05,2.18e-05,1.822e-05,1.846e-05,27999809.0
2019-05-27,1.846e-05,1.924e-05,1.803e-05,1.858e-05,15160272.0
2019-05-28,1.858e-05,1.96e-05,1.836e-05,1.916e-05,19970962.0
2019-05-29,1.916e-05,2.044e-05,1.87e-05,1.931e-05,20255286.0
2019-05-30,1.931e-05,1.98e-05,1.781e-05,1.833e-05,24546839.0
2019-05-31,1.83e-05,1.842e-05,1.793e-05,1.828e-05,9659604.0
2019-06-01,1.828e-05,1.842e-05,1.751e-05,1.766e-05,9289116.0
2019-06-02,1.767e-05,2.047e-05,1.763e-05,1.933e-05,42031454.0
2019-06-03,1.933e-05,1.948e-05,1.84e-05,1.857e-05,27303482.0
2019-06-04,1.857e-05,1.906e-05,1.795e-05,1.856e-05,22953327.0
2019-06-05,1.851e-05,1.92e-05,1.823e-05,1.869e-05,17633577.0
2019-06-06,1.869e-05,1.947e-05,1.853e-05,1.916e-05,15593439.0
2019-06-07,1.919e-05,2.019e-05,1.891e-05,1.907e-05,23635575.0
2019-06-08,1.908e-05,1.977e-05,1.903e-05,1.933e-05,9851004.0
2019-06-09,1.932e-05,1.993e-05,1.875e-05,1.893e-05,14884325.0
2019-06-10,1.893e-05,1.947e-05,1.878e-05,1.9e-05,9025061.0
2019-06-11,1.9e-05,2.077e-05,1.89e-05,2.012e-05,30293463.0
2019-06-12,2.017e-05,2.024e-05,1.904e-05,1.926e-05,16625028.0
2019-06-13,1.926e-05,1.946e-05,1.812e-05,1.827e-05,17159617.0
2019-06-14,1.83e-05,1.926e-05,1.66e-05,1.68e-05,23944368.0
2019-06-15,1.677e-05,1.721e-05,1.65e-05,1.682e-05,9399307.0
2019-06-16,1.678e-05,1.686e-05,1.555e-05,1.652e-05,9544899.0
2019-06-17,1.652e-05,1.652e-05,1.542e-05,1.566e-05,10049975.0
2019-06-18,1.567e-05,1.589e-05,1.517e-05,1.539e-05,9249271.0
2019-06-19,1.54e-05,1.568e-05,1.517e-05,1.538e-05,10940572.0
2019-06-20,1.537e-05,1.54e-05,1.388e-05,1.417e-05,14840243.0
2019-06-21,1.418e-05,1.427e-05,1.337e-05,1.337e-05,10030838.0
2019-06-22,1.337e-05,1.372e-05,1.184e-05,1.276e-05,19234555.0
2019-06-23,1.277e-05,1.324e-05,1.2e-05,1.246e-05,9836967.0
2019-06-24,1.246e-05,1.301e-05,1.222e-05,1.239e-05,9326211.0
2019-06-25,1.238e-05,1.258e-05,1.14e-05,1.145e-05,9883205.0
2019-06-26,1.145e-05,1.149e-05,9.27e-06,9.75e-06,22304073.0
2019-06-27,9.72e-06,1.109e-05,9.45e-06,1.042e-05,20768715.0
2019-06-28,1.041e-05,1.057e-05,9.73e-06,9.76e-06,11606467.0
2019-06-29,9.75e-06,1.055e-05,9.66e-06,1.041e-05,12855086.0
2019-06-30,1.04e-05,1.132e-05,9.99e-06,1.123e-05,21707153.0
2019-07-01,1.123e-05,1.249e-05,1.116e-05,1.202e-05,36711360.0
2019-07-02,1.202e-05,1.249e-05,1.084e-05,1.123e-05,28356730.0
2019-07-03,1.119e-05,1.122e-05,1.013e-05,1.013e-05,13824315.0
2019-07-04,1.012e-05,1.045e-05,9.89e-06,1.037e-05,8865843.0
2019-07-05,1.036e-05,1.083e-05,1.003e-05,1.057e-05,9762771.0
2019-07-06,1.057e-05,1.099e-05,1.022e-05,1.082e-05,13340549.0
2019-07-07,1.081e-05,1.169e-05,1.071e-05,1.094e-05,19757879.0
2019-07-08,1.092e-05,1.109e-05,9.65e-06,9.77e-06,16026464.0
2019-07-09,9.78e-06,9.89e-06,9.31e-06,9.59e-06,10939473.0
2019-07-10,9.59e-06,9.8e-06,9.01e-06,9.22e-06,15145060.0
2019-07-11,9.2e-06,9.55e-06,8.55e-06,8.72e-06,9927165.0
2019-07-12,8.75e-06,9.31e-06,8.46e-06,8.95e-06,10833841.0
2019-07-13,8.94e-06,9.19e-06,8.81e-06,8.91e-06,10849799.0
2019-07-14,8.92e-06,1.08e-05,8.9e-06,1.024e-05,60073389.0
2019-07-15,1.024e-05,1.082e-05,9.05e-06,9.32e-06,30163959.0
2019-07-16,9.32e-06,9.44e-06,8.39e-06,8.68e-06,17575356.0
2019-07-17,8.7e-06,9.25e-06,8.41e-06,8.7e-06,19277364.0
2019-07-18,8.71e-06,8.84e-06,8.12e-06,8.32e-06,16809954.0
2019-07-19,8.3e-06,8.57e-06,8e-06,8.46e-06,7548977.0
2019-07-20,8.46e-06,8.62e-06,8.23e-06,8.37e-06,8149130.0
2019-07-21,8.38e-06,8.44e-06,8.2e-06,8.33e-06,4264651.0
2019-07-22,8.3e-06,8.75e-06,8.25e-06,8.68e-06,10010119.0
2019-07-23,8.69e-06,9.02e-06,8.44e-06,8.65e-06,9074233.0
2019-07-24,8.63e-06,8.91e-06,8.52e-06,8.77e-06,7641662.0
2019-07-25,8.77e-06,8.99e-06,8.63e-06,8.82e-06,8654270.0
2019-07-26,8.81e-06,9.26e-06,8.72e-06,9.19e-06,12901436.0
2019-07-27,9.19e-06,9.27e-06,8.75e-06,8.83e-06,10281636.0
2019-07-28,8.83e-06,8.99e-06,8.72e-06,8.9e-06,7201260.0
2019-07-29,8.88e-06,8.94e-06,8.66e-06,8.74e-06,7975839.0
2019-07-30,8.74e-06,9.56e-06,8.7e-06,9.33e-06,23290416.0
2019-07-31,9.33e-06,9.56e-06,8.41e-06,8.62e-06,21239112.0
2019-08-01,8.62e-06,8.62e-06,7.88e-06,8.11e-06,10290514.0
2019-08-02,8.1e-06,8.13e-06,7.7e-06,7.91e-06,9477335.0
2019-08-03,7.91e-06,7.99e-06,7.6e-06,7.68e-06,5230603.0
2019-08-04,7.67e-06,7.68e-06,7.22e-06,7.3e-06,9688203.0
2019-08-05,7.29e-06,7.4e-06,6.55e-06,6.64e-06,15492884.0
2019-08-06,6.63e-06,6.7e-06,6.05e-06,6.3e-06,16035202.0
2019-08-07,6.3e-06,6.48e-06,5.75e-06,5.83e-06,11568602.0
2019-08-08,5.82e-06,6.05e-06,5.69e-06,5.73e-06,11038964.0
2019-08-09,5.73e-06,5.74e-06,5.1e-06,5.14e-06,12139345.0
2019-08-10,5.14e-06,6.55e-06,5.12e-06,6.12e-06,28838000.0
2019-08-11,6.11e-06,6.76e-06,5.89e-06,6.17e-06,45478435.0
2019-08-12,6.17e-06,6.7e-06,6.15e-06,6.28e-06,22423946.0
2019-08-13,6.28e-06,6.31e-06,5.97e-06,6.28e-06,14049103.0
2019-08-14,6.28e-06,6.35e-06,5.84e-06,5.99e-06,15420581.0
2019-08-15,5.98e-06,5.99e-06,5.5e-06,5.8e-06,9840262.0
2019-08-16,5.8e-06,6.17e-06,5.74e-06,5.97e-06,19535237.0
2019-08-17,5.99e-06,6.66e-06,5.79e-06,6.26e-06,34266916.0
2019-08-18,6.25e-06,6.47e-06,6.07e-06,6.22e-06,19987798.0
2019-08-19,6.22e-06,6.35e-06,6.01e-06,6.01e-06,10885884.0
2019-08-20,6.02e-06,6.26e-06,5.88e-06,6.09e-06,10762994.0
2019-08-21,6.08e-06,6.43e-06,5.94e-06,6.29e-06,20198950.0
2019-08-22,6.29e-06,7.23e-06,6.28e-06,6.88e-06,45115933.0
2019-08-23,6.88e-06,7.4e-06,6.57e-06,6.89e-06,51192517.0
2019-08-24,6.91e-06,7.8e-06,6.91e-06,7.14e-06,47275098.0
2019-08-25,7.13e-06,7.38e-06,6.64e-06,6.67e-06,23170569.0
2019-08-26,6.64e-06,6.8e-06,6.33e-06,6.46e-06,15154740.0
2019-08-27,6.47e-06,7.05e-06,6.47e-06,6.95e-06,19016178.0
2019-08-28,6.95e-06,7.47e-06,6.53e-06,6.83e-06,30115559.0
2019-08-29,6.84e-06,7e-06,6.37e-06,6.67e-06,12935066.0
2019-08-30,6.67e-06,6.88e-06,6.46e-06,6.66e-06,14129510.0
2019-08-31,6.66e-06,7.3e-06,6.58e-06,7.01e-06,23206620.0
2019-09-01,7e-06,7.75e-06,6.86e-06,7.25e-06,48867083.0
2019-09-02,7.25e-06,8.79e-06,7.15e-06,7.64e-06,105625909.0
2019-09-03,7.64e-06,7.65e-06,6.9e-06,7.1e-06,34076162.0
2019-09-04,7.1e-06,8.15e-06,7.1e-06,7.71e-06,45803348.0
2019-09-05,7.72e-06,8.49e-06,7.67e-06,7.84e-06,41566913.0
2019-09-06,7.86e-06,7.99e-06,7.32e-06,7.8e-06,28913795.0
2019-09-07,7.8e-06,7.84e-06,7.48e-06,7.64e-06,15406715.0
2019-09-08,7.64e-06,7.97e-06,7.57e-06,7.92e-06,15467315.0
2019-09-09,7.92e-06,7.97e-06,7.42e-06,7.54e-06,16643247.0
2019-09-10,7.54e-06,7.77e-06,7.37e-06,7.4e-06,17803889.0
2019-09-11,7.4e-06,7.48e-06,7.01e-06,7.18e-06,17598743.0
2019-09-12,7.19e-06,7.23e-06,6.73e-06,6.77e-06,13944684.0
2019-09-13,6.77e-06,6.85e-06,6.65e-06,6.68e-06,7298145.0
2019-09-14,6.68e-06,6.88e-06,6.65e-06,6.87e-06,5436463.0
2019-09-15,6.86e-06,7.08e-06,6.83e-06,7.03e-06,6088704.0
2019-09-16,7.03e-06,7.12e-06,6.6e-06,6.78e-06,7571461.0
2019-09-17,6.79e-06,7.15e-06,6.74e-06,6.98e-06,6454680.0
2019-09-18,7e-06,7.43e-06,6.9e-06,7.22e-06,14761160.0
2019-09-19,7.24e-06,7.3e-06,6.82e-06,6.92e-06,12144806.0
2019-09-20,6.92e-06,7.13e-06,6.89e-06,7.07e-06,5505719.0
2019-09-21,7.07e-06,7.13e-06,6.94e-06,7.02e-06,9218407.0
2019-09-22,7.02e-06,7.05e-06,6.74e-06,6.77e-06,8432898.0
2019-09-23,6.78e-06,6.96e-06,6.75e-06,6.86e-06,8477012.0
2019-09-24,6.86e-06,6.89e-06,6.39e-06,6.44e-06,15510973.0
2019-09-25,6.44e-06,6.72e-06,6.3e-06,6.65e-06,15449780.0
2019-09-26,6.65e-06,6.76e-06,6.22e-06,6.49e-06,16897345.0
2019-09-27,6.48e-06,6.76e-06,6.37e-06,6.64e-06,12744021.0
2019-09-28,6.64e-06,7.22e-06,6.61e-06,6.92e-06,18086558.0
2019-09-29,6.91e-06,7.18e-06,6.83e-06,6.88e-06,15203326.0
2019-09-30,6.88e-06,7.1e-06,6.81e-06,6.9e-06,13094290.0
2019-10-01,6.9e-06,7.12e-06,6.8e-06,6.97e-06,9941261.0
2019-10-02,6.96e-06,7.02e-06,6.84e-06,6.94e-06,4583307.0
2019-10-03,6.91e-06,7.39e-06,6.9e-06,7.32e-06,18357186.0
2019-10-04,7.32e-06,8.43e-06,7.32e-06,8.01e-06,48057466.0
2019-10-05,8.01e-06,8.34e-06,7.75e-06,8.14e-06,17555783.0
2019-10-06,8.15e-06,8.3e-06,7.62e-06,7.7e-06,17057896.0
2019-10-07,7.7e-06,7.97e-06,7.53e-06,7.92e-06,20273829.0
2019-10-08,7.92e-06,8.15e-06,7.64e-06,8.12e-06,19836833.0
2019-10-09,8.13e-06,8.17e-06,7.34e-06,7.54e-06,23726172.0
2019-10-10,7.54e-06,7.67e-06,7.35e-06,7.41e-06,12141848.0
2019-10-11,7.41e-06,7.51e-06,7.05e-06,7.44e-06,13294285.0
2019-10-12,7.43e-06,7.8e-06,7.42e-06,7.61e-06,13841479.0
2019-10-13,7.61e-06,7.9e-06,7.42e-06,7.63e-06,8999912.0
2019-10-14,7.65e-06,7.77e-06,7.51e-06,7.57e-06,6689824.0
2019-10-15,7.56e-06,7.63e-06,7.33e-06,7.46e-06,12705303.0
2019-10-16,7.46e-06,7.54e-06,7.03e-06,7.24e-06,5900231.0
2019-10-17,7.23e-06,7.34e-06,6.5e-06,7.19e-06,10149690.0
2019-10-18,7.19e-06,7.21e-06,6.9e-06,7.17e-06,6534976.0
2019-10-19,7.15e-06,7.3e-06,7.04e-06,7.1e-06,4324942.0
2019-10-20,7.09e-06,7.12e-06,6.84e-06,6.9e-06,3183487.0
2019-10-21,6.91e-06,7.12e-06,6.73e-06,7.03e-06,6445715.0
2019-10-22,7.02e-06,7.6e-06,6.89e-06,7.42e-06,16068876.0
2019-10-23,7.41e-06,7.92e-06,7.21e-06,7.86e-06,24675127.0
2019-10-24,7.84e-06,7.97e-06,7.55e-06,7.97e-06,12049859.0
2019-10-25,7.96e-06,7.98e-06,7.04e-06,7.19e-06,14924035.0
2019-10-26,7.18e-06,7.43e-06,6.15e-06,6.51e-06,11530693.0
2019-10-27,6.54e-06,7.12e-06,6.26e-06,6.76e-06,11863489.0
2019-10-28,6.75e-06,7.04e-06,6.54e-06,6.99e-06,7639332.0
2019-10-29,6.98e-06,7.01e-06,6.65e-06,6.77e-06,5336935.0
2019-10-30,6.75e-06,7.02e-06,6.69e-06,6.92e-06,5361800.0
2019-10-31,6.94e-06,7.13e-06,6.54e-06,7.03e-06,7667913.0
2019-11-01,7.01e-06,7.41e-06,6.96e-06,7.21e-06,7103199.0
2019-11-02,7.18e-06,7.26e-06,6.89e-06,7.09e-06,6075249.0
2019-11-03,7.07e-06,7.21e-06,7.03e-06,7.2e-06,4338123.0
2019-11-04,7.21e-06,7.57e-06,7e-06,7.14e-06,9343312.0
2019-11-05,7.13e-06,7.3e-06,7.02e-06,7.18e-06,5051395.0
2019-11-06,7.19e-06,7.25e-06,7.1e-06,7.21e-06,3593855.0
2019-11-07,7.23e-06,7.35e-06,6.94e-06,7.06e-06,6203616.0
2019-11-08,7.08e-06,7.12e-06,6.91e-06,7.05e-06,4636693.0
2019-11-09,7.04e-06,7.17e-06,6.99e-06,7.16e-06,4267008.0
2019-11-10,7.17e-06,7.21e-06,6.97e-06,7.02e-06,3430919.0
2019-11-11,7.02e-06,7.19e-06,7e-06,7.04e-06,5110146.0
2019-11-12,7.03e-06,7.17e-06,6.94e-06,7e-06,4129088.0
2019-11-13,6.99e-06,7.14e-06,6.94e-06,7.07e-06,7579334.0
2019-11-14,7.11e-06,7.54e-06,7.03e-06,7.5e-06,12328668.0
2019-11-15,7.53e-06,7.88e-06,7.37e-06,7.74e-06,19078814.0
2019-11-16,7.74e-06,8.15e-06,7.52e-06,8.05e-06,13056362.0
2019-11-17,8.05e-06,8.09e-06,7.66e-06,7.77e-06,8295460.0
2019-11-18,7.76e-06,7.85e-06,7.39e-06,7.84e-06,9595337.0
2019-11-19,7.84e-06,8.36e-06,7.43e-06,8.05e-06,13276383.0
2019-11-20,8.05e-06,9.03e-06,8e-06,8.73e-06,36910571.0
2019-11-21,8.73e-06,8.74e-06,7.8e-06,8.09e-06,23573612.0
2019-11-22,8.09e-06,8.26e-06,7.58e-06,7.87e-06,14408978.0
2019-11-23,7.87e-06,8.79e-06,7.62e-06,8.25e-06,13401333.0
2019-11-24,8.27e-06,8.35e-06,7.61e-06,7.61e-06,18384714.0
2019-11-25,7.61e-06,7.74e-06,7.21e-06,7.29e-06,21538840.0
2019-11-26,7.29e-06,7.81e-06,7.25e-06,7.63e-06,14779750.0
2019-11-27,7.62e-06,7.88e-06,7.42e-06,7.75e-06,12664331.0
2019-11-28,7.75e-06,8.17e-06,7.6e-06,8.05e-06,12731652.0
2019-11-29,8.05e-06,8.16e-06,7.77e-06,7.92e-06,5685167.0
2019-11-30,7.92e-06,8.08e-06,7.73e-06,7.99e-06,3824399.0
2019-12-01,7.99e-06,8.44e-06,7.8e-06,8.17e-06,7014420.0
2019-12-02,8.18e-06,8.5e-06,7.97e-06,8.05e-06,10845076.0
2019-12-03,8.05e-06,8.67e-06,7.91e-06,8.57e-06,11266887.0
2019-12-04,8.57e-06,1.23e-05,7.96e-06,1.05e-05,135422322.0
2019-12-05,1.05e-05,1.428e-05,9.91e-06,1.278e-05,217920433.0
2019-12-06,1.278e-05,1.466e-05,1.213e-05,1.381e-05,121360739.0
2019-12-07,1.381e-05,1.389e-05,1.146e-05,1.153e-05,75071412.0
2019-12-08,1.153e-05,1.294e-05,1.101e-05,1.206e-05,71038881.0
2019-12-09,1.203e-05,1.242e-05,1.107e-05,1.121e-05,38178930.0
2019-12-10,1.12e-05,1.122e-05,9.22e-06,1.023e-05,56418629.0
2019-12-11,1.021e-05,1.208e-05,1.008e-05,1.159e-05,78919496.0
2019-12-12,1.155e-05,1.245e-05,1.074e-05,1.146e-05,54529776.0
2019-12-13,1.149e-05,1.206e-05,1.105e-05,1.137e-05,24786162.0
2019-12-14,1.14e-05,1.141e-05,1.043e-05,1.072e-05,25021548.0
2019-12-15,1.072e-05,1.217e-05,1.034e-05,1.216e-05,37203916.0
2019-12-16,1.212e-05,1.292e-05,1.14e-05,1.159e-05,68535683.0
2019-12-17,1.155e-05,1.276e-05,1.107e-05,1.148e-05,45511893.0
2019-12-18,1.147e-05,1.192e-05,1.038e-05,1.064e-05,24926855.0
2019-12-19,1.061e-05,1.106e-05,1.04e-05,1.085e-05,20121205.0
2019-12-20,1.085e-05,1.141e-05,1.04e-05,1.075e-05,21528555.0
2019-12-21,1.071e-05,1.131e-05,1.059e-05,1.073e-05,15464453.0
2019-12-22,1.077e-05,1.177e-05,1.067e-05,1.088e-05,32194078.0
2019-12-23,1.086e-05,1.092e-05,1.005e-05,1.051e-05,24439326.0
2019-12-24,1.051e-05,1.105e-05,1.025e-05,1.075e-05,19576669.0
2019-12-25,1.074e-05,1.107e-05,1.038e-05,1.046e-05,11551863.0
2019-12-26,1.045e-05,1.065e-05,1.02e-05,1.05e-05,11589118.0
2019-12-27,1.051e-05,1.069e-05,1.018e-05,1.034e-05,9970211.0
2019-12-28,1.033e-05,1.133e-05,1.021e-05,1.103e-05,30451918.0
2019-12-29,1.103e-05,1.16e-05,1.053e-05,1.109e-05,43970423.0
2019-12-30,1.107e-05,1.169e-05,1.085e-05,1.136e-05,29078150.0
2019-12-31,1.134e-05,1.184e-05,1.101e-05,1.114e-05,23605566.0
2020-01-01,1.115e-05,1.138e-05,1.077e-05,1.112e-05,14779921.0
2020-01-02,1.107e-05,1.115e-05,1.033e-05,1.056e-05,15256308.0
2020-01-03,1.06e-05,1.084e-05,1.037e-05,1.069e-05,10077414.0
2020-01-04,1.069e-05,1.087e-05,1.045e-05,1.047e-05,7682860.0
2020-01-05,1.047e-05,1.055e-05,1.012e-05,1.044e-05,9701861.0
2020-01-06,1.044e-05,1.05e-05,9.56e-06,9.74e-06,18130641.0
2020-01-07,9.74e-06,9.76e-06,8.69e-06,8.93e-06,22643558.0
2020-01-08,8.95e-06,9.45e-06,8.48e-06,9.34e-06,16525608.0
2020-01-09,9.35e-06,9.46e-06,8.95e-06,9.17e-06,10180042.0
2020-01-10,9.17e-06,9.39e-06,8.72e-06,8.9e-06,9241352.0
2020-01-11,8.88e-06,9.34e-06,8.75e-06,8.96e-06,14150349.0
2020-01-12,8.98e-06,9.04e-06,8.79e-06,8.85e-06,6098783.0
2020-01-13,8.85e-06,9e-06,8.73e-06,8.79e-06,7424873.0
2020-01-14,8.79e-06,8.83e-06,7.97e-06,8.17e-06,21004153.0
2020-01-15,8.17e-06,8.98e-06,8.13e-06,8.63e-06,24617607.0
2020-01-16,8.63e-06,9.77e-06,8.55e-06,9.3e-06,34198076.0
2020-01-17,9.3e-06,9.46e-06,8.47e-06,9.02e-06,28493230.0
2020-01-18,9.02e-06,9.06e-06,8.55e-06,8.67e-06,10011851.0
2020-01-19,8.66e-06,8.72e-06,8.24e-06,8.44e-06,10875520.0
2020-01-20,8.48e-06,8.89e-06,8.45e-06,8.77e-06,10850379.0
2020-01-21,8.76e-06,8.9e-06,8.7e-06,8.73e-06,6882005.0
2020-01-22,8.73e-06,9.02e-06,8.7e-06,8.97e-06,5971183.0
2020-01-23,9.02e-06,1.098e-05,8.96e-06,1.032e-05,94636776.0
2020-01-24,1.032e-05,1.095e-05,9.82e-06,1.003e-05,37164518.0
2020-01-25,1.008e-05,1.059e-05,9.85e-06,1.054e-05,11721464.0
2020-01-26,1.058e-05,1.094e-05,1.008e-05,1.012e-05,20152950.0
2020-01-27,1.012e-05,1.032e-05,9.9e-06,1.014e-05,13736870.0
2020-01-28,1.014e-05,1.017e-05,9.27e-06,9.4e-06,13380467.0
2020-01-29,9.38e-06,9.69e-06,9.35e-06,9.67e-06,7397439.0
2020-01-30,9.67e-06,1.067e-05,9.58e-06,1.057e-05,24069104.0
2020-01-31,1.058e-05,1.085e-05,1.01e-05,1.021e-05,13957745.0
2020-02-01,1.022e-05,1.146e-05,1.015e-05,1.116e-05,25757409.0
2020-02-02,1.117e-05,1.23e-05,1.067e-05,1.206e-05,38007796.0
2020-02-03,1.201e-05,1.257e-05,1.135e-05,1.244e-05,31931146.0
2020-02-04,1.244e-05,1.644e-05,1.218e-05,1.593e-05,123202846.0
2020-02-05,1.595e-05,1.668e-05,1.295e-05,1.395e-05,83598586.0
2020-02-06,1.395e-05,1.456e-05,1.324e-05,1.404e-05,44538582.0
2020-02-07,1.408e-05,1.453e-05,1.285e-05,1.332e-05,36575932.0
2020-02-08,1.333e-05,1.393e-05,1.24e-05,1.292e-05,35230242.0
2020-02-09,1.289e-05,1.386e-05,1.19e-05,1.32e-05,53514261.0
2020-02-10,1.315e-05,1.442e-05,1.279e-05,1.429e-05,40755986.0
2020-02-11,1.426e-05,1.432e-05,1.328e-05,1.358e-05,25891245.0
2020-02-12,1.355e-05,1.442e-05,1.342e-05,1.371e-05,32663940.0
2020-02-13,1.371e-05,1.387e-05,1.302e-05,1.328e-05,24782371.0
2020-02-14,1.328e-05,1.41e-05,1.314e-05,1.394e-05,24431189.0
2020-02-15,1.392e-05,1.498e-05,1.33e-05,1.34e-05,31514004.0
2020-02-16,1.34e-05,1.37e-05,1.137e-05,1.247e-05,36746553.0
2020-02-17,1.244e-05,1.642e-05,1.137e-05,1.409e-05,77826138.0
2020-02-18,1.408e-05,1.5e-05,1.33e-05,1.38e-05,96767248.0
2020-02-19,1.38e-05,1.64e-05,1.355e-05,1.414e-05,72327830.0
2020-02-20,1.414e-05,1.467e-05,1.316e-05,1.379e-05,36646050.0
2020-02-21,1.375e-05,1.413e-05,1.3e-05,1.322e-05,23896831.0
2020-02-22,1.322e-05,1.325e-05,1.26e-05,1.286e-05,11413239.0
2020-02-23,1.286e-05,1.358e-05,1.281e-05,1.319e-05,21612395.0
2020-02-24,1.319e-05,1.335e-05,1.22e-05,1.262e-05,17832214.0
2020-02-25,1.263e-05,1.325e-05,1.169e-05,1.175e-05,20296768.0
2020-02-26,1.173e-05,1.178e-05,1.049e-05,1.104e-05,32992166.0
2020-02-27,1.1e-05,1.194e-05,1.037e-05,1.149e-05,32377948.0
2020-02-28,1.148e-05,1.23e-05,1.107e-05,1.154e-05,25817632.0
2020-02-29,1.155e-05,1.176e-05,1.115e-05,1.128e-05,12815427.0
2020-03-01,1.129e-05,1.236e-05,1.123e-05,1.186e-05,26798124.0
2020-03-02,1.182e-05,1.267e-05,1.172e-05,1.219e-05,20888280.0
2020-03-03,1.217e-05,1.274e-05,1.21e-05,1.226e-05,17620994.0
2020-03-04,1.226e-05,1.235e-05,1.175e-05,1.206e-05,19995597.0
2020-03-05,1.203e-05,1.256e-05,1.196e-05,1.219e-05,19337563.0
2020-03-06,1.218e-05,1.255e-05,1.166e-05,1.236e-05,22298718.0
2020-03-07,1.235e-05,1.25e-05,1.164e-05,1.183e-05,14275564.0
2020-03-08,1.185e-05,1.192e-05,1.066e-05,1.08e-05,16750886.0
2020-03-09,1.081e-05,1.133e-05,1.051e-05,1.105e-05,20797781.0
2020-03-10,1.102e-05,1.139e-05,1.079e-05,1.117e-05,14614003.0
2020-03-11,1.117e-05,1.15e-05,1.02e-05,1.051e-05,18110119.0
2020-03-12,1.051e-05,1.056e-05,8.68e-06,8.9e-06,45833550.0
2020-03-13,8.89e-06,9.74e-06,8.17e-06,8.89e-06,50527749.0
2020-03-14,8.9e-06,9.7e-06,8.75e-06,9.58e-06,37846704.0
2020-03-15,9.52e-06,1.026e-05,9.28e-06,9.47e-06,24939361.0
2020-03-16,9.47e-06,9.83e-06,8.65e-06,9.14e-06,25106663.0
2020-03-17,9.12e-06,9.69e-06,9.01e-06,9.61e-06,16865180.0
2020-03-18,9.62e-06,9.81e-06,9.13e-06,9.67e-06,13838563.0
2020-03-19,9.69e-06,1.396e-05,9.63e-06,1.199e-05,162276821.0
2020-03-20,1.199e-05,1.375e-05,1.13e-05,1.204e-05,57890432.0
2020-03-21,1.204e-05,1.28e-05,1.177e-05,1.236e-05,21900253.0
2020-03-22,1.236e-05,1.264e-05,1.19e-05,1.203e-05,15711197.0
2020-03-23,1.207e-05,1.215e-05,1.111e-05,1.147e-05,16313390.0
2020-03-24,1.146e-05,1.248e-05,1.124e-05,1.212e-05,15648556.0
2020-03-25,1.215e-05,1.222e-05,1.154e-05,1.216e-05,14311932.0
2020-03-26,1.216e-05,1.42e-05,1.199e-05,1.373e-05,52326425.0
2020-03-27,1.377e-05,1.379e-05,1.273e-05,1.299e-05,18633624.0
2020-03-28,1.296e-05,1.413e-05,1.251e-05,1.369e-05,22975300.0
2020-03-29,1.373e-05,1.472e-05,1.36e-05,1.389e-05,24523297.0
2020-03-30,1.39e-05,1.545e-05,1.371e-05,1.443e-05,32222735.0
2020-03-31,1.443e-05,1.5e-05,1.42e-05,1.45e-05,12385341.0
2020-04-01,1.446e-05,1.452e-05,1.374e-05,1.401e-05,11740392.0
2020-04-02,1.394e-05,1.432e-05,1.259e-05,1.354e-05,13198908.0
2020-04-03,1.35e-05,1.377e-05,1.319e-05,1.34e-05,7310451.0
2020-04-04,1.34e-05,1.433e-05,1.329e-05,1.419e-05,13456175.0
2020-04-05,1.415e-05,1.459e-05,1.361e-05,1.381e-05,13755769.0
2020-04-06,1.38e-05,1.406e-05,1.339e-05,1.349e-05,12494288.0
2020-04-07,1.352e-05,1.36e-05,1.308e-05,1.321e-05,13040101.0
2020-04-08,1.321e-05,1.346e-05,1.297e-05,1.327e-05,9629641.0
2020-04-09,1.327e-05,1.345e-05,1.295e-05,1.335e-05,9997344.0
2020-04-10,1.335e-05,1.338e-05,1.221e-05,1.279e-05,11393806.0
2020-04-11,1.278e-05,1.325e-05,1.256e-05,1.262e-05,8020222.0
2020-04-12,1.262e-05,1.295e-05,1.252e-05,1.272e-05,5264369.0
2020-04-13,1.272e-05,1.332e-05,1.25e-05,1.312e-05,9836701.0
2020-04-14,1.31e-05,1.338e-05,1.29e-05,1.324e-05,8279755.0
2020-04-15,1.321e-05,1.46e-05,1.317e-05,1.39e-05,23700557.0
2020-04-16,1.39e-05,1.394e-05,1.336e-05,1.35e-05,16159272.0
2020-04-17,1.347e-05,1.379e-05,1.327e-05,1.336e-05,7978147.0
2020-04-18,1.336e-05,1.451e-05,1.331e-05,1.441e-05,15394085.0
2020-04-19,1.441e-05,1.493e-05,1.388e-05,1.394e-05,22872750.0
2020-04-20,1.392e-05,1.537e-05,1.389e-05,1.425e-05,29374663.0
2020-04-21,1.425e-05,1.665e-05,1.42e-05,1.566e-05,51747169.0
2020-04-22,1.564e-05,1.686e-05,1.548e-05,1.588e-05,29875174.0
2020-04-23,1.587e-05,1.662e-05,1.552e-05,1.615e-05,27065215.0
2020-04-24,1.615e-05,1.755e-05,1.614e-05,1.738e-05,23432960.0
2020-04-25,1.738e-05,2.084e-05,1.703e-05,1.978e-05,58863052.0
2020-04-26,1.978e-05,2.098e-05,1.811e-05,1.835e-05,41911351.0
2020-04-27,1.837e-05,1.964e-05,1.689e-05,1.76e-05,41290431.0
2020-04-28,1.759e-05,1.873e-05,1.69e-05,1.794e-05,28235272.0
2020-04-29,1.795e-05,1.851e-05,1.607e-05,1.628e-05,30900088.0
2020-04-30,1.629e-05,1.655e-05,1.494e-05,1.581e-05,33610953.0
2020-05-01,1.58e-05,1.649e-05,1.513e-05,1.592e-05,28316320.0
2020-05-02,1.593e-05,1.662e-05,1.555e-05,1.604e-05,23519773.0
2020-05-03,1.605e-05,1.613e-05,1.51e-05,1.524e-05,18676470.0
2020-05-04,1.524e-05,1.569e-05,1.452e-05,1.532e-05,21933384.0
2020-05-05,1.531e-05,1.652e-05,1.51e-05,1.612e-05,28961100.0
2020-05-06,1.61e-05,1.704e-05,1.528e-05,1.538e-05,39262899.0
2020-05-07,1.542e-05,1.595e-05,1.407e-05,1.422e-05,35064971.0
2020-05-08,1.422e-05,1.503e-05,1.378e-05,1.468e-05,27419551.0
2020-05-09,1.469e-05,1.556e-05,1.461e-05,1.522e-05,17386021.0
2020-05-10,1.522e-05,1.662e-05,1.49e-05,1.633e-05,27937623.0
2020-05-11,1.631e-05,1.756e-05,1.58e-05,1.732e-05,38592995.0
2020-05-12,1.732e-05,1.862e-05,1.676e-05,1.85e-05,35694722.0
2020-05-13,1.85e-05,1.959e-05,1.713e-05,1.738e-05,34954273.0
2020-05-14,1.738e-05,1.738e-05,1.611e-05,1.656e-05,24903946.0
2020-05-15,1.656e-05,1.8e-05,1.625e-05,1.746e-05,27307109.0
2020-05-16,1.746e-05,1.829e-05,1.711e-05,1.726e-05,18816367.0
2020-05-17,1.723e-05,1.748e-05,1.622e-05,1.676e-05,20454257.0
2020-05-18,1.676e-05,1.684e-05,1.613e-05,1.63e-05,11696929.0
2020-05-19,1.628e-05,1.737e-05,1.614e-05,1.702e-05,20344432.0
2020-05-20,1.703e-05,1.819e-05,1.656e-05,1.79e-05,31029175.0
2020-05-21,1.795e-05,2.049e-05,1.75e-05,1.958e-05,63241076.0
2020-05-22,1.963e-05,1.976e-05,1.834e-05,1.881e-05,25011474.0
2020-05-23,1.876e-05,1.94e-05,1.861e-05,1.928e-05,18135540.0
2020-05-24,1.93e-05,1.94e-05,1.819e-05,1.895e-05,23046758.0
2020-05-25,1.893e-05,2.207e-05,1.89e-05,2.099e-05,43636101.0
2020-05-26,2.098e-05,2.356e-05,2.071e-05,2.112e-05,42472867.0
2020-05-27,2.112e-05,2.567e-05,1.958e-05,2.318e-05,91148730.0
2020-05-28,2.318e-05,2.527e-05,2.128e-05,2.139e-05,52920248.0
2020-05-29,2.14e-05,2.259e-05,2.071e-05,2.147e-05,30024308.0
2020-05-30,2.146e-05,2.222e-05,2.034e-05,2.094e-05,19946724.0
2020-05-31,2.09e-05,2.29e-05,2.052e-05,2.19e-05,26173288.0
2020-06-01,2.19e-05,2.298e-05,2.01e-05,2.038e-05,27349076.0
2020-06-02,2.041e-05,2.118e-05,1.999e-05,2.082e-05,27493401.0
2020-06-03,2.082e-05,2.085e-05,2.006e-05,2.062e-05,13487834.0
2020-06-04,2.06e-05,2.125e-05,2.004e-05,2.036e-05,14671399.0
2020-06-05,2.031e-05,2.131e-05,1.975e-05,2.09e-05,16063491.0
2020-06-06,2.095e-05,2.153e-05,2.055e-05,2.081e-05,15652362.0
2020-06-07,2.079e-05,2.084e-05,2e-05,2.018e-05,10371630.0
2020-06-08,2.02e-05,2.132e-05,1.985e-05,2.105e-05,19919807.0
2020-06-09,2.102e-05,2.185e-05,2.054e-05,2.068e-05,21185378.0
2020-06-10,2.064e-05,2.165e-05,1.976e-05,2.093e-05,29484677.0
2020-06-11,2.092e-05,2.181e-05,1.98e-05,2.003e-05,24211179.0
2020-06-12,2.003e-05,2.147e-05,1.896e-05,2.032e-05,27870070.0
2020-06-13,2.033e-05,2.094e-05,2.005e-05,2.013e-05,12521843.0
2020-06-14,2.013e-05,2.022e-05,1.925e-05,1.936e-05,8814471.0
2020-06-15,1.933e-05,1.936e-05,1.777e-05,1.895e-05,20589713.0
2020-06-16,1.89e-05,1.956e-05,1.799e-05,1.889e-05,16078273.0
2020-06-17,1.888e-05,1.899e-05,1.81e-05,1.834e-05,14395605.0
2020-06-18,1.836e-05,1.976e-05,1.825e-05,1.899e-05,20316240.0
2020-06-19,1.899e-05,1.924e-05,1.833e-05,1.85e-05,13695958.0
2020-06-20,1.854e-05,1.867e-05,1.801e-05,1.826e-05,8633666.0
2020-06-21,1.824e-05,1.885e-05,1.794e-05,1.834e-05,7567079.0
2020-06-22,1.834e-05,1.872e-05,1.795e-05,1.827e-05,10472057.0
2020-06-23,1.825e-05,1.974e-05,1.818e-05,1.888e-05,17314785.0
2020-06-24,1.889e-05,1.952e-05,1.841e-05,1.881e-05,15383418.0
2020-06-25,1.883e-05,1.889e-05,1.81e-05,1.83e-05,8644108.0
2020-06-26,1.834e-05,1.885e-05,1.734e-05,1.749e-05,12128170.0
2020-06-27,1.748e-05,1.75e-05,1.642e-05,1.699e-05,13321992.0
2020-06-28,1.699e-05,1.751e-05,1.65e-05,1.713e-05,7001104.0
2020-06-29,1.708e-05,1.905e-05,1.673e-05,1.864e-05,19060893.0
2020-06-30,1.87e-05,1.96e-05,1.828e-05,1.832e-05,21343488.0
2020-07-01,1.828e-05,1.87e-05,1.78e-05,1.866e-05,11379975.0
2020-07-02,1.869e-05,1.898e-05,1.788e-05,1.831e-05,10991838.0
2020-07-03,1.832e-05,1.923e-05,1.821e-05,1.892e-05,11336098.0
2020-07-04,1.891e-05,2.036e-05,1.886e-05,1.988e-05,19287551.0
2020-07-05,1.987e-05,2.064e-05,1.867e-05,1.902e-05,14860462.0
2020-07-06,1.903e-05,1.956e-05,1.88e-05,1.912e-05,8451342.0
2020-07-07,1.912e-05,1.919e-05,1.872e-05,1.901e-05,9503068.0
2020-07-08,1.905e-05,1.994e-05,1.903e-05,1.955e-05,11674844.0
2020-07-09,1.96e-05,2.08e-05,1.912e-05,2.002e-05,18202886.0
2020-07-10,1.997e-05,2.006e-05,1.849e-05,1.898e-05,11524004.0
2020-07-11,1.899e-05,1.98e-05,1.897e-05,1.966e-05,9531207.0
2020-07-12,1.965e-05,1.966e-05,1.873e-05,1.907e-05,7202688.0
2020-07-13,1.905e-05,2.069e-05,1.872e-05,1.95e-05,26267227.0
2020-07-14,1.952e-05,2.178e-05,1.915e-05,2.008e-05,42547744.0
2020-07-15,2.009e-05,2.086e-05,1.989e-05,2.003e-05,15129232.0
2020-07-16,2.008e-05,2.174e-05,1.883e-05,2.098e-05,36478267.0
2020-07-17,2.095e-05,2.396e-05,2.094e-05,2.197e-05,51026237.0
2020-07-18,2.197e-05,2.384e-05,2.15e-05,2.27e-05,23989323.0
2020-07-19,2.263e-05,2.304e-05,2.151e-05,2.253e-05,15133733.0
2020-07-20,2.251e-05,2.251e-05,2.107e-05,2.119e-05,13731681.0
2020-07-21,2.113e-05,2.141e-05,1.995e-05,2.063e-05,16418561.0
2020-07-22,2.065e-05,2.128e-05,1.995e-05,2.001e-05,13107906.0
2020-07-23,2.001e-05,2.022e-05,1.913e-05,1.938e-05,15302949.0
2020-07-24,1.936e-05,1.979e-05,1.912e-05,1.948e-05,7583727.0
2020-07-25,1.948e-05,2.023e-05,1.907e-05,1.935e-05,9765229.0
2020-07-26,1.935e-05,1.963e-05,1.773e-05,1.802e-05,18600505.0
2020-07-27,1.801e-05,1.806e-05,1.454e-05,1.532e-05,35244169.0
2020-07-28,1.531e-05,1.622e-05,1.473e-05,1.601e-05,12046446.0
2020-07-29,1.601e-05,1.673e-05,1.557e-05,1.589e-05,11114497.0
2020-07-30,1.59e-05,1.627e-05,1.58e-05,1.6e-05,6108504.0
2020-07-31,1.604e-05,1.691e-05,1.511e-05,1.541e-05,11058049.0
2020-08-01,1.538e-05,1.593e-05,1.474e-05,1.498e-05,13378581.0
2020-08-02,1.497e-05,1.61e-05,1.465e-05,1.586e-05,15572900.0
2020-08-03,1.586e-05,1.625e-05,1.546e-05,1.59e-05,10877200.0
2020-08-04,1.591e-05,1.704e-05,1.581e-05,1.676e-05,16598398.0
2020-08-05,1.675e-05,1.755e-05,1.591e-05,1.614e-05,15217548.0
2020-08-06,1.612e-05,1.665e-05,1.593e-05,1.64e-05,10570758.0
2020-08-07,1.641e-05,1.812e-05,1.636e-05,1.793e-05,29536352.0
2020-08-08,1.793e-05,1.893e-05,1.756e-05,1.799e-05,22737507.0
2020-08-09,1.801e-05,2.054e-05,1.755e-05,1.89e-05,39436805.0
2020-08-10,1.89e-05,1.915e-05,1.72e-05,1.891e-05,31259299.0
2020-08-11,1.888e-05,1.893e-05,1.7e-05,1.785e-05,20902777.0
2020-08-12,1.785e-05,1.818e-05,1.746e-05,1.8e-05,15968779.0
2020-08-13,1.799e-05,1.926e-05,1.762e-05,1.793e-05,28916760.0
2020-08-14,1.792e-05,1.857e-05,1.739e-05,1.776e-05,16625980.0
2020-08-15,1.773e-05,1.777e-05,1.7e-05,1.733e-05,14419400.0
2020-08-16,1.732e-05,1.809e-05,1.729e-05,1.799e-05,11744461.0
2020-08-17,1.802e-05,1.809e-05,1.617e-05,1.67e-05,21493092.0
2020-08-18,1.672e-05,1.744e-05,1.65e-05,1.742e-05,12338811.0
2020-08-19,1.74e-05,1.764e-05,1.65e-05,1.675e-05,9762598.0
2020-08-20,1.676e-05,1.775e-05,1.664e-05,1.758e-05,11746376.0
2020-08-21,1.758e-05,1.996e-05,1.747e-05,1.821e-05,34265848.0
2020-08-22,1.822e-05,1.972e-05,1.716e-05,1.926e-05,15707019.0
2020-08-23,1.928e-05,1.936e-05,1.84e-05,1.896e-05,8030441.0
2020-08-24,1.896e-05,2.195e-05,1.85e-05,2.083e-05,31206582.0
2020-08-25,2.083e-05,2.088e-05,1.9e-05,2.003e-05,20744003.0
2020-08-26,2.002e-05,2.075e-05,1.95e-05,1.982e-05,12526097.0
2020-08-27,1.982e-05,1.985e-05,1.736e-05,1.865e-05,15784959.0
2020-08-28,1.862e-05,1.965e-05,1.837e-05,1.916e-05,7948696.0
2020-08-29,1.917e-05,1.917e-05,1.83e-05,1.855e-05,8062362.0
2020-08-30,1.86e-05,1.959e-05,1.827e-05,1.866e-05,12836281.0
2020-08-31,1.866e-05,1.928e-05,1.831e-05,1.84e-05,8795310.0
2020-09-01,1.84e-05,1.847e-05,1.724e-05,1.76e-05,12850467.0
2020-09-02,1.757e-05,1.84e-05,1.723e-05,1.775e-05,14777555.0
2020-09-03,1.772e-05,1.82e-05,1.591e-05,1.684e-05,18207469.0
2020-09-04,1.688e-05,1.708e-05,1.556e-05,1.626e-05,12262621.0
2020-09-05,1.626e-05,1.689e-05,1.434e-05,1.51e-05,9419311.0
2020-09-06,1.506e-05,1.567e-05,1.425e-05,1.556e-05,8130899.0
2020-09-07,1.553e-05,1.573e-05,1.391e-05,1.448e-05,12023154.0
2020-09-08,1.448e-05,1.533e-05,1.421e-05,1.518e-05,8566595.0
2020-09-09,1.518e-05,1.7e-05,1.499e-05,1.609e-05,17493727.0
2020-09-10,1.608e-05,1.726e-05,1.591e-05,1.703e-05,6820735.0
2020-09-11,1.704e-05,1.713e-05,1.626e-05,1.659e-05,5531746.0
2020-09-12,1.657e-05,1.663e-05,1.62e-05,1.656e-05,3585613.0
2020-09-13,1.652e-05,1.657e-05,1.527e-05,1.563e-05,4343547.0
2020-09-14,1.561e-05,1.582e-05,1.528e-05,1.562e-05,2699221.0
2020-09-15,1.561e-05,1.613e-05,1.468e-05,1.472e-05,5492290.0
2020-09-16,1.469e-05,1.469e-05,1.403e-05,1.42e-05,3313542.0
2020-09-17,1.422e-05,1.494e-05,1.422e-05,1.478e-05,3762850.0
2020-09-18,1.473e-05,1.562e-05,1.451e-05,1.516e-05,7719007.0
2020-09-19,1.516e-05,1.561e-05,1.493e-05,1.526e-05,3192618.0
2020-09-20,1.526e-05,1.541e-05,1.444e-05,1.47e-05,2782615.0
2020-09-21,1.473e-05,1.518e-05,1.356e-05,1.377e-05,8031805.0
2020-09-22,1.375e-05,1.485e-05,1.346e-05,1.47e-05,5542446.0
2020-09-23,1.47e-05,1.556e-05,1.393e-05,1.402e-05,6857991.0
2020-09-24,1.4e-05,1.487e-05,1.387e-05,1.452e-05,5046160.0
2020-09-25,1.449e-05,1.485e-05,1.383e-05,1.444e-05,5462331.0
2020-09-26,1.444e-05,1.524e-05,1.439e-05,1.504e-05,4064011.0
2020-09-27,1.507e-05,1.699e-05,1.463e-05,1.573e-05,18464819.0
2020-09-28,1.575e-05,1.631e-05,1.515e-05,1.572e-05,10316172.0
2020-09-29,1.572e-05,1.697e-05,1.456e-05,1.48e-05,17974634.0
2020-09-30,1.479e-05,1.517e-05,1.462e-05,1.494e-05,6387638.0
2020-10-01,1.494e-05,1.531e-05,1.42e-05,1.453e-05,6340191.0
2020-10-02,1.453e-05,1.455e-05,1.377e-05,1.423e-05,7743290.0
2020-10-03,1.422e-05,1.455e-05,1.412e-05,1.423e-05,2750890.0
2020-10-04,1.423e-05,1.454e-05,1.387e-05,1.427e-05,3925433.0
2020-10-05,1.428e-05,1.454e-05,1.391e-05,1.436e-05,4672834.0
2020-10-06,1.435e-05,1.442e-05,1.346e-05,1.357e-05,6227798.0
2020-10-07,1.358e-05,1.399e-05,1.312e-05,1.395e-05,5413315.0
2020-10-08,1.397e-05,1.405e-05,1.331e-05,1.382e-05,7682106.0
2020-10-09,1.384e-05,1.419e-05,1.352e-05,1.395e-05,7445393.0
2020-10-10,1.395e-05,1.445e-05,1.363e-05,1.416e-05,8522030.0
2020-10-11,1.416e-05,1.456e-05,1.38e-05,1.397e-05,7928001.0
2020-10-12,1.395e-05,1.531e-05,1.389e-05,1.439e-05,17344811.0
2020-10-13,1.438e-05,1.451e-05,1.381e-05,1.415e-05,6632773.0
2020-10-14,1.414e-05,1.419e-05,1.328e-05,1.347e-05,8417932.0
2020-10-15,1.348e-05,1.36e-05,1.325e-05,1.328e-05,4248902.0
2020-10-16,1.327e-05,1.328e-05,1.283e-05,1.286e-05,4346575.0
2020-10-17,1.285e-05,1.329e-05,1.281e-05,1.308e-05,2232611.0
2020-10-18,1.306e-05,1.315e-05,1.293e-05,1.31e-05,1297304.0
2020-10-19,1.31e-05,1.312e-05,1.255e-05,1.272e-05,3496232.0
2020-10-20,1.27e-05,1.274e-05,1.15e-05,1.177e-05,9921666.0
2020-10-21,1.181e-05,1.211e-05,1.099e-05,1.121e-05,6206540.0
2020-10-22,1.123e-05,1.181e-05,1.116e-05,1.164e-05,3892460.0
2020-10-23,1.166e-05,1.181e-05,1.129e-05,1.139e-05,3624494.0
2020-10-24,1.139e-05,1.158e-05,1.109e-05,1.117e-05,2721008.0
2020-10-25,1.119e-05,1.135e-05,1.096e-05,1.105e-05,3420578.0
2020-10-26,1.104e-05,1.112e-05,1.032e-05,1.058e-05,5724962.0
2020-10-27,1.057e-05,1.063e-05,1.005e-05,1.02e-05,4462580.0
2020-10-28,1.019e-05,1.031e-05,9.85e-06,1.016e-05,2744542.0
2020-10-29,1.015e-05,1.038e-05,9.75e-06,9.85e-06,2340912.0
2020-10-30,9.85e-06,9.9e-06,9.22e-06,9.31e-06,3958361.0
2020-10-31,9.31e-06,9.51e-06,9.18e-06,9.21e-06,4339362.0
2020-11-01,9.23e-06,9.35e-06,9.04e-06,9.23e-06,4588867.0
2020-11-02,9.21e-06,9.42e-06,8.89e-06,8.95e-06,2694181.0
2020-11-03,8.93e-06,8.95e-06,8.39e-06,8.5e-06,6004719.0
2020-11-04,8.49e-06,8.54e-06,8.02e-06,8.36e-06,3802507.0
2020-11-05,8.37e-06,8.48e-06,7.9e-06,7.95e-06,5251587.0
2020-11-06,7.92e-06,8.93e-06,7.9e-06,8.85e-06,6362676.0
2020-11-07,8.85e-06,9.27e-06,8.38e-06,8.64e-06,6038613.0
2020-11-08,8.63e-06,9.5e-06,8.51e-06,8.82e-06,2740053.0
2020-11-09,8.84e-06,8.86e-06,8.49e-06,8.7e-06,2143417.0
2020-11-10,8.7e-06,9.25e-06,8.69e-06,9.11e-06,6620588.0
2020-11-11,9.11e-06,9.39e-06,8.7e-06,8.8e-06,6885403.0
2020-11-12,8.8e-06,8.99e-06,8.18e-06,8.26e-06,3182470.0
2020-11-13,8.24e-06,8.85e-06,8.17e-06,8.78e-06,5106959.0
2020-11-14,8.79e-06,8.97e-06,8.56e-06,8.82e-06,3195740.0
2020-11-15,8.8e-06,9.37e-06,8.75e-06,9.03e-06,6814620.0
2020-11-16,9.03e-06,9.21e-06,8.51e-06,8.7e-06,7728259.0
2020-11-17,8.73e-06,8.79e-06,8.04e-06,8.27e-06,6202249.0
2020-11-18,8.27e-06,8.31e-06,7.46e-06,7.79e-06,8905204.0
2020-11-19,7.8e-06,7.82e-06,7.54e-06,7.66e-06,4544143.0
2020-11-20,7.66e-06,7.72e-06,7.27e-06,7.5e-06,5365415.0
2020-11-21,7.5e-06,8.07e-06,7.36e-06,8.07e-06,6379376.0
2020-11-22,8.05e-06,8.23e-06,7.6e-06,7.87e-06,7206021.0
2020-11-23,7.88e-06,8.45e-06,7.79e-06,8.44e-06,8570457.0
2020-11-24,8.45e-06,8.91e-06,7.7e-06,8.32e-06,21115194.0
2020-11-25,8.33e-06,9.42e-06,8.15e-06,8.64e-06,22963473.0
2020-11-26,8.63e-06,8.97e-06,8.04e-06,8.25e-06,22828139.0
2020-11-27,8.26e-06,8.35e-06,8.01e-06,8.26e-06,7344246.0
2020-11-28,8.26e-06,8.62e-06,8.15e-06,8.17e-06,9578080.0
2020-11-29,8.16e-06,8.18e-06,7.8e-06,7.91e-06,6881557.0
2020-11-30,7.91e-06,7.97e-06,7.33e-06,7.56e-06,11896070.0
2020-12-01,7.56e-06,8.03e-06,7.1e-06,7.8e-06,12725984.0
2020-12-02,7.8e-06,8.43e-06,7.68e-06,8.43e-06,10327888.0
2020-12-03,8.43e-06,8.46e-06,8.02e-06,8.1e-06,11242143.0
2020-12-04,8.1e-06,8.56e-06,7.65e-06,7.86e-06,20139161.0
2020-12-05,7.85e-06,8.17e-06,7.73e-06,7.98e-06,8552630.0
2020-12-06,7.99e-06,8.02e-06,7.76e-06,7.88e-06,5176770.0
2020-12-07,7.89e-06,8.12e-06,7.75e-06,7.91e-06,6094054.0
2020-12-08,7.9e-06,8.26e-06,7.57e-06,7.65e-06,10806162.0
2020-12-09,7.63e-06,7.74e-06,7.37e-06,7.59e-06,8208122.0
2020-12-10,7.59e-06,7.96e-06,7.53e-06,7.8e-06,6968146.0
2020-12-11,7.81e-06,8e-06,7.59e-06,7.76e-06,5009115.0
2020-12-12,7.76e-06,7.92e-06,7.61e-06,7.7e-06,3937870.0
2020-12-13,7.69e-06,7.73e-06,7.38e-06,7.49e-06,8175447.0
2020-12-14,7.5e-06,7.98e-06,7.46e-06,7.83e-06,8044226.0
2020-12-15,7.83e-06,8.17e-06,7.69e-06,7.99e-06,11817451.0
2020-12-16,7.99e-06,8.06e-06,7.1e-06,7.24e-06,10262719.0
2020-12-17,7.25e-06,7.37e-06,6.57e-06,6.69e-06,16365438.0
2020-12-18,6.7e-06,7.15e-06,6.65e-06,6.94e-06,6793322.0
2020-12-19,6.93e-06,7.2e-06,6.63e-06,6.68e-06,5164699.0
2020-12-20,6.66e-06,6.76e-06,6.33e-06,6.5e-06,4886499.0
2020-12-21,6.48e-06,6.63e-06,6.27e-06,6.37e-06,7551969.0
2020-12-22,6.39e-06,6.41e-06,6e-06,6.08e-06,8580051.0
2020-12-23,6.07e-06,6.12e-06,5.03e-06,5.25e-06,12881818.0
2020-12-24,5.24e-06,6.08e-06,5.2e-06,6.08e-06,9884693.0
2020-12-25,6.07e-06,6.09e-06,5.64e-06,5.7e-06,8223304.0
2020-12-26,5.68e-06,5.76e-06,5.23e-06,5.31e-06,8893775.0
2020-12-27,5.3e-06,5.54e-06,4.83e-06,5.21e-06,13540290.0
2020-12-28,5.21e-06,5.48e-06,5.01e-06,5.12e-06,12158933.0
2020-12-29,5.13e-06,5.21e-06,4.85e-06,4.87e-06,12771973.0
2020-12-30,4.86e-06,4.98e-06,4.46e-06,4.48e-06,11324121.0
2020-12-31,4.48e-06,4.52e-06,4.3e-06,4.49e-06,9326102.0
2021-01-01,4.49e-06,4.75e-06,4.46e-06,4.62e-06,7305441.0
2021-01-02,4.63e-06,4.64e-06,3.93e-06,4.09e-06,10043050.0
2021-01-03,4.09e-06,4.12e-06,3.69e-06,4.1e-06,10032597.0
2021-01-04,4.09e-06,4.6e-06,4.09e-06,4.42e-06,18127321.0
2021-01-05,4.41e-06,4.55e-06,4.11e-06,4.32e-06,12295373.0
2021-01-06,4.32e-06,4.69e-06,4.15e-06,4.35e-06,15247659.0
2021-01-07,4.35e-06,4.93e-06,4.07e-06,4.15e-06,23678361.0
2021-01-08,4.15e-06,7.07e-06,4.15e-06,5.3e-06,133469761.0
2021-01-09,5.28e-06,5.45e-06,4.79e-06,5.1e-06,34237251.0
2021-01-10,5.11e-06,5.21e-06,4.67e-06,4.87e-06,17953356.0
2021-01-11,4.85e-06,4.89e-06,4.48e-06,4.62e-06,17630361.0
2021-01-12,4.62e-06,5.09e-06,4.62e-06,4.92e-06,15482436.0
2021-01-13,4.92e-06,5.09e-06,4.71e-06,4.82e-06,9761597.0
2021-01-14,4.81e-06,4.9e-06,4.57e-06,4.68e-06,9078543.0
2021-01-15,4.68e-06,5.18e-06,4.57e-06,5.12e-06,16171558.0
2021-01-16,5.14e-06,5.62e-06,5.11e-06,5.42e-06,18713322.0
2021-01-17,5.42e-06,8.4e-06,5.42e-06,6.45e-06,74140369.0
2021-01-18,6.45e-06,7.52e-06,6.41e-06,6.74e-06,32561681.0
2021-01-19,6.76e-06,1.2e-05,6.42e-06,1.005e-05,173998745.0
2021-01-20,1.008e-05,1.314e-05,9.76e-06,1.189e-05,144621318.0
2021-01-21,1.19e-05,1.234e-05,1.061e-05,1.07e-05,53521256.0
2021-01-22,1.069e-05,1.3e-05,1.005e-05,1.156e-05,52644988.0
2021-01-23,1.156e-05,1.38e-05,1.143e-05,1.339e-05,43593658.0
2021-01-24,1.34e-05,1.341e-05,1.245e-05,1.305e-05,22046953.0
2021-01-25,1.305e-05,1.527e-05,1.168e-05,1.47e-05,41877787.0
2021-01-26,1.468e-05,1.54e-05,1.241e-05,1.35e-05,82788905.0
2021-01-27,1.35e-05,1.351e-05,1.192e-05,1.197e-05,20321371.0
2021-01-28,1.196e-05,1.237e-05,1.113e-05,1.12e-05,21875847.0
2021-01-29,1.118e-05,1.12e-05,9.29e-06,1.048e-05,25609273.0
2021-01-30,1.051e-05,1.055e-05,9.71e-06,9.78e-06,13785676.0
2021-01-31,9.8e-06,1.081e-05,9.68e-06,1.037e-05,18041278.0
2021-02-01,1.036e-05,1.085e-05,9.29e-06,1.023e-05,20332413.0
2021-02-02,1.021e-05,1.132e-05,1.001e-05,1.032e-05,22790708.0
2021-02-03,1.032e-05,1.041e-05,9.81e-06,9.93e-06,11023852.0
2021-02-04,9.94e-06,1.024e-05,9.11e-06,9.88e-06,15622482.0
2021-02-05,9.9e-06,1.1e-05,9.82e-06,1.076e-05,22646694.0
2021-02-06,1.078e-05,1.085e-05,9.12e-06,9.99e-06,18852473.0
2021-02-07,1e-05,1.034e-05,9.54e-06,9.79e-06,13262696.0
2021-02-08,9.81e-06,1.048e-05,8.48e-06,8.59e-06,18674638.0
2021-02-09,8.58e-06,9.3e-06,8.3e-06,9e-06,19287706.0
2021-02-10,9.02e-06,9.99e-06,8.65e-06,9.49e-06,24331731.0
2021-02-11,9.5e-06,1.48e-05,9.4e-06,1.253e-05,98842446.0
2021-02-12,1.255e-05,1.36e-05,1.191e-05,1.291e-05,30644366.0
2021-02-13,1.291e-05,1.321e-05,1.162e-05,1.254e-05,18469496.0
2021-02-14,1.255e-05,1.282e-05,1.095e-05,1.135e-05,15738085.0
2021-02-15,1.137e-05,1.168e-05,9.64e-06,1.092e-05,19338968.0
2021-02-16,1.094e-05,1.205e-05,1.059e-05,1.106e-05,20049340.0
2021-02-17,1.106e-05,1.107e-05,1.015e-05,1.054e-05,13893935.0
2021-02-18,1.056e-05,1.143e-05,1.053e-05,1.142e-05,19505662.0
2021-02-19,1.143e-05,1.148e-05,1.046e-05,1.075e-05,19076408.0
2021-02-20,1.075e-05,1.08e-05,9.51e-06,9.87e-06,22249921.0
2021-02-21,9.87e-06,1.025e-05,9.71e-06,9.99e-06,14302365.0
2021-02-22,1e-05,1.196e-05,9.08e-06,1.003e-05,53653816.0
2021-02-23,1.004e-05,1.01e-05,7.6e-06,9.26e-06,32633550.0
2021-02-24,9.27e-06,9.98e-06,8.94e-06,9.88e-06,15259018.0
2021-02-25,9.88e-06,1.308e-05,9.78e-06,1.145e-05,72745364.0
2021-02-26,1.146e-05,1.331e-05,1.124e-05,1.247e-05,45338123.0
2021-02-27,1.247e-05,1.373e-05,1.22e-05,1.235e-05,19247969.0
2021-02-28,1.232e-05,1.297e-05,1.098e-05,1.278e-05,17716577.0
2021-03-01,1.279e-05,1.511e-05,1.23e-05,1.404e-05,51631094.0
2021-03-02,1.404e-05,1.794e-05,1.335e-05,1.624e-05,75353717.0
2021-03-03,1.624e-05,2.631e-05,1.602e-05,2.339e-05,144983595.0
2021-03-04,2.34e-05,3.068e-05,2.101e-05,2.684e-05,130499297.0
2021-03-05,2.683e-05,2.95e-05,2.408e-05,2.456e-05,54975794.0
2021-03-06,2.457e-05,2.572e-05,2.282e-05,2.365e-05,28022854.0
2021-03-07,2.364e-05,2.829e-05,2.286e-05,2.766e-05,47156594.0
2021-03-08,2.767e-05,3.634e-05,2.724e-05,3.304e-05,91989742.0
2021-03-09,3.309e-05,3.709e-05,3.05e-05,3.108e-05,55894854.0
2021-03-10,3.102e-05,3.2e-05,2.8e-05,2.951e-05,29801826.0
2021-03-11,2.952e-05,3.394e-05,2.908e-05,3.1e-05,39050088.0
2021-03-12,3.098e-05,3.9e-05,3.098e-05,3.615e-05,58164687.0
2021-03-13,3.607e-05,3.892e-05,3.205e-05,3.329e-05,36959022.0
2021-03-14,3.327e-05,4.419e-05,3.175e-05,3.95e-05,54752056.0
2021-03-15,3.949e-05,5.5e-05,3.936e-05,4.82e-05,75464067.0
2021-03-16,4.811e-05,5.208e-05,4.285e-05,4.484e-05,43906436.0
2021-03-17,4.484e-05,4.885e-05,4.06e-05,4.176e-05,31095089.0
2021-03-18,4.175e-05,4.787e-05,4.109e-05,4.602e-05,25290677.0
2021-03-19,4.603e-05,4.623e-05,4.193e-05,4.276e-05,13410972.0
2021-03-20,4.28e-05,4.283e-05,3.768e-05,3.786e-05,16571901.0
2021-03-21,3.786e-05,4.336e-05,3.654e-05,4.241e-05,20722622.0
2021-03-22,4.241e-05,4.25e-05,3.78e-05,3.993e-05,14385400.0
2021-03-23,3.991e-05,4.015e-05,3.674e-05,3.776e-05,13632391.0
2021-03-24,3.776e-05,4.613e-05,3.713e-05,4.109e-05,32228726.0
2021-03-25,4.104e-05,4.196e-05,3.861e-05,4.091e-05,13718833.0
2021-03-26,4.09e-05,4.457e-05,4.083e-05,4.24e-05,11555363.0
2021-03-27,4.24e-05,4.299e-05,4.067e-05,4.124e-05,8360697.0
2021-03-28,4.124e-05,4.67e-05,4.066e-05,4.5e-05,17600405.0
2021-03-29,4.502e-05,4.595e-05,4.2e-05,4.325e-05,12325458.0
2021-03-30,4.325e-05,4.339e-05,4.099e-05,4.239e-05,9036167.0
2021-03-31,4.242e-05,4.474e-05,4.043e-05,4.343e-05,17889981.0
2021-04-01,4.345e-05,4.446e-05,4.153e-05,4.237e-05,11775242.0
2021-04-02,4.24e-05,4.359e-05,3.999e-05,4.358e-05,9408172.0
2021-04-03,4.352e-05,4.37e-05,3.925e-05,4.057e-05,8597376.0
2021-04-04,4.058e-05,4.2e-05,4.006e-05,4.135e-05,7431443.0
2021-04-05,4.135e-05,4.574e-05,3.95e-05,4.172e-05,20514536.0
2021-04-06,4.172e-05,4.222e-05,3.979e-05,4e-05,14107931.0
2021-04-07,3.999e-05,5.102e-05,3.621e-05,5.074e-05,43148086.0
2021-04-08,5.071e-05,6.019e-05,4.58e-05,5.582e-05,51747146.0
2021-04-09,5.584e-05,6.85e-05,5.366e-05,5.892e-05,47493857.0
2021-04-10,5.891e-05,6.032e-05,5.19e-05,5.389e-05,25842619.0
2021-04-11,5.389e-05,5.505e-05,5.036e-05,5.197e-05,13112889.0
2021-04-12,5.2e-05,5.275e-05,4.86e-05,5.007e-05,10524791.0
2021-04-13,5.01e-05,5.34e-05,4.715e-05,4.839e-05,10953374.0
2021-04-14,4.84e-05,4.862e-05,4.414e-05,4.614e-05,10700321.0
2021-04-15,4.614e-05,5.152e-05,4.556e-05,5.015e-05,12269348.0
2021-04-16,5.019e-05,5.074e-05,4.682e-05,4.905e-05,10949415.0
2021-04-17,4.905e-05,5.123e-05,4.802e-05,4.93e-05,7953676.0
2021-04-18,4.933e-05,4.969e-05,4.074e-05,4.789e-05,13942967.0
2021-04-19,4.796e-05,4.865e-05,4.308e-05,4.31e-05,8068087.0
2021-04-20,4.31e-05,4.645e-05,4.041e-05,4.544e-05,11168618.0
2021-04-21,4.549e-05,5.028e-05,4.512e-05,4.601e-05,11908234.0
2021-04-22,4.6e-05,4.682e-05,4.235e-05,4.274e-05,11710981.0
2021-04-23,4.274e-05,4.404e-05,3.492e-05,4.39e-05,26567800.0
2021-04-24,4.39e-05,4.408e-05,4.012e-05,4.029e-05,5247661.0
2021-04-25,4.032e-05,4.448e-05,4.011e-05,4.142e-05,4310524.0
2021-04-26,4.142e-05,4.75e-05,4.106e-05,4.704e-05,9539689.0
2021-04-27,4.704e-05,4.891e-05,4.527e-05,4.728e-05,7443383.0
2021-04-28,4.729e-05,5.081e-05,4.377e-05,4.981e-05,10585061.0
2021-04-29,4.982e-05,5.275e-05,4.767e-05,4.933e-05,7854308.0
2021-04-30,4.933e-05,5.136e-05,4.756e-05,4.79e-05,5979194.0
2021-05-01,4.791e-05,4.862e-05,4.645e-05,4.703e-05,3420083.0
2021-05-02,4.708e-05,4.719e-05,4.579e-05,4.645e-05,3235867.0
2021-05-03,4.643e-05,4.681e-05,4.538e-05,4.58e-05,5395290.0
2021-05-04,4.58e-05,4.596e-05,4.28e-05,4.364e-05,6977051.0
2021-05-05,4.364e-05,4.758e-05,4.287e-05,4.504e-05,6644723.0
2021-05-06,4.5e-05,4.522e-05,4.311e-05,4.389e-05,5727734.0
2021-05-07,4.394e-05,4.751e-05,4.262e-05,4.343e-05,8181157.0
2021-05-08,4.34e-05,4.439e-05,4.13e-05,4.19e-05,4633276.0
2021-05-09,4.19e-05,4.236e-05,4.003e-05,4.183e-05,4044600.0
2021-05-10,4.18e-05,4.246e-05,3.772e-05,3.944e-05,5583025.0
2021-05-11,3.941e-05,4.169e-05,3.877e-05,4.108e-05,5373872.0
2021-05-12,4.108e-05,4.585e-05,4.034e-05,4.086e-05,10155510.0
2021-05-13,4.084e-05,4.252e-05,4e-05,4.141e-05,7483897.0
2021-05-14,4.137e-05,4.28e-05,4.122e-05,4.26e-05,4177735.0
2021-05-15,4.257e-05,4.283e-05,4.114e-05,4.17e-05,4964105.0
2021-05-16,4.172e-05,4.358e-05,4.103e-05,4.243e-05,5563718.0
2021-05-17,4.24e-05,4.35e-05,4.06e-05,4.133e-05,5483233.0
2021-05-18,4.132e-05,4.549e-05,4.073e-05,4.413e-05,6303870.0
2021-05-19,4.414e-05,4.479e-05,2.571e-05,3.26e-05,19545779.0
2021-05-20,3.259e-05,3.738e-05,2.93e-05,3.657e-05,12363219.0
2021-05-21,3.663e-05,3.816e-05,3.123e-05,3.434e-05,9511126.0
2021-05-22,3.434e-05,3.438e-05,3.019e-05,3.164e-05,6537816.0
2021-05-23,3.16e-05,3.242e-05,2.343e-05,2.718e-05,13015730.0
2021-05-24,2.72e-05,3.549e-05,2.63e-05,3.26e-05,16119355.0
2021-05-25,3.254e-05,3.315e-05,2.964e-05,3.225e-05,6010041.0
2021-05-26,3.23e-05,5.289e-05,3.175e-05,4.921e-05,25548354.0
2021-05-27,4.922e-05,5.317e-05,4.261e-05,4.486e-05,18217985.0
2021-05-28,4.487e-05,4.666e-05,3.812e-05,4.006e-05,11058114.0
2021-05-29,4.002e-05,4.068e-05,3.636e-05,3.902e-05,6664327.0
2021-05-30,3.909e-05,4.882e-05,3.698e-05,4.281e-05,13632514.0
2021-05-31,4.28e-05,4.725e-05,4.159e-05,4.363e-05,7269773.0
2021-06-01,4.367e-05,4.59e-05,4.246e-05,4.274e-05,4263937.0
2021-06-02,4.277e-05,4.33e-05,4.182e-05,4.194e-05,4106283.0
2021-06-03,4.21e-05,4.361e-05,4.103e-05,4.206e-05,3625518.0
2021-06-04,4.205e-05,4.43e-05,3.884e-05,4.065e-05,5610179.0
2021-06-05,4.066e-05,4.226e-05,4e-05,4.09e-05,2506020.0
2021-06-06,4.099e-05,4.223e-05,4.052e-05,4.129e-05,1979747.0
2021-06-07,4.13e-05,4.16e-05,3.954e-05,3.982e-05,2446221.0
2021-06-08,3.978e-05,4.034e-05,3.702e-05,3.987e-05,4057842.0
2021-06-09,3.985e-05,3.997e-05,3.627e-05,3.671e-05,3047116.0
2021-06-10,3.666e-05,3.68e-05,3.47e-05,3.526e-05,2475305.0
2021-06-11,3.525e-05,4.245e-05,3.414e-05,3.485e-05,9989594.0
2021-06-12,3.485e-05,3.601e-05,3.283e-05,3.478e-05,5048689.0
2021-06-13,3.483e-05,3.551e-05,3.306e-05,3.342e-05,2374266.0
2021-06-14,3.342e-05,3.682e-05,3.268e-05,3.522e-05,5354781.0
2021-06-15,3.522e-05,3.684e-05,3.434e-05,3.492e-05,3658481.0
2021-06-16,3.493e-05,3.855e-05,3.405e-05,3.644e-05,5512617.0
2021-06-17,3.641e-05,3.814e-05,3.633e-05,3.676e-05,2956719.0
2021-06-18,3.669e-05,3.672e-05,3.43e-05,3.569e-05,2773609.0
2021-06-19,3.573e-05,3.604e-05,3.482e-05,3.486e-05,1355832.0
2021-06-20,3.489e-05,3.585e-05,3.392e-05,3.508e-05,2351632.0
2021-06-21,3.512e-05,3.538e-05,2.952e-05,2.962e-05,7949847.0
2021-06-22,2.966e-05,3.067e-05,2.654e-05,2.822e-05,9757396.0
2021-06-23,2.822e-05,3.169e-05,2.76e-05,3.111e-05,4596934.0
2021-06-24,3.108e-05,3.166e-05,2.995e-05,3.097e-05,2583515.0
2021-06-25,3.098e-05,3.159e-05,2.916e-05,2.985e-05,2764033.0
2021-06-26,2.984e-05,3.059e-05,2.915e-05,2.953e-05,2276129.0
2021-06-27,2.953e-05,2.991e-05,2.844e-05,2.898e-05,2829038.0
2021-06-28,2.898e-05,3.006e-05,2.847e-05,2.98e-05,2539913.0
2021-06-29,2.983e-05,3.124e-05,2.946e-05,3.047e-05,3405558.0
2021-06-30,3.045e-05,3.325e-05,2.993e-05,3.325e-05,4042276.0
2021-07-01,3.321e-05,3.62e-05,3.268e-05,3.406e-05,6070677.0
2021-07-02,3.401e-05,3.427e-05,3.214e-05,3.317e-05,1610007.0
2021-07-03,3.326e-05,3.421e-05,3.242e-05,3.318e-05,1796013.0
2021-07-04,3.318e-05,3.465e-05,3.251e-05,3.318e-05,2322732.0
2021-07-05,3.316e-05,3.363e-05,3.216e-05,3.28e-05,2232598.0
2021-07-06,3.282e-05,3.525e-05,3.278e-05,3.436e-05,2858640.0
2021-07-07,3.434e-05,4.153e-05,3.386e-05,4.145e-05,10041334.0
2021-07-08,4.15e-05,4.494e-05,3.597e-05,3.686e-05,9962509.0
2021-07-09,3.685e-05,3.862e-05,3.459e-05,3.813e-05,6481127.0
2021-07-10,3.817e-05,4.078e-05,3.728e-05,3.837e-05,5884699.0
2021-07-11,3.84e-05,4.152e-05,3.802e-05,4.025e-05,4366896.0
2021-07-12,4.023e-05,4.024e-05,3.811e-05,3.939e-05,2555423.0
2021-07-13,3.942e-05,4.007e-05,3.669e-05,3.723e-05,2551420.0
2021-07-14,3.724e-05,4.097e-05,3.517e-05,4.025e-05,6742756.0
2021-07-15,4.025e-05,4.473e-05,3.829e-05,3.928e-05,9930400.0
2021-07-16,3.928e-05,4.106e-05,3.744e-05,3.758e-05,3649431.0
2021-07-17,3.758e-05,3.867e-05,3.706e-05,3.777e-05,2454238.0
2021-07-18,3.777e-05,3.896e-05,3.682e-05,3.73e-05,1578486.0
2021-07-19,3.725e-05,3.729e-05,3.455e-05,3.48e-05,3087285.0
2021-07-20,3.485e-05,3.516e-05,3.154e-05,3.344e-05,4677386.0
2021-07-21,3.336e-05,3.609e-05,3.246e-05,3.415e-05,3606059.0
2021-07-22,3.413e-05,3.566e-05,3.347e-05,3.477e-05,2203706.0
2021-07-23,3.484e-05,3.708e-05,3.441e-05,3.705e-05,3474644.0
2021-07-24,3.698e-05,4.112e-05,3.65e-05,3.793e-05,6647908.0
2021-07-25,3.793e-05,3.97e-05,3.627e-05,3.859e-05,5172314.0
2021-07-26,3.862e-05,3.92e-05,3.4e-05,3.455e-05,7290443.0
2021-07-27,3.455e-05,3.716e-05,3.342e-05,3.42e-05,4646324.0
2021-07-28,3.418e-05,3.478e-05,3.272e-05,3.327e-05,2981492.0
2021-07-29,3.327e-05,3.77e-05,3.302e-05,3.483e-05,5696086.0
2021-07-30,3.487e-05,3.588e-05,3.396e-05,3.416e-05,2622901.0
2021-07-31,3.417e-05,3.5e-05,3.367e-05,3.476e-05,1860988.0
2021-08-01,3.476e-05,3.556e-05,3.378e-05,3.447e-05,2685002.0
2021-08-02,3.445e-05,3.575e-05,3.401e-05,3.543e-05,1756203.0
2021-08-03,3.545e-05,3.589e-05,3.489e-05,3.54e-05,1672992.0
2021-08-04,3.546e-05,3.633e-05,3.489e-05,3.536e-05,3190165.0
2021-08-05,3.536e-05,3.614e-05,3.394e-05,3.442e-05,2027641.0
2021-08-06,3.445e-05,3.5e-05,3.337e-05,3.368e-05,4256492.0
2021-08-07,3.371e-05,3.562e-05,3.323e-05,3.358e-05,3438274.0
2021-08-08,3.36e-05,3.493e-05,3.177e-05,3.222e-05,1909486.0
2021-08-09,3.222e-05,3.527e-05,3.166e-05,3.311e-05,3776619.0
2021-08-10,3.311e-05,3.614e-05,3.299e-05,3.562e-05,6662405.0
2021-08-11,3.556e-05,3.655e-05,3.483e-05,3.557e-05,3607765.0
2021-08-12,3.552e-05,3.621e-05,3.367e-05,3.52e-05,2701826.0
2021-08-13,3.522e-05,3.617e-05,3.45e-05,3.502e-05,1898124.0
2021-08-14,3.506e-05,3.625e-05,3.444e-05,3.577e-05,2624449.0
2021-08-15,3.577e-05,3.583e-05,3.469e-05,3.548e-05,1516986.0
2021-08-16,3.548e-05,3.7e-05,3.464e-05,3.529e-05,3503434.0
2021-08-17,3.531e-05,3.646e-05,3.393e-05,3.438e-05,3218439.0
2021-08-18,3.437e-05,3.465e-05,3.272e-05,3.402e-05,2593328.0
2021-08-19,3.399e-05,3.418e-05,3.304e-05,3.386e-05,1877257.0
2021-08-20,3.386e-05,3.416e-05,3.307e-05,3.384e-05,2103205.0
2021-08-21,3.385e-05,3.988e-05,3.38e-05,3.764e-05,7559837.0
2021-08-22,3.766e-05,3.998e-05,3.57e-05,3.739e-05,4324361.0
2021-08-23,3.74e-05,4.429e-05,3.677e-05,4.406e-05,8320172.0
2021-08-24,4.401e-05,4.417e-05,3.877e-05,3.969e-05,5907548.0
2021-08-25,3.966e-05,4.26e-05,3.775e-05,4.225e-05,5322699.0
2021-08-26,4.231e-05,4.241e-05,3.911e-05,3.949e-05,2772047.9
2021-08-27,3.949e-05,4.171e-05,3.855e-05,4.079e-05,3954459.5
2021-08-28,4.082e-05,4.237e-05,4.002e-05,4.202e-05,2925688.3
2021-08-29,4.202e-05,4.536e-05,4.063e-05,4.475e-05,4749201.4
2021-08-30,4.477e-05,4.77e-05,4.336e-05,4.441e-05,6140914.6
2021-08-31,4.436e-05,4.526e-05,4.232e-05,4.288e-05,3043096.4
2021-09-01,4.282e-05,4.341e-05,4.189e-05,4.258e-05,2599501.8
2021-09-02,4.257e-05,4.295e-05,4.112e-05,4.158e-05,2548747.9
2021-09-03,4.153e-05,4.197e-05,4.068e-05,4.142e-05,2890862.7
2021-09-04,4.142e-05,4.247e-05,4.103e-05,4.198e-05,1763033.8
2021-09-05,4.197e-05,4.225e-05,4.146e-05,4.166e-05,480309.2
