2021-02-05-01,3.0606,3.85,3.0524,3.7395,1905686.78
2021-02-05-02,3.7395,3.7459,3.251,3.2989,1438532.97
2021-02-05-03,3.2848,3.39,3.2,3.3867,558524.26
2021-02-05-04,3.3721,3.5331,3.2495,3.319,763538.43
2021-02-05-05,3.3041,3.491,3.2,3.315,562804.4
2021-02-05-06,3.315,3.4636,3.3101,3.3226,449714.5
2021-02-05-07,3.3211,3.4,3.21,3.3229,644955.52
2021-02-05-08,3.3231,3.3299,3.2402,3.26,284331.58
2021-02-05-09,3.263,3.3407,3.2401,3.301,347617.42
2021-02-05-10,3.3015,3.4975,3.265,3.3943,671606.3
2021-02-05-11,3.3943,3.42,3.2859,3.3124,421469.87
2021-02-05-12,3.3075,3.3728,3.285,3.3221,446157.03
2021-02-05-13,3.3221,3.4069,3.3008,3.3406,374039.41
2021-02-05-14,3.3398,3.3501,3.2533,3.29,344045.96
2021-02-05-15,3.2901,3.3,3.21,3.2619,354201.85
2021-02-05-16,3.2616,3.31,3.225,3.242,341983.25
2021-02-05-17,3.2421,3.4433,3.242,3.3404,624048.58
2021-02-05-18,3.3407,3.8,3.3201,3.63,997722.74
2021-02-05-19,3.6339,3.9092,3.6266,3.6333,755867.8
2021-02-05-20,3.6334,3.801,3.5,3.7542,308090.95
2021-02-05-21,3.7538,3.9,3.6206,3.849,298116.46
2021-02-05-22,3.8489,4.4785,3.845,4.23,1936267.38
2021-02-05-23,4.23,4.5517,4.1,4.366,1116300.29
2021-02-06-00,4.3507,5.9362,4.35,5.4999,4743580.31
2021-02-06-01,5.5,5.5572,4.688,4.8015,3212303.08
2021-02-06-02,4.805,4.8664,4.1103,4.3759,1827522.15
2021-02-06-03,4.376,5.2596,4.3756,4.8051,1781389.19
2021-02-06-04,4.8231,5.14,4.6,4.73,708805.93
2021-02-06-05,4.7215,4.8,4.446,4.5328,572733.0
2021-02-06-06,4.5311,4.8897,4.3889,4.7057,472670.36
2021-02-06-07,4.7057,5.36,4.6255,4.9419,1571925.18
2021-02-06-08,4.9419,5.2,4.85,5.0999,997531.68
2021-02-06-09,5.1,5.1845,4.9,4.944,593022.0
2021-02-06-10,4.9306,5.54,4.82,5.21,1487004.43
2021-02-06-11,5.2169,5.8249,5.1104,5.684,1811979.28
2021-02-06-12,5.6867,7.0889,5.6771,6.5701,6166765.47
2021-02-06-13,6.5779,6.89,6.045,6.1615,3532462.17
2021-02-06-14,6.1729,8.6,6.1466,8.1,6175721.73
2021-02-06-15,8.1063,9.5001,7.8158,8.0279,9827793.94
2021-02-06-16,8.0336,8.5389,7.2061,7.7808,5457914.75
2021-02-06-17,7.8371,8.8,7.7865,7.929,4183228.82
2021-02-06-18,7.9224,8.4799,7.8458,8.2,2073343.2
2021-02-06-19,8.176,8.235,7.5,7.7526,1771760.74
2021-02-06-20,7.7496,7.87,6.6529,7.1326,2594842.94
2021-02-06-21,7.1369,7.9466,7.1072,7.5593,2443955.26
2021-02-06-22,7.5604,8.2889,7.5,7.5624,1833639.28
2021-02-06-23,7.5624,7.95,7.2164,7.3197,1269388.63
2021-02-07-00,7.32,7.6435,6.9526,7.3618,1049572.16
2021-02-07-01,7.3788,8.09,7.361,8.09,1355671.58
2021-02-07-02,8.081,8.1,7.5,7.727,941557.45
2021-02-07-03,7.7735,7.7999,7.1413,7.4499,685972.8
2021-02-07-04,7.4499,7.9016,7.4,7.7289,682043.55
2021-02-07-05,7.7293,8.91,7.7,8.137,2700737.4
2021-02-07-06,8.1379,8.6,8.0392,8.3559,1339601.09
2021-02-07-07,8.3274,8.5,7.9701,8.2006,728331.94
2021-02-07-08,8.18,8.2436,7.91,8.0058,757890.67
2021-02-07-09,8.0057,8.7402,8.0046,8.5386,1532866.0
2021-02-07-10,8.5387,8.5476,8.1481,8.3782,1116398.04
2021-02-07-11,8.3799,9.5,8.2103,9.0998,2213242.42
2021-02-07-12,9.1017,9.6686,8.8962,8.9849,3382011.0
2021-02-07-13,8.991,9.25,8.6,8.9442,2137349.36
2021-02-07-14,8.9489,8.99,8.2239,8.5067,1929848.33
2021-02-07-15,8.5234,8.5903,7.7449,7.9789,2007892.28
2021-02-07-16,7.9789,8.1,7.3246,7.849,1838855.1
2021-02-07-17,7.8488,7.8495,6.95,7.6496,1787833.59
2021-02-07-18,7.6501,7.7499,7.0162,7.2351,828838.09
2021-02-07-19,7.2466,7.8816,7.1,7.7107,1060801.29
2021-02-07-20,7.7007,8.0959,7.6339,7.8617,1365551.06
2021-02-07-21,7.8612,7.8958,7.5,7.7203,486080.76
2021-02-07-22,7.721,7.7353,7.35,7.6515,442342.92
2021-02-07-23,7.652,7.6962,7.0,7.2493,929950.52
2021-02-08-00,7.2875,7.7437,7.05,7.52,770157.9
2021-02-08-01,7.5212,7.5821,7.1055,7.1298,351864.71
2021-02-08-02,7.129,7.6806,7.051,7.42,539939.03
2021-02-08-03,7.422,7.65,7.261,7.4804,319297.52
2021-02-08-04,7.4801,7.77,7.4444,7.6552,365045.62
2021-02-08-05,7.6615,7.6814,7.4588,7.5621,312306.69
2021-02-08-06,7.5621,8.1,7.5575,7.8646,571961.89
2021-02-08-07,7.8855,8.5399,7.8,8.2639,775161.74
2021-02-08-08,8.2505,8.48,8.0354,8.1295,514614.08
2021-02-08-09,8.0983,8.289,7.942,8.1092,475701.6
2021-02-08-10,8.1008,8.1744,7.4577,7.7212,1075739.28
2021-02-08-11,7.7245,7.9246,7.5555,7.8891,405298.95
2021-02-08-12,7.8717,7.9,7.55,7.7291,550740.05
2021-02-08-13,7.7294,7.9689,7.551,7.6,619544.49
2021-02-08-14,7.6,7.6625,7.0516,7.2012,675252.63
2021-02-08-15,7.2015,7.5,7.18,7.4,722415.21
2021-02-08-16,7.4,7.4319,7.15,7.1678,558339.06
2021-02-08-17,7.1668,7.4732,7.1613,7.3301,562510.45
2021-02-08-18,7.3301,7.4,7.2,7.2745,338888.59
2021-02-08-19,7.262,7.4,7.167,7.1939,326945.23
2021-02-08-20,7.1926,7.33,7.177,7.2823,249160.0
2021-02-08-21,7.2818,7.4323,7.2229,7.3591,412648.44
2021-02-08-22,7.3591,7.4,7.0,7.0657,521589.31
2021-02-08-23,7.0657,7.2499,6.66,6.8523,1075820.8
2021-02-09-00,6.8595,6.9118,6.343,6.4693,878844.98
2021-02-09-01,6.4613,6.5721,6.0444,6.385,1296968.15
2021-02-09-02,6.3921,7.29,6.37,6.7484,1112278.2
2021-02-09-03,6.745,6.9469,6.457,6.9,620675.37
2021-02-09-04,6.89,7.06,6.6,6.7739,425582.22
2021-02-09-05,6.7629,6.92,6.5199,6.8884,358250.42
2021-02-09-06,6.8884,6.8884,6.5019,6.6274,311893.66
2021-02-09-07,6.6256,6.695,6.3937,6.4382,401650.14
2021-02-09-08,6.4382,6.8835,6.24,6.5813,666829.46
2021-02-09-09,6.581,6.8972,6.464,6.8109,518698.06
2021-02-09-10,6.8121,6.8551,6.5488,6.6567,450042.45
2021-02-09-11,6.6788,6.82,6.58,6.65,360192.73
2021-02-09-12,6.65,6.7453,6.5687,6.6323,338157.42
2021-02-09-13,6.6326,7.4829,6.6,7.41,1715409.71
2021-02-09-14,7.4103,7.8011,7.06,7.2635,1436314.67
2021-02-09-15,7.2602,7.55,7.101,7.4386,607983.58
2021-02-09-16,7.4373,7.7,7.329,7.5,538793.18
2021-02-09-17,7.4995,7.5,7.121,7.1901,605458.39
2021-02-09-18,7.1908,7.3,7.0,7.0013,593385.38
2021-02-09-19,7.0004,7.1529,6.8105,6.8914,607896.42
2021-02-09-20,6.8932,7.15,6.8073,7.1015,345533.04
2021-02-09-21,7.1022,7.125,6.9,6.9841,209069.15
2021-02-09-22,6.9783,6.9862,6.84,6.8898,186750.04
2021-02-09-23,6.8846,6.99,6.835,6.9612,151148.07
2021-02-10-00,6.974,7.3874,6.9518,7.1701,350525.99
2021-02-10-01,7.1702,7.3507,7.0,7.1,359088.79
2021-02-10-02,7.0926,7.1999,6.9514,7.1308,256545.29
2021-02-10-03,7.1168,7.623,7.1168,7.605,450786.68
2021-02-10-04,7.6038,7.7,7.411,7.6221,556078.76
2021-02-10-05,7.6228,7.7,7.3878,7.417,395280.53
2021-02-10-06,7.417,7.4529,7.18,7.448,384827.58
2021-02-10-07,7.4479,7.64,7.3256,7.5832,338272.18
2021-02-10-08,7.5879,7.62,7.2999,7.4785,390217.09
2021-02-10-09,7.4779,7.4854,7.26,7.372,280333.79
2021-02-10-10,7.3728,7.5507,7.28,7.4289,357588.66
2021-02-10-11,7.4273,7.4988,7.1101,7.2309,368757.17
2021-02-10-12,7.231,7.29,7.0258,7.1606,362432.68
2021-02-10-13,7.1626,7.189,6.18,6.6287,1086797.71
2021-02-10-14,6.6459,6.8779,6.5996,6.6904,402813.89
2021-02-10-15,6.699,6.6999,6.37,6.391,344466.12
2021-02-10-16,6.3909,6.5058,6.1231,6.45,588506.49
2021-02-10-17,6.4274,6.6182,6.3,6.5,351302.29
2021-02-10-18,6.4969,6.664,6.45,6.5763,211931.85
2021-02-10-19,6.5764,6.58,6.4703,6.518,151253.78
2021-02-10-20,6.5148,6.631,6.369,6.61,123192.22
2021-02-10-21,6.605,6.915,6.3,6.347,276652.52
2021-02-10-22,6.347,6.6631,6.3,6.6051,145622.1
2021-02-10-23,6.5822,6.84,6.581,6.754,140185.96
2021-02-11-00,6.7357,6.75,6.4973,6.5006,133945.55
2021-02-11-01,6.5229,6.6715,6.44,6.4549,133365.25
2021-02-11-02,6.4549,6.4816,6.273,6.3922,161797.6
2021-02-11-03,6.3994,6.4967,6.393,6.4811,30103.44
2021-02-11-04,6.4811,6.4811,6.4811,6.4811,0.0
2021-02-11-05,6.4811,6.4811,6.4811,6.4811,0.0
2021-02-11-06,6.481,6.8,6.48,6.6778,272816.59
2021-02-11-07,6.6778,7.1978,6.67,7.13,607090.54
2021-02-11-08,7.13,7.4,6.9717,7.16,471785.84
2021-02-11-09,7.159,7.35,6.88,7.23,377129.68
2021-02-11-10,7.2294,7.34,7.09,7.147,234063.0
2021-02-11-11,7.1444,7.2998,7.027,7.03,250866.87
2021-02-11-12,7.0377,7.4807,6.9021,7.4663,654949.86
2021-02-11-13,7.4799,8.4,7.339,8.0018,2279952.02
2021-02-11-14,8.0081,8.2537,7.5,7.9949,915156.88
2021-02-11-15,7.9859,8.1,7.7151,7.7571,402015.1
2021-02-11-16,7.7565,8.2999,7.6239,8.0187,730409.29
2021-02-11-17,8.01,8.16,7.9,8.1,462390.39
2021-02-11-18,8.0994,8.4,7.95,8.243,542630.99
2021-02-11-19,8.25,8.37,7.777,7.8804,407017.39
2021-02-11-20,7.89,8.0567,7.7012,7.839,242864.45
2021-02-11-21,7.8391,7.8471,7.5,7.5117,324248.48
2021-02-11-22,7.512,7.5957,7.25,7.2501,244173.98
2021-02-11-23,7.2511,7.7776,7.21,7.674,239287.9
2021-02-12-00,7.651,7.6727,7.3568,7.5642,163800.48
2021-02-12-01,7.5896,7.5898,7.1818,7.3854,230947.73
2021-02-12-02,7.3854,7.7934,7.3703,7.71,169033.04
2021-02-12-03,7.713,7.9,7.3,7.4599,287600.69
2021-02-12-04,7.455,7.551,7.25,7.348,127868.23
2021-02-12-05,7.3466,7.5409,7.2373,7.3269,137905.81
2021-02-12-06,7.3267,7.5,7.2906,7.49,84496.05
2021-02-12-07,7.4901,7.4901,7.2554,7.4149,136266.56
2021-02-12-08,7.415,7.9,7.2,7.8153,427647.56
2021-02-12-09,7.8405,8.315,7.6659,8.1802,662048.53
2021-02-12-10,8.1802,8.3968,7.9564,8.1925,454185.63
2021-02-12-11,8.1832,8.727,8.1831,8.4735,916758.16
2021-02-12-12,8.4764,8.499,8.1,8.2383,365202.79
2021-02-12-13,8.2286,8.5,8.142,8.2085,337146.07
2021-02-12-14,8.2085,8.2289,7.92,8.01,373926.89
2021-02-12-15,8.011,8.4,7.6786,7.93,531352.81
2021-02-12-16,7.9269,8.1623,7.9135,8.0501,226562.51
2021-02-12-17,8.06,8.375,8.0,8.14,295693.92
2021-02-12-18,8.1399,8.378,8.127,8.3289,251412.81
2021-02-12-19,8.3289,8.75,8.2501,8.7276,658247.35
2021-02-12-20,8.7276,8.7654,8.445,8.545,292888.17
2021-02-12-21,8.5289,8.7,8.4901,8.5459,165392.75
2021-02-12-22,8.5449,8.56,8.3627,8.4501,155609.53
2021-02-12-23,8.4501,8.4602,8.2759,8.3674,134657.9
2021-02-13-00,8.3697,8.7,8.22,8.5666,181802.13
2021-02-13-01,8.5665,8.635,8.1234,8.4325,264161.46
2021-02-13-02,8.4447,8.4909,8.1,8.2522,264216.58
2021-02-13-03,8.2489,8.2776,8.02,8.2311,182731.6
2021-02-13-04,8.2499,8.35,8.0214,8.3479,136906.06
2021-02-13-05,8.3301,8.35,8.1784,8.2361,80143.12
2021-02-13-06,8.2362,8.2527,8.0459,8.1631,115823.35
2021-02-13-07,8.1684,8.25,8.0137,8.123,152857.75
2021-02-13-08,8.123,8.123,7.9,7.9,218691.17
2021-02-13-09,7.901,8.2903,7.7082,8.1746,237304.3
2021-02-13-10,8.1746,8.3223,8.12,8.17,166501.09
2021-02-13-11,8.17,8.1899,7.82,7.851,245877.6
2021-02-13-12,7.8522,8.1,7.7,7.9,301009.26
2021-02-13-13,7.9004,8.0,7.71,7.91,127933.06
2021-02-13-14,7.9099,7.999,7.75,7.9259,113086.49
2021-02-13-15,7.9216,8.3,7.9201,8.2757,219132.38
2021-02-13-16,8.2858,8.3,8.0009,8.0867,173753.34
2021-02-13-17,8.0867,8.2202,7.9201,8.0144,159139.85
2021-02-13-18,8.0155,8.15,7.9702,8.059,96361.18
2021-02-13-19,8.0587,8.3,8.0,8.293,154249.55
2021-02-13-20,8.2921,8.99,8.2323,8.96,848562.48
2021-02-13-21,8.9602,9.4,8.77,9.3,1013750.85
2021-02-13-22,9.2834,9.6969,8.7299,9.4948,820688.31
2021-02-13-23,9.4856,10.0,9.2,9.8688,1007451.97
2021-02-14-00,9.87,10.35,9.6,9.7521,862354.66
2021-02-14-01,9.7521,11.3426,9.5555,11.1803,1033666.65
2021-02-14-02,11.1997,11.64,10.6794,11.08,1353665.31
2021-02-14-03,11.0684,11.5,10.455,10.867,660130.67
2021-02-14-04,10.878,11.2,10.4606,10.4898,400612.36
2021-02-14-05,10.4609,10.4609,9.9255,10.3294,504532.61
2021-02-14-06,10.3497,10.99,9.4717,9.5539,761717.57
2021-02-14-07,9.5308,10.5,9.3481,10.4303,604265.75
2021-02-14-08,10.4091,10.4496,9.7903,9.9,300235.73
2021-02-14-09,9.9,11.1,9.8213,10.9683,637702.36
2021-02-14-10,10.9321,11.3,10.65,10.985,931091.61
2021-02-14-11,10.98,11.2013,10.59,10.79,474719.44
2021-02-14-12,10.7911,10.826,10.2256,10.605,335733.16
2021-02-14-13,10.6265,10.7,10.1092,10.4111,330228.94
2021-02-14-14,10.4113,10.4113,9.63,9.7008,414244.17
2021-02-14-15,9.7073,10.6035,9.7,10.133,473276.8
2021-02-14-16,10.1581,10.2335,9.4909,9.74,443263.85
2021-02-14-17,9.732,10.63,9.55,10.627,451931.05
2021-02-14-18,10.6209,11.445,10.5877,11.3447,1313054.3
2021-02-14-19,11.3447,11.36,10.65,10.95,510344.94
2021-02-14-20,10.95,11.28,10.6639,11.1632,377174.13
2021-02-14-21,11.1404,11.7,11.02,11.6498,677459.04
2021-02-14-22,11.6309,12.1483,11.365,11.7121,972052.36
2021-02-14-23,11.725,11.9309,11.2523,11.3064,428781.11
2021-02-15-00,11.3295,12.0,11.11,11.6995,412524.33
2021-02-15-01,11.6985,13.2,11.5188,12.941,1170462.72
2021-02-15-02,12.9179,12.9997,10.8251,10.9273,1088072.14
2021-02-15-03,10.9335,11.2776,9.7,10.8301,1382265.77
2021-02-15-04,10.8301,10.8709,10.0,10.5388,509233.67
2021-02-15-05,10.5156,11.5,10.4834,11.3398,608210.02
2021-02-15-06,11.3034,12.06,10.81,11.12,691170.8
2021-02-15-07,11.065,11.4008,10.6869,11.103,352742.63
2021-02-15-08,11.1038,11.9463,10.88,11.752,382259.63
2021-02-15-09,11.7878,12.3,11.3,12.1317,495869.37
2021-02-15-10,12.145,12.5,11.8081,12.2639,654612.74
2021-02-15-11,12.2989,12.661,11.7,11.7896,550055.7
2021-02-15-12,11.7895,12.2799,11.6,11.93,402205.44
2021-02-15-13,11.919,12.6,11.9182,12.242,546910.61
2021-02-15-14,12.2421,12.28,11.8,12.0241,325595.55
2021-02-15-15,12.0241,12.05,11.3947,11.5492,443829.78
2021-02-15-16,11.5492,12.1,11.5001,11.8401,317969.06
2021-02-15-17,11.8699,11.8701,11.384,11.575,304397.59
2021-02-15-18,11.5946,12.7,11.15,12.5035,813021.0
2021-02-15-19,12.5037,13.4378,12.5037,12.9197,945205.45
2021-02-15-20,12.9197,13.5,12.8,13.4889,702954.69
2021-02-15-21,13.4415,14.5,13.42,14.0513,1336632.49
2021-02-15-22,14.0513,14.3,12.5,12.8441,1174773.55
2021-02-15-23,12.843,13.9,12.5,13.8898,655559.92
2021-02-16-00,13.88,14.1842,13.0001,13.4046,576767.36
2021-02-16-01,13.4,13.75,12.5,13.4882,560615.06
2021-02-16-02,13.4882,14.2,13.44,14.0177,583572.73
2021-02-16-03,13.9753,14.3333,13.7,13.95,353075.67
2021-02-16-04,13.9519,14.1279,13.153,13.4897,289237.33
2021-02-16-05,13.4891,13.6763,12.91,13.6287,260917.63
2021-02-16-06,13.6287,13.7984,13.1991,13.2989,178371.31
2021-02-16-07,13.289,14.1,13.1919,13.895,296008.89
2021-02-16-08,13.8703,14.0,13.71,13.71,158569.9
2021-02-16-09,13.71,14.75,13.684,14.501,636394.95
2021-02-16-10,14.5272,14.6004,14.1157,14.3783,331667.66
2021-02-16-11,14.3746,14.78,14.28,14.678,439802.19
2021-02-16-12,14.678,14.7,14.0,14.3202,458652.82
2021-02-16-13,14.3324,14.55,13.5,13.65,679283.21
2021-02-16-14,13.6076,14.2323,13.5101,13.785,391318.87
2021-02-16-15,13.7624,13.795,13.0872,13.2592,490134.92
2021-02-16-16,13.288,13.48,12.573,12.949,734169.77
2021-02-16-17,12.9414,13.1638,11.8132,11.8744,801166.0
2021-02-16-18,11.8888,13.0,11.8585,12.4195,511788.03
2021-02-16-19,12.4177,12.9685,11.885,12.7448,406366.61
2021-02-16-20,12.7683,13.3646,12.59,12.6,420511.09
2021-02-16-21,12.6349,12.96,12.12,12.6669,287565.18
2021-02-16-22,12.6512,12.7118,12.14,12.4,225732.84
2021-02-16-23,12.4325,12.5,12.171,12.4925,130914.96
2021-02-17-00,12.47,12.8336,12.3001,12.6111,153371.44
2021-02-17-01,12.6101,12.9825,12.397,12.48,186906.69
2021-02-17-02,12.48,12.6804,11.8888,12.0717,242838.21
2021-02-17-03,12.0716,12.4611,12.0716,12.249,185434.85
2021-02-17-04,12.2432,12.3189,12.0,12.0001,186002.31
2021-02-17-05,12.0183,12.1939,10.8575,11.112,513294.57
2021-02-17-06,11.113,11.55,10.9662,11.2633,359399.85
2021-02-17-07,11.2637,11.4784,10.9,11.001,372843.94
2021-02-17-08,11.001,11.8527,10.9489,11.72,425442.12
2021-02-17-09,11.7299,12.72,11.5163,12.3033,597872.69
2021-02-17-10,12.3228,12.4499,11.9339,12.272,304767.93
2021-02-17-11,12.2711,12.5574,12.25,12.3497,224204.59
2021-02-17-12,12.3395,12.38,12.0489,12.1554,285723.75
2021-02-17-13,12.1554,12.3099,11.6,11.8632,334874.25
2021-02-17-14,11.8635,11.9899,11.646,11.7754,213479.25
2021-02-17-15,11.7743,12.26,11.6201,11.76,334072.8
2021-02-17-16,11.75,11.79,11.33,11.5923,309289.44
2021-02-17-17,11.5923,11.6399,11.3,11.311,298239.69
2021-02-17-18,11.3259,12.1,11.2267,11.8156,457457.92
2021-02-17-19,11.81,11.9964,11.6,11.71,254273.92
2021-02-17-20,11.71,11.8135,10.94,11.4296,593536.69
2021-02-17-21,11.4301,11.4491,11.215,11.3104,237992.65
2021-02-17-22,11.3279,11.86,11.21,11.4906,351293.04
2021-02-17-23,11.5085,11.535,11.19,11.3,166602.91
2021-02-18-00,11.3,11.3,11.09,11.2271,136620.74
2021-02-18-01,11.2271,11.75,11.2237,11.7361,225027.37
2021-02-18-02,11.7491,11.7756,11.421,11.4694,187121.47
2021-02-18-03,11.4608,11.99,11.4265,11.9891,226702.27
2021-02-18-04,11.985,12.35,11.8866,12.3324,343061.38
2021-02-18-05,12.3335,12.3497,11.71,12.1112,242456.72
2021-02-18-06,12.1108,12.35,12.011,12.1636,178476.52
2021-02-18-07,12.1755,12.18,11.6131,11.8273,217328.38
2021-02-18-08,11.827,12.2,11.8241,12.0667,300122.89
2021-02-18-09,12.0667,12.79,11.9,12.095,725292.13
2021-02-18-10,12.0951,12.386,11.9197,12.1,340596.24
2021-02-18-11,12.0914,12.3382,11.9,11.92,244386.74
2021-02-18-12,11.9199,11.9925,11.4085,11.6568,360535.21
2021-02-18-13,11.6568,11.8,11.4104,11.7167,273494.31
2021-02-18-14,11.7164,11.97,11.5498,11.5539,303377.76
2021-02-18-15,11.5526,11.8899,11.5107,11.7681,245419.68
2021-02-18-16,11.7681,11.7884,11.5,11.6024,199292.26
2021-02-18-17,11.6024,11.798,11.5836,11.6897,148202.05
2021-02-18-18,11.6785,11.7,11.2742,11.3577,196788.83
2021-02-18-19,11.3577,11.57,11.22,11.4124,184049.61
2021-02-18-20,11.4124,11.8,11.3999,11.54,215275.04
2021-02-18-21,11.5398,11.8124,11.4456,11.5868,143468.2
2021-02-18-22,11.5867,11.6,11.47,11.54,97823.73
2021-02-18-23,11.54,11.601,11.298,11.4125,148910.79
2021-02-19-00,11.4125,11.56,11.2001,11.2602,159011.4
2021-02-19-01,11.2601,11.4363,11.1889,11.1899,211163.96
2021-02-19-02,11.1889,11.2562,10.8711,10.887,381502.66
2021-02-19-03,10.8812,10.8874,10.2354,10.8284,489341.39
2021-02-19-04,10.8288,11.2321,10.7168,10.7694,318229.23
2021-02-19-05,10.7716,10.9199,10.3366,10.7603,336163.62
2021-02-19-06,10.7597,11.192,10.58,11.1633,287583.24
2021-02-19-07,11.1633,11.3638,10.75,10.8846,359756.28
2021-02-19-08,10.904,11.1142,10.8859,11.0425,200489.41
2021-02-19-09,11.031,11.3428,11.0306,11.097,258343.14
2021-02-19-10,11.097,11.166,10.6283,10.7855,327674.26
2021-02-19-11,10.7673,10.9182,10.5716,10.885,352929.01
2021-02-19-12,10.8851,11.0,10.7937,10.989,199267.79
2021-02-19-13,10.9811,11.1505,10.8602,11.03,240903.42
2021-02-19-14,11.0311,11.275,10.8378,10.9153,300776.18
2021-02-19-15,10.9105,11.0,10.57,10.5719,362561.07
2021-02-19-16,10.5701,10.8033,10.52,10.628,311384.09
2021-02-19-17,10.654,10.7712,10.3,10.395,257988.75
2021-02-19-18,10.395,10.7069,10.3801,10.5684,109191.96
2021-02-19-19,10.5668,10.8,10.4637,10.6007,40538.38
2021-02-19-20,10.6007,10.619,10.3855,10.466,125253.59
2021-02-19-21,10.466,10.6821,10.4017,10.4171,141718.25
2021-02-19-22,10.4171,10.8,10.35,10.5711,233443.62
2021-02-19-23,10.6057,10.65,10.3887,10.4038,114217.64
2021-02-20-00,10.4001,10.4148,10.0,10.2395,357661.62
2021-02-20-01,10.1957,10.48,9.59,9.5915,679781.62
2021-02-20-02,9.5943,9.871,9.5849,9.7542,258100.41
2021-02-20-03,9.7769,10.08,9.5666,9.72,242001.7
2021-02-20-04,9.7201,10.1573,9.6,9.9324,233463.37
2021-02-20-05,9.9324,10.29,9.8052,10.1989,194745.71
2021-02-20-06,10.1976,10.5212,10.161,10.52,263955.03
2021-02-20-07,10.52,11.0,10.5119,10.8996,484119.48
2021-02-20-08,10.89,11.5,10.6371,11.3116,766005.6
2021-02-20-09,11.3119,11.86,11.1869,11.404,761412.33
2021-02-20-10,11.4238,12.4,11.3811,12.198,962388.54
2021-02-20-11,12.1241,12.2412,11.4796,11.75,634046.79
2021-02-20-12,11.7826,11.92,11.6003,11.63,217994.6
2021-02-20-13,11.63,11.63,11.1,11.11,416099.41
2021-02-20-14,11.1299,11.6583,11.08,11.2762,354494.97
2021-02-20-15,11.2628,11.46,10.789,10.8413,411380.42
2021-02-20-16,10.8417,11.0999,10.3361,10.5146,523714.95
2021-02-20-17,10.5535,11.3999,10.512,11.2727,485261.65
2021-02-20-18,11.2734,11.3482,10.8501,10.999,219555.55
2021-02-20-19,10.9629,11.1519,10.0492,10.9646,352173.08
2021-02-20-20,10.96,11.0359,10.6609,10.9367,167679.81
2021-02-20-21,10.9371,11.301,10.7795,10.956,244183.47
2021-02-20-22,10.9794,11.0742,10.7,10.8836,155578.21
2021-02-20-23,10.8789,10.8909,9.6466,10.1999,516668.96
2021-02-21-00,10.1997,10.4276,10.001,10.2886,302721.09
2021-02-21-01,10.2961,10.849,10.0253,10.4455,282006.23
2021-02-21-02,10.4552,10.6051,10.3312,10.587,140139.18
2021-02-21-03,10.5649,11.158,10.5,11.0873,196384.33
2021-02-21-04,11.0852,11.4,10.9457,11.2161,309166.96
2021-02-21-05,11.2159,11.339,10.7232,10.9684,251770.56
2021-02-21-06,10.9684,10.999,10.759,10.8419,94842.82
2021-02-21-07,10.8365,11.3389,10.73,11.2712,209797.68
2021-02-21-08,11.27,11.4839,10.85,11.1352,264789.51
2021-02-21-09,11.099,11.17,10.7652,11.0,213148.41
2021-02-21-10,10.9923,11.2,10.8262,11.0697,216294.67
2021-02-21-11,11.0548,11.3,11.0135,11.2549,207384.61
2021-02-21-12,11.2549,11.2997,11.0101,11.0501,169214.01
2021-02-21-13,11.0501,11.2317,10.9084,11.068,181590.8
2021-02-21-14,11.0649,11.49,11.0545,11.3088,277664.78
2021-02-21-15,11.3088,11.361,11.1876,11.2776,155801.54
2021-02-21-16,11.2985,11.3157,10.9659,10.9861,193945.58
2021-02-21-17,10.9768,11.1229,10.5,10.5654,369387.83
2021-02-21-18,10.5821,11.0153,10.511,10.949,224281.51
2021-02-21-19,10.9237,10.96,10.4795,10.7007,194097.84
2021-02-21-20,10.697,10.8201,10.63,10.7188,134801.22
2021-02-21-21,10.7188,10.7188,10.22,10.4216,313040.19
2021-02-21-22,10.4217,10.5,10.2335,10.4028,140203.42
2021-02-21-23,10.414,10.6061,10.2886,10.5624,125453.13
2021-02-22-00,10.5625,10.7346,10.3692,10.599,97152.32
2021-02-22-01,10.6235,10.64,10.12,10.1301,118258.54
2021-02-22-02,10.1426,10.3945,10.1087,10.34,94594.44
2021-02-22-03,10.3303,10.6888,10.3,10.4815,134528.88
2021-02-22-04,10.4693,10.6,10.16,10.1752,120193.63
2021-02-22-05,10.1754,10.3568,10.01,10.2777,158673.17
2021-02-22-06,10.2643,10.4,10.03,10.1003,129163.68
2021-02-22-07,10.102,10.2857,10.009,10.2,138165.92
2021-02-22-08,10.2011,10.532,9.9,10.434,235923.47
2021-02-22-09,10.4339,11.1077,10.4259,10.66,504523.14
2021-02-22-10,10.6405,10.7704,10.1,10.1331,323133.04
2021-02-22-11,10.1331,10.25,9.6,9.984,497496.57
2021-02-22-12,9.977,10.2303,9.84,9.957,190098.82
2021-02-22-13,9.9617,10.0127,8.6,9.3448,687970.1
2021-02-22-14,9.3589,9.65,8.7914,8.7914,467803.89
2021-02-22-15,8.7914,9.4,7.3063,9.3989,884479.32
2021-02-22-16,9.3989,9.4358,8.6815,9.1655,440202.63
2021-02-22-17,9.1501,9.3475,8.9176,9.0989,283901.59
2021-02-22-18,9.099,9.1499,8.595,8.7228,273593.4
2021-02-22-19,8.7227,8.9799,8.221,8.8178,296186.19
2021-02-22-20,8.8145,9.258,8.7,9.18,188145.63
2021-02-22-21,9.1788,9.45,9.1269,9.2089,237825.4
2021-02-22-22,9.2034,9.6227,9.177,9.5482,171621.33
2021-02-22-23,9.545,9.5493,9.148,9.3089,149196.98
2021-02-23-00,9.3217,9.369,8.8,9.177,187743.29
2021-02-23-01,9.18,9.2543,8.8756,8.9715,142646.24
2021-02-23-02,8.9705,9.1984,8.5001,8.5919,172142.86
2021-02-23-03,8.5917,9.1934,8.124,8.1739,252849.14
2021-02-23-04,8.211,8.7276,8.211,8.5376,169219.81
2021-02-23-05,8.5397,8.6777,7.8732,8.2988,218569.83
2021-02-23-06,8.2802,8.2988,7.5775,8.1,385859.19
2021-02-23-07,8.1331,8.35,7.8471,7.8519,201713.15
2021-02-23-08,7.887,8.3805,7.8226,8.1587,229149.86
2021-02-23-09,8.1136,8.2399,6.7424,6.75,636568.38
2021-02-23-10,6.75,7.4342,6.2,7.3641,619372.51
2021-02-23-11,7.3537,7.5958,6.893,7.2371,398446.77
2021-02-23-12,7.1939,7.3997,6.4164,7.0863,363843.85
2021-02-23-13,7.0779,7.6223,6.8002,7.534,399329.33
2021-02-23-14,7.504,8.1,7.3557,7.75,347362.81
2021-02-23-15,7.7316,8.2,7.0,7.4703,385467.94
2021-02-23-16,7.4699,7.8685,7.369,7.644,243322.57
2021-02-23-17,7.6498,7.9107,7.5,7.5512,203899.5
2021-02-23-18,7.5509,7.6526,7.3062,7.32,137074.46
2021-02-23-19,7.3198,7.4357,7.08,7.1064,142554.79
2021-02-23-20,7.1,7.2303,6.76,6.7615,204358.31
2021-02-23-21,6.771,7.2342,6.7435,7.2203,161026.88
2021-02-23-22,7.2312,7.35,7.1006,7.2078,136827.75
2021-02-23-23,7.2294,7.66,7.2103,7.5468,176336.07
2021-02-24-00,7.563,7.6499,7.4301,7.6095,137396.06
2021-02-24-01,7.6105,7.6594,7.0539,7.3314,254204.4
2021-02-24-02,7.3306,7.9,7.3033,7.8994,212346.65
2021-02-24-03,7.8981,8.1922,7.7,8.1791,249230.5
2021-02-24-04,8.1791,8.3371,7.9815,8.3013,200418.02
2021-02-24-05,8.3174,8.5,7.8716,8.1828,268360.36
2021-02-24-06,8.1988,8.3873,7.9468,8.05,345245.03
2021-02-24-07,8.0441,8.1969,7.8115,8.0303,209817.09
2021-02-24-08,8.0297,8.48,7.8268,8.47,262720.67
2021-02-24-09,8.4608,9.0,8.354,8.94,525470.87
2021-02-24-10,8.9482,9.0875,8.653,8.88,271127.12
2021-02-24-11,8.8791,8.9451,8.4265,8.452,207499.78
2021-02-24-12,8.4563,8.9073,8.4504,8.6516,139140.57
2021-02-24-13,8.6524,8.86,8.651,8.7144,141695.94
2021-02-24-14,8.7044,8.8041,8.1101,8.1783,355804.22
2021-02-24-15,8.1969,8.3596,7.8,8.1566,294542.43
2021-02-24-16,8.1281,8.2237,7.7,8.2124,226945.91
2021-02-24-17,8.22,8.47,7.9724,8.1,252921.52
2021-02-24-18,8.1,9.0,8.1,8.88,653291.84
2021-02-24-19,8.8798,8.89,8.2,8.5498,356272.75
2021-02-24-20,8.5489,8.813,8.0896,8.1399,457205.05
2021-02-24-21,8.1542,8.3244,7.8713,8.2,228788.47
2021-02-24-22,8.18,8.1999,7.8066,8.0858,198238.13
2021-02-24-23,8.06,8.1749,7.8406,8.13,97735.98
2021-02-25-00,8.1367,8.5656,8.101,8.4898,188482.18
2021-02-25-01,8.4963,8.7267,8.3631,8.5959,97908.09
2021-02-25-02,8.5959,8.6705,8.31,8.3723,106801.3
2021-02-25-03,8.3553,8.5,8.2958,8.3423,70399.2
2021-02-25-04,8.3197,8.3214,8.02,8.1354,88146.35
2021-02-25-05,8.1601,8.3336,8.01,8.1229,87849.0
2021-02-25-06,8.1368,8.4479,8.131,8.3439,108154.46
2021-02-25-07,8.3441,8.3514,8.137,8.2609,94500.02
2021-02-25-08,8.2608,8.4399,8.0686,8.3868,134160.28
2021-02-25-09,8.3868,8.6,8.1943,8.2595,314807.82
2021-02-25-10,8.245,8.434,8.1364,8.3463,217085.39
2021-02-25-11,8.3405,9.38,8.3386,9.0801,905434.17
2021-02-25-12,9.0713,9.29,8.77,9.1866,434491.04
2021-02-25-13,9.1614,9.3677,8.8988,9.2487,348688.71
2021-02-25-14,9.2493,9.9323,9.1,9.6303,736254.6
2021-02-25-15,9.6304,9.7839,9.301,9.36,373269.11
2021-02-25-16,9.36,9.654,9.31,9.6003,256968.59
2021-02-25-17,9.6006,9.9557,9.6,9.6589,362967.94
2021-02-25-18,9.6539,9.6556,8.898,8.9251,384223.06
2021-02-25-19,8.9362,9.2333,8.81,8.8836,228334.1
2021-02-25-20,8.8886,9.1332,8.7328,9.035,152074.93
2021-02-25-21,9.0435,9.0538,8.8,9.029,180744.52
2021-02-25-22,9.033,9.054,8.85,9.0349,162828.79
2021-02-25-23,9.0073,9.0423,8.3009,8.6564,328780.88
2021-02-26-00,8.6545,8.655,8.05,8.1632,234699.47
2021-02-26-01,8.1618,8.3779,7.9,8.0732,279699.77
2021-02-26-02,8.0727,8.5815,8.0301,8.0905,204581.18
2021-02-26-03,8.0621,8.5,8.036,8.4109,187980.75
2021-02-26-04,8.387,8.5911,8.2294,8.5565,87613.56
2021-02-26-05,8.5411,8.8287,8.3031,8.3031,183202.29
2021-02-26-06,8.321,8.4177,7.7563,7.7737,286648.94
2021-02-26-07,7.7735,8.15,7.7564,8.1016,186602.67
2021-02-26-08,8.11,8.1491,7.3,7.6271,400877.34
2021-02-26-09,7.6271,7.95,7.6,7.8301,204064.75
2021-02-26-10,7.8301,8.3,7.6502,8.228,220556.47
2021-02-26-11,8.246,8.2823,8.0495,8.0496,159195.28
2021-02-26-12,8.05,8.1269,7.7072,7.9261,172559.35
2021-02-26-13,7.9266,8.23,7.9266,7.9789,148866.71
2021-02-26-14,7.9789,8.0234,7.68,7.7509,155098.66
2021-02-26-15,7.7296,8.3372,7.718,8.12,285543.35
2021-02-26-16,8.12,8.86,8.0931,8.5828,644736.54
2021-02-26-17,8.5928,8.888,8.3,8.5684,377913.91
2021-02-26-18,8.5719,8.7,8.3301,8.3783,157219.28
2021-02-26-19,8.3779,8.6489,8.32,8.3769,117574.81
2021-02-26-20,8.3769,8.4415,7.93,8.0393,157533.2
2021-02-26-21,8.0564,8.1433,7.78,7.8907,145968.23
2021-02-26-22,7.8628,8.0442,7.8106,7.838,88678.64
2021-02-26-23,7.8236,7.9399,7.7,7.8226,119092.92
2021-02-27-00,7.8218,8.042,7.7996,7.996,103448.26
2021-02-27-01,7.9957,8.4,7.969,8.34,138116.52
2021-02-27-02,8.359,8.3996,8.0772,8.1841,128519.1
2021-02-27-03,8.2081,8.2693,8.0779,8.0978,61358.31
2021-02-27-04,8.1039,8.377,8.038,8.2078,77883.51
2021-02-27-05,8.2079,8.2995,8.1,8.1765,56402.92
2021-02-27-06,8.1672,8.2795,8.132,8.2795,67002.9
2021-02-27-07,8.2795,8.652,8.266,8.3611,202981.95
2021-02-27-08,8.3608,8.505,8.2,8.4089,216394.98
2021-02-27-09,8.4217,8.4969,8.12,8.2011,154441.41
2021-02-27-10,8.2013,8.2351,8.0001,8.1603,123941.49
2021-02-27-11,8.16,8.374,8.1166,8.346,149556.13
2021-02-27-12,8.34,8.5289,8.2177,8.3613,148329.21
2021-02-27-13,8.3628,8.4489,8.2003,8.3106,106308.75
2021-02-27-14,8.3106,8.388,8.244,8.2982,88882.48
2021-02-27-15,8.2975,8.3399,8.1226,8.2356,130487.02
2021-02-27-16,8.225,8.2924,7.8411,7.8991,201928.85
2021-02-27-17,7.8913,8.0103,7.821,7.9911,150113.81
2021-02-27-18,7.9953,8.0948,7.8951,7.9395,115860.9
2021-02-27-19,7.9393,8.0212,7.9057,7.9689,75312.73
2021-02-27-20,7.9701,8.1403,7.9288,8.1403,74461.64
2021-02-27-21,8.1221,8.1602,7.95,8.0061,87204.39
2021-02-27-22,8.0063,8.0223,7.8978,7.9528,84517.64
2021-02-27-23,7.9528,7.9534,7.69,7.7049,95657.31
2021-02-28-00,7.7004,7.8224,7.4823,7.7512,215147.1
2021-02-28-01,7.7606,7.8625,7.6249,7.8072,111191.74
2021-02-28-02,7.8037,7.8647,7.7055,7.737,62303.79
2021-02-28-03,7.737,7.7373,7.2411,7.374,208674.81
2021-02-28-04,7.359,7.3879,7.01,7.0501,185682.42
2021-02-28-05,7.0496,7.247,7.0,7.0672,137447.46
2021-02-28-06,7.0564,7.2617,7.0,7.0756,111838.24
2021-02-28-07,7.054,7.055,6.5207,6.7527,401023.19
2021-02-28-08,6.7359,6.9396,6.6842,6.878,123294.0
2021-02-28-09,6.8683,7.1916,6.8501,7.046,123121.77
2021-02-28-10,7.038,7.212,7.0,7.1659,98017.1
2021-02-28-11,7.1538,7.3229,7.0424,7.2746,130727.35
2021-02-28-12,7.2746,7.3,7.1354,7.144,64531.16
2021-02-28-13,7.1399,7.1822,6.7777,6.9184,173221.53
2021-02-28-14,6.9216,6.95,6.7164,6.737,131488.4
2021-02-28-15,6.761,6.8911,6.5555,6.8816,203202.8
2021-02-28-16,6.8902,6.8987,6.3741,6.5378,228788.35
2021-02-28-17,6.5278,6.6976,6.3656,6.6,195007.22
2021-02-28-18,6.5951,6.658,6.39,6.4173,135976.0
2021-02-28-19,6.41,6.601,6.3828,6.5889,80509.82
2021-02-28-20,6.5884,6.9764,6.558,6.8931,137182.6
2021-02-28-21,6.9019,7.0,6.7839,6.9692,132909.15
2021-02-28-22,6.9688,7.1355,6.9373,7.0164,136047.0
2021-02-28-23,7.0164,7.0567,6.7787,6.9204,97460.44
2021-03-01-00,6.9223,7.0667,6.8127,6.9102,97319.76
2021-03-01-01,6.8798,7.2059,6.8212,7.1898,150151.44
2021-03-01-02,7.1893,7.22,7.0403,7.1276,76555.35
2021-03-01-03,7.133,7.342,7.1139,7.259,92840.35
2021-03-01-04,7.259,7.2823,7.125,7.149,65008.52
2021-03-01-05,7.149,7.24,7.0,7.1345,78413.84
2021-03-01-06,7.144,7.1658,7.1011,7.1249,54455.44
2021-03-01-07,7.125,7.165,6.9164,6.967,94309.38
2021-03-01-08,6.9654,7.1791,6.9471,7.1362,77093.64
2021-03-01-09,7.1362,7.5879,7.1361,7.5099,213784.26
2021-03-01-10,7.5146,7.7,7.45,7.61,137868.87
2021-03-01-11,7.61,7.7,7.4035,7.658,146136.26
2021-03-01-12,7.658,7.8485,7.5001,7.5009,279283.05
2021-03-01-13,7.5009,7.57,7.34,7.5039,182435.92
2021-03-01-14,7.5054,7.5978,7.3883,7.3883,113847.74
2021-03-01-15,7.3883,7.56,7.3256,7.4949,113197.93
2021-03-01-16,7.4932,7.75,7.47,7.6998,184078.38
2021-03-01-17,7.7,7.7589,7.39,7.5138,214262.13
2021-03-01-18,7.513,7.524,7.3101,7.311,98184.38
2021-03-01-19,7.3109,7.4092,7.2211,7.328,105144.84
2021-03-01-20,7.328,7.3989,7.2402,7.2794,82762.44
2021-03-01-21,7.2667,7.4,7.2201,7.3198,71558.56
2021-03-01-22,7.3116,7.4452,7.2691,7.4445,41088.33
2021-03-01-23,7.4445,7.67,7.4085,7.5536,190961.31
2021-03-02-00,7.5669,7.6497,7.53,7.6123,82799.64
2021-03-02-01,7.6087,7.79,7.4861,7.55,160887.85
2021-03-02-02,7.5511,7.5694,7.3478,7.4241,112042.08
2021-03-02-03,7.4294,7.6756,7.422,7.5514,161687.32
2021-03-02-04,7.55,7.6034,7.3628,7.4087,112857.18
2021-03-02-05,7.4086,7.4601,7.3047,7.4311,99901.66
2021-03-02-06,7.4313,7.52,7.3025,7.3025,113972.79
2021-03-02-07,7.3015,7.4,7.2,7.3093,117567.45
2021-03-02-08,7.2963,7.4499,7.24,7.3567,57402.59
2021-03-02-09,7.3505,7.5,7.2876,7.4683,146664.53
2021-03-02-10,7.4681,7.9,7.3921,7.7847,332438.34
2021-03-02-11,7.7843,8.337,7.77,7.95,690009.85
2021-03-02-12,7.9492,8.3,7.8797,8.2041,350860.27
2021-03-02-13,8.2034,8.4,8.0231,8.2479,323110.24
2021-03-02-14,8.2424,8.353,8.1119,8.1811,179165.87
2021-03-02-15,8.1993,8.5,8.1243,8.3406,343736.97
2021-03-02-16,8.3342,8.4,8.0,8.1527,290535.37
2021-03-02-17,8.1695,8.2,7.653,7.7313,397242.61
2021-03-02-18,7.7313,7.8916,7.63,7.7944,270921.91
2021-03-02-19,7.795,7.9892,7.73,7.98,143747.34
2021-03-02-20,7.98,8.1199,7.6,7.7218,270175.34
2021-03-02-21,7.715,7.8115,7.65,7.7766,100411.52
2021-03-02-22,7.775,7.9472,7.7103,7.845,87514.96
2021-03-02-23,7.8465,8.1386,7.8315,7.9566,122908.5
2021-03-03-00,7.956,8.35,7.9212,8.2923,178662.16
2021-03-03-01,8.281,8.5399,8.0973,8.4337,235857.53
2021-03-03-02,8.43,8.5736,8.2409,8.3567,269491.2
2021-03-03-03,8.3552,8.3997,8.146,8.1755,144374.75
2021-03-03-04,8.1758,8.2549,8.0,8.0852,101792.31
2021-03-03-05,8.083,8.2785,8.083,8.1498,139827.92
2021-03-03-06,8.1498,8.2914,8.1,8.1945,135462.56
2021-03-03-07,8.1955,8.6,8.192,8.5976,300705.34
2021-03-03-08,8.5972,8.8669,8.4882,8.6903,477650.44
2021-03-03-09,8.697,8.7718,8.6,8.6797,224863.88
2021-03-03-10,8.6791,8.95,8.62,8.8683,285992.02
2021-03-03-11,8.8683,8.8696,8.51,8.5783,329336.46
2021-03-03-12,8.577,8.7259,8.356,8.45,275536.34
2021-03-03-13,8.43,8.7997,8.43,8.7495,199971.28
2021-03-03-14,8.7524,8.7625,8.3662,8.4424,202203.33
2021-03-03-15,8.4424,8.455,8.1727,8.25,326974.99
2021-03-03-16,8.25,8.4234,8.25,8.381,110446.97
2021-03-03-17,8.3814,8.6204,8.3659,8.5165,165041.7
2021-03-03-18,8.5208,8.64,8.428,8.532,122584.1
2021-03-03-19,8.5325,8.6032,8.46,8.4797,63196.04
2021-03-03-20,8.4789,8.4904,8.2001,8.3141,139313.81
2021-03-03-21,8.3138,8.365,8.1641,8.2,105494.11
2021-03-03-22,8.1977,8.3651,8.1165,8.2906,184383.79
2021-03-03-23,8.3,8.37,8.2035,8.2232,57489.85
2021-03-04-00,8.2207,8.4195,8.1744,8.1853,108055.02
2021-03-04-01,8.1854,8.2275,7.8888,8.1735,225219.4
2021-03-04-02,8.1731,8.3273,8.1425,8.28,95157.56
2021-03-04-03,8.2736,8.5,8.2,8.2707,124008.32
2021-03-04-04,8.2626,8.33,8.0,8.0118,177886.23
2021-03-04-05,8.0243,8.1113,7.9,7.902,108238.01
2021-03-04-06,7.9023,8.1099,7.9,8.0587,98482.34
2021-03-04-07,8.0587,8.0801,7.9104,7.9602,87772.38
2021-03-04-08,7.9559,8.101,7.9426,8.0535,114990.2
2021-03-04-09,8.0415,8.2466,8.0407,8.1184,117181.7
2021-03-04-10,8.1188,8.1188,7.7,7.876,251181.83
2021-03-04-11,7.876,7.9521,7.7912,7.8795,93881.46
2021-03-04-12,7.8629,7.9379,7.7689,7.9,93588.98
2021-03-04-13,7.9031,8.1,7.8717,7.9593,168811.69
2021-03-04-14,7.9592,8.15,7.8,8.13,182932.68
2021-03-04-15,8.13,8.4,8.1,8.2,258990.74
2021-03-04-16,8.1999,8.2,7.88,8.0086,219090.97
2021-03-04-17,8.0086,8.0978,7.9103,8.0615,107713.89
2021-03-04-18,8.0612,8.178,7.8359,7.8699,120075.32
2021-03-04-19,7.8481,7.9085,7.52,7.5617,215622.55
2021-03-04-20,7.5616,7.7732,7.56,7.6901,86658.9
2021-03-04-21,7.6988,7.7386,7.5646,7.6867,78742.82
2021-03-04-22,7.6867,7.7908,7.61,7.6405,70520.15
2021-03-04-23,7.6405,7.7552,7.6098,7.7228,71615.86
2021-03-05-00,7.7237,7.8584,7.7017,7.7795,80486.06
2021-03-05-01,7.7806,7.7918,7.257,7.3289,218270.92
2021-03-05-02,7.329,7.9512,7.1006,7.5596,422349.49
2021-03-05-03,7.5645,7.7237,7.54,7.6567,96118.7
2021-03-05-04,7.6537,7.655,7.442,7.5603,100288.68
2021-03-05-05,7.5518,7.5568,7.2522,7.2524,122703.98
2021-03-05-06,7.2613,7.3694,7.1,7.3265,125393.3
2021-03-05-07,7.3411,7.5746,7.3245,7.5423,90408.75
2021-03-05-08,7.5455,7.6175,7.4714,7.5669,72728.43
2021-03-05-09,7.5471,7.5747,7.263,7.3141,89661.15
2021-03-05-10,7.3011,7.4291,7.29,7.4291,51012.2
2021-03-05-11,7.429,7.4653,7.3138,7.3634,63191.16
2021-03-05-12,7.3638,7.5685,7.3602,7.5551,72778.96
2021-03-05-13,7.5652,7.6539,7.4602,7.5804,90252.57
2021-03-05-14,7.585,7.7604,7.5139,7.7061,112930.83
2021-03-05-15,7.7177,7.8388,7.65,7.7217,118046.87
2021-03-05-16,7.7172,7.9,7.581,7.6506,192009.24
2021-03-05-17,7.6517,7.6519,7.35,7.5301,104625.79
2021-03-05-18,7.5301,7.6203,7.479,7.5955,50681.6
2021-03-05-19,7.6077,7.6872,7.5674,7.6725,53087.14
2021-03-05-20,7.6718,7.7819,7.6008,7.7818,67377.5
2021-03-05-21,7.7818,7.8142,7.6361,7.6818,83816.64
2021-03-05-22,7.6819,7.7099,7.6273,7.6892,36562.9
2021-03-05-23,7.6751,7.7621,7.6296,7.7359,41921.51
2021-03-06-00,7.7171,7.7569,7.6,7.7,39212.1
2021-03-06-01,7.6995,7.83,7.6528,7.7124,46987.96
2021-03-06-02,7.7118,7.7699,7.6252,7.69,30763.21
2021-03-06-03,7.69,7.69,7.69,7.69,0.0
2021-03-06-04,7.69,7.8653,7.6786,7.856,38649.58
2021-03-06-05,7.8622,8.2,7.8358,8.0056,305974.58
2021-03-06-06,8.0,8.198,7.9438,8.1061,109364.07
2021-03-06-07,8.1061,8.1247,7.9475,8.0118,56988.03
2021-03-06-08,8.0117,8.1715,7.9685,8.0326,74743.66
2021-03-06-09,8.0142,8.3999,7.9835,8.2592,308405.29
2021-03-06-10,8.2592,8.5,8.2541,8.4086,229610.75
2021-03-06-11,8.4074,8.4345,8.14,8.167,129716.93
2021-03-06-12,8.1671,8.3948,8.1599,8.2642,105987.01
2021-03-06-13,8.2631,8.2862,8.0,8.0392,188322.35
2021-03-06-14,8.0568,8.0752,7.7775,7.9437,139189.41
2021-03-06-15,7.9096,8.0862,7.856,8.0508,76789.22
2021-03-06-16,8.0511,8.3243,8.0,8.1188,138752.78
2021-03-06-17,8.1186,8.37,8.0843,8.2387,190775.89
2021-03-06-18,8.2597,8.3499,8.1633,8.2514,77222.09
2021-03-06-19,8.2811,8.4737,8.2601,8.3847,106689.0
2021-03-06-20,8.3695,8.3848,8.13,8.1539,89455.92
2021-03-06-21,8.1539,8.3,8.1505,8.2144,57519.52
2021-03-06-22,8.2001,8.401,8.1801,8.35,65262.27
2021-03-06-23,8.3622,8.4796,8.2461,8.367,129080.29
2021-03-07-00,8.375,8.3912,8.298,8.303,72312.71
2021-03-07-01,8.3168,8.679,8.283,8.6784,179722.08
2021-03-07-02,8.6784,8.72,8.5114,8.5384,171281.95
2021-03-07-03,8.5376,8.58,8.4112,8.4975,135269.6
2021-03-07-04,8.4975,8.5685,8.453,8.507,55656.83
2021-03-07-05,8.5073,8.5948,8.36,8.3712,68094.74
2021-03-07-06,8.3712,8.3844,8.224,8.3429,65686.03
2021-03-07-07,8.3429,8.364,8.1213,8.1803,145513.04
2021-03-07-08,8.1943,8.38,8.1417,8.3789,122885.87
2021-03-07-09,8.3766,8.5,8.35,8.3988,147924.69
2021-03-07-10,8.3847,8.5,8.3847,8.4868,115122.94
2021-03-07-11,8.4866,8.551,8.4123,8.4713,125522.07
2021-03-07-12,8.4713,8.54,8.415,8.4688,73091.71
2021-03-07-13,8.4582,8.8,8.4535,8.7815,279468.93
2021-03-07-14,8.7815,8.8,8.5751,8.6328,148693.37
2021-03-07-15,8.6329,8.7222,8.38,8.6732,239077.75
2021-03-07-16,8.6732,8.95,8.5624,8.8885,463724.03
2021-03-07-17,8.8885,9.48,8.8721,9.205,775224.57
2021-03-07-18,9.2606,9.38,9.09,9.2983,237985.05
2021-03-07-19,9.2982,9.311,9.0004,9.0703,188997.04
2021-03-07-20,9.0703,9.35,9.0,9.22,154939.4
2021-03-07-21,9.2441,9.2997,8.9501,9.1355,323242.13
2021-03-07-22,9.1356,9.1757,8.9501,9.0592,286605.21
2021-03-07-23,9.0663,9.0663,8.8709,8.9578,189096.69
2021-03-08-00,8.9531,9.3698,8.9455,9.2055,150207.94
2021-03-08-01,9.2052,9.38,9.0101,9.0625,117382.73
2021-03-08-02,9.0609,9.1798,8.95,9.0214,99810.2
2021-03-08-03,9.0207,9.0616,8.9101,9.0399,113520.84
2021-03-08-04,9.0399,9.5,8.9832,9.4998,191469.43
2021-03-08-05,9.4996,9.4999,9.1769,9.1954,178928.44
2021-03-08-06,9.1787,9.68,9.1782,9.6564,170200.35
2021-03-08-07,9.6614,9.772,9.3293,9.469,269637.24
2021-03-08-08,9.4683,9.4899,9.0437,9.2276,268879.92
2021-03-08-09,9.2277,9.25,8.9,9.1859,186372.89
2021-03-08-10,9.1859,9.2971,8.8701,9.0061,218355.59
2021-03-08-11,9.0386,9.1836,8.9605,9.1151,112064.2
2021-03-08-12,9.1152,9.1759,8.9714,9.1025,111050.22
2021-03-08-13,9.0859,9.1188,8.8892,8.937,102226.46
2021-03-08-14,8.937,9.2579,8.92,9.2481,156791.27
2021-03-08-15,9.2582,9.2859,9.0132,9.071,185392.59
2021-03-08-16,9.0736,9.1288,9.02,9.0575,134268.34
2021-03-08-17,9.0675,9.119,8.9,8.9476,131029.89
2021-03-08-18,8.9404,9.047,8.905,9.0124,97442.41
2021-03-08-19,9.0121,9.0619,8.97,9.0196,77559.86
2021-03-08-20,9.0178,9.19,9.013,9.1229,101186.37
2021-03-08-21,9.1182,9.2,9.1017,9.1357,113838.0
2021-03-08-22,9.1308,9.2,9.0001,9.1802,106001.24
2021-03-08-23,9.1701,9.2,9.1163,9.1285,61070.65
2021-03-09-00,9.1285,9.265,9.1283,9.21,96396.42
2021-03-09-01,9.2096,9.26,8.9712,8.9916,120263.51
2021-03-09-02,8.9995,9.27,8.9914,9.1234,117876.1
2021-03-09-03,9.1234,9.1884,9.0219,9.1882,98250.03
2021-03-09-04,9.1884,9.3872,9.1754,9.217,168531.36
2021-03-09-05,9.2169,9.3505,9.1046,9.2408,119398.49
2021-03-09-06,9.2318,9.33,9.2153,9.2266,79142.22
2021-03-09-07,9.2266,9.2558,8.997,9.0153,142270.99
2021-03-09-08,9.0096,9.1082,8.9225,8.9689,148389.02
2021-03-09-09,8.9752,9.1151,8.9672,9.0932,93206.97
2021-03-09-10,9.1106,9.2961,9.11,9.211,200273.37
2021-03-09-11,9.211,9.3249,9.1053,9.18,190994.84
2021-03-09-12,9.18,9.2084,9.03,9.1299,101474.15
2021-03-09-13,9.1208,9.1478,8.95,9.01,120852.19
2021-03-09-14,9.0131,9.1967,8.9808,9.167,99242.52
2021-03-09-15,9.17,9.42,9.04,9.364,284588.61
2021-03-09-16,9.3632,9.57,9.2307,9.5461,342574.69
2021-03-09-17,9.5698,9.7683,9.4374,9.7397,326737.17
2021-03-09-18,9.7397,10.3,9.6205,9.9045,679154.47
2021-03-09-19,9.904,10.1938,9.8101,10.1502,245123.55
2021-03-09-20,10.1502,10.1643,10.0272,10.065,104802.72
2021-03-09-21,10.065,10.0897,9.8486,9.9707,178992.09
2021-03-09-22,9.98,10.1025,9.6774,9.8649,200196.35
2021-03-09-23,9.8534,9.9709,9.8534,9.959,87321.66
2021-03-10-00,9.9576,9.9634,9.75,9.8714,100702.73
2021-03-10-01,9.8665,9.9719,9.6896,9.7603,128234.11
2021-03-10-02,9.7679,9.8281,9.1,9.3631,281560.37
2021-03-10-03,9.3633,9.3633,8.93,9.1797,235027.37
2021-03-10-04,9.171,9.2967,8.9273,9.029,140076.19
2021-03-10-05,9.0341,9.2746,8.9816,9.2505,97157.99
2021-03-10-06,9.2504,9.3278,9.05,9.3278,99735.59
2021-03-10-07,9.3282,9.7,9.2974,9.4229,195465.48
2021-03-10-08,9.4229,9.6499,9.3969,9.5675,173219.52
2021-03-10-09,9.5666,9.63,9.48,9.5001,87850.04
2021-03-10-10,9.5002,9.7697,9.405,9.709,177119.96
2021-03-10-11,9.7187,9.7251,9.3107,9.3313,128798.7
2021-03-10-12,9.3292,9.4,9.174,9.396,136296.15
2021-03-10-13,9.396,9.5943,9.396,9.5383,102483.9
2021-03-10-14,9.5382,9.6522,9.3585,9.3995,155382.38
2021-03-10-15,9.3988,9.4996,9.28,9.4399,111198.4
2021-03-10-16,9.4217,9.4702,9.21,9.2951,111102.63
2021-03-10-17,9.2946,9.3289,9.1306,9.2198,117326.64
2021-03-10-18,9.2219,9.3113,9.1306,9.1998,145298.96
2021-03-10-19,9.195,9.2404,9.1446,9.15,67682.17
2021-03-10-20,9.1515,9.2717,9.1304,9.2175,87669.05
2021-03-10-21,9.2065,9.2238,8.925,9.0001,200100.51
2021-03-10-22,9.0013,9.0999,8.7,9.0484,242987.09
2021-03-10-23,9.0157,9.0892,8.91,9.0314,53250.22
2021-03-11-00,9.0473,9.0482,8.7601,8.845,106018.55
2021-03-11-01,8.843,8.921,8.7,8.7397,101526.76
2021-03-11-02,8.7179,8.7519,8.5,8.7119,155320.74
2021-03-11-03,8.7124,8.8,8.6572,8.7997,72413.86
2021-03-11-04,8.7955,8.8675,8.7093,8.8057,92569.71
2021-03-11-05,8.7941,9.0204,8.76,8.9082,115650.85
2021-03-11-06,8.9288,8.9288,8.68,8.7472,98899.46
2021-03-11-07,8.7319,8.7999,8.68,8.7579,18633.6
