2019-03-18,6.626e-05,6.684e-05,6.49e-05,6.508e-05,4285793.0
2019-03-19,6.513e-05,6.748e-05,6.499e-05,6.648e-05,5090695.0
2019-03-20,6.65e-05,6.81e-05,6.641e-05,6.707e-05,5962734.0
2019-03-21,6.705e-05,6.77e-05,6.374e-05,6.47e-05,7048026.0
2019-03-22,6.477e-05,6.899e-05,6.461e-05,6.837e-05,7984703.0
2019-03-23,6.841e-05,6.895e-05,6.683e-05,6.727e-05,6883685.0
2019-03-24,6.725e-05,7.481e-05,6.661e-05,7.276e-05,19191906.0
2019-03-25,7.283e-05,7.743e-05,6.9e-05,7.038e-05,26244257.0
2019-03-26,7.037e-05,7.486e-05,6.94e-05,7.375e-05,16168161.0
2019-03-27,7.375e-05,7.708e-05,7.209e-05,7.538e-05,15114603.0
2019-03-28,7.534e-05,7.62e-05,7.319e-05,7.588e-05,9357823.0
2019-03-29,7.594e-05,7.601e-05,7.33e-05,7.471e-05,6454377.0
2019-03-30,7.472e-05,7.833e-05,7.462e-05,7.587e-05,9023751.0
2019-03-31,7.58e-05,7.981e-05,7.558e-05,7.915e-05,8511913.0
2019-04-01,7.915e-05,8.241e-05,7.711e-05,8.031e-05,11486196.0
2019-04-02,8.031e-05,8.051e-05,7e-05,7.726e-05,17139964.0
2019-04-03,7.72e-05,7.777e-05,6.94e-05,7.129e-05,13567014.0
2019-04-04,7.118e-05,7.19e-05,6.735e-05,6.874e-05,9710100.0
2019-04-05,6.875e-05,7.15e-05,6.868e-05,7.136e-05,6994804.0
2019-04-06,7.145e-05,7.289e-05,6.905e-05,7.007e-05,5239058.0
2019-04-07,7e-05,7.175e-05,6.8e-05,6.854e-05,7187446.0
2019-04-08,6.853e-05,7e-05,6.568e-05,6.609e-05,6881462.0
2019-04-09,6.605e-05,7.11e-05,6.564e-05,6.892e-05,7572051.0
2019-04-10,6.891e-05,6.891e-05,6.533e-05,6.596e-05,5872176.0
2019-04-11,6.596e-05,6.599e-05,6.157e-05,6.299e-05,7154040.0
2019-04-12,6.299e-05,6.479e-05,6.129e-05,6.333e-05,4558166.0
2019-04-13,6.329e-05,6.357e-05,6.182e-05,6.242e-05,2441749.0
2019-04-14,6.245e-05,6.355e-05,6.111e-05,6.268e-05,3662781.0
2019-04-15,6.273e-05,6.502e-05,6.075e-05,6.114e-05,6011892.0
2019-04-16,6.113e-05,6.293e-05,6.1e-05,6.224e-05,3458539.0
2019-04-17,6.224e-05,6.4e-05,6.14e-05,6.372e-05,2475117.0
2019-04-18,6.379e-05,6.423e-05,6.272e-05,6.289e-05,3000054.0
2019-04-19,6.288e-05,6.322e-05,6.126e-05,6.207e-05,2333480.0
2019-04-20,6.209e-05,6.237e-05,6.004e-05,6.074e-05,3005150.0
2019-04-21,6.071e-05,6.121e-05,5.806e-05,5.952e-05,4587128.0
2019-04-22,5.954e-05,5.961e-05,5.81e-05,5.816e-05,3369670.0
2019-04-23,5.817e-05,5.833e-05,5.414e-05,5.463e-05,4614097.0
2019-04-24,5.463e-05,5.487e-05,5.161e-05,5.338e-05,5515984.0
2019-04-25,5.338e-05,5.378e-05,5.137e-05,5.249e-05,4689446.0
2019-04-26,5.255e-05,5.263e-05,4.997e-05,5.123e-05,3836994.0
2019-04-27,5.122e-05,5.488e-05,5.11e-05,5.434e-05,2961555.0
2019-04-28,5.426e-05,5.46e-05,5.251e-05,5.255e-05,1801083.0
2019-04-29,5.256e-05,5.304e-05,5.048e-05,5.218e-05,2210038.0
2019-04-30,5.224e-05,5.309e-05,5.155e-05,5.242e-05,2232336.0
2019-05-01,5.241e-05,5.272e-05,5.12e-05,5.132e-05,2818819.0
2019-05-02,5.137e-05,5.143e-05,4.968e-05,4.998e-05,2945690.0
2019-05-03,5.001e-05,5.013e-05,4.655e-05,4.881e-05,5359312.0
2019-05-04,4.888e-05,4.894e-05,4.572e-05,4.59e-05,3096548.0
2019-05-05,4.594e-05,4.645e-05,4.565e-05,4.624e-05,1684772.0
2019-05-06,4.623e-05,4.918e-05,4.6e-05,4.855e-05,3243136.0
2019-05-07,4.86e-05,4.89e-05,4.456e-05,4.504e-05,3620441.0
2019-05-08,4.503e-05,4.567e-05,4.428e-05,4.508e-05,1633764.0
2019-05-09,4.497e-05,4.51e-05,4.07e-05,4.102e-05,1751828.0
2019-05-10,4.103e-05,4.174e-05,4.001e-05,4.139e-05,2418946.0
2019-05-11,4.141e-05,4.444e-05,3.851e-05,4.08e-05,5959034.0
2019-05-12,4.078e-05,4.102e-05,3.786e-05,3.922e-05,4474652.0
2019-05-13,3.922e-05,4.018e-05,3.477e-05,3.561e-05,3609756.0
2019-05-14,3.564e-05,3.839e-05,3.503e-05,3.77e-05,5149084.0
2019-05-15,3.772e-05,4.657e-05,3.738e-05,4.441e-05,10763603.0
2019-05-16,4.448e-05,4.586e-05,4.141e-05,4.252e-05,10152084.0
2019-05-17,4.245e-05,4.391e-05,4.021e-05,4.265e-05,6960640.0
2019-05-18,4.266e-05,4.649e-05,4.245e-05,4.451e-05,5604388.0
2019-05-19,4.448e-05,4.45e-05,4.05e-05,4.119e-05,6894102.0
2019-05-20,4.113e-05,4.124e-05,3.96e-05,4e-05,4327145.0
2019-05-21,3.998e-05,4.211e-05,3.925e-05,4.181e-05,9575512.0
2019-05-22,4.176e-05,4.235e-05,3.2e-05,3.969e-05,7660144.0
2019-05-23,3.969e-05,4.01e-05,3.87e-05,3.993e-05,5922062.0
2019-05-24,3.996e-05,4.294e-05,3.878e-05,3.938e-05,6053353.0
2019-05-25,3.946e-05,4.028e-05,3.88e-05,4.024e-05,3258939.0
2019-05-26,4.018e-05,4.05e-05,3.7e-05,3.76e-05,4143199.0
2019-05-27,3.762e-05,3.877e-05,3.738e-05,3.838e-05,4156919.0
2019-05-28,3.836e-05,3.897e-05,3.789e-05,3.841e-05,5628099.0
2019-05-29,3.843e-05,4.12e-05,3.816e-05,3.964e-05,8252144.0
2019-05-30,3.959e-05,4.267e-05,3.802e-05,3.921e-05,14647927.0
2019-05-31,3.912e-05,4.023e-05,3.855e-05,4.01e-05,4961300.0
2019-06-01,4.01e-05,4.023e-05,3.894e-05,3.909e-05,3728434.0
2019-06-02,3.909e-05,3.933e-05,3.827e-05,3.906e-05,3660235.0
2019-06-03,3.909e-05,3.999e-05,3.85e-05,3.884e-05,6131649.0
2019-06-04,3.884e-05,4e-05,3.839e-05,3.954e-05,4365241.0
2019-06-05,3.951e-05,4.075e-05,3.9e-05,4.041e-05,4584674.0
2019-06-06,4.035e-05,4.226e-05,4.035e-05,4.121e-05,5002085.0
2019-06-07,4.124e-05,4.215e-05,4.04e-05,4.157e-05,3890775.0
2019-06-08,4.164e-05,4.75e-05,4.154e-05,4.251e-05,14894307.0
2019-06-09,4.248e-05,4.265e-05,4.074e-05,4.102e-05,5201003.0
2019-06-10,4.102e-05,4.226e-05,4.093e-05,4.119e-05,2893705.0
2019-06-11,4.116e-05,4.135e-05,4.055e-05,4.11e-05,3937626.0
2019-06-12,4.111e-05,4.143e-05,4.022e-05,4.076e-05,3219912.0
2019-06-13,4.078e-05,4.099e-05,3.936e-05,3.942e-05,2702529.0
2019-06-14,3.947e-05,4.041e-05,3.719e-05,3.863e-05,5028978.0
2019-06-15,3.863e-05,4.202e-05,3.851e-05,4.051e-05,7170203.0
2019-06-16,4.05e-05,4.07e-05,3.74e-05,3.877e-05,5818550.0
2019-06-17,3.874e-05,3.887e-05,3.675e-05,3.697e-05,4511137.0
2019-06-18,3.701e-05,3.857e-05,3.696e-05,3.71e-05,4078723.0
2019-06-19,3.71e-05,3.799e-05,3.656e-05,3.668e-05,3536384.0
2019-06-20,3.668e-05,3.677e-05,3.427e-05,3.45e-05,4410150.0
2019-06-21,3.451e-05,3.481e-05,3.264e-05,3.289e-05,3969560.0
2019-06-22,3.287e-05,3.339e-05,2.977e-05,3.25e-05,7245816.0
2019-06-23,3.255e-05,3.363e-05,3.076e-05,3.153e-05,5107634.0
2019-06-24,3.155e-05,3.179e-05,3.05e-05,3.068e-05,3602636.0
2019-06-25,3.068e-05,3.092e-05,2.837e-05,2.855e-05,4084958.0
2019-06-26,2.85e-05,2.869e-05,2.385e-05,2.49e-05,8805423.0
2019-06-27,2.493e-05,2.944e-05,2.42e-05,2.824e-05,6446488.0
2019-06-28,2.824e-05,3.052e-05,2.542e-05,2.549e-05,8203681.0
2019-06-29,2.552e-05,2.724e-05,2.548e-05,2.669e-05,6320493.0
2019-06-30,2.673e-05,2.805e-05,2.636e-05,2.763e-05,5106276.0
2019-07-01,2.764e-05,2.947e-05,2.722e-05,2.924e-05,5481471.0
2019-07-02,2.924e-05,2.995e-05,2.704e-05,2.724e-05,4650985.0
2019-07-03,2.73e-05,2.73e-05,2.483e-05,2.525e-05,4124388.0
2019-07-04,2.527e-05,2.605e-05,2.45e-05,2.585e-05,3818243.0
2019-07-05,2.593e-05,2.65e-05,2.524e-05,2.632e-05,2274562.0
2019-07-06,2.632e-05,2.73e-05,2.541e-05,2.625e-05,3239356.0
2019-07-07,2.623e-05,2.658e-05,2.581e-05,2.616e-05,1668843.0
2019-07-08,2.617e-05,2.747e-05,2.33e-05,2.367e-05,6491981.0
2019-07-09,2.368e-05,2.392e-05,2.107e-05,2.332e-05,5399942.0
2019-07-10,2.331e-05,2.338e-05,2.128e-05,2.226e-05,5631878.0
2019-07-11,2.23e-05,2.301e-05,2.171e-05,2.276e-05,3393161.0
2019-07-12,2.276e-05,2.354e-05,2.217e-05,2.262e-05,3045741.0
2019-07-13,2.263e-05,2.327e-05,2.23e-05,2.255e-05,3686018.0
2019-07-14,2.255e-05,2.284e-05,2.157e-05,2.172e-05,4197110.0
2019-07-15,2.171e-05,2.567e-05,2.034e-05,2.244e-05,10482048.0
2019-07-16,2.251e-05,2.489e-05,2.224e-05,2.295e-05,10671467.0
2019-07-17,2.294e-05,2.447e-05,2.239e-05,2.346e-05,4801017.0
2019-07-18,2.345e-05,2.392e-05,2.224e-05,2.23e-05,3698393.0
2019-07-19,2.23e-05,2.311e-05,2.204e-05,2.24e-05,2472589.0
2019-07-20,2.24e-05,2.36e-05,2.235e-05,2.307e-05,3625502.0
2019-07-21,2.305e-05,2.315e-05,2.25e-05,2.304e-05,1932826.0
2019-07-22,2.3e-05,2.362e-05,2.244e-05,2.283e-05,2655796.0
2019-07-23,2.283e-05,2.348e-05,2.234e-05,2.267e-05,2094619.0
2019-07-24,2.269e-05,2.334e-05,2.223e-05,2.317e-05,2267071.0
2019-07-25,2.318e-05,2.375e-05,2.282e-05,2.374e-05,2121043.0
2019-07-26,2.372e-05,2.397e-05,2.334e-05,2.383e-05,1393189.0
2019-07-27,2.383e-05,2.389e-05,2.303e-05,2.366e-05,1989102.0
2019-07-28,2.366e-05,2.441e-05,2.346e-05,2.385e-05,2325128.0
2019-07-29,2.385e-05,2.396e-05,2.313e-05,2.34e-05,2382417.0
2019-07-30,2.336e-05,2.346e-05,2.31e-05,2.333e-05,1271545.0
2019-07-31,2.337e-05,2.338e-05,2.211e-05,2.221e-05,3934487.0
2019-08-01,2.22e-05,2.25e-05,2.078e-05,2.108e-05,2451922.0
2019-08-02,2.111e-05,2.117e-05,2.042e-05,2.043e-05,2822238.0
2019-08-03,2.045e-05,2.047e-05,1.978e-05,1.989e-05,1760778.0
2019-08-04,1.991e-05,2.009e-05,1.923e-05,1.936e-05,1525239.0
2019-08-05,1.932e-05,1.94e-05,1.788e-05,1.79e-05,3688464.0
2019-08-06,1.791e-05,1.821e-05,1.694e-05,1.733e-05,3425836.0
2019-08-07,1.733e-05,1.749e-05,1.633e-05,1.651e-05,2895266.0
2019-08-08,1.645e-05,1.655e-05,1.565e-05,1.569e-05,2881545.0
2019-08-09,1.567e-05,1.695e-05,1.546e-05,1.591e-05,2989590.0
2019-08-10,1.588e-05,1.728e-05,1.588e-05,1.696e-05,3560421.0
2019-08-11,1.694e-05,1.729e-05,1.672e-05,1.681e-05,2078595.0
2019-08-12,1.68e-05,1.7e-05,1.644e-05,1.648e-05,1227933.0
2019-08-13,1.647e-05,1.676e-05,1.605e-05,1.666e-05,4754445.0
2019-08-14,1.667e-05,1.708e-05,1.598e-05,1.615e-05,4176906.0
2019-08-15,1.612e-05,1.75e-05,1.586e-05,1.692e-05,2725169.0
2019-08-16,1.699e-05,1.808e-05,1.668e-05,1.687e-05,4364883.0
2019-08-17,1.687e-05,1.69e-05,1.654e-05,1.679e-05,1379216.0
2019-08-18,1.678e-05,1.708e-05,1.659e-05,1.698e-05,1138831.0
2019-08-19,1.696e-05,1.702e-05,1.599e-05,1.601e-05,1946268.0
2019-08-20,1.599e-05,1.608e-05,1.557e-05,1.568e-05,1777049.0
2019-08-21,1.562e-05,1.729e-05,1.56e-05,1.697e-05,3549755.0
2019-08-22,1.696e-05,1.766e-05,1.689e-05,1.74e-05,3343920.0
2019-08-23,1.739e-05,1.927e-05,1.679e-05,1.782e-05,8646909.0
2019-08-24,1.782e-05,2e-05,1.781e-05,1.829e-05,14350507.0
2019-08-25,1.829e-05,1.869e-05,1.73e-05,1.767e-05,5521314.0
2019-08-26,1.767e-05,1.775e-05,1.663e-05,1.714e-05,5487520.0
2019-08-27,1.713e-05,1.72e-05,1.643e-05,1.691e-05,5395758.0
2019-08-28,1.69e-05,1.719e-05,1.615e-05,1.631e-05,2240983.0
2019-08-29,1.63e-05,1.643e-05,1.585e-05,1.621e-05,1754781.0
2019-08-30,1.62e-05,1.721e-05,1.613e-05,1.716e-05,1743285.0
2019-08-31,1.715e-05,1.726e-05,1.685e-05,1.689e-05,1697379.0
2019-09-01,1.691e-05,1.696e-05,1.63e-05,1.653e-05,1357396.0
2019-09-02,1.654e-05,1.698e-05,1.622e-05,1.671e-05,1746104.0
2019-09-03,1.673e-05,1.678e-05,1.56e-05,1.611e-05,2120945.0
2019-09-04,1.609e-05,1.618e-05,1.543e-05,1.552e-05,1721965.0
2019-09-05,1.552e-05,1.564e-05,1.5e-05,1.501e-05,1798386.0
2019-09-06,1.501e-05,1.533e-05,1.465e-05,1.517e-05,2458751.0
2019-09-07,1.517e-05,1.574e-05,1.486e-05,1.568e-05,1445762.0
2019-09-08,1.57e-05,1.596e-05,1.551e-05,1.551e-05,1431484.0
2019-09-09,1.555e-05,1.603e-05,1.551e-05,1.589e-05,1637883.0
2019-09-10,1.588e-05,1.625e-05,1.584e-05,1.593e-05,1831598.0
2019-09-11,1.593e-05,1.611e-05,1.537e-05,1.539e-05,1601446.0
2019-09-12,1.537e-05,1.605e-05,1.517e-05,1.541e-05,2421818.0
2019-09-13,1.541e-05,1.589e-05,1.53e-05,1.561e-05,1036894.0
2019-09-14,1.557e-05,1.625e-05,1.556e-05,1.602e-05,1933920.0
2019-09-15,1.603e-05,1.605e-05,1.585e-05,1.598e-05,1042965.0
2019-09-16,1.595e-05,1.624e-05,1.568e-05,1.601e-05,1402176.0
2019-09-17,1.602e-05,1.726e-05,1.6e-05,1.721e-05,3874213.0
2019-09-18,1.72e-05,2e-05,1.714e-05,1.895e-05,9896466.0
2019-09-19,1.893e-05,2.371e-05,1.881e-05,2.218e-05,16135060.0
2019-09-20,2.218e-05,2.65e-05,2.066e-05,2.286e-05,29372226.0
2019-09-21,2.286e-05,2.537e-05,2.193e-05,2.47e-05,10397364.0
2019-09-22,2.469e-05,2.601e-05,2.303e-05,2.36e-05,8519977.0
2019-09-23,2.353e-05,2.387e-05,2.14e-05,2.157e-05,7067530.0
2019-09-24,2.157e-05,2.4e-05,2.103e-05,2.221e-05,10085961.0
2019-09-25,2.221e-05,2.522e-05,2.211e-05,2.513e-05,9502645.0
2019-09-26,2.521e-05,2.795e-05,2.475e-05,2.706e-05,17758596.0
2019-09-27,2.707e-05,2.82e-05,2.595e-05,2.61e-05,7124016.0
2019-09-28,2.609e-05,2.687e-05,2.562e-05,2.569e-05,2900472.0
2019-09-29,2.571e-05,2.614e-05,2.471e-05,2.498e-05,5057450.0
2019-09-30,2.502e-05,2.543e-05,2.401e-05,2.467e-05,6654741.0
2019-10-01,2.465e-05,2.686e-05,2.424e-05,2.549e-05,7181028.0
2019-10-02,2.55e-05,2.67e-05,2.451e-05,2.478e-05,8650215.0
2019-10-03,2.48e-05,2.59e-05,2.478e-05,2.568e-05,4295536.0
2019-10-04,2.57e-05,2.795e-05,2.542e-05,2.699e-05,5856711.0
2019-10-05,2.699e-05,2.775e-05,2.66e-05,2.715e-05,3175544.0
2019-10-06,2.72e-05,2.763e-05,2.662e-05,2.688e-05,2455965.0
2019-10-07,2.688e-05,2.76e-05,2.651e-05,2.689e-05,5029305.0
2019-10-08,2.69e-05,3.189e-05,2.678e-05,3.168e-05,11788242.0
2019-10-09,3.176e-05,3.415e-05,2.908e-05,2.977e-05,18399816.0
2019-10-10,2.98e-05,3.237e-05,2.887e-05,3.177e-05,10049146.0
2019-10-11,3.181e-05,3.274e-05,3.051e-05,3.103e-05,5353275.0
2019-10-12,3.102e-05,3.163e-05,3.016e-05,3.099e-05,2469353.0
2019-10-13,3.095e-05,3.6e-05,3.095e-05,3.6e-05,5730662.0
2019-10-14,3.596e-05,4.118e-05,3.442e-05,3.982e-05,21335234.0
2019-10-15,3.985e-05,4.148e-05,3.705e-05,3.866e-05,11238680.0
2019-10-16,3.866e-05,4.044e-05,3.426e-05,3.865e-05,11590962.0
2019-10-17,3.868e-05,4.079e-05,3.828e-05,3.888e-05,7146185.0
2019-10-18,3.888e-05,3.96e-05,3.705e-05,3.769e-05,4607766.0
2019-10-19,3.769e-05,4.02e-05,3.686e-05,4.003e-05,4186964.0
2019-10-20,4.007e-05,4.377e-05,3.86e-05,4.028e-05,14861855.0
2019-10-21,4.026e-05,4.049e-05,3.866e-05,3.923e-05,6752276.0
2019-10-22,3.932e-05,3.952e-05,3.811e-05,3.882e-05,4141623.0
2019-10-23,3.879e-05,4.2e-05,3.724e-05,3.927e-05,12094356.0
2019-10-24,3.928e-05,4.157e-05,3.835e-05,4.015e-05,6384809.0
2019-10-25,4.015e-05,4.022e-05,3.478e-05,3.533e-05,8559913.0
2019-10-26,3.533e-05,3.533e-05,2.829e-05,3.176e-05,14594736.0
2019-10-27,3.177e-05,3.27e-05,2.917e-05,3.015e-05,8996413.0
2019-10-28,3.005e-05,3.155e-05,2.909e-05,3.104e-05,5388788.0
2019-10-29,3.107e-05,3.117e-05,2.928e-05,2.976e-05,4568356.0
2019-10-30,2.976e-05,3.11e-05,2.854e-05,2.964e-05,5627391.0
2019-10-31,2.964e-05,3.076e-05,2.906e-05,2.979e-05,3966876.0
2019-11-01,2.979e-05,3.38e-05,2.966e-05,3.228e-05,10349667.0
2019-11-02,3.228e-05,3.306e-05,3.124e-05,3.157e-05,6239527.0
2019-11-03,3.157e-05,3.31e-05,3.14e-05,3.196e-05,4142388.0
2019-11-04,3.196e-05,3.256e-05,2.972e-05,3.137e-05,3612637.0
2019-11-05,3.142e-05,3.184e-05,3.048e-05,3.125e-05,2471513.0
2019-11-06,3.119e-05,3.313e-05,3.107e-05,3.309e-05,3067392.0
2019-11-07,3.309e-05,3.39e-05,3.166e-05,3.303e-05,4634655.0
2019-11-08,3.299e-05,3.467e-05,3.23e-05,3.343e-05,5353981.0
2019-11-09,3.341e-05,3.534e-05,3.336e-05,3.46e-05,3987467.0
2019-11-10,3.452e-05,3.58e-05,3.378e-05,3.399e-05,3447662.0
2019-11-11,3.399e-05,3.58e-05,3.356e-05,3.459e-05,3429513.0
2019-11-12,3.459e-05,3.519e-05,3.404e-05,3.416e-05,2693810.0
2019-11-13,3.415e-05,3.45e-05,3.374e-05,3.428e-05,2080423.0
2019-11-14,3.428e-05,3.464e-05,3.251e-05,3.347e-05,3431537.0
2019-11-15,3.347e-05,3.355e-05,3.252e-05,3.272e-05,2288687.0
2019-11-16,3.272e-05,3.33e-05,3.213e-05,3.324e-05,2025449.0
2019-11-17,3.324e-05,3.342e-05,3.234e-05,3.249e-05,1571056.0
2019-11-18,3.251e-05,3.283e-05,3.12e-05,3.196e-05,2598550.0
2019-11-19,3.197e-05,3.205e-05,2.984e-05,3.193e-05,3561783.0
2019-11-20,3.193e-05,3.371e-05,3.147e-05,3.238e-05,4577670.0
2019-11-21,3.242e-05,3.573e-05,3.159e-05,3.432e-05,4717079.0
2019-11-22,3.44e-05,3.462e-05,3.155e-05,3.335e-05,4623143.0
2019-11-23,3.339e-05,3.495e-05,3.221e-05,3.389e-05,2659166.0
2019-11-24,3.387e-05,3.617e-05,3.355e-05,3.398e-05,4499090.0
2019-11-25,3.405e-05,3.531e-05,3.278e-05,3.337e-05,3162264.0
2019-11-26,3.337e-05,3.5e-05,3.326e-05,3.448e-05,2897204.0
2019-11-27,3.443e-05,3.6e-05,3.396e-05,3.47e-05,4123070.0
2019-11-28,3.48e-05,3.696e-05,3.474e-05,3.573e-05,6201177.0
2019-11-29,3.573e-05,3.7e-05,3.51e-05,3.51e-05,2779604.0
2019-11-30,3.514e-05,3.529e-05,3.383e-05,3.406e-05,2182478.0
2019-12-01,3.406e-05,3.586e-05,3.364e-05,3.52e-05,2202920.0
2019-12-02,3.518e-05,3.533e-05,3.372e-05,3.392e-05,1666711.0
2019-12-03,3.391e-05,3.423e-05,3.313e-05,3.332e-05,1965826.0
2019-12-04,3.333e-05,3.356e-05,3.137e-05,3.186e-05,2952428.0
2019-12-05,3.185e-05,3.201e-05,3.096e-05,3.136e-05,2012037.0
2019-12-06,3.135e-05,3.387e-05,3.105e-05,3.219e-05,2903045.0
2019-12-07,3.219e-05,3.226e-05,3.132e-05,3.149e-05,2001779.0
2019-12-08,3.149e-05,3.19e-05,3.104e-05,3.155e-05,1166304.0
2019-12-09,3.155e-05,3.163e-05,3.102e-05,3.149e-05,1077472.0
2019-12-10,3.144e-05,3.156e-05,2.994e-05,3.134e-05,2808228.0
2019-12-11,3.137e-05,3.151e-05,3.032e-05,3.074e-05,1951001.0
2019-12-12,3.074e-05,3.077e-05,2.98e-05,3.011e-05,1985395.0
2019-12-13,3.01e-05,3.045e-05,2.993e-05,3.035e-05,1223199.0
2019-12-14,3.035e-05,3.093e-05,2.965e-05,2.982e-05,1282992.0
2019-12-15,2.986e-05,2.991e-05,2.86e-05,2.914e-05,2490101.0
2019-12-16,2.914e-05,2.96e-05,2.736e-05,2.797e-05,2866931.0
2019-12-17,2.797e-05,2.836e-05,2.687e-05,2.692e-05,1917756.0
2019-12-18,2.69e-05,2.913e-05,2.66e-05,2.765e-05,2624538.0
2019-12-19,2.76e-05,2.772e-05,2.555e-05,2.615e-05,2280561.0
2019-12-20,2.615e-05,2.759e-05,2.608e-05,2.676e-05,1789315.0
2019-12-21,2.679e-05,2.699e-05,2.624e-05,2.683e-05,1077681.0
2019-12-22,2.685e-05,2.692e-05,2.559e-05,2.559e-05,811244.0
2019-12-23,2.559e-05,2.56e-05,2.47e-05,2.502e-05,1232517.0
2019-12-24,2.506e-05,2.544e-05,2.483e-05,2.531e-05,1013323.0
2019-12-25,2.53e-05,2.582e-05,2.498e-05,2.518e-05,1143057.0
2019-12-26,2.517e-05,2.54e-05,2.481e-05,2.519e-05,1186460.0
2019-12-27,2.516e-05,2.575e-05,2.5e-05,2.562e-05,1371327.0
2019-12-28,2.562e-05,2.568e-05,2.501e-05,2.525e-05,917744.0
2019-12-29,2.525e-05,2.697e-05,2.519e-05,2.668e-05,2613795.0
2019-12-30,2.668e-05,2.685e-05,2.58e-05,2.595e-05,1649418.0
2019-12-31,2.595e-05,2.611e-05,2.514e-05,2.517e-05,1486155.0
2020-01-01,2.516e-05,2.57e-05,2.495e-05,2.539e-05,1005457.0
2020-01-02,2.544e-05,2.602e-05,2.501e-05,2.52e-05,1417440.0
2020-01-03,2.522e-05,2.542e-05,2.441e-05,2.481e-05,2090621.0
2020-01-04,2.488e-05,2.585e-05,2.476e-05,2.534e-05,1256852.0
2020-01-05,2.535e-05,2.571e-05,2.51e-05,2.533e-05,1075671.0
2020-01-06,2.533e-05,2.6e-05,2.502e-05,2.528e-05,2108462.0
2020-01-07,2.522e-05,2.531e-05,2.294e-05,2.307e-05,3092972.0
2020-01-08,2.308e-05,2.695e-05,2.233e-05,2.642e-05,11840384.0
2020-01-09,2.642e-05,2.655e-05,2.511e-05,2.627e-05,6144592.0
2020-01-10,2.626e-05,2.7e-05,2.458e-05,2.474e-05,7124831.0
2020-01-11,2.477e-05,2.601e-05,2.473e-05,2.577e-05,3244799.0
2020-01-12,2.582e-05,2.806e-05,2.552e-05,2.663e-05,6597411.0
2020-01-13,2.663e-05,2.803e-05,2.572e-05,2.588e-05,4982063.0
2020-01-14,2.588e-05,2.882e-05,2.519e-05,2.702e-05,9012628.0
2020-01-15,2.704e-05,2.859e-05,2.609e-05,2.782e-05,9153743.0
2020-01-16,2.783e-05,2.94e-05,2.642e-05,2.842e-05,7755236.0
2020-01-17,2.839e-05,2.958e-05,2.745e-05,2.848e-05,7584999.0
2020-01-18,2.847e-05,2.873e-05,2.706e-05,2.738e-05,5289988.0
2020-01-19,2.743e-05,2.748e-05,2.591e-05,2.665e-05,3378137.0
2020-01-20,2.666e-05,2.723e-05,2.647e-05,2.685e-05,2132138.0
2020-01-21,2.683e-05,2.805e-05,2.667e-05,2.769e-05,3309841.0
2020-01-22,2.772e-05,2.823e-05,2.74e-05,2.789e-05,2462524.0
2020-01-23,2.792e-05,2.802e-05,2.675e-05,2.713e-05,2110817.0
2020-01-24,2.715e-05,2.735e-05,2.654e-05,2.682e-05,1335984.0
2020-01-25,2.684e-05,2.702e-05,2.66e-05,2.677e-05,979578.0
2020-01-26,2.68e-05,2.741e-05,2.656e-05,2.677e-05,1796187.0
2020-01-27,2.672e-05,2.694e-05,2.593e-05,2.597e-05,2176539.0
2020-01-28,2.598e-05,2.598e-05,2.47e-05,2.473e-05,2410831.0
2020-01-29,2.473e-05,2.477e-05,2.409e-05,2.422e-05,2719538.0
2020-01-30,2.425e-05,2.485e-05,2.405e-05,2.454e-05,2125075.0
2020-01-31,2.454e-05,2.547e-05,2.426e-05,2.441e-05,3891831.0
2020-02-01,2.443e-05,2.493e-05,2.42e-05,2.472e-05,2983409.0
2020-02-02,2.472e-05,2.609e-05,2.459e-05,2.567e-05,4881943.0
2020-02-03,2.563e-05,2.577e-05,2.494e-05,2.538e-05,4487295.0
2020-02-04,2.539e-05,2.867e-05,2.535e-05,2.765e-05,13320575.0
2020-02-05,2.764e-05,2.771e-05,2.563e-05,2.681e-05,11252950.0
2020-02-06,2.678e-05,2.86e-05,2.624e-05,2.853e-05,12653505.0
2020-02-07,2.853e-05,3e-05,2.826e-05,2.828e-05,11676166.0
2020-02-08,2.829e-05,2.914e-05,2.715e-05,2.761e-05,9498306.0
2020-02-09,2.76e-05,2.953e-05,2.722e-05,2.92e-05,8314261.0
2020-02-10,2.918e-05,2.986e-05,2.786e-05,2.886e-05,10395006.0
2020-02-11,2.883e-05,3.08e-05,2.808e-05,2.959e-05,17484430.0
2020-02-12,2.956e-05,3.062e-05,2.909e-05,3.007e-05,14336671.0
2020-02-13,3.008e-05,3.263e-05,2.83e-05,3.12e-05,25097391.0
2020-02-14,3.12e-05,3.418e-05,3.055e-05,3.345e-05,21644328.0
2020-02-15,3.345e-05,3.5e-05,2.983e-05,3.238e-05,18437496.0
2020-02-16,3.237e-05,3.32e-05,2.815e-05,3.014e-05,18301190.0
2020-02-17,3.014e-05,3.022e-05,2.743e-05,3.002e-05,14662733.0
2020-02-18,3.002e-05,3.138e-05,2.938e-05,3.02e-05,8519768.0
2020-02-19,3.018e-05,3.028e-05,2.825e-05,2.911e-05,6331046.0
2020-02-20,2.912e-05,3.01e-05,2.758e-05,2.894e-05,7651878.0
2020-02-21,2.893e-05,3.075e-05,2.865e-05,2.974e-05,6809467.0
2020-02-22,2.975e-05,2.977e-05,2.849e-05,2.9e-05,5594233.0
2020-02-23,2.9e-05,2.943e-05,2.867e-05,2.892e-05,3095452.0
2020-02-24,2.892e-05,2.93e-05,2.715e-05,2.776e-05,5797326.0
2020-02-25,2.775e-05,2.784e-05,2.617e-05,2.701e-05,9438063.0
2020-02-26,2.7e-05,2.71e-05,2.491e-05,2.662e-05,9120287.0
2020-02-27,2.657e-05,2.886e-05,2.549e-05,2.774e-05,8190312.0
2020-02-28,2.777e-05,2.854e-05,2.662e-05,2.737e-05,6065977.0
2020-02-29,2.737e-05,2.769e-05,2.673e-05,2.688e-05,2411266.0
2020-03-01,2.687e-05,2.75e-05,2.645e-05,2.688e-05,3062648.0
2020-03-02,2.691e-05,2.892e-05,2.691e-05,2.808e-05,5590746.0
2020-03-03,2.809e-05,2.901e-05,2.772e-05,2.901e-05,3397171.0
2020-03-04,2.901e-05,3.039e-05,2.845e-05,3.006e-05,4551829.0
2020-03-05,3.006e-05,3.161e-05,2.971e-05,3.042e-05,7367383.0
2020-03-06,3.048e-05,3.123e-05,2.921e-05,3.103e-05,7507955.0
2020-03-07,3.103e-05,3.131e-05,2.866e-05,2.952e-05,5525764.0
2020-03-08,2.951e-05,2.96e-05,2.758e-05,2.799e-05,6310797.0
2020-03-09,2.792e-05,3.02e-05,2.66e-05,2.803e-05,11887728.0
2020-03-10,2.796e-05,3.045e-05,2.791e-05,3.022e-05,6843998.0
2020-03-11,3.023e-05,3.139e-05,2.781e-05,2.862e-05,8452312.0
2020-03-12,2.859e-05,3.171e-05,2.606e-05,3.04e-05,16362174.0
2020-03-13,3.033e-05,3.293e-05,2.803e-05,3.002e-05,15066723.0
2020-03-14,3.014e-05,3.101e-05,2.823e-05,3.041e-05,8836421.0
2020-03-15,3.031e-05,3.058e-05,2.894e-05,2.953e-05,3809571.0
2020-03-16,2.953e-05,2.969e-05,2.714e-05,2.753e-05,4869875.0
2020-03-17,2.743e-05,2.805e-05,2.661e-05,2.68e-05,4090269.0
2020-03-18,2.672e-05,2.745e-05,2.61e-05,2.703e-05,4615335.0
2020-03-19,2.704e-05,2.868e-05,2.578e-05,2.637e-05,6751500.0
2020-03-20,2.628e-05,2.678e-05,2.41e-05,2.439e-05,6368940.0
2020-03-21,2.452e-05,2.554e-05,2.433e-05,2.506e-05,3445389.0
2020-03-22,2.506e-05,2.53e-05,2.4e-05,2.405e-05,2608762.0
2020-03-23,2.413e-05,2.449e-05,2.328e-05,2.342e-05,2706533.0
2020-03-24,2.337e-05,2.378e-05,2.244e-05,2.245e-05,3498977.0
2020-03-25,2.246e-05,2.354e-05,2.219e-05,2.354e-05,3031542.0
2020-03-26,2.353e-05,2.379e-05,2.276e-05,2.361e-05,2293995.0
2020-03-27,2.361e-05,2.384e-05,2.31e-05,2.351e-05,2750484.0
2020-03-28,2.351e-05,2.414e-05,2.329e-05,2.398e-05,2290964.0
2020-03-29,2.398e-05,2.459e-05,2.388e-05,2.447e-05,1773433.0
2020-03-30,2.447e-05,2.459e-05,2.319e-05,2.35e-05,2538758.0
2020-03-31,2.35e-05,2.404e-05,2.328e-05,2.381e-05,1382205.0
2020-04-01,2.381e-05,2.413e-05,2.281e-05,2.285e-05,1320675.0
2020-04-02,2.283e-05,2.319e-05,2.219e-05,2.271e-05,2394053.0
2020-04-03,2.27e-05,2.328e-05,2.247e-05,2.304e-05,1600093.0
2020-04-04,2.307e-05,2.322e-05,2.243e-05,2.278e-05,2263380.0
2020-04-05,2.277e-05,2.3e-05,2.262e-05,2.267e-05,1581009.0
2020-04-06,2.263e-05,2.352e-05,2.234e-05,2.304e-05,3404341.0
2020-04-07,2.31e-05,2.462e-05,2.271e-05,2.35e-05,5528411.0
2020-04-08,2.356e-05,2.413e-05,2.309e-05,2.411e-05,3025217.0
2020-04-09,2.411e-05,2.611e-05,2.374e-05,2.606e-05,4041996.0
2020-04-10,2.607e-05,2.652e-05,2.388e-05,2.461e-05,6833090.0
2020-04-11,2.461e-05,2.516e-05,2.428e-05,2.492e-05,3691898.0
2020-04-12,2.492e-05,2.531e-05,2.412e-05,2.437e-05,4067759.0
2020-04-13,2.434e-05,2.494e-05,2.422e-05,2.439e-05,1891016.0
2020-04-14,2.439e-05,2.535e-05,2.436e-05,2.486e-05,1360490.0
2020-04-15,2.483e-05,2.515e-05,2.444e-05,2.473e-05,1596658.0
2020-04-16,2.473e-05,2.515e-05,2.395e-05,2.437e-05,6398692.0
2020-04-17,2.435e-05,2.462e-05,2.409e-05,2.451e-05,1576386.0
2020-04-18,2.447e-05,2.49e-05,2.426e-05,2.472e-05,3195866.0
2020-04-19,2.469e-05,2.487e-05,2.392e-05,2.402e-05,2683811.0
2020-04-20,2.399e-05,2.484e-05,2.395e-05,2.451e-05,2596188.0
2020-04-21,2.451e-05,2.486e-05,2.402e-05,2.46e-05,3617351.0
2020-04-22,2.463e-05,2.494e-05,2.396e-05,2.406e-05,2470192.0
2020-04-23,2.406e-05,2.435e-05,2.318e-05,2.344e-05,4422666.0
2020-04-24,2.346e-05,2.525e-05,2.342e-05,2.474e-05,5387175.0
2020-04-25,2.474e-05,2.487e-05,2.425e-05,2.45e-05,2652420.0
2020-04-26,2.448e-05,2.6e-05,2.434e-05,2.585e-05,3827623.0
2020-04-27,2.585e-05,2.832e-05,2.56e-05,2.657e-05,13316858.0
2020-04-28,2.658e-05,2.687e-05,2.581e-05,2.641e-05,4115744.0
2020-04-29,2.638e-05,2.656e-05,2.379e-05,2.431e-05,3880381.0
2020-04-30,2.431e-05,2.527e-05,2.233e-05,2.294e-05,7456378.0
2020-05-01,2.292e-05,2.427e-05,2.29e-05,2.425e-05,2647573.0
2020-05-02,2.42e-05,2.479e-05,2.38e-05,2.39e-05,2738899.0
2020-05-03,2.387e-05,2.391e-05,2.301e-05,2.322e-05,2802140.0
2020-05-04,2.318e-05,2.345e-05,2.24e-05,2.299e-05,2573470.0
2020-05-05,2.296e-05,2.307e-05,2.25e-05,2.288e-05,1663633.0
2020-05-06,2.289e-05,2.356e-05,2.262e-05,2.294e-05,2820564.0
2020-05-07,2.294e-05,3.488e-05,2.271e-05,3.017e-05,50119410.0
2020-05-08,3.025e-05,4.987e-05,3.012e-05,4.021e-05,104111364.0
2020-05-09,4.02e-05,5.077e-05,3.761e-05,4.426e-05,67285763.0
2020-05-10,4.441e-05,5.408e-05,4.2e-05,4.529e-05,53718592.0
2020-05-11,4.525e-05,4.633e-05,3.953e-05,4.016e-05,21933306.0
2020-05-12,4.016e-05,4.373e-05,3.81e-05,4.031e-05,21845938.0
2020-05-13,4.033e-05,4.22e-05,3.691e-05,3.742e-05,16454706.0
2020-05-14,3.733e-05,3.884e-05,3.441e-05,3.502e-05,13022488.0
2020-05-15,3.504e-05,4.401e-05,3.483e-05,4.095e-05,38401797.0
2020-05-16,4.097e-05,4.384e-05,4e-05,4.087e-05,17761686.0
2020-05-17,4.087e-05,4.118e-05,3.833e-05,3.848e-05,12033459.0
2020-05-18,3.852e-05,3.979e-05,3.755e-05,3.814e-05,11407479.0
2020-05-19,3.814e-05,3.839e-05,3.654e-05,3.673e-05,5506280.0
2020-05-20,3.668e-05,3.937e-05,3.664e-05,3.786e-05,11261373.0
2020-05-21,3.787e-05,3.835e-05,3.499e-05,3.565e-05,10825873.0
2020-05-22,3.567e-05,3.81e-05,3.52e-05,3.644e-05,10065875.0
2020-05-23,3.639e-05,3.68e-05,3.541e-05,3.558e-05,6782922.0
2020-05-24,3.559e-05,3.65e-05,3.438e-05,3.454e-05,7317319.0
2020-05-25,3.453e-05,3.744e-05,3.438e-05,3.604e-05,8456013.0
2020-05-26,3.597e-05,4.101e-05,3.587e-05,3.92e-05,17360287.0
2020-05-27,3.92e-05,4.004e-05,3.583e-05,3.655e-05,7619886.0
2020-05-28,3.655e-05,3.807e-05,3.453e-05,3.481e-05,5221562.0
2020-05-29,3.478e-05,3.644e-05,3.464e-05,3.531e-05,3365781.0
2020-05-30,3.526e-05,3.597e-05,3.418e-05,3.481e-05,4902877.0
2020-05-31,3.477e-05,3.528e-05,3.321e-05,3.346e-05,5033158.0
2020-06-01,3.342e-05,3.496e-05,3.235e-05,3.273e-05,4262799.0
2020-06-02,3.27e-05,3.55e-05,3.246e-05,3.423e-05,9813871.0
2020-06-03,3.42e-05,3.526e-05,3.402e-05,3.415e-05,4085504.0
2020-06-04,3.412e-05,3.463e-05,3.295e-05,3.334e-05,3949029.0
2020-06-05,3.326e-05,3.369e-05,3.305e-05,3.333e-05,2181898.0
2020-06-06,3.335e-05,3.41e-05,3.308e-05,3.353e-05,2849097.0
2020-06-07,3.363e-05,3.422e-05,3.253e-05,3.304e-05,3806014.0
2020-06-08,3.304e-05,3.327e-05,3.256e-05,3.264e-05,2247282.0
2020-06-09,3.265e-05,3.619e-05,3.237e-05,3.57e-05,16137789.0
2020-06-10,3.568e-05,4.375e-05,3.562e-05,3.917e-05,35488120.0
2020-06-11,3.919e-05,4.109e-05,3.551e-05,3.599e-05,20870882.0
2020-06-12,3.601e-05,3.989e-05,3.556e-05,3.759e-05,15109652.0
2020-06-13,3.76e-05,4.09e-05,3.756e-05,3.825e-05,13130503.0
2020-06-14,3.825e-05,4.08e-05,3.77e-05,3.813e-05,11925797.0
2020-06-15,3.812e-05,3.824e-05,3.55e-05,3.649e-05,8733170.0
2020-06-16,3.652e-05,3.724e-05,3.568e-05,3.617e-05,4466703.0
2020-06-17,3.612e-05,3.668e-05,3.559e-05,3.62e-05,4698923.0
2020-06-18,3.615e-05,3.642e-05,3.507e-05,3.526e-05,4253778.0
2020-06-19,3.524e-05,3.691e-05,3.511e-05,3.553e-05,5173958.0
2020-06-20,3.554e-05,3.876e-05,3.549e-05,3.738e-05,7956746.0
2020-06-21,3.738e-05,3.834e-05,3.665e-05,3.73e-05,4514216.0
2020-06-22,3.733e-05,3.85e-05,3.604e-05,3.655e-05,5669469.0
2020-06-23,3.655e-05,3.809e-05,3.62e-05,3.795e-05,6935626.0
2020-06-24,3.796e-05,3.88e-05,3.61e-05,3.696e-05,6941591.0
2020-06-25,3.698e-05,3.746e-05,3.579e-05,3.626e-05,4298383.0
2020-06-26,3.621e-05,3.95e-05,3.604e-05,3.844e-05,14295571.0
2020-06-27,3.844e-05,4.037e-05,3.554e-05,3.687e-05,10476398.0
2020-06-28,3.689e-05,3.736e-05,3.568e-05,3.638e-05,4579770.0
2020-06-29,3.642e-05,3.781e-05,3.591e-05,3.77e-05,4159559.0
2020-06-30,3.768e-05,3.771e-05,3.638e-05,3.665e-05,3062655.0
2020-07-01,3.665e-05,3.734e-05,3.63e-05,3.643e-05,3470051.0
2020-07-02,3.643e-05,3.905e-05,3.637e-05,3.789e-05,5884410.0
2020-07-03,3.789e-05,4.419e-05,3.768e-05,4.2e-05,21206004.0
2020-07-04,4.206e-05,4.732e-05,4.136e-05,4.231e-05,18980608.0
2020-07-05,4.24e-05,4.628e-05,3.999e-05,4.581e-05,17546791.0
2020-07-06,4.593e-05,4.67e-05,4.2e-05,4.283e-05,18005377.0
2020-07-07,4.287e-05,4.599e-05,4.211e-05,4.41e-05,12806513.0
2020-07-08,4.41e-05,5.178e-05,4.377e-05,4.737e-05,24113350.0
2020-07-09,4.736e-05,4.798e-05,4.452e-05,4.616e-05,11962488.0
2020-07-10,4.613e-05,4.647e-05,4.339e-05,4.426e-05,8416061.0
2020-07-11,4.428e-05,4.807e-05,4.395e-05,4.726e-05,8969303.0
2020-07-12,4.724e-05,4.785e-05,4.497e-05,4.595e-05,7052752.0
2020-07-13,4.593e-05,4.597e-05,4.294e-05,4.341e-05,10315202.0
2020-07-14,4.334e-05,4.391e-05,4.142e-05,4.268e-05,8139886.0
2020-07-15,4.27e-05,4.451e-05,4.202e-05,4.243e-05,6854250.0
2020-07-16,4.243e-05,4.395e-05,4.049e-05,4.389e-05,7306118.0
2020-07-17,4.389e-05,4.511e-05,4.2e-05,4.338e-05,7668287.0
2020-07-18,4.331e-05,4.691e-05,4.227e-05,4.555e-05,9196626.0
2020-07-19,4.556e-05,4.716e-05,4.425e-05,4.553e-05,7239478.0
2020-07-20,4.553e-05,4.662e-05,4.299e-05,4.316e-05,7399060.0
2020-07-21,4.314e-05,4.387e-05,4.187e-05,4.265e-05,5451853.0
2020-07-22,4.265e-05,4.38e-05,4.163e-05,4.189e-05,4152064.0
2020-07-23,4.189e-05,4.316e-05,4.039e-05,4.08e-05,4768218.0
2020-07-24,4.08e-05,4.144e-05,4.015e-05,4.06e-05,5587106.0
2020-07-25,4.058e-05,4.16e-05,3.974e-05,4.06e-05,6227272.0
2020-07-26,4.06e-05,4.08e-05,3.748e-05,3.879e-05,6226090.0
2020-07-27,3.877e-05,3.905e-05,3.203e-05,3.33e-05,11822950.0
2020-07-28,3.324e-05,3.549e-05,3.239e-05,3.506e-05,7254688.0
2020-07-29,3.502e-05,3.743e-05,3.417e-05,3.455e-05,9898574.0
2020-07-30,3.455e-05,3.609e-05,3.428e-05,3.495e-05,5008577.0
2020-07-31,3.49e-05,3.535e-05,3.321e-05,3.358e-05,5524109.0
2020-08-01,3.358e-05,3.475e-05,3.26e-05,3.384e-05,5986826.0
2020-08-02,3.383e-05,3.484e-05,3.274e-05,3.432e-05,7219045.0
2020-08-03,3.431e-05,3.488e-05,3.347e-05,3.399e-05,4387599.0
2020-08-04,3.4e-05,3.658e-05,3.373e-05,3.545e-05,8323716.0
2020-08-05,3.55e-05,3.638e-05,3.362e-05,3.385e-05,6839713.0
2020-08-06,3.385e-05,3.537e-05,3.321e-05,3.515e-05,6452997.0
2020-08-07,3.515e-05,3.637e-05,3.336e-05,3.387e-05,6385135.0
2020-08-08,3.389e-05,3.629e-05,3.368e-05,3.578e-05,6544603.0
2020-08-09,3.578e-05,3.827e-05,3.562e-05,3.753e-05,10535546.0
2020-08-10,3.751e-05,4.194e-05,3.449e-05,4.044e-05,17087256.0
2020-08-11,4.042e-05,4.058e-05,3.664e-05,3.888e-05,13621518.0
2020-08-12,3.889e-05,4.038e-05,3.547e-05,3.993e-05,11908218.0
2020-08-13,3.993e-05,4.13e-05,3.739e-05,3.822e-05,13882940.0
2020-08-14,3.815e-05,4.654e-05,3.75e-05,4.59e-05,19547121.0
2020-08-15,4.589e-05,4.65e-05,4.13e-05,4.191e-05,19173786.0
2020-08-16,4.191e-05,5.239e-05,4.075e-05,5.129e-05,21409364.0
2020-08-17,5.123e-05,5.369e-05,4.409e-05,4.581e-05,18914696.0
2020-08-18,4.58e-05,4.979e-05,4.42e-05,4.734e-05,11657351.0
2020-08-19,4.728e-05,4.95e-05,4.253e-05,4.365e-05,10855460.0
2020-08-20,4.369e-05,5.795e-05,4.313e-05,5.157e-05,18458475.0
2020-08-21,5.169e-05,8.071e-05,5.167e-05,6.024e-05,105504556.0
2020-08-22,6.025e-05,7.379e-05,5.5e-05,6.248e-05,34080295.0
2020-08-23,6.25e-05,6.888e-05,5.967e-05,6.192e-05,14446155.0
2020-08-24,6.192e-05,6.424e-05,5.999e-05,6.207e-05,9997805.0
2020-08-25,6.209e-05,6.247e-05,5.424e-05,5.733e-05,10298205.0
2020-08-26,5.741e-05,6.051e-05,5.474e-05,5.769e-05,7285307.0
2020-08-27,5.761e-05,5.918e-05,5.22e-05,5.344e-05,7084829.0
2020-08-28,5.343e-05,5.635e-05,5.259e-05,5.536e-05,3630867.0
2020-08-29,5.545e-05,5.803e-05,5.422e-05,5.615e-05,4556481.0
2020-08-30,5.615e-05,5.672e-05,5.4e-05,5.438e-05,3827458.0
2020-08-31,5.436e-05,5.456e-05,5.221e-05,5.26e-05,3470219.0
2020-09-01,5.253e-05,5.304e-05,5.035e-05,5.039e-05,4714438.0
2020-09-02,5.042e-05,5.062e-05,4.561e-05,4.89e-05,6190181.0
2020-09-03,4.899e-05,5.015e-05,4.301e-05,4.373e-05,8217993.0
2020-09-04,4.372e-05,5.043e-05,4.174e-05,4.923e-05,9441310.0
2020-09-05,4.912e-05,4.953e-05,4.086e-05,4.224e-05,6453263.0
2020-09-06,4.224e-05,4.57e-05,4.08e-05,4.492e-05,3685697.0
2020-09-07,4.494e-05,4.712e-05,4.2e-05,4.423e-05,4925473.0
2020-09-08,4.431e-05,4.46e-05,4.208e-05,4.285e-05,2694554.0
2020-09-09,4.286e-05,4.59e-05,4.209e-05,4.486e-05,2074455.0
2020-09-10,4.49e-05,4.788e-05,4.415e-05,4.561e-05,2729951.0
2020-09-11,4.553e-05,5.144e-05,4.552e-05,5.08e-05,7095307.0
2020-09-12,5.08e-05,5.153e-05,4.85e-05,4.943e-05,3229756.0
2020-09-13,4.939e-05,4.944e-05,4.574e-05,4.745e-05,2293464.0
2020-09-14,4.746e-05,4.754e-05,4.3e-05,4.444e-05,2631658.0
2020-09-15,4.439e-05,4.469e-05,4.141e-05,4.158e-05,2181214.0
2020-09-16,4.168e-05,4.168e-05,3.857e-05,3.917e-05,2383373.0
2020-09-17,3.918e-05,4.153e-05,3.906e-05,4.03e-05,1837002.0
2020-09-18,4.03e-05,4.035e-05,3.786e-05,3.812e-05,2281424.0
2020-09-19,3.811e-05,3.879e-05,3.69e-05,3.87e-05,1319764.0
2020-09-20,3.873e-05,3.9e-05,3.57e-05,3.616e-05,2105912.0
2020-09-21,3.614e-05,3.709e-05,3.327e-05,3.522e-05,6737496.0
2020-09-22,3.526e-05,3.71e-05,3.373e-05,3.614e-05,2821736.0
2020-09-23,3.615e-05,3.694e-05,3.311e-05,3.327e-05,2835643.0
2020-09-24,3.331e-05,3.604e-05,3.307e-05,3.567e-05,2878087.0
2020-09-25,3.563e-05,3.856e-05,3.495e-05,3.79e-05,2837009.0
2020-09-26,3.797e-05,3.863e-05,3.582e-05,3.643e-05,2395841.0
2020-09-27,3.643e-05,3.738e-05,3.524e-05,3.666e-05,3250754.0
2020-09-28,3.675e-05,4.048e-05,3.661e-05,3.864e-05,4809373.0
2020-09-29,3.852e-05,3.903e-05,3.614e-05,3.756e-05,3216252.0
2020-09-30,3.761e-05,3.815e-05,3.629e-05,3.799e-05,1957722.0
2020-10-01,3.802e-05,3.954e-05,3.709e-05,3.753e-05,3859735.0
2020-10-02,3.748e-05,3.765e-05,3.421e-05,3.685e-05,3088513.0
2020-10-03,3.688e-05,3.735e-05,3.56e-05,3.566e-05,1242283.0
2020-10-04,3.566e-05,3.592e-05,3.457e-05,3.528e-05,1358877.0
2020-10-05,3.525e-05,3.56e-05,3.468e-05,3.488e-05,983593.0
2020-10-06,3.488e-05,3.5e-05,3.3e-05,3.315e-05,2275971.0
2020-10-07,3.32e-05,3.37e-05,3.176e-05,3.35e-05,2993653.0
2020-10-08,3.349e-05,3.425e-05,3.195e-05,3.366e-05,1986093.0
2020-10-09,3.366e-05,3.57e-05,3.334e-05,3.523e-05,2567863.0
2020-10-10,3.524e-05,3.573e-05,3.481e-05,3.496e-05,2013792.0
2020-10-11,3.499e-05,3.503e-05,3.401e-05,3.432e-05,1502056.0
2020-10-12,3.433e-05,3.503e-05,3.364e-05,3.431e-05,1910339.0
2020-10-13,3.433e-05,3.749e-05,3.411e-05,3.66e-05,2734002.0
2020-10-14,3.66e-05,3.799e-05,3.271e-05,3.386e-05,5065073.0
2020-10-15,3.386e-05,3.457e-05,3.247e-05,3.456e-05,1730752.0
2020-10-16,3.456e-05,3.583e-05,3.378e-05,3.445e-05,3085605.0
2020-10-17,3.44e-05,4e-05,3.297e-05,3.384e-05,3997725.0
2020-10-18,3.384e-05,3.469e-05,3.369e-05,3.383e-05,853340.0
2020-10-19,3.384e-05,3.45e-05,3.298e-05,3.317e-05,952031.0
2020-10-20,3.317e-05,3.321e-05,2.96e-05,3.057e-05,3414440.0
2020-10-21,3.051e-05,3.084e-05,2.858e-05,2.933e-05,1647743.0
2020-10-22,2.934e-05,3.025e-05,2.919e-05,2.936e-05,1558941.0
2020-10-23,2.939e-05,2.993e-05,2.884e-05,2.909e-05,1480862.0
2020-10-24,2.906e-05,2.938e-05,2.882e-05,2.889e-05,842880.0
2020-10-25,2.889e-05,2.895e-05,2.811e-05,2.829e-05,803489.0
2020-10-26,2.83e-05,2.925e-05,2.728e-05,2.736e-05,1187113.0
2020-10-27,2.738e-05,2.792e-05,2.62e-05,2.65e-05,820561.0
2020-10-28,2.644e-05,2.664e-05,2.511e-05,2.538e-05,1922464.0
2020-10-29,2.536e-05,2.604e-05,2.466e-05,2.504e-05,1039744.0
2020-10-30,2.505e-05,2.541e-05,2.369e-05,2.398e-05,1421078.0
2020-10-31,2.399e-05,2.438e-05,2.314e-05,2.333e-05,785983.0
2020-11-01,2.335e-05,2.469e-05,2.33e-05,2.458e-05,676732.0
2020-11-02,2.455e-05,2.573e-05,2.415e-05,2.425e-05,1865396.0
2020-11-03,2.421e-05,2.436e-05,2.32e-05,2.32e-05,1025786.0
2020-11-04,2.322e-05,2.345e-05,2.196e-05,2.243e-05,1458270.0
2020-11-05,2.247e-05,2.28e-05,2.104e-05,2.226e-05,2162036.0
2020-11-06,2.229e-05,2.437e-05,2.198e-05,2.417e-05,2754458.0
2020-11-07,2.418e-05,2.574e-05,2.309e-05,2.357e-05,3893319.0
2020-11-08,2.354e-05,2.443e-05,2.332e-05,2.37e-05,1535963.0
2020-11-09,2.368e-05,2.374e-05,2.288e-05,2.31e-05,1355630.0
2020-11-10,2.312e-05,2.557e-05,2.311e-05,2.538e-05,3149442.0
2020-11-11,2.536e-05,2.57e-05,2.319e-05,2.328e-05,4367126.0
2020-11-12,2.328e-05,2.387e-05,2.208e-05,2.213e-05,1698019.0
2020-11-13,2.211e-05,2.373e-05,2.19e-05,2.37e-05,1673217.0
2020-11-14,2.369e-05,2.37e-05,2.279e-05,2.327e-05,1260015.0
2020-11-15,2.329e-05,2.361e-05,2.219e-05,2.255e-05,1514222.0
2020-11-16,2.25e-05,2.328e-05,2.193e-05,2.225e-05,2473495.0
2020-11-17,2.225e-05,2.336e-05,2.088e-05,2.169e-05,2990223.0
2020-11-18,2.172e-05,2.178e-05,2e-05,2.054e-05,2341027.0
2020-11-19,2.054e-05,2.083e-05,2.019e-05,2.05e-05,1395689.0
2020-11-20,2.052e-05,2.097e-05,1.978e-05,2.009e-05,2433663.0
2020-11-21,2.008e-05,2.247e-05,1.991e-05,2.229e-05,4302785.0
2020-11-22,2.233e-05,2.284e-05,1.841e-05,2.157e-05,3733230.0
2020-11-23,2.161e-05,2.389e-05,2.152e-05,2.388e-05,4210456.0
2020-11-24,2.386e-05,2.632e-05,2.161e-05,2.429e-05,8684728.0
2020-11-25,2.429e-05,2.764e-05,2.28e-05,2.36e-05,12480748.0
2020-11-26,2.365e-05,2.424e-05,2.181e-05,2.38e-05,6593269.0
2020-11-27,2.377e-05,2.452e-05,2.317e-05,2.354e-05,2018379.0
2020-11-28,2.35e-05,2.43e-05,2.31e-05,2.348e-05,2379679.0
2020-11-29,2.345e-05,2.351e-05,2.243e-05,2.283e-05,1283236.0
2020-11-30,2.287e-05,2.3e-05,2.131e-05,2.177e-05,1527514.0
2020-12-01,2.179e-05,2.29e-05,2.112e-05,2.128e-05,2280602.0
2020-12-02,2.129e-05,2.261e-05,2.123e-05,2.216e-05,1090662.0
2020-12-03,2.221e-05,2.269e-05,2.181e-05,2.217e-05,1322865.0
2020-12-04,2.215e-05,2.256e-05,2.073e-05,2.108e-05,1594297.0
2020-12-05,2.112e-05,2.161e-05,2.097e-05,2.128e-05,677260.0
2020-12-06,2.128e-05,2.133e-05,2.051e-05,2.065e-05,1045154.0
2020-12-07,2.065e-05,2.152e-05,2.062e-05,2.108e-05,892644.0
2020-12-08,2.11e-05,2.115e-05,2.022e-05,2.071e-05,835823.0
2020-12-09,2.074e-05,2.088e-05,2.019e-05,2.054e-05,1064308.0
2020-12-10,2.058e-05,2.064e-05,2.015e-05,2.026e-05,682242.0
2020-12-11,2.028e-05,2.033e-05,1.963e-05,1.973e-05,1406264.0
2020-12-12,1.973e-05,2.185e-05,1.969e-05,2.084e-05,2107355.0
2020-12-13,2.084e-05,2.097e-05,2.013e-05,2.064e-05,1069580.0
2020-12-14,2.067e-05,2.089e-05,1.997e-05,2.007e-05,691842.0
2020-12-15,2.01e-05,2.075e-05,2.007e-05,2.019e-05,674503.0
2020-12-16,2.014e-05,2.018e-05,1.891e-05,1.941e-05,1118860.0
2020-12-17,1.943e-05,1.965e-05,1.702e-05,1.788e-05,3270040.0
2020-12-18,1.785e-05,1.877e-05,1.76e-05,1.785e-05,1516153.0
2020-12-19,1.785e-05,1.88e-05,1.757e-05,1.776e-05,1942958.0
2020-12-20,1.779e-05,1.799e-05,1.658e-05,1.683e-05,1412230.0
2020-12-21,1.687e-05,1.712e-05,1.648e-05,1.663e-05,1362305.0
2020-12-22,1.659e-05,1.671e-05,1.564e-05,1.576e-05,1032500.0
2020-12-23,1.575e-05,1.605e-05,1.347e-05,1.426e-05,2920398.0
2020-12-24,1.426e-05,1.561e-05,1.406e-05,1.532e-05,1543890.0
2020-12-25,1.532e-05,1.569e-05,1.439e-05,1.45e-05,896992.0
2020-12-26,1.448e-05,1.482e-05,1.323e-05,1.338e-05,1848860.0
2020-12-27,1.339e-05,1.59e-05,1.338e-05,1.421e-05,9706703.0
2020-12-28,1.421e-05,1.478e-05,1.372e-05,1.394e-05,2453156.0
2020-12-29,1.395e-05,1.419e-05,1.317e-05,1.333e-05,2089195.0
2020-12-30,1.336e-05,1.356e-05,1.224e-05,1.245e-05,2011262.0
2020-12-31,1.246e-05,1.269e-05,1.203e-05,1.228e-05,1838420.0
2021-01-01,1.228e-05,1.278e-05,1.203e-05,1.276e-05,2730722.0
2021-01-02,1.276e-05,1.349e-05,1.103e-05,1.121e-05,4290620.0
2021-01-03,1.118e-05,1.197e-05,1.056e-05,1.186e-05,5410069.0
2021-01-04,1.19e-05,1.3e-05,1.175e-05,1.237e-05,4472400.0
2021-01-05,1.236e-05,1.415e-05,1.226e-05,1.312e-05,9215972.0
2021-01-06,1.31e-05,1.449e-05,1.236e-05,1.257e-05,11957994.0
2021-01-07,1.257e-05,1.322e-05,1.107e-05,1.111e-05,6591574.0
2021-01-08,1.114e-05,1.169e-05,1.051e-05,1.085e-05,3758439.0
2021-01-09,1.082e-05,1.54e-05,1.061e-05,1.35e-05,19649990.0
2021-01-10,1.348e-05,1.44e-05,1.258e-05,1.381e-05,12918038.0
2021-01-11,1.383e-05,1.384e-05,1.212e-05,1.232e-05,5670760.0
2021-01-12,1.23e-05,1.286e-05,1.2e-05,1.255e-05,3928682.0
2021-01-13,1.258e-05,1.568e-05,1.258e-05,1.354e-05,9820480.0
2021-01-14,1.354e-05,1.354e-05,1.244e-05,1.289e-05,5871693.0
2021-01-15,1.288e-05,1.48e-05,1.253e-05,1.402e-05,5891700.0
2021-01-16,1.403e-05,1.525e-05,1.391e-05,1.465e-05,4669407.0
2021-01-17,1.465e-05,1.741e-05,1.446e-05,1.659e-05,8426483.0
2021-01-18,1.657e-05,1.736e-05,1.579e-05,1.596e-05,4705581.0
2021-01-19,1.596e-05,1.639e-05,1.489e-05,1.507e-05,7046182.0
2021-01-20,1.51e-05,1.579e-05,1.456e-05,1.575e-05,6653986.0
2021-01-21,1.575e-05,1.594e-05,1.501e-05,1.503e-05,3135553.0
2021-01-22,1.507e-05,1.64e-05,1.48e-05,1.552e-05,4296396.0
2021-01-23,1.55e-05,1.812e-05,1.547e-05,1.752e-05,6781446.0
2021-01-24,1.752e-05,1.795e-05,1.671e-05,1.7e-05,8092403.0
2021-01-25,1.701e-05,1.735e-05,1.573e-05,1.612e-05,3849998.0
2021-01-26,1.616e-05,1.719e-05,1.585e-05,1.671e-05,3881919.0
2021-01-27,1.675e-05,1.957e-05,1.668e-05,1.923e-05,12268399.0
2021-01-28,1.921e-05,2.153e-05,1.787e-05,1.821e-05,14704421.0
2021-01-29,1.823e-05,1.877e-05,1.499e-05,1.752e-05,12732765.0
2021-01-30,1.755e-05,1.911e-05,1.704e-05,1.91e-05,5029524.0
2021-01-31,1.906e-05,2.4e-05,1.844e-05,2.132e-05,19340114.0
2021-02-01,2.136e-05,2.149e-05,1.873e-05,2.05e-05,5311490.0
2021-02-02,2.052e-05,2.061e-05,1.843e-05,1.926e-05,4137731.0
2021-02-03,1.926e-05,2.053e-05,1.834e-05,2.043e-05,4888005.0
2021-02-04,2.038e-05,3.093e-05,1.936e-05,2.797e-05,25900235.0
2021-02-05,2.804e-05,5.265e-05,2.669e-05,4.149e-05,78892225.0
2021-02-06,4.155e-05,4.353e-05,3.408e-05,3.701e-05,25471693.0
2021-02-07,3.702e-05,3.841e-05,3.31e-05,3.628e-05,11282404.0
2021-02-08,3.631e-05,4.288e-05,3.075e-05,3.168e-05,17040061.0
2021-02-09,3.166e-05,3.366e-05,3.075e-05,3.255e-05,8262408.0
2021-02-10,3.258e-05,3.522e-05,3.027e-05,3.366e-05,8277479.0
2021-02-11,3.347e-05,3.827e-05,3.181e-05,3.682e-05,9662669.0
2021-02-12,3.682e-05,4.2e-05,3.556e-05,3.809e-05,11689231.0
2021-02-13,3.809e-05,4.038e-05,3.545e-05,4.007e-05,5315187.0
2021-02-14,4.013e-05,4.215e-05,3.449e-05,3.69e-05,6611618.0
2021-02-15,3.699e-05,3.736e-05,3.081e-05,3.379e-05,4758151.0
2021-02-16,3.377e-05,3.486e-05,3.107e-05,3.227e-05,4299305.0
2021-02-17,3.228e-05,3.238e-05,2.856e-05,3.001e-05,5878599.0
2021-02-18,3.004e-05,3.143e-05,2.964e-05,3.116e-05,4369624.0
2021-02-19,3.12e-05,3.165e-05,2.709e-05,2.79e-05,5092300.0
2021-02-20,2.793e-05,3.065e-05,2.679e-05,2.747e-05,5520742.0
2021-02-21,2.743e-05,3.08e-05,2.682e-05,3.005e-05,5112298.0
2021-02-22,3.006e-05,3.449e-05,2.688e-05,2.885e-05,12252908.0
2021-02-23,2.891e-05,3.543e-05,2.635e-05,3.22e-05,16362088.0
2021-02-24,3.218e-05,3.258e-05,2.951e-05,3.069e-05,5976958.0
2021-02-25,3.072e-05,3.123e-05,2.89e-05,2.961e-05,3779553.0
2021-02-26,2.963e-05,3.044e-05,2.787e-05,2.843e-05,4266012.0
2021-02-27,2.845e-05,2.974e-05,2.803e-05,2.889e-05,2360162.0
2021-02-28,2.894e-05,2.894e-05,2.619e-05,2.674e-05,2292944.0
2021-03-01,2.681e-05,2.814e-05,2.661e-05,2.736e-05,3583875.0
2021-03-02,2.737e-05,2.92e-05,2.66e-05,2.815e-05,6140948.0
2021-03-03,2.809e-05,3.003e-05,2.714e-05,2.905e-05,5586994.0
2021-03-04,2.904e-05,2.969e-05,2.808e-05,2.84e-05,4174840.0
2021-03-05,2.84e-05,2.899e-05,2.712e-05,2.755e-05,3992720.0
2021-03-06,2.755e-05,2.9e-05,2.739e-05,2.806e-05,3871600.0
2021-03-07,2.804e-05,2.85e-05,2.7e-05,2.78e-05,5776968.0
2021-03-08,2.784e-05,2.9e-05,2.686e-05,2.717e-05,5384639.0
2021-03-09,2.716e-05,2.721e-05,2.589e-05,2.683e-05,3328825.0
2021-03-10,2.69e-05,2.701e-05,2.442e-05,2.495e-05,3410574.0
2021-03-11,2.494e-05,2.507e-05,2.362e-05,2.379e-05,2334275.0
2021-03-12,2.38e-05,2.455e-05,2.296e-05,2.339e-05,2623815.0
2021-03-13,2.339e-05,2.38e-05,2.244e-05,2.278e-05,2404497.0
2021-03-14,2.278e-05,2.292e-05,2.154e-05,2.248e-05,4233401.0
2021-03-15,2.248e-05,2.421e-05,2.235e-05,2.387e-05,3478752.0
2021-03-16,2.389e-05,2.548e-05,2.365e-05,2.515e-05,5055850.0
2021-03-17,2.512e-05,2.559e-05,2.401e-05,2.452e-05,4438331.0
2021-03-18,2.458e-05,3.03e-05,2.405e-05,2.631e-05,14792857.0
2021-03-19,2.628e-05,2.804e-05,2.573e-05,2.686e-05,5856030.0
2021-03-20,2.686e-05,2.768e-05,2.557e-05,2.58e-05,4072695.0
2021-03-21,2.582e-05,2.62e-05,2.527e-05,2.539e-05,2587365.0
2021-03-22,2.54e-05,2.73e-05,2.52e-05,2.622e-05,3911323.0
2021-03-23,2.62e-05,2.766e-05,2.519e-05,2.756e-05,4081889.0
2021-03-24,2.755e-05,2.86e-05,2.55e-05,2.619e-05,5246959.0
2021-03-25,2.617e-05,2.653e-05,2.464e-05,2.553e-05,4972942.0
2021-03-26,2.551e-05,2.625e-05,2.514e-05,2.522e-05,2384910.0
2021-03-27,2.523e-05,2.625e-05,2.492e-05,2.532e-05,5623619.0
2021-03-28,2.537e-05,2.648e-05,2.486e-05,2.605e-05,3362153.0
2021-03-29,2.606e-05,2.801e-05,2.59e-05,2.767e-05,5061112.0
2021-03-30,2.77e-05,3.279e-05,2.705e-05,3.148e-05,12572361.0
2021-03-31,3.148e-05,3.408e-05,3.012e-05,3.199e-05,10733696.0
2021-04-01,3.205e-05,3.53e-05,3.106e-05,3.339e-05,7111570.0
2021-04-02,3.343e-05,3.427e-05,3.152e-05,3.324e-05,4048340.0
2021-04-03,3.324e-05,3.326e-05,3.001e-05,3.02e-05,4629838.0
2021-04-04,3.021e-05,3.208e-05,2.992e-05,3.155e-05,3002933.0
2021-04-05,3.153e-05,3.211e-05,3.018e-05,3.055e-05,3639625.0
2021-04-06,3.054e-05,3.333e-05,2.956e-05,3.318e-05,5226931.0
2021-04-07,3.322e-05,3.371e-05,2.849e-05,3.056e-05,5632772.0
2021-04-08,3.056e-05,3.228e-05,3.056e-05,3.189e-05,2782926.0
2021-04-09,3.189e-05,4.076e-05,3.149e-05,3.715e-05,13842417.0
2021-04-10,3.711e-05,4.079e-05,3.558e-05,3.639e-05,9779871.0
2021-04-11,3.637e-05,3.798e-05,3.402e-05,3.552e-05,3961032.0
2021-04-12,3.552e-05,3.649e-05,3.4e-05,3.561e-05,2502931.0
2021-04-13,3.563e-05,3.837e-05,3.434e-05,3.612e-05,6189163.0
2021-04-14,3.614e-05,3.714e-05,3.269e-05,3.424e-05,4356365.0
2021-04-15,3.43e-05,3.568e-05,3.33e-05,3.488e-05,3279835.0
2021-04-16,3.487e-05,3.498e-05,3.267e-05,3.381e-05,3801472.0
2021-04-17,3.385e-05,3.541e-05,3.349e-05,3.392e-05,4505644.0
2021-04-18,3.39e-05,3.397e-05,2.849e-05,3.131e-05,6552234.0
2021-04-19,3.137e-05,3.26e-05,2.828e-05,2.849e-05,4183203.0
2021-04-20,2.846e-05,3.106e-05,2.689e-05,3.021e-05,4866024.0
2021-04-21,3.021e-05,3.252e-05,2.975e-05,3.04e-05,4453773.0
2021-04-22,3.041e-05,3.275e-05,2.88e-05,2.886e-05,4384231.0
2021-04-23,2.885e-05,2.966e-05,2.543e-05,2.884e-05,4874094.0
2021-04-24,2.878e-05,2.902e-05,2.625e-05,2.65e-05,1883301.0
2021-04-25,2.653e-05,2.93e-05,2.637e-05,2.731e-05,2062577.0
2021-04-26,2.734e-05,2.868e-05,2.716e-05,2.823e-05,1840664.0
2021-04-27,2.827e-05,3.433e-05,2.809e-05,3.318e-05,5373811.0
2021-04-28,3.318e-05,3.369e-05,3.007e-05,3.112e-05,3282559.0
2021-04-29,3.112e-05,3.251e-05,3.034e-05,3.124e-05,2276119.0
2021-04-30,3.125e-05,3.203e-05,3e-05,3.123e-05,2971702.0
2021-05-01,3.123e-05,3.513e-05,3.043e-05,3.362e-05,5075960.0
2021-05-02,3.362e-05,3.455e-05,3.173e-05,3.301e-05,3136531.0
2021-05-03,3.302e-05,3.368e-05,3.246e-05,3.324e-05,2054803.0
2021-05-04,3.327e-05,3.329e-05,3.092e-05,3.152e-05,2441702.0
2021-05-05,3.157e-05,3.317e-05,3.103e-05,3.275e-05,3106849.0
2021-05-06,3.273e-05,3.722e-05,3.25e-05,3.64e-05,6672917.0
2021-05-07,3.644e-05,3.979e-05,3.402e-05,3.507e-05,8502914.0
2021-05-08,3.514e-05,3.575e-05,3.274e-05,3.316e-05,4077676.0
2021-05-09,3.322e-05,3.455e-05,3.21e-05,3.357e-05,2817668.0
2021-05-10,3.357e-05,3.476e-05,3.067e-05,3.118e-05,5862331.0
2021-05-11,3.113e-05,3.321e-05,3.043e-05,3.288e-05,2636197.0
2021-05-12,3.285e-05,3.609e-05,3.21e-05,3.313e-05,9613519.0
2021-05-13,3.31e-05,3.452e-05,3.145e-05,3.241e-05,5421787.0
2021-05-14,3.243e-05,3.449e-05,3.22e-05,3.419e-05,2422957.0
2021-05-15,3.419e-05,3.425e-05,3.226e-05,3.325e-05,2468608.0
2021-05-16,3.323e-05,3.489e-05,3.253e-05,3.382e-05,3160907.0
2021-05-17,3.38e-05,3.457e-05,3.278e-05,3.371e-05,3004576.0
2021-05-18,3.365e-05,3.937e-05,3.331e-05,3.732e-05,8821261.0
2021-05-19,3.736e-05,3.83e-05,2.323e-05,2.7e-05,13007299.0
2021-05-20,2.7e-05,2.875e-05,2.488e-05,2.855e-05,9119093.0
2021-05-21,2.856e-05,3.189e-05,2.657e-05,2.782e-05,6380769.0
2021-05-22,2.785e-05,2.789e-05,2.447e-05,2.563e-05,4758649.0
2021-05-23,2.561e-05,2.632e-05,2.004e-05,2.296e-05,6960267.0
2021-05-24,2.298e-05,2.583e-05,2.245e-05,2.545e-05,4409970.0
2021-05-25,2.542e-05,2.604e-05,2.41e-05,2.547e-05,2725508.0
2021-05-26,2.55e-05,2.931e-05,2.55e-05,2.93e-05,3027656.0
2021-05-27,2.93e-05,2.978e-05,2.754e-05,2.862e-05,2021438.0
2021-05-28,2.865e-05,2.938e-05,2.641e-05,2.701e-05,2957278.0
2021-05-29,2.7e-05,2.802e-05,2.495e-05,2.601e-05,2239499.0
2021-05-30,2.598e-05,2.748e-05,2.521e-05,2.628e-05,1958910.0
2021-05-31,2.628e-05,2.752e-05,2.593e-05,2.737e-05,1401279.0
2021-06-01,2.739e-05,2.85e-05,2.673e-05,2.796e-05,1194596.0
2021-06-02,2.799e-05,3.289e-05,2.787e-05,3.054e-05,8231453.0
2021-06-03,3.054e-05,3.179e-05,2.934e-05,3.033e-05,3429342.0
2021-06-04,3.03e-05,3.047e-05,2.82e-05,2.898e-05,1632978.0
2021-06-05,2.901e-05,3.017e-05,2.889e-05,2.93e-05,1379174.0
2021-06-06,2.928e-05,3.017e-05,2.873e-05,2.966e-05,902617.0
2021-06-07,2.966e-05,2.97e-05,2.81e-05,2.841e-05,1294000.0
2021-06-08,2.841e-05,2.864e-05,2.662e-05,2.856e-05,2030395.0
2021-06-09,2.859e-05,2.943e-05,2.549e-05,2.581e-05,2347414.0
2021-06-10,2.584e-05,2.676e-05,2.506e-05,2.547e-05,1487902.0
2021-06-11,2.549e-05,2.55e-05,2.296e-05,2.316e-05,1295706.0
2021-06-12,2.317e-05,2.484e-05,2.282e-05,2.398e-05,2300594.0
2021-06-13,2.397e-05,2.415e-05,2.22e-05,2.295e-05,2216982.0
2021-06-14,2.292e-05,2.324e-05,2.178e-05,2.246e-05,1310071.0
2021-06-15,2.245e-05,2.384e-05,2.223e-05,2.227e-05,2081910.0
2021-06-16,2.226e-05,2.346e-05,2.2e-05,2.264e-05,1720241.0
2021-06-17,2.262e-05,2.32e-05,2.244e-05,2.3e-05,1134258.0
2021-06-18,2.298e-05,2.331e-05,2.218e-05,2.28e-05,1201328.0
2021-06-19,2.279e-05,2.311e-05,2.216e-05,2.221e-05,1173872.0
2021-06-20,2.22e-05,2.237e-05,2.156e-05,2.218e-05,2087415.0
2021-06-21,2.218e-05,2.237e-05,1.899e-05,1.9e-05,3524788.0
2021-06-22,1.903e-05,1.95e-05,1.724e-05,1.778e-05,3549611.0
2021-06-23,1.767e-05,1.954e-05,1.744e-05,1.909e-05,1319014.0
2021-06-24,1.908e-05,2.004e-05,1.877e-05,1.912e-05,984588.0
2021-06-25,1.912e-05,1.987e-05,1.851e-05,1.905e-05,1886295.0
2021-06-26,1.904e-05,1.941e-05,1.838e-05,1.862e-05,1385896.0
2021-06-27,1.863e-05,1.903e-05,1.781e-05,1.838e-05,1316075.0
2021-06-28,1.84e-05,2.07e-05,1.818e-05,2.038e-05,2720739.0
2021-06-29,2.039e-05,2.083e-05,1.966e-05,2.023e-05,2111444.0
2021-06-30,2.022e-05,2.118e-05,1.964e-05,2.118e-05,2272874.0
2021-07-01,2.12e-05,2.235e-05,2.05e-05,2.058e-05,3170269.0
2021-07-02,2.058e-05,2.066e-05,1.987e-05,2.046e-05,1646461.0
2021-07-03,2.044e-05,2.049e-05,1.996e-05,2.027e-05,2063853.0
2021-07-04,2.025e-05,2.08e-05,1.975e-05,2.052e-05,2368730.0
2021-07-05,2.053e-05,2.121e-05,2.016e-05,2.058e-05,2132438.0
2021-07-06,2.058e-05,2.159e-05,2.044e-05,2.082e-05,3082480.0
2021-07-07,2.081e-05,2.391e-05,2.073e-05,2.332e-05,5237731.0
2021-07-08,2.333e-05,2.565e-05,2.189e-05,2.561e-05,2740733.0
2021-07-09,2.566e-05,2.716e-05,2.36e-05,2.478e-05,6022544.0
2021-07-10,2.478e-05,2.527e-05,2.32e-05,2.358e-05,3528506.0
2021-07-11,2.359e-05,2.365e-05,2.273e-05,2.325e-05,985892.0
2021-07-12,2.325e-05,2.326e-05,2.237e-05,2.274e-05,1052077.0
2021-07-13,2.272e-05,2.275e-05,2.169e-05,2.186e-05,781840.0
2021-07-14,2.185e-05,2.194e-05,2.094e-05,2.183e-05,1404951.0
2021-07-15,2.184e-05,2.184e-05,2.085e-05,2.106e-05,1607201.0
2021-07-16,2.107e-05,2.116e-05,1.953e-05,1.974e-05,2629475.0
2021-07-17,1.975e-05,2e-05,1.908e-05,1.99e-05,1155500.0
2021-07-18,1.99e-05,2.029e-05,1.942e-05,1.96e-05,970434.0
2021-07-19,1.96e-05,1.972e-05,1.881e-05,1.894e-05,2049175.0
2021-07-20,1.892e-05,1.926e-05,1.782e-05,1.838e-05,1332940.0
2021-07-21,1.836e-05,2.064e-05,1.797e-05,1.978e-05,2522079.0
2021-07-22,1.978e-05,1.991e-05,1.917e-05,1.986e-05,1419948.0
2021-07-23,1.986e-05,1.993e-05,1.888e-05,1.935e-05,777749.0
2021-07-24,1.934e-05,1.998e-05,1.899e-05,1.92e-05,1092416.0
2021-07-25,1.921e-05,1.925e-05,1.854e-05,1.862e-05,864007.0
2021-07-26,1.861e-05,1.875e-05,1.713e-05,1.814e-05,1708525.0
2021-07-27,1.814e-05,2.022e-05,1.791e-05,1.802e-05,1859439.0
2021-07-28,1.8e-05,1.848e-05,1.738e-05,1.768e-05,1279775.0
2021-07-29,1.769e-05,1.959e-05,1.738e-05,1.892e-05,1336205.0
2021-07-30,1.892e-05,1.962e-05,1.834e-05,1.848e-05,1304738.0
2021-07-31,1.846e-05,2.083e-05,1.827e-05,1.976e-05,3125142.0
2021-08-01,1.977e-05,2.031e-05,1.938e-05,1.956e-05,1472747.0
2021-08-02,1.955e-05,2.101e-05,1.92e-05,2.084e-05,1535754.0
2021-08-03,2.086e-05,2.252e-05,2.033e-05,2.246e-05,1575085.0
2021-08-04,2.248e-05,2.248e-05,2.147e-05,2.19e-05,1428382.0
2021-08-05,2.191e-05,2.411e-05,2.134e-05,2.172e-05,2657249.0
2021-08-06,2.174e-05,2.202e-05,2.052e-05,2.092e-05,1211308.0
2021-08-07,2.093e-05,2.14e-05,2.042e-05,2.092e-05,1029772.0
2021-08-08,2.094e-05,2.358e-05,2.094e-05,2.125e-05,3779638.0
2021-08-09,2.126e-05,2.207e-05,2.045e-05,2.068e-05,1412193.0
2021-08-10,2.066e-05,2.156e-05,2.06e-05,2.136e-05,1247890.0
2021-08-11,2.138e-05,2.24e-05,2.098e-05,2.181e-05,1823639.0
2021-08-12,2.184e-05,2.22e-05,2.074e-05,2.147e-05,1015483.0
2021-08-13,2.145e-05,2.246e-05,2.08e-05,2.217e-05,2568769.0
2021-08-14,2.216e-05,2.316e-05,2.184e-05,2.272e-05,2143406.0
2021-08-15,2.271e-05,2.285e-05,2.209e-05,2.259e-05,945714.0
2021-08-16,2.261e-05,2.35e-05,2.198e-05,2.237e-05,1456253.0
2021-08-17,2.236e-05,2.368e-05,2.181e-05,2.218e-05,1449305.0
2021-08-18,2.219e-05,2.303e-05,2.09e-05,2.16e-05,2011775.0
2021-08-19,2.163e-05,2.198e-05,2.101e-05,2.197e-05,913318.0
2021-08-20,2.198e-05,2.224e-05,2.121e-05,2.142e-05,997267.0
2021-08-21,2.144e-05,2.207e-05,2.089e-05,2.192e-05,1978093.0
2021-08-22,2.193e-05,2.289e-05,2.188e-05,2.268e-05,879458.0
