2018-12-17,1.003e-05,1.034e-05,9.2e-06,9.22e-06,1755645.07420423
2018-12-18,9.22e-06,9.67e-06,8.3e-06,8.74e-06,661470.22406071
2018-12-19,8.77e-06,8.88e-06,7.83e-06,8.3e-06,1065208.23590871
2018-12-20,8.25e-06,8.25e-06,6.8e-06,7.01e-06,1501696.55045799
2018-12-21,7.08e-06,7.33e-06,6.29e-06,6.7e-06,1621897.6681544
2018-12-22,6.59e-06,6.96e-06,6.33e-06,6.8e-06,268023.8515651
2018-12-23,6.82e-06,7.04e-06,6.34e-06,6.74e-06,529137.20056529
2018-12-24,6.72e-06,8.12e-06,6.65e-06,7.53e-06,961619.46273421
2018-12-25,7.53e-06,7.53e-06,6.43e-06,6.68e-06,525749.21346396
2018-12-26,6.75e-06,6.95e-06,6.44e-06,6.95e-06,169682.36065955
2018-12-27,6.96e-06,7.11e-06,6.7e-06,6.77e-06,301341.23158229
2018-12-28,6.87e-06,7.2e-06,6.6e-06,6.89e-06,323189.94729936
2018-12-29,7.02e-06,7.02e-06,6.61e-06,6.63e-06,83830.94300586
2018-12-30,6.75e-06,6.85e-06,6.61e-06,6.74e-06,167142.5866175
2018-12-31,6.75e-06,6.9e-06,6e-06,6.27e-06,1310753.20249993
2019-01-01,6.23e-06,6.33e-06,5e-06,5.76e-06,914551.05603698
2019-01-02,5.76e-06,6.29e-06,5.57e-06,6.01e-06,420816.49215062
2019-01-03,6.05e-06,6.55e-06,5.87e-06,6.38e-06,314201.73359002
2019-01-04,6.26e-06,6.4e-06,6e-06,6.39e-06,128834.63318587
2019-01-05,6.39e-06,6.49e-06,6.08e-06,6.19e-06,176305.57310917
2019-01-06,6.19e-06,6.3e-06,6.01e-06,6.26e-06,71703.40903588
2019-01-07,6.14e-06,6.48e-06,6e-06,6.12e-06,77161.4203914
2019-01-08,6.12e-06,6.22e-06,5.89e-06,5.98e-06,61831.04946295
2019-01-09,5.95e-06,6.17e-06,5.3e-06,6.05e-06,117257.07772984
2019-01-10,6.05e-06,6.38e-06,5.4e-06,5.88e-06,131585.01642301
2019-01-11,5.88e-06,5.98e-06,5.79e-06,5.91e-06,24922.18764054
2019-01-12,5.9e-06,6.13e-06,5.9e-06,6e-06,187295.83837139
2019-01-13,6e-06,6e-06,5.5e-06,5.9e-06,91451.72598062
2019-01-14,5.88e-06,5.9e-06,5.39e-06,5.84e-06,163556.99093616
2019-01-15,5.86e-06,5.9e-06,5.47e-06,5.74e-06,91627.36725869
2019-01-16,5.74e-06,5.8e-06,5.5e-06,5.68e-06,54494.15160515
2019-01-17,5.62e-06,5.68e-06,5.01e-06,5.52e-06,260951.09116738
2019-01-18,5.49e-06,5.49e-06,5.18e-06,5.28e-06,207367.07498432
2019-01-19,5.28e-06,5.42e-06,5.22e-06,5.29e-06,167758.05651413
2019-01-20,5.36e-06,5.43e-06,5.11e-06,5.18e-06,86023.87190575
2019-01-21,5.19e-06,5.36e-06,5e-06,5.15e-06,257609.15484564
2019-01-22,5.2e-06,5.2e-06,5e-06,5.1e-06,147911.55247432
2019-01-23,5.18e-06,5.19e-06,5.04e-06,5.05e-06,24119.81709098
2019-01-24,5.12e-06,5.64e-06,4.93e-06,5.44e-06,239745.06405435
2019-01-25,5.5e-06,8.52e-06,5.5e-06,8.27e-06,2866468.84576148
2019-01-26,8.43e-06,8.8e-06,7.16e-06,7.9e-06,1452197.14987247
2019-01-27,7.9e-06,8.43e-06,7.08e-06,7.8e-06,954960.7857746
2019-01-28,7.77e-06,8.07e-06,7.09e-06,7.71e-06,263610.43987644
2019-01-29,7.75e-06,9.75e-06,7.61e-06,9.03e-06,1106131.2559619
2019-01-30,9.03e-06,9.32e-06,8.4e-06,8.67e-06,1171499.69505131
2019-01-31,8.58e-06,8.67e-06,7.43e-06,7.76e-06,1956741.05884372
2019-02-01,7.87e-06,8.08e-06,7.1e-06,7.36e-06,1286774.0533593
2019-02-02,7.6e-06,7.71e-06,7.19e-06,7.38e-06,420537.98071685
2019-02-03,7.42e-06,7.98e-06,6.8e-06,7.27e-06,402778.60828105
2019-02-04,7.27e-06,7.49e-06,6.96e-06,7e-06,269956.40436499
2019-02-05,6.96e-06,6.96e-06,6.6e-06,6.81e-06,334790.16510659
2019-02-06,6.68e-06,6.88e-06,5.91e-06,6.09e-06,1247554.28661039
2019-02-07,5.98e-06,6.27e-06,5.56e-06,6.12e-06,946093.37300101
2019-02-08,6.12e-06,6.47e-06,5.82e-06,6.16e-06,333451.00670746
2019-02-09,6.19e-06,6.56e-06,6.02e-06,6.09e-06,176153.13798563
2019-02-10,6.17e-06,6.56e-06,6.12e-06,6.3e-06,48953.4867626
2019-02-11,6.26e-06,6.87e-06,5.86e-06,6.19e-06,295453.53832825
2019-02-12,6.19e-06,6.57e-06,5.79e-06,6.39e-06,463752.23816969
2019-02-13,6.4e-06,6.73e-06,6.3e-06,6.42e-06,145018.03475943
2019-02-14,6.41e-06,7.1e-06,6e-06,6.46e-06,583048.10392241
2019-02-15,6.46e-06,7.09e-06,6.38e-06,6.91e-06,213352.17800057
2019-02-16,6.93e-06,7.15e-06,6.68e-06,7.05e-06,137963.55319424
2019-02-17,7.04e-06,7.13e-06,6.75e-06,6.8e-06,112514.77661676
2019-02-18,6.89e-06,7.28e-06,6.29e-06,6.87e-06,757091.60018759
2019-02-19,6.8e-06,6.98e-06,6.03e-06,6.35e-06,781537.10028832
2019-02-20,6.4e-06,6.7e-06,6.28e-06,6.4e-06,334899.65872026
2019-02-21,6.4e-06,6.51e-06,5.95e-06,6.04e-06,686585.27234693
2019-02-22,6.12e-06,6.18e-06,5.65e-06,5.98e-06,651530.95458473
2019-02-23,6.05e-06,6.15e-06,5.9e-06,6.15e-06,102150.32023042
2019-02-24,6.15e-06,6.39e-06,5.81e-06,6.1e-06,306636.60852482
2019-02-25,6.01e-06,6.17e-06,5.65e-06,6.02e-06,228878.24674452
2019-02-26,6.07e-06,6.32e-06,5.99e-06,6.03e-06,348793.44830741
2019-02-27,6.03e-06,6.25e-06,5.92e-06,6e-06,245029.71221609
2019-02-28,6.08e-06,6.16e-06,5.84e-06,6e-06,214099.16581323
2019-03-01,6.02e-06,6.15e-06,5.9e-06,6.05e-06,108895.53073226
2019-03-02,6.05e-06,6.21e-06,5.9e-06,6.03e-06,549678.23478332
2019-03-03,6e-06,6.34e-06,5.92e-06,6.04e-06,623167.71280479
2019-03-04,6.03e-06,6.15e-06,5.96e-06,6e-06,260263.46031127
2019-03-05,6.05e-06,6.4e-06,6e-06,6.17e-06,1229041.45111863
2019-03-06,6.11e-06,6.35e-06,6.11e-06,6.13e-06,255712.01433151
2019-03-07,6.18e-06,6.29e-06,6.18e-06,6.19e-06,253891.80840591
2019-03-08,6.24e-06,6.29e-06,6.09e-06,6.17e-06,123472.85105505
2019-03-09,6.17e-06,6.3e-06,5.99e-06,5.99e-06,267472.4142849
2019-03-10,6.1e-06,6.3e-06,6.09e-06,6.21e-06,86310.18812109
2019-03-11,6.19e-06,6.3e-06,6.14e-06,6.24e-06,94020.34626173
2019-03-12,6.21e-06,6.3e-06,6.06e-06,6.29e-06,400139.15084132
2019-03-13,6.28e-06,6.58e-06,6.19e-06,6.47e-06,947094.03710485
2019-03-14,6.44e-06,6.45e-06,6.26e-06,6.34e-06,249911.414257
2019-03-15,6.34e-06,6.7e-06,6.26e-06,6.44e-06,204971.29073755
2019-03-16,6.4e-06,6.5e-06,6.32e-06,6.46e-06,242023.4706575
2019-03-17,6.47e-06,6.57e-06,6.42e-06,6.55e-06,103710.34577354
2019-03-18,6.55e-06,6.55e-06,6.3e-06,6.31e-06,145542.39042918
2019-03-19,6.36e-06,6.49e-06,6.3e-06,6.44e-06,47999.91444974
2019-03-20,6.44e-06,8.14e-06,6.35e-06,6.72e-06,2430642.22325014
2019-03-21,6.72e-06,6.82e-06,6e-06,6.26e-06,861500.18715978
2019-03-22,6.26e-06,6.5e-06,6.16e-06,6.5e-06,256442.81213575
2019-03-23,6.43e-06,6.69e-06,6.2e-06,6.35e-06,737195.07289173
2019-03-24,6.37e-06,6.59e-06,6.26e-06,6.44e-06,146883.87827637
2019-03-25,6.44e-06,6.63e-06,6.34e-06,6.39e-06,194637.46853467
2019-03-26,6.41e-06,6.5e-06,6.3e-06,6.39e-06,152938.41604543
2019-03-27,6.45e-06,6.56e-06,6.37e-06,6.41e-06,491112.15895793
2019-03-28,6.41e-06,6.7e-06,6.39e-06,6.47e-06,233913.3933316
2019-03-29,6.54e-06,6.64e-06,6.4e-06,6.55e-06,220890.83342564
2019-03-30,6.55e-06,7.36e-06,6.43e-06,6.93e-06,446106.55544116
2019-03-31,6.92e-06,7.2e-06,6.69e-06,6.85e-06,69981.01511091
2019-04-01,6.85e-06,7.06e-06,6.47e-06,6.58e-06,356226.15218967
2019-04-02,6.61e-06,6.72e-06,5.95e-06,6.19e-06,1140455.99850175
2019-04-03,6.19e-06,6.24e-06,5.71e-06,5.9e-06,341704.41379707
2019-04-04,5.86e-06,6.05e-06,5.74e-06,5.8e-06,153653.86946476
2019-04-05,5.91e-06,6.7e-06,5.76e-06,6.54e-06,689305.42280721
2019-04-06,6.55e-06,6.81e-06,6.54e-06,6.68e-06,228548.31382763
2019-04-07,6.68e-06,6.68e-06,6.38e-06,6.52e-06,433825.96707327
2019-04-08,6.54e-06,6.6e-06,6.26e-06,6.48e-06,248486.69493095
2019-04-09,6.48e-06,6.59e-06,6.03e-06,6.19e-06,421551.25263367
2019-04-10,6.15e-06,6.34e-06,6.04e-06,6.06e-06,118169.52845701
2019-04-11,6.08e-06,6.19e-06,5.89e-06,6e-06,63899.62841566
2019-04-12,5.93e-06,6.18e-06,5.9e-06,6e-06,51434.98248981
2019-04-13,6e-06,6.17e-06,5.7e-06,6e-06,79141.83960841
2019-04-14,6e-06,6.09e-06,5.85e-06,5.93e-06,40502.20475714
2019-04-15,5.98e-06,6.09e-06,5.61e-06,5.86e-06,84429.48446059
2019-04-16,5.81e-06,5.98e-06,5.65e-06,5.86e-06,47645.07751302
2019-04-17,5.86e-06,5.93e-06,5.31e-06,5.56e-06,521225.53834019
2019-04-18,5.62e-06,5.76e-06,5.4e-06,5.69e-06,178813.87721068
2019-04-19,5.62e-06,5.98e-06,5.57e-06,5.68e-06,80822.51340458
2019-04-20,5.71e-06,5.88e-06,5.57e-06,5.74e-06,131793.40593942
2019-04-21,5.74e-06,5.82e-06,5.6e-06,5.61e-06,156742.08078688
2019-04-22,5.62e-06,5.81e-06,5.4e-06,5.65e-06,246570.11098395
2019-04-23,5.63e-06,6.1e-06,5.47e-06,5.79e-06,603335.47378208
2019-04-24,5.8e-06,5.8e-06,5.41e-06,5.44e-06,203148.81589632
2019-04-25,5.44e-06,5.56e-06,4.81e-06,5.46e-06,193474.80323956
2019-04-26,5.49e-06,5.7e-06,5.1e-06,5.24e-06,169715.14920301
2019-04-27,5.32e-06,5.5e-06,5.17e-06,5.5e-06,37987.41589182
2019-04-28,5.47e-06,5.62e-06,5.27e-06,5.43e-06,36594.86722213
2019-04-29,5.34e-06,5.6e-06,5.3e-06,5.5e-06,54483.42974178
2019-04-30,5.5e-06,5.89e-06,5.47e-06,5.68e-06,141011.48560859
2019-05-01,5.69e-06,5.83e-06,5.6e-06,5.83e-06,64531.06990419
2019-05-02,5.83e-06,6.05e-06,5.74e-06,5.9e-06,276286.12941581
2019-05-03,5.97e-06,5.97e-06,5.3e-06,5.62e-06,227483.35136605
2019-05-04,5.62e-06,5.68e-06,5.4e-06,5.41e-06,72565.58893487
2019-05-05,5.41e-06,5.49e-06,5.38e-06,5.44e-06,65992.94851488
2019-05-06,5.4e-06,5.66e-06,5.06e-06,5.37e-06,335684.69463222
2019-05-07,5.36e-06,5.82e-06,5.36e-06,5.78e-06,652954.08016358
2019-05-08,5.8e-06,5.87e-06,5.46e-06,5.52e-06,57139.66535602
2019-05-09,5.49e-06,5.6e-06,4.55e-06,4.7e-06,470928.31278898
2019-05-10,4.76e-06,4.91e-06,4e-06,4.45e-06,511274.60535629
2019-05-11,4.43e-06,4.87e-06,4.05e-06,4.6e-06,569155.94004314
2019-05-12,4.55e-06,4.94e-06,4.55e-06,4.78e-06,134773.37722819
2019-05-13,4.78e-06,4.78e-06,4.13e-06,4.13e-06,181231.02207075
2019-05-14,4.12e-06,4.51e-06,4.04e-06,4.42e-06,89584.5390892
2019-05-15,4.43e-06,5e-06,4.26e-06,4.73e-06,159579.13662971
2019-05-16,4.76e-06,5.08e-06,4.29e-06,4.86e-06,541914.60572248
2019-05-17,4.72e-06,5.32e-06,4.44e-06,5.04e-06,258728.16693338
2019-05-18,5.14e-06,5.27e-06,4.44e-06,5.27e-06,254195.10541766
2019-05-19,5.2e-06,5.2e-06,4.91e-06,4.95e-06,144562.20445309
2019-05-20,5e-06,5e-06,4.33e-06,4.6e-06,206762.55257366
2019-05-21,4.6e-06,5.38e-06,4.5e-06,4.91e-06,141095.49613634
2019-05-22,4.81e-06,5.14e-06,4.47e-06,4.71e-06,348912.02240656
2019-05-23,4.81e-06,5.32e-06,4.48e-06,4.76e-06,218468.77777971
2019-05-24,4.67e-06,5.1e-06,4.6e-06,4.81e-06,147031.98345306
2019-05-25,4.71e-06,4.98e-06,4.71e-06,4.86e-06,50501.8859049
2019-05-26,4.81e-06,5.28e-06,4.62e-06,4.89e-06,325606.12163908
2019-05-27,4.86e-06,5.1e-06,4.74e-06,4.85e-06,298265.76575624
2019-05-28,4.91e-06,5.15e-06,4.85e-06,5.02e-06,147803.32655743
2019-05-29,5.02e-06,5.26e-06,4.84e-06,5.08e-06,206194.9559775
2019-05-30,4.98e-06,5.66e-06,4.98e-06,5.5e-06,360295.19250843
2019-05-31,5.44e-06,5.68e-06,5.42e-06,5.68e-06,70995.47166842
2019-06-01,5.68e-06,5.84e-06,5.5e-06,5.5e-06,85732.96051719
2019-06-02,5.62e-06,5.85e-06,5.5e-06,5.8e-06,48567.31196035
2019-06-03,5.8e-06,6.1e-06,5.44e-06,6.04e-06,173430.58520659
2019-06-04,6.05e-06,6.16e-06,4.71e-06,5.14e-06,341039.4559986
2019-06-05,5.14e-06,6e-06,5e-06,5.38e-06,363083.28695959
2019-06-06,5.26e-06,5.56e-06,5e-06,5.25e-06,114076.31077434
2019-06-07,5.14e-06,5.5e-06,4.83e-06,5.14e-06,178415.34107845
2019-06-08,5.02e-06,5.25e-06,5.02e-06,5.14e-06,68341.16135506
2019-06-09,5.14e-06,5.29e-06,5.05e-06,5.15e-06,16170.34177989
2019-06-10,5.15e-06,5.55e-06,5.14e-06,5.39e-06,168057.56672538
2019-06-11,5.32e-06,5.5e-06,5.15e-06,5.35e-06,543821.66270418
2019-06-12,5.35e-06,5.75e-06,5.27e-06,5.35e-06,207794.26976845
2019-06-13,5.3e-06,6.14e-06,5.3e-06,5.66e-06,280626.34129404
2019-06-14,5.66e-06,5.73e-06,5.14e-06,5.32e-06,287038.68324774
2019-06-15,5.34e-06,5.54e-06,5.26e-06,5.44e-06,26112.88297364
2019-06-16,5.38e-06,5.53e-06,4.91e-06,5.13e-06,110863.38061491
2019-06-17,5.09e-06,5.53e-06,4.97e-06,5.38e-06,99671.76479888
2019-06-18,5.4e-06,5.5e-06,4.86e-06,5.17e-06,125388.72947733
2019-06-19,5.17e-06,5.17e-06,4.92e-06,5.06e-06,124757.86867845
2019-06-20,5.06e-06,5.12e-06,4.86e-06,5.1e-06,137635.10577561
2019-06-21,5.06e-06,5.1e-06,4.87e-06,5e-06,133435.57196696
2019-06-22,5e-06,5.36e-06,4.73e-06,4.85e-06,292348.1055831
2019-06-23,4.86e-06,4.93e-06,4.75e-06,4.87e-06,50827.4404296
2019-06-24,4.88e-06,5.1e-06,4e-06,4.36e-06,99905.27876497
2019-06-25,4.44e-06,4.7e-06,4.31e-06,4.32e-06,82579.00751715
2019-06-26,4.3e-06,4.46e-06,3.7e-06,3.99e-06,182579.29288387
2019-06-27,4.08e-06,4.53e-06,3.81e-06,4.26e-06,114230.74205361
2019-06-28,4.26e-06,4.26e-06,3.8e-06,4.05e-06,28418.51740616
2019-06-29,4.19e-06,4.48e-06,3.96e-06,4.19e-06,94330.61412521
2019-06-30,4.11e-06,4.45e-06,3.8e-06,4.38e-06,69715.32450866
2019-07-01,4.38e-06,4.66e-06,4.17e-06,4.46e-06,55031.01447417
2019-07-02,4.28e-06,4.63e-06,4.27e-06,4.41e-06,323912.98600856
2019-07-03,4.41e-06,4.76e-06,3.9e-06,4.66e-06,287108.88250667
2019-07-04,4.65e-06,5.02e-06,4.61e-06,4.9e-06,244415.33123122
2019-07-05,4.86e-06,5.1e-06,4.76e-06,5.01e-06,115360.09465784
2019-07-06,5.01e-06,5.1e-06,4.86e-06,5.1e-06,113655.34535292
2019-07-07,5.06e-06,5.3e-06,4.91e-06,4.98e-06,255534.80216815
2019-07-08,4.97e-06,5e-06,4.27e-06,4.61e-06,211086.6718967
2019-07-09,4.57e-06,4.8e-06,4.27e-06,4.51e-06,88582.31555015
2019-07-10,4.51e-06,4.85e-06,4.28e-06,4.78e-06,124790.31418412
2019-07-11,4.71e-06,4.71e-06,4.45e-06,4.5e-06,91373.89640087
2019-07-12,4.48e-06,4.52e-06,4.44e-06,4.44e-06,273073.4683857
2019-07-13,4.44e-06,4.6e-06,4.33e-06,4.51e-06,67968.32326924
2019-07-14,4.47e-06,4.96e-06,4.43e-06,4.74e-06,63905.34194861
2019-07-15,4.71e-06,5.14e-06,4.65e-06,5.02e-06,113357.88862608
2019-07-16,5.03e-06,5.05e-06,4.79e-06,4.81e-06,37947.63426463
2019-07-17,4.8e-06,4.91e-06,4.15e-06,4.61e-06,207384.92453643
2019-07-18,4.66e-06,4.91e-06,4.22e-06,4.56e-06,57406.67385728
2019-07-19,4.56e-06,4.96e-06,4.34e-06,4.76e-06,71509.7804055
2019-07-20,4.76e-06,4.76e-06,4.16e-06,4.61e-06,132674.10167447
2019-07-21,4.58e-06,4.63e-06,4.38e-06,4.46e-06,71932.45511045
2019-07-22,4.46e-06,4.56e-06,4.37e-06,4.5e-06,85806.87820965
2019-07-23,4.55e-06,4.56e-06,4.34e-06,4.41e-06,31702.93165258
2019-07-24,4.48e-06,4.73e-06,4.3e-06,4.58e-06,200130.43385399
2019-07-25,4.56e-06,4.96e-06,4.39e-06,4.66e-06,95877.84230093
2019-07-26,4.71e-06,5.01e-06,4.51e-06,4.63e-06,293877.76543654
2019-07-27,4.64e-06,4.85e-06,4.63e-06,4.76e-06,92096.90770941
2019-07-28,4.76e-06,4.85e-06,4.63e-06,4.83e-06,74644.87854743
2019-07-29,4.83e-06,4.97e-06,4.76e-06,4.76e-06,54198.72169181
2019-07-30,4.77e-06,4.8e-06,4.62e-06,4.79e-06,79605.64447965
2019-07-31,4.79e-06,4.8e-06,4.66e-06,4.66e-06,18343.61191365
2019-08-01,4.71e-06,4.8e-06,4.62e-06,4.67e-06,84779.58320632
2019-08-02,4.62e-06,4.62e-06,3.91e-06,4.11e-06,357301.48174185
2019-08-03,4.07e-06,4.16e-06,3.95e-06,4.01e-06,62187.12387277
2019-08-04,4e-06,4e-06,3.83e-06,3.9e-06,47887.49696907
2019-08-05,3.84e-06,4.14e-06,3.7e-06,3.75e-06,296916.73748137
2019-08-06,3.73e-06,4.11e-06,3.53e-06,3.65e-06,522320.19154219
2019-08-07,3.65e-06,4.01e-06,3.52e-06,3.75e-06,263031.59103733
2019-08-08,3.75e-06,3.82e-06,3.56e-06,3.63e-06,37880.89743233
2019-08-09,3.56e-06,3.68e-06,3.37e-06,3.57e-06,56481.82785873
2019-08-10,3.49e-06,3.75e-06,3.28e-06,3.45e-06,104495.26436639
2019-08-11,3.45e-06,3.59e-06,3.2e-06,3.32e-06,531922.43139991
2019-08-12,3.34e-06,3.36e-06,3.1e-06,3.2e-06,167957.90177142
2019-08-13,3.2e-06,3.48e-06,3.1e-06,3.18e-06,212875.44856262
2019-08-14,3.18e-06,3.44e-06,3.01e-06,3.01e-06,317159.32433084
2019-08-15,3.34e-06,3.34e-06,3.09e-06,3.25e-06,25251.98518104
2019-08-16,3.12e-06,3.12e-06,2.82e-06,2.94e-06,110360.26686904
2019-08-17,2.83e-06,2.94e-06,2.81e-06,2.92e-06,78465.18608882
2019-08-18,2.83e-06,3.08e-06,2.81e-06,2.98e-06,70172.48763412
2019-08-19,3.04e-06,3.04e-06,2.71e-06,2.81e-06,234705.16926376
2019-08-20,2.68e-06,2.87e-06,2.61e-06,2.75e-06,95635.40324017
2019-08-21,2.75e-06,2.81e-06,2.62e-06,2.76e-06,49783.17561379
2019-08-22,2.76e-06,2.76e-06,2.47e-06,2.64e-06,173008.71381148
2019-08-23,2.64e-06,2.66e-06,2.48e-06,2.65e-06,116589.32431193
2019-08-24,2.59e-06,2.73e-06,2.59e-06,2.64e-06,42053.56739835
2019-08-25,2.71e-06,2.71e-06,2.31e-06,2.64e-06,515036.33841771
2019-08-26,2.55e-06,2.63e-06,2.29e-06,2.4e-06,113688.22092315
2019-08-27,2.45e-06,2.51e-06,2.4e-06,2.5e-06,24749.15044302
2019-08-28,2.5e-06,2.52e-06,2.34e-06,2.48e-06,38904.9944971
2019-08-29,2.34e-06,2.5e-06,2.25e-06,2.33e-06,137972.24714987
2019-08-30,2.49e-06,2.52e-06,2.35e-06,2.47e-06,26708.24973752
2019-08-31,2.36e-06,2.49e-06,2.36e-06,2.49e-06,10022.16912151
2019-09-01,2.45e-06,2.68e-06,2.45e-06,2.45e-06,119435.72652028
2019-09-02,2.45e-06,2.61e-06,2.45e-06,2.47e-06,70416.25782633
2019-09-03,2.46e-06,2.53e-06,2.11e-06,2.33e-06,152256.30348598
2019-09-04,2.24e-06,2.31e-06,2.2e-06,2.31e-06,49780.13632756
2019-09-05,2.3e-06,2.38e-06,2.3e-06,2.38e-06,43118.92664207
2019-09-06,2.23e-06,2.37e-06,2.12e-06,2.2e-06,12947.55480014
2019-09-07,2.27e-06,2.37e-06,2.16e-06,2.19e-06,18949.08480711
2019-09-08,2.36e-06,2.36e-06,2.23e-06,2.33e-06,16589.53582227
2019-09-09,2.33e-06,2.33e-06,2.22e-06,2.25e-06,40517.58502988
2019-09-10,2.33e-06,2.33e-06,2.25e-06,2.29e-06,58684.83148578
2019-09-11,2.29e-06,2.33e-06,2.2e-06,2.33e-06,103227.03393917
2019-09-12,2.33e-06,2.34e-06,2.18e-06,2.31e-06,67337.47227709
2019-09-13,2.31e-06,2.33e-06,2.2e-06,2.23e-06,33432.57786469
2019-09-14,2.23e-06,2.23e-06,2e-06,2.19e-06,193636.64297003
2019-09-15,2.19e-06,2.28e-06,2.15e-06,2.17e-06,7545.484965
2019-09-16,2.17e-06,2.3e-06,2.02e-06,2.2e-06,476618.17182092
2019-09-17,2.21e-06,2.37e-06,2.14e-06,2.26e-06,31881.79683466
2019-09-18,2.27e-06,2.5e-06,2.26e-06,2.5e-06,67664.52738241
2019-09-19,2.39e-06,2.66e-06,2.06e-06,2.36e-06,114467.75691211
2019-09-20,2.47e-06,2.5e-06,2.28e-06,2.44e-06,115350.96178366
2019-09-21,2.44e-06,2.45e-06,2.35e-06,2.38e-06,31401.39762329
2019-09-22,2.42e-06,2.42e-06,2.26e-06,2.33e-06,12232.31365059
2019-09-23,2.3e-06,2.69e-06,2.29e-06,2.48e-06,115394.65513484
2019-09-24,2.48e-06,3.11e-06,2.34e-06,2.43e-06,271532.93285722
2019-09-25,2.43e-06,2.58e-06,2.33e-06,2.58e-06,45206.97849035
2019-09-26,2.55e-06,2.56e-06,2.39e-06,2.46e-06,67880.14789007
2019-09-27,2.47e-06,3.49e-06,2.47e-06,3.15e-06,405553.35626003
2019-09-28,3.27e-06,3.5e-06,3.14e-06,3.4e-06,201998.38685191
2019-09-29,3.42e-06,3.59e-06,3.11e-06,3.36e-06,163287.40416683
2019-09-30,3.5e-06,3.51e-06,3.3e-06,3.31e-06,19020.57469034
2019-10-01,3.38e-06,3.64e-06,3e-06,3.3e-06,62311.65118625
2019-10-02,3.47e-06,3.77e-06,3.31e-06,3.4e-06,68995.86585394
2019-10-03,3.4e-06,3.53e-06,3.33e-06,3.53e-06,6725.18030054
2019-10-04,3.36e-06,3.55e-06,3.35e-06,3.51e-06,24615.79035058
2019-10-05,3.49e-06,3.6e-06,3.47e-06,3.6e-06,7373.37721395
2019-10-06,3.57e-06,3.63e-06,3.53e-06,3.61e-06,10108.03131768
2019-10-07,3.57e-06,4.94e-06,3.57e-06,4.94e-06,475164.40585788
2019-10-08,4.59e-06,4.98e-06,4.51e-06,4.77e-06,640448.41393709
2019-10-09,4.75e-06,4.77e-06,4.29e-06,4.42e-06,650725.04730368
2019-10-10,4.34e-06,4.51e-06,3.6e-06,4.17e-06,877393.26591662
2019-10-11,4.19e-06,4.2e-06,3.8e-06,3.88e-06,300610.42056441
2019-10-12,3.88e-06,4e-06,3.67e-06,3.8e-06,334732.79963173
2019-10-13,3.68e-06,3.81e-06,3.52e-06,3.69e-06,452744.53952855
2019-10-14,3.69e-06,3.83e-06,3.46e-06,3.6e-06,326505.69755793
2019-10-15,3.63e-06,3.89e-06,3.6e-06,3.83e-06,224108.0188864
2019-10-16,3.83e-06,3.92e-06,3.71e-06,3.82e-06,86043.78983914
2019-10-17,3.81e-06,3.88e-06,3.72e-06,3.77e-06,18837.72911918
2019-10-18,3.82e-06,3.84e-06,2.95e-06,3.28e-06,350378.02011412
2019-10-19,3.31e-06,3.5e-06,3e-06,3.24e-06,354341.41820176
2019-10-20,3.24e-06,3.32e-06,3.1e-06,3.1e-06,16519.42994445
2019-10-21,3.16e-06,3.36e-06,3.09e-06,3.32e-06,160290.46344961
2019-10-22,3.32e-06,3.47e-06,3.16e-06,3.32e-06,140835.53574248
2019-10-23,3.35e-06,3.35e-06,2.8e-06,2.94e-06,287024.88569218
2019-10-24,3e-06,3.08e-06,2.85e-06,2.85e-06,282406.13971761
2019-10-25,2.93e-06,2.93e-06,2.8e-06,2.82e-06,126006.2315726
2019-10-26,2.8e-06,2.8e-06,2.07e-06,2.6e-06,169766.27323696
2019-10-27,2.4e-06,2.76e-06,2.38e-06,2.38e-06,163912.81857489
2019-10-28,2.4e-06,2.6e-06,2.3e-06,2.3e-06,116941.90069304
2019-10-29,2.49e-06,2.74e-06,2.06e-06,2.15e-06,363616.02060338
2019-10-30,2.25e-06,2.51e-06,2.12e-06,2.19e-06,650281.09865487
2019-10-31,2.13e-06,2.24e-06,1.92e-06,1.94e-06,401790.40524158
2019-11-01,1.93e-06,2e-06,1.91e-06,1.99e-06,176879.35535422
2019-11-02,1.99e-06,2.07e-06,1.99e-06,2.03e-06,95214.51094034
2019-11-03,2.07e-06,2.26e-06,2.03e-06,2.16e-06,162413.81408549
2019-11-04,2.16e-06,2.2e-06,1.8e-06,1.92e-06,2573652.42962285
2019-11-05,1.92e-06,2.09e-06,1.54e-06,1.8e-06,2411432.11417792
2019-11-06,1.8e-06,1.89e-06,1.71e-06,1.79e-06,581270.99687444
2019-11-07,1.79e-06,1.86e-06,1.7e-06,1.81e-06,797972.66362996
2019-11-08,1.81e-06,2.24e-06,1.8e-06,2.07e-06,2263428.26055765
2019-11-09,2.07e-06,2.19e-06,1.9e-06,2.06e-06,805622.11679233
2019-11-10,2.09e-06,2.32e-06,2.08e-06,2.25e-06,458266.06205744
2019-11-11,2.17e-06,2.8e-06,2.07e-06,2.75e-06,1658575.22750422
2019-11-12,2.75e-06,2.98e-06,2.5e-06,2.61e-06,1373933.31128131
2019-11-13,2.57e-06,2.71e-06,2.55e-06,2.57e-06,353302.52637587
2019-11-14,2.59e-06,2.64e-06,2.41e-06,2.46e-06,124960.03753804
2019-11-15,2.46e-06,2.5e-06,2.26e-06,2.42e-06,289191.12139949
2019-11-16,2.42e-06,2.42e-06,2.34e-06,2.41e-06,44906.8223567
2019-11-17,2.41e-06,2.41e-06,2.36e-06,2.39e-06,30074.71511384
2019-11-18,2.39e-06,2.43e-06,2.23e-06,2.25e-06,65707.41912982
2019-11-19,2.27e-06,2.34e-06,2.25e-06,2.31e-06,29176.05656804
2019-11-20,2.33e-06,2.75e-06,2.32e-06,2.55e-06,552353.99572795
2019-11-21,2.57e-06,2.68e-06,2.49e-06,2.57e-06,276054.94773688
2019-11-22,2.54e-06,2.63e-06,2.53e-06,2.63e-06,378895.58418386
2019-11-23,2.63e-06,2.73e-06,2.59e-06,2.6e-06,597502.96703514
2019-11-24,2.59e-06,2.6e-06,2.52e-06,2.58e-06,71879.0141349
2019-11-25,2.58e-06,2.59e-06,2.52e-06,2.55e-06,463011.54395929
2019-11-26,2.59e-06,2.62e-06,2.59e-06,2.62e-06,3237.16486727
2019-11-27,2.61e-06,2.63e-06,2.59e-06,2.6e-06,65319.27482308
2019-11-28,2.57e-06,2.6e-06,2.56e-06,2.6e-06,6237.53557039
2019-11-29,2.57e-06,2.62e-06,2.57e-06,2.62e-06,7807.23931029
2019-11-30,2.62e-06,2.62e-06,2.4e-06,2.5e-06,116931.82220148
2019-12-01,2.5e-06,2.6e-06,2.46e-06,2.55e-06,52474.36172371
2019-12-02,2.55e-06,2.61e-06,2.49e-06,2.61e-06,71235.76594727
2019-12-03,2.59e-06,2.59e-06,2.55e-06,2.58e-06,40614.6363749
2019-12-04,2.55e-06,2.61e-06,2.54e-06,2.59e-06,449813.50815397
2019-12-05,2.59e-06,2.61e-06,2.54e-06,2.57e-06,17556.2998601
2019-12-06,2.59e-06,2.63e-06,2.54e-06,2.56e-06,59218.79572217
2019-12-07,2.56e-06,2.59e-06,2.54e-06,2.54e-06,25324.95550925
2019-12-08,2.57e-06,2.67e-06,2.46e-06,2.57e-06,162120.79657459
2019-12-09,2.57e-06,2.6e-06,2.46e-06,2.6e-06,56496.13741701
2019-12-10,2.59e-06,2.82e-06,2.51e-06,2.62e-06,428974.46193193
2019-12-11,2.68e-06,2.7e-06,2.66e-06,2.66e-06,31818.27585669
2019-12-12,2.66e-06,2.68e-06,2.66e-06,2.68e-06,95030.40223904
2019-12-13,2.66e-06,2.68e-06,2.66e-06,2.66e-06,29114.84272916
2019-12-14,2.66e-06,2.66e-06,2.53e-06,2.6e-06,77162.037537
2019-12-15,2.6e-06,2.65e-06,2.53e-06,2.57e-06,47727.91060444
2019-12-16,2.58e-06,2.63e-06,2.43e-06,2.48e-06,69725.52773694
2019-12-17,2.47e-06,2.67e-06,2.05e-06,2.59e-06,181867.72153784
2019-12-18,2.59e-06,2.6e-06,2.3e-06,2.31e-06,77050.13574305
2019-12-19,2.44e-06,2.44e-06,2.11e-06,2.39e-06,13567.24823663
2019-12-20,2.4e-06,2.51e-06,2.31e-06,2.51e-06,15382.34900569
2019-12-21,2.41e-06,2.64e-06,1.9e-06,2.27e-06,677758.07260842
2019-12-22,2.27e-06,2.46e-06,2.13e-06,2.29e-06,82639.27596853
2019-12-23,2.23e-06,2.23e-06,2.04e-06,2.15e-06,35251.19502776
2019-12-24,2.2e-06,2.2e-06,1.97e-06,2.08e-06,49725.19046459
2019-12-25,2.06e-06,2.06e-06,1.97e-06,2.03e-06,48871.98367896
2019-12-26,2.05e-06,2.12e-06,1.82e-06,2.12e-06,114449.91761933
2019-12-27,2.08e-06,2.22e-06,2.03e-06,2.14e-06,105620.12343663
2019-12-28,2.14e-06,2.14e-06,1.97e-06,2.08e-06,4152.06697602
2019-12-29,2.1e-06,2.16e-06,2.1e-06,2.13e-06,7273.06866464
2019-12-30,2.13e-06,2.16e-06,2e-06,2.09e-06,105836.09786442
2019-12-31,2.11e-06,2.11e-06,2.09e-06,2.09e-06,25647.54246129
2020-01-01,2.09e-06,2.13e-06,2.09e-06,2.13e-06,34099.2132895
2020-01-02,2.13e-06,2.16e-06,2.09e-06,2.16e-06,59284.13005867
2020-01-03,2.16e-06,2.21e-06,2.03e-06,2.16e-06,116549.61879199
2020-01-04,2.16e-06,2.2e-06,2.08e-06,2.17e-06,13579.87898826
2020-01-05,2.2e-06,2.36e-06,2.13e-06,2.36e-06,74896.25723476
2020-01-06,2.31e-06,2.46e-06,2.2e-06,2.39e-06,51833.93055949
2020-01-07,2.43e-06,2.47e-06,2.35e-06,2.42e-06,57282.86214193
2020-01-08,2.42e-06,2.44e-06,2.22e-06,2.39e-06,44030.30870143
2020-01-09,2.39e-06,2.39e-06,2.26e-06,2.34e-06,6528.61305785
2020-01-10,2.34e-06,2.46e-06,2.32e-06,2.39e-06,9267.92225976
2020-01-11,2.39e-06,2.45e-06,2.15e-06,2.26e-06,78574.12101005
2020-01-12,2.36e-06,2.44e-06,2.33e-06,2.37e-06,8522.16955552
2020-01-13,2.37e-06,2.43e-06,2.37e-06,2.39e-06,24274.20749844
2020-01-14,2.37e-06,2.47e-06,2.35e-06,2.4e-06,83192.5430222
2020-01-15,2.45e-06,2.46e-06,2.36e-06,2.46e-06,36419.54670983
2020-01-16,2.39e-06,2.47e-06,2.27e-06,2.39e-06,93070.22048077
2020-01-17,2.3e-06,2.41e-06,2.14e-06,2.28e-06,203419.30793194
2020-01-18,2.29e-06,2.4e-06,2.14e-06,2.38e-06,478398.76317735
2020-01-19,2.34e-06,2.44e-06,2.34e-06,2.44e-06,6930.06649219
2020-01-20,2.44e-06,2.49e-06,2.31e-06,2.42e-06,25468.56876414
2020-01-21,2.44e-06,2.61e-06,2.39e-06,2.56e-06,20149.64979258
2020-01-22,2.55e-06,2.65e-06,2.51e-06,2.57e-06,14450.73725876
2020-01-23,2.58e-06,2.65e-06,2.42e-06,2.53e-06,33710.80294001
2020-01-24,2.53e-06,2.53e-06,2.49e-06,2.52e-06,22021.79285
2020-01-25,2.52e-06,2.52e-06,1.72e-06,2.36e-06,1214265.92742737
2020-01-26,2.35e-06,2.4e-06,2.15e-06,2.33e-06,59175.88424386
2020-01-27,2.31e-06,2.41e-06,2.21e-06,2.31e-06,51335.16526652
2020-01-28,2.31e-06,2.31e-06,2e-06,2.16e-06,96208.74339558
2020-01-29,2.16e-06,2.16e-06,1.99e-06,2.13e-06,134630.4532281
2020-01-30,2.1e-06,2.16e-06,2e-06,2.1e-06,87956.39509003
2020-01-31,2.08e-06,2.15e-06,2.08e-06,2.08e-06,39659.950999
2020-02-01,2.08e-06,2.1e-06,1.91e-06,2.1e-06,179889.07867043
2020-02-02,2.06e-06,2.13e-06,1.99e-06,2.02e-06,246212.17773728
2020-02-03,2.02e-06,2.14e-06,2.02e-06,2.11e-06,65843.59026606
2020-02-04,2.11e-06,2.15e-06,1.98e-06,2.11e-06,63293.40591304
2020-02-05,2.11e-06,2.23e-06,2.02e-06,2.16e-06,146993.25302495
2020-02-06,2.16e-06,2.21e-06,1.9e-06,2.06e-06,259972.03226292
2020-02-07,2.06e-06,2.28e-06,2.06e-06,2.25e-06,117140.14727656
2020-02-08,2.25e-06,2.27e-06,2.2e-06,2.21e-06,25826.02366428
2020-02-09,2.22e-06,2.26e-06,2.14e-06,2.2e-06,76944.61596422
2020-02-10,2.19e-06,2.2e-06,2.18e-06,2.19e-06,19519.57844942
2020-02-11,2.19e-06,2.22e-06,1.7e-06,1.98e-06,1015078.36712512
2020-02-12,1.98e-06,2.14e-06,1.98e-06,2.12e-06,124404.30285724
2020-02-13,2.1e-06,2.15e-06,2.05e-06,2.07e-06,138085.28605232
2020-02-14,2.07e-06,2.08e-06,2.03e-06,2.08e-06,202189.04366019
2020-02-15,2.08e-06,2.21e-06,2.08e-06,2.2e-06,1520343.38025648
2020-02-16,2.2e-06,2.3e-06,2.06e-06,2.16e-06,206249.80000968
2020-02-17,2.15e-06,2.17e-06,2.06e-06,2.17e-06,261945.73531828
2020-02-18,2.17e-06,2.21e-06,2.15e-06,2.19e-06,80860.32220761
2020-02-19,2.17e-06,2.19e-06,2.04e-06,2.15e-06,137289.69472377
2020-02-20,2.15e-06,2.18e-06,2.03e-06,2.17e-06,36652.64023741
2020-02-21,2.18e-06,2.23e-06,2.18e-06,2.23e-06,28576.56490266
2020-02-22,2.23e-06,2.23e-06,2.21e-06,2.23e-06,1914.81484581
2020-02-23,2.23e-06,2.24e-06,2.17e-06,2.24e-06,17954.02014081
2020-02-24,2.24e-06,2.25e-06,2.21e-06,2.21e-06,10141.47140312
2020-02-25,2.23e-06,2.24e-06,2.14e-06,2.24e-06,18606.30971721
2020-02-26,2.21e-06,2.21e-06,1.93e-06,2.1e-06,50286.94235144
2020-02-27,2.08e-06,2.16e-06,2.08e-06,2.15e-06,9469.40551359
2020-02-28,2.14e-06,2.15e-06,2e-06,2.11e-06,14057.82769648
2020-02-29,2.1e-06,2.23e-06,2.1e-06,2.19e-06,31127.58490865
2020-03-01,2.2e-06,2.23e-06,2.2e-06,2.22e-06,17284.89185417
2020-03-02,2.22e-06,2.24e-06,2.21e-06,2.21e-06,3091.19817056
2020-03-03,2.23e-06,2.24e-06,2.14e-06,2.22e-06,126125.49696314
2020-03-04,2.24e-06,2.24e-06,2.17e-06,2.22e-06,26867.4318487
2020-03-05,2.22e-06,2.24e-06,2.21e-06,2.23e-06,6001.84252937
2020-03-06,2.24e-06,2.24e-06,2.17e-06,2.24e-06,22425.14418545
2020-03-07,2.24e-06,2.35e-06,2.21e-06,2.33e-06,279041.25769933
2020-03-08,2.29e-06,2.35e-06,2.13e-06,2.13e-06,69641.05954037
2020-03-09,2.12e-06,2.17e-06,2.1e-06,2.14e-06,10658.17830405
2020-03-10,2.15e-06,2.2e-06,2.14e-06,2.2e-06,3259.67290778
2020-03-11,2.2e-06,2.2e-06,2.03e-06,2.1e-06,14605.54500557
2020-03-12,2.08e-06,2.2e-06,1.93e-06,2.05e-06,151590.78137824
2020-03-13,2.05e-06,2.06e-06,1.72e-06,1.99e-06,265381.8281424
2020-03-14,1.98e-06,2.06e-06,1.96e-06,1.99e-06,42389.71824894
2020-03-15,2.01e-06,2.03e-06,1.98e-06,2.02e-06,63817.61229462
2020-03-16,2.02e-06,2.02e-06,1.88e-06,1.88e-06,14850.149754
2020-03-17,1.88e-06,1.94e-06,1.85e-06,1.9e-06,768702.74398025
2020-03-18,1.93e-06,1.93e-06,1.89e-06,1.91e-06,19932.955648
2020-03-19,1.93e-06,2.01e-06,1.91e-06,1.94e-06,230979.65343047
2020-03-20,1.94e-06,1.94e-06,1.77e-06,1.88e-06,98237.7534657
2020-03-21,1.87e-06,1.89e-06,1.5e-06,1.8e-06,302002.46661033
2020-03-22,1.77e-06,1.85e-06,1.61e-06,1.62e-06,343597.68617984
2020-03-23,1.68e-06,1.74e-06,1.63e-06,1.74e-06,7452.26566166
2020-03-24,1.7e-06,1.75e-06,1.61e-06,1.62e-06,9523.2708418
2020-03-25,1.63e-06,1.76e-06,1.62e-06,1.76e-06,47697.91458044
2020-03-26,1.68e-06,1.74e-06,1.6e-06,1.74e-06,38602.86975918
2020-03-27,1.66e-06,1.67e-06,1.48e-06,1.62e-06,256917.5460391
2020-03-28,1.62e-06,1.67e-06,1.56e-06,1.61e-06,20637.37540951
2020-03-29,1.61e-06,1.66e-06,1.57e-06,1.6e-06,20487.90281615
2020-03-30,1.61e-06,1.61e-06,1.53e-06,1.54e-06,188022.30766478
2020-03-31,1.54e-06,1.54e-06,1.53e-06,1.54e-06,9145.16799839
2020-04-01,1.54e-06,1.56e-06,1.51e-06,1.54e-06,73186.42931382
2020-04-02,1.53e-06,1.54e-06,1.44e-06,1.5e-06,90883.48983586
2020-04-03,1.47e-06,1.51e-06,1.45e-06,1.51e-06,42898.97306978
2020-04-04,1.52e-06,1.55e-06,1.49e-06,1.54e-06,19677.74338805
2020-04-05,1.54e-06,1.55e-06,1.54e-06,1.54e-06,22540.04493968
2020-04-06,1.54e-06,1.58e-06,1.52e-06,1.58e-06,292885.62705291
2020-04-07,1.56e-06,1.57e-06,1.49e-06,1.57e-06,14751.25906233
2020-04-08,1.54e-06,1.58e-06,1.47e-06,1.53e-06,292228.28449891
2020-04-09,1.54e-06,1.58e-06,1.47e-06,1.48e-06,129368.11031052
2020-04-10,1.52e-06,1.54e-06,1.44e-06,1.51e-06,16716.85849091
2020-04-11,1.51e-06,1.55e-06,1.45e-06,1.51e-06,19486.72080062
2020-04-12,1.48e-06,1.51e-06,1.35e-06,1.39e-06,124365.99108066
2020-04-13,1.39e-06,1.49e-06,1.37e-06,1.41e-06,47993.82047418
2020-04-14,1.45e-06,1.54e-06,1.43e-06,1.47e-06,27396.80680387
2020-04-15,1.47e-06,1.57e-06,1.47e-06,1.56e-06,50751.53698194
2020-04-16,1.53e-06,1.58e-06,1.5e-06,1.52e-06,104900.17676314
2020-04-17,1.52e-06,1.56e-06,1.5e-06,1.52e-06,6451.8615696
2020-04-18,1.52e-06,1.73e-06,1.52e-06,1.71e-06,124644.29563591
2020-04-19,1.7e-06,1.89e-06,1.58e-06,1.72e-06,104887.12069665
2020-04-20,1.72e-06,1.72e-06,1.6e-06,1.67e-06,8509.28882739
2020-04-21,1.67e-06,1.81e-06,1.47e-06,1.51e-06,70696.40713588
2020-04-22,1.51e-06,1.64e-06,1.5e-06,1.5e-06,99872.6100261
2020-04-23,1.53e-06,1.55e-06,1.45e-06,1.46e-06,78440.37090399
2020-04-24,1.48e-06,1.51e-06,1.4e-06,1.51e-06,79626.64661603
2020-04-25,1.51e-06,1.52e-06,1.41e-06,1.52e-06,11819.62456145
2020-04-26,1.44e-06,1.52e-06,1.43e-06,1.44e-06,47632.39879882
2020-04-27,1.47e-06,1.5e-06,1.35e-06,1.4e-06,129960.13571936
2020-04-28,1.4e-06,1.49e-06,1.36e-06,1.48e-06,65109.97799223
2020-04-29,1.47e-06,1.47e-06,1.22e-06,1.36e-06,99588.03665453
2020-04-30,1.36e-06,1.37e-06,1.22e-06,1.33e-06,91357.25547993
2020-05-01,1.35e-06,1.41e-06,1.33e-06,1.35e-06,25230.81927191
2020-05-02,1.37e-06,1.39e-06,1.36e-06,1.36e-06,1373.0504744
2020-05-03,1.37e-06,1.42e-06,1.33e-06,1.35e-06,10080.00424379
2020-05-04,1.35e-06,1.38e-06,1.25e-06,1.33e-06,21566.92850866
2020-05-05,1.34e-06,1.35e-06,1.28e-06,1.31e-06,17072.00398982
2020-05-06,1.3e-06,1.31e-06,1.25e-06,1.27e-06,39067.25155605
2020-05-07,1.26e-06,1.28e-06,1.14e-06,1.2e-06,77144.65989633
2020-05-08,1.18e-06,1.33e-06,1.12e-06,1.31e-06,195604.45258617
2020-05-09,1.31e-06,1.36e-06,1.25e-06,1.28e-06,33275.78505306
2020-05-10,1.31e-06,1.36e-06,1.2e-06,1.24e-06,32420.0637625
2020-05-11,1.23e-06,1.24e-06,8e-07,9.3e-07,680698.60744079
2020-05-12,9.3e-07,1.03e-06,8.7e-07,9.4e-07,2407754.13424478
2020-05-13,9.5e-07,9.5e-07,6.5e-07,7e-07,970943.14172855
2020-05-14,7e-07,7.1e-07,5.1e-07,6.3e-07,1315864.34736731
2020-05-15,6.3e-07,7.2e-07,5.9e-07,7e-07,221650.78159
2020-05-16,7e-07,1.05e-06,6.9e-07,8.4e-07,1312234.60864953
2020-05-17,8.5e-07,1.05e-06,8e-07,8.4e-07,462193.66351024
2020-05-18,8.4e-07,8.5e-07,7.9e-07,8.5e-07,79989.74730777
2020-05-19,8.5e-07,8.8e-07,7.9e-07,7.9e-07,90403.96822376
2020-05-20,8.2e-07,8.6e-07,7.8e-07,8.4e-07,80173.39468019
2020-05-21,8.4e-07,8.6e-07,7.9e-07,8.2e-07,70979.92835465
2020-05-22,8.2e-07,9.7e-07,8e-07,9.2e-07,169278.25694227
2020-05-23,9.1e-07,9.4e-07,8.6e-07,9.2e-07,65470.32038128
2020-05-24,9.2e-07,9.4e-07,8.9e-07,9.2e-07,20329.20721148
2020-05-25,9.1e-07,9.3e-07,8e-07,9.1e-07,179640.82122211
2020-05-26,9.2e-07,9.3e-07,8.7e-07,9.2e-07,37074.66722772
2020-05-27,9.1e-07,9.2e-07,8.8e-07,9e-07,61394.05133379
2020-05-28,8.9e-07,9.1e-07,8.6e-07,8.6e-07,23082.43528662
2020-05-29,8.8e-07,9e-07,8.8e-07,9e-07,11118.8070129
2020-05-30,8.8e-07,1.01e-06,8.7e-07,9.3e-07,198941.1830033
2020-05-31,9.3e-07,1.01e-06,9.3e-07,9.7e-07,74973.43471954
2020-06-01,9.6e-07,1e-06,9.3e-07,9.3e-07,63197.08107698
2020-06-02,9.4e-07,1.15e-06,9.3e-07,1.06e-06,140000.14177491
2020-06-03,1.06e-06,1.19e-06,9.8e-07,1.09e-06,211323.42599741
2020-06-04,1.09e-06,1.21e-06,1.08e-06,1.18e-06,345715.95639284
2020-06-05,1.18e-06,1.34e-06,1.17e-06,1.21e-06,177334.99061658
2020-06-06,1.21e-06,1.4e-06,1.21e-06,1.35e-06,169040.31884445
2020-06-07,1.32e-06,1.43e-06,1.2e-06,1.27e-06,150737.17036654
2020-06-08,1.3e-06,1.33e-06,1.26e-06,1.26e-06,11882.36823349
2020-06-09,1.25e-06,1.26e-06,1.15e-06,1.26e-06,34149.72379846
2020-06-10,1.29e-06,1.53e-06,1.15e-06,1.41e-06,1021552.80972065
2020-06-11,1.49e-06,1.65e-06,1.46e-06,1.54e-06,355803.67469556
2020-06-12,1.55e-06,1.73e-06,1.5e-06,1.73e-06,97133.07950646
2020-06-13,1.68e-06,1.82e-06,1.56e-06,1.72e-06,110600.68160578
2020-06-14,1.77e-06,1.85e-06,1.51e-06,1.64e-06,641344.20948049
2020-06-15,1.65e-06,1.72e-06,1.6e-06,1.66e-06,131293.11845706
2020-06-16,1.67e-06,1.74e-06,1.65e-06,1.73e-06,15040.79912853
2020-06-17,1.68e-06,1.76e-06,1.66e-06,1.66e-06,11538.843843
2020-06-18,1.71e-06,1.85e-06,1.7e-06,1.71e-06,112814.69042442
2020-06-19,1.74e-06,2e-06,1.74e-06,1.79e-06,562947.07203979
2020-06-20,1.84e-06,1.85e-06,1.77e-06,1.85e-06,10016.820785
2020-06-21,1.85e-06,1.97e-06,1.78e-06,1.89e-06,40517.03916177
2020-06-22,1.84e-06,2e-06,1.7e-06,1.84e-06,221316.01369044
2020-06-23,1.84e-06,1.87e-06,1.81e-06,1.83e-06,6545.47048907
2020-06-24,1.83e-06,1.99e-06,1.83e-06,1.9e-06,26695.36279416
2020-06-25,1.91e-06,1.95e-06,1.77e-06,1.87e-06,7489.94786651
2020-06-26,1.9e-06,1.91e-06,1.75e-06,1.91e-06,11429.84802097
2020-06-27,1.86e-06,1.86e-06,1.8e-06,1.81e-06,640.37663946
2020-06-28,1.85e-06,2e-06,1.85e-06,1.92e-06,23256.4103328
2020-06-29,1.91e-06,1.91e-06,1.77e-06,1.77e-06,3488.66018998
2020-06-30,1.81e-06,1.9e-06,1.4e-06,1.8e-06,75104.37134373
2020-07-01,1.8e-06,1.85e-06,1.75e-06,1.85e-06,249270.64233392
2020-07-02,1.85e-06,1.9e-06,1.52e-06,1.76e-06,51615.51499948
2020-07-03,1.77e-06,1.91e-06,1.76e-06,1.84e-06,26640.96853303
2020-07-04,1.83e-06,1.92e-06,1.81e-06,1.87e-06,46789.41774835
2020-07-05,1.87e-06,1.88e-06,1.87e-06,1.88e-06,2263.96542228
2020-07-06,1.9e-06,2e-06,1.85e-06,1.95e-06,220685.152711
2020-07-07,1.95e-06,2.05e-06,1.93e-06,1.93e-06,201084.21884265
2020-07-08,1.97e-06,2.1e-06,1.9e-06,2.04e-06,45704.75066043
2020-07-09,2.04e-06,2.14e-06,2e-06,2.11e-06,149345.8241142
2020-07-10,2.1e-06,2.16e-06,1.95e-06,2.03e-06,22637.70273846
2020-07-11,2.04e-06,2.13e-06,1.95e-06,2.09e-06,17936.03469048
2020-07-12,2.09e-06,2.37e-06,2.08e-06,2.21e-06,376690.08665939
2020-07-13,2.19e-06,2.31e-06,2.11e-06,2.26e-06,85096.86338512
2020-07-14,2.26e-06,2.26e-06,2.14e-06,2.22e-06,2273.86645664
2020-07-15,2.22e-06,2.24e-06,2.14e-06,2.22e-06,8673.03306751
2020-07-16,2.17e-06,2.17e-06,2.1e-06,2.1e-06,711.28810935
2020-07-17,2.11e-06,2.11e-06,2.08e-06,2.1e-06,22647.76158712
2020-07-18,2.09e-06,2.2e-06,2.05e-06,2.14e-06,13108.29355518
2020-07-19,2.18e-06,2.2e-06,2.04e-06,2.09e-06,4387.65216127
2020-07-20,2.2e-06,2.2e-06,2e-06,2.1e-06,9446.81760689
2020-07-21,2.09e-06,2.15e-06,1.96e-06,2.14e-06,16238.58527746
2020-07-22,2.08e-06,2.08e-06,2.01e-06,2.01e-06,1483.42834159
2020-07-23,2.05e-06,2.06e-06,2.03e-06,2.03e-06,1499.32984054
2020-07-24,2.02e-06,2.02e-06,1.65e-06,1.93e-06,137484.72396276
2020-07-25,1.9e-06,1.93e-06,1.87e-06,1.93e-06,7173.47978064
2020-07-26,1.94e-06,1.94e-06,1.5e-06,1.69e-06,171992.25497539
2020-07-27,1.7e-06,1.7e-06,1.35e-06,1.46e-06,101681.00419657
2020-07-28,1.47e-06,1.5e-06,1.34e-06,1.45e-06,50772.40678546
2020-07-29,1.45e-06,1.5e-06,1.35e-06,1.5e-06,8467.45850833
2020-07-30,1.41e-06,1.49e-06,1.41e-06,1.42e-06,3415.66458983
2020-07-31,1.48e-06,1.67e-06,1.48e-06,1.54e-06,39641.95238685
2020-08-01,1.54e-06,1.91e-06,1.45e-06,1.75e-06,87817.32777749
2020-08-02,1.75e-06,1.9e-06,1.7e-06,1.73e-06,87924.11129551
2020-08-03,1.75e-06,2.02e-06,1.75e-06,1.81e-06,67425.50255953
2020-08-04,1.86e-06,2e-06,1.78e-06,1.94e-06,141224.42904824
2020-08-05,1.97e-06,2e-06,1.95e-06,1.97e-06,212103.27601003
2020-08-06,1.96e-06,2.02e-06,1.96e-06,2e-06,9759.83783878
2020-08-07,1.97e-06,1.97e-06,1.94e-06,1.97e-06,996.08952905
2020-08-08,1.98e-06,2e-06,1.79e-06,1.96e-06,54051.61841371
2020-08-09,1.97e-06,2.2e-06,1.88e-06,2.04e-06,239712.11498034
2020-08-10,2.06e-06,2.3e-06,1.96e-06,2.26e-06,167704.76082456
2020-08-11,2.25e-06,2.37e-06,2.22e-06,2.25e-06,64559.89242909
2020-08-12,2.24e-06,2.39e-06,2.24e-06,2.3e-06,190275.2755942
2020-08-13,2.29e-06,2.75e-06,2.29e-06,2.62e-06,361380.54357917
2020-08-14,2.6e-06,3.4e-06,2.54e-06,3.22e-06,208642.61495444
2020-08-15,3.28e-06,3.43e-06,2.73e-06,2.95e-06,99028.12507056
2020-08-16,2.99e-06,3.43e-06,2.51e-06,3.14e-06,108983.90634234
2020-08-17,3.15e-06,3.61e-06,3.07e-06,3.61e-06,301082.11309806
2020-08-18,3.61e-06,4.63e-06,6.8e-07,2.8e-06,3399155.75258467
2020-08-19,2.89e-06,3.19e-06,2.5e-06,3.02e-06,362603.97289083
2020-08-20,2.98e-06,3.47e-06,2.97e-06,3.25e-06,243699.74337633
2020-08-21,3.18e-06,3.25e-06,2.75e-06,2.96e-06,233015.14093776
2020-08-22,2.96e-06,3.26e-06,2.74e-06,3e-06,172199.86186886
2020-08-23,3.03e-06,3.26e-06,2.76e-06,3.16e-06,118678.21395318
2020-08-24,3.16e-06,4.18e-06,3.1e-06,3.8e-06,125007.53384317
2020-08-25,3.76e-06,3.83e-06,3.48e-06,3.51e-06,97859.07038691
2020-08-26,3.51e-06,4.5e-06,3.5e-06,4.02e-06,114715.73707604
2020-08-27,4.04e-06,4.29e-06,3.98e-06,4.07e-06,33541.01404968
2020-08-28,4.06e-06,4.95e-06,4.06e-06,4.74e-06,224120.12135357
2020-08-29,4.72e-06,4.95e-06,3.5e-06,4.08e-06,230577.45823611
2020-08-30,4.08e-06,4.46e-06,4.05e-06,4.46e-06,16272.82325975
2020-08-31,4.45e-06,5.96e-06,4.35e-06,5.56e-06,342444.19314186
2020-09-01,5.55e-06,6.5e-06,5.55e-06,5.64e-06,194793.05429974
2020-09-02,5.55e-06,6.18e-06,4e-06,5.04e-06,454591.10213118
2020-09-03,5.04e-06,5.04e-06,4e-06,4.22e-06,71063.307249
2020-09-04,4.13e-06,4.59e-06,4.01e-06,4.52e-06,24207.07383576
2020-09-05,4.55e-06,9.46e-06,3.95e-06,4.7e-06,536045.15110537
2020-09-06,4.75e-06,4.97e-06,3.9e-06,3.99e-06,74792.1506959
2020-09-07,3.99e-06,4.79e-06,3.5e-06,3.92e-06,277637.33135667
2020-09-08,3.96e-06,4e-06,3.04e-06,3.34e-06,214093.19349066
2020-09-09,3.35e-06,3.49e-06,3.33e-06,3.49e-06,17539.67921052
2020-09-10,3.46e-06,4.79e-06,3.46e-06,3.99e-06,256823.6528071
2020-09-11,3.99e-06,4.59e-06,3.1e-06,3.74e-06,405672.40320452
2020-09-12,3.73e-06,3.74e-06,3.24e-06,3.63e-06,62001.45572073
2020-09-13,3.63e-06,3.63e-06,3.45e-06,3.45e-06,17260.39108644
2020-09-14,3.47e-06,3.47e-06,3.25e-06,3.33e-06,31002.27848234
2020-09-15,3.37e-06,3.64e-06,2.89e-06,3e-06,108300.60284394
2020-09-16,3e-06,3.09e-06,2.81e-06,2.97e-06,48673.90284442
2020-09-17,2.97e-06,2.97e-06,2.96e-06,2.96e-06,1128.72864133
2020-09-18,2.96e-06,2.96e-06,2.9e-06,2.9e-06,27983.25652012
2020-09-19,2.9e-06,2.91e-06,2.88e-06,2.88e-06,5358.55983769
2020-09-20,2.87e-06,2.87e-06,2.86e-06,2.87e-06,322.00841108
2020-09-21,2.84e-06,2.9e-06,2.7e-06,2.87e-06,24976.67235638
2020-09-22,2.81e-06,2.81e-06,2.78e-06,2.78e-06,453.31434472
2020-09-23,2.8e-06,3e-06,2.57e-06,2.86e-06,139008.68580984
2020-09-24,2.81e-06,3.04e-06,2.65e-06,2.91e-06,292389.2308195
2020-09-25,2.87e-06,3.28e-06,2.71e-06,2.94e-06,97511.87397845
2020-09-26,2.9e-06,2.9e-06,2.63e-06,2.69e-06,93732.57772456
2020-09-27,2.75e-06,3.28e-06,2.63e-06,2.97e-06,139736.08103219
2020-09-28,2.97e-06,3.1e-06,2.85e-06,2.97e-06,72053.56408592
2020-09-29,2.97e-06,3.1e-06,2.53e-06,2.65e-06,129838.08571551
2020-09-30,2.66e-06,2.88e-06,2.55e-06,2.84e-06,41618.98292311
2020-10-01,2.84e-06,2.84e-06,2.53e-06,2.62e-06,10056.90092636
2020-10-02,2.62e-06,2.62e-06,2.6e-06,2.6e-06,690.7231253
2020-10-03,2.61e-06,2.65e-06,2.61e-06,2.65e-06,785.77921659
2020-10-04,2.65e-06,2.65e-06,2.61e-06,2.61e-06,233.0869868
2020-10-05,2.64e-06,2.68e-06,2.61e-06,2.68e-06,9905.67055504
2020-10-06,2.68e-06,2.68e-06,2.46e-06,2.56e-06,25240.7761476
2020-10-07,2.56e-06,2.56e-06,2.4e-06,2.47e-06,13360.26301193
2020-10-08,2.47e-06,2.47e-06,2.47e-06,2.47e-06,1345.90420258
2020-10-09,2.5e-06,2.5e-06,2.25e-06,2.4e-06,34303.61866346
2020-10-10,2.4e-06,2.7e-06,2.23e-06,2.53e-06,69498.42249126
2020-10-11,2.5e-06,2.7e-06,2.4e-06,2.69e-06,74370.10925152
2020-10-12,2.65e-06,2.65e-06,2.6e-06,2.64e-06,7677.09603991
2020-10-13,2.6e-06,2.65e-06,2.6e-06,2.6e-06,4269.99522433
2020-10-14,2.65e-06,2.65e-06,2.65e-06,2.65e-06,2247.8539954
2020-10-15,2.67e-06,2.67e-06,2.67e-06,2.67e-06,1397.80829283
2020-10-16,2.67e-06,2.67e-06,2.57e-06,2.61e-06,4367.62873973
2020-10-17,2.57e-06,2.57e-06,2.57e-06,2.57e-06,88.10326651
2020-10-18,2.57e-06,2.57e-06,2.51e-06,2.51e-06,3000.0
2020-10-19,2.55e-06,2.59e-06,2.55e-06,2.57e-06,6704.49031827
2020-10-20,2.57e-06,2.57e-06,2.09e-06,2.18e-06,98592.15187678
2020-10-21,2.19e-06,2.19e-06,2.03e-06,2.08e-06,24392.64009095
2020-10-22,2.09e-06,2.2e-06,1.85e-06,1.97e-06,67836.33023217
2020-10-23,2.01e-06,2.01e-06,1.51e-06,1.66e-06,109361.63499352
2020-10-24,1.7e-06,1.77e-06,1.6e-06,1.64e-06,29378.70802982
2020-10-25,1.66e-06,1.67e-06,1.56e-06,1.63e-06,14571.44598151
2020-10-26,1.6e-06,1.6e-06,1.5e-06,1.55e-06,7324.21275235
2020-10-27,1.53e-06,1.54e-06,1.5e-06,1.5e-06,1980.26132946
2020-10-28,1.5e-06,1.63e-06,1.44e-06,1.47e-06,31786.59109749
2020-10-29,1.53e-06,1.75e-06,1.48e-06,1.58e-06,56980.18274044
2020-10-30,1.52e-06,1.58e-06,1.49e-06,1.5e-06,11477.65560918
2020-10-31,1.5e-06,1.51e-06,1.47e-06,1.5e-06,2360.99094109
2020-11-01,1.46e-06,1.46e-06,1.4e-06,1.4e-06,9670.19590376
2020-11-02,1.43e-06,1.46e-06,1.4e-06,1.43e-06,5208.68069818
2020-11-03,1.43e-06,1.49e-06,1.3e-06,1.39e-06,15407.55211147
2020-11-04,1.4e-06,1.42e-06,1.23e-06,1.4e-06,10556.21145736
2020-11-05,1.41e-06,1.45e-06,1.09e-06,1.31e-06,57279.14998815
2020-11-06,1.31e-06,1.38e-06,1.22e-06,1.37e-06,14429.8980205
2020-11-07,1.35e-06,1.39e-06,1.1e-06,1.33e-06,92718.47843925
2020-11-08,1.34e-06,1.34e-06,1.21e-06,1.26e-06,28612.31629571
2020-11-09,1.27e-06,1.33e-06,1.03e-06,1.1e-06,214680.54494902
2020-11-10,1.1e-06,1.1e-06,1e-06,1e-06,465272.25461548
2020-11-11,1.08e-06,1.09e-06,1e-06,1.05e-06,172995.84919097
2020-11-12,1.05e-06,1.05e-06,1e-06,1.02e-06,137286.40378161
2020-11-13,1.02e-06,1.13e-06,1e-06,1.05e-06,247645.35928648
2020-11-14,1.05e-06,1.05e-06,1.04e-06,1.04e-06,925.54949048
2020-11-15,1.04e-06,1.26e-06,1.04e-06,1.13e-06,111898.28625565
2020-11-16,1.14e-06,1.14e-06,1.12e-06,1.12e-06,1437.62715835
2020-11-17,1.13e-06,1.13e-06,1.12e-06,1.12e-06,3712.12279895
2020-11-18,1.12e-06,1.12e-06,1.04e-06,1.07e-06,60299.42902833
2020-11-19,1.07e-06,2.24e-06,1.07e-06,1.64e-06,932062.5911636
2020-11-20,1.71e-06,1.82e-06,1.57e-06,1.6e-06,87621.03235498
2020-11-21,1.59e-06,2e-06,1.58e-06,1.78e-06,71899.14538608
2020-11-22,1.78e-06,1.98e-06,1.76e-06,1.84e-06,11937.10028262
2020-11-23,1.84e-06,1.84e-06,1.84e-06,1.84e-06,605.50561139
2020-11-24,1.88e-06,2.04e-06,1.88e-06,1.9e-06,46266.30365855
2020-11-25,1.95e-06,2.1e-06,1.88e-06,1.9e-06,12699.03440242
2020-11-26,1.95e-06,1.95e-06,1.89e-06,1.93e-06,7655.68494896
2020-11-27,1.87e-06,1.93e-06,1.55e-06,1.64e-06,129563.09825624
2020-11-28,1.64e-06,1.72e-06,1.59e-06,1.67e-06,34172.23774059
2020-11-29,1.67e-06,1.67e-06,1.6e-06,1.6e-06,1512.28015809
2020-11-30,1.61e-06,1.61e-06,1.41e-06,1.48e-06,221008.77301354
2020-12-01,1.48e-06,1.54e-06,1.45e-06,1.51e-06,107842.85515519
2020-12-02,1.51e-06,1.58e-06,1.39e-06,1.39e-06,189864.44973304
2020-12-03,1.4e-06,1.4e-06,1.29e-06,1.38e-06,383663.27614767
2020-12-04,1.38e-06,1.47e-06,1.05e-06,1.2e-06,253794.89109216
2020-12-05,1.25e-06,1.26e-06,1.19e-06,1.21e-06,15735.02176033
2020-12-06,1.22e-06,1.23e-06,1.16e-06,1.22e-06,16380.73454027
2020-12-07,1.19e-06,1.19e-06,1.05e-06,1.14e-06,229859.52864596
2020-12-08,1.14e-06,1.16e-06,1.13e-06,1.14e-06,581370.49185202
2020-12-09,1.14e-06,1.18e-06,1.1e-06,1.1e-06,485717.51449775
2020-12-10,1.1e-06,1.1e-06,9.5e-07,1.05e-06,352150.27652432
2020-12-11,1.03e-06,1.05e-06,9.4e-07,1.05e-06,112446.96311276
2020-12-12,1.05e-06,1.07e-06,9.1e-07,1e-06,86517.64851955
2020-12-13,1e-06,1.01e-06,8.8e-07,9.9e-07,73537.02716559
2020-12-14,9.6e-07,9.9e-07,9e-07,9.7e-07,67296.83119094
2020-12-15,9.7e-07,1e-06,9e-07,9.2e-07,230521.88157517
2020-12-16,9.3e-07,9.3e-07,8.8e-07,9.3e-07,526041.89914004
2020-12-17,9e-07,9.1e-07,5.9e-07,7.5e-07,788066.38744208
2020-12-18,7.5e-07,7.6e-07,7.2e-07,7.3e-07,88578.69835639
2020-12-19,7.3e-07,7.6e-07,6.6e-07,7.2e-07,76654.79356754
2020-12-20,7.1e-07,7.2e-07,6.7e-07,7.1e-07,23186.73343144
2020-12-21,7.2e-07,7.2e-07,6.7e-07,6.7e-07,28327.28803715
2020-12-22,6.8e-07,6.9e-07,6.7e-07,6.7e-07,9091.62814103
2020-12-23,6.6e-07,6.7e-07,5.1e-07,5.9e-07,196128.08531348
2020-12-24,6e-07,6.4e-07,5.8e-07,6.2e-07,81912.98518197
2020-12-25,5.9e-07,5.9e-07,5.8e-07,5.8e-07,2801.28905604
2020-12-26,5.7e-07,5.9e-07,5.7e-07,5.9e-07,5547.51895549
2020-12-27,5.8e-07,6e-07,5.5e-07,6e-07,21627.67960218
2020-12-28,6e-07,9.8e-07,6e-07,8.5e-07,152793.59436611
2020-12-29,8.5e-07,9.9e-07,8.1e-07,8.6e-07,136194.21572307
2020-12-30,8.4e-07,9.3e-07,7.7e-07,7.8e-07,85629.799141
2020-12-31,7.8e-07,8.2e-07,7.5e-07,7.5e-07,9760.52653844
2021-01-01,7.6e-07,7.8e-07,6.1e-07,6.9e-07,31558.86857782
2021-01-02,6.9e-07,7.3e-07,5.5e-07,5.8e-07,179024.98396259
2021-01-03,6.1e-07,6.5e-07,5e-07,5.7e-07,34589.50050849
2021-01-04,5.8e-07,6.4e-07,5.8e-07,6.1e-07,19971.83305783
2021-01-05,6e-07,6e-07,5e-07,5.8e-07,87167.05214865
2021-01-06,5.8e-07,6.1e-07,4.9e-07,6.1e-07,51504.82684174
2021-01-07,5.8e-07,6.3e-07,3.9e-07,5.2e-07,232721.76829552
2021-01-08,5e-07,5.4e-07,4.5e-07,4.9e-07,11615.92134374
2021-01-09,4.7e-07,5e-07,4.6e-07,5e-07,9636.14694392
2021-01-10,4.9e-07,5.1e-07,4.9e-07,5.1e-07,18868.03293804
2021-01-11,5.2e-07,5.4e-07,5e-07,5.3e-07,22661.62172352
2021-01-12,5.3e-07,5.6e-07,5.1e-07,5.5e-07,17690.53420814
2021-01-13,5.5e-07,7e-07,5.5e-07,6.1e-07,58842.90227741
2021-01-14,6.1e-07,6.5e-07,5.7e-07,5.8e-07,71509.36715445
2021-01-15,5.8e-07,6.9e-07,5.8e-07,6.1e-07,50103.51805089
2021-01-16,6.1e-07,7.4e-07,6.1e-07,6.6e-07,83190.3097573
2021-01-17,6.6e-07,6.8e-07,6e-07,6.6e-07,51187.58343736
2021-01-18,6.4e-07,6.9e-07,6.2e-07,6.4e-07,11537.47424164
2021-01-19,6.4e-07,6.7e-07,6.1e-07,6.3e-07,23085.79596407
2021-01-20,6.5e-07,6.6e-07,6.2e-07,6.2e-07,8398.10742436
2021-01-21,6.3e-07,8.8e-07,6.3e-07,7.2e-07,122159.54976803
2021-01-22,7.2e-07,7.3e-07,6.2e-07,6.3e-07,56463.4166466
2021-01-23,6.5e-07,7.4e-07,6.1e-07,7.4e-07,55622.67223754
2021-01-24,7.1e-07,8.2e-07,7e-07,8e-07,23809.56692548
2021-01-25,8.3e-07,8.3e-07,7.9e-07,7.9e-07,1865.64679712
2021-01-26,7.8e-07,7.8e-07,7.2e-07,7.5e-07,2514.89497308
2021-01-27,7.5e-07,8.1e-07,7.4e-07,7.6e-07,5491.93283477
2021-01-28,7.4e-07,8.2e-07,7.1e-07,7.8e-07,7669.5433335
2021-01-29,7.8e-07,7.8e-07,5.4e-07,6.7e-07,135577.16696603
2021-01-30,6.7e-07,6.8e-07,6.6e-07,6.6e-07,36396.94002671
2021-01-31,6.6e-07,7.3e-07,6.3e-07,7e-07,150042.51296454
2021-02-01,6.9e-07,6.9e-07,5.5e-07,6.7e-07,230168.20974767
2021-02-02,6.7e-07,6.7e-07,5.6e-07,6.1e-07,26940.59718071
2021-02-03,6.5e-07,6.5e-07,5.9e-07,6.4e-07,69037.91488563
2021-02-04,6.4e-07,6.4e-07,6.4e-07,6.4e-07,2000.0
2021-02-05,6.4e-07,7.4e-07,6.4e-07,7e-07,44482.57464866
2021-02-06,7e-07,7e-07,5.9e-07,6.4e-07,57000.06166028
2021-02-07,6.3e-07,6.5e-07,6.3e-07,6.4e-07,20183.02002128
2021-02-08,6.5e-07,8.2e-07,6.3e-07,7.4e-07,138386.41507216
2021-02-09,7.2e-07,8.3e-07,5.8e-07,7.6e-07,325060.25525354
2021-02-10,7.6e-07,7.8e-07,6.3e-07,7e-07,109957.26265502
2021-02-11,7.1e-07,7.9e-07,6.8e-07,7.8e-07,84140.66087853
2021-02-12,7.5e-07,9e-07,7.4e-07,8.4e-07,170169.26831444
2021-02-13,8.4e-07,1e-06,7.7e-07,8e-07,510310.99840077
2021-02-14,7.7e-07,8.9e-07,7.7e-07,8.9e-07,156735.62381486
2021-02-15,8.7e-07,8.7e-07,6.9e-07,8e-07,134827.52724603
2021-02-16,8.1e-07,8.1e-07,7.6e-07,7.9e-07,31491.16038269
2021-02-17,8e-07,1e-06,8e-07,1e-06,321072.0235669
2021-02-18,9.7e-07,1e-06,8.8e-07,9.5e-07,97925.65785753
2021-02-19,9.5e-07,9.7e-07,8.4e-07,8.8e-07,82812.16590724
2021-02-20,8.8e-07,9.1e-07,8.8e-07,8.8e-07,12718.03878841
2021-02-21,9e-07,9.1e-07,8.8e-07,9.1e-07,23586.7554159
2021-02-22,8.8e-07,9.3e-07,7e-07,8.1e-07,180431.12915595
2021-02-23,7.7e-07,8.2e-07,6.6e-07,7.6e-07,45583.56386172
2021-02-24,7.5e-07,7.6e-07,7.3e-07,7.6e-07,24283.46786972
2021-02-25,7.4e-07,7.6e-07,6.6e-07,7.3e-07,42265.38927569
2021-02-26,7.2e-07,7.2e-07,6.7e-07,7.1e-07,16178.90862333
2021-02-27,7.1e-07,7.1e-07,5.9e-07,6.6e-07,192043.10499473
2021-02-28,6.6e-07,6.6e-07,5.7e-07,6.5e-07,98204.18244087
2021-03-01,6.6e-07,6.6e-07,5.7e-07,6.5e-07,47080.55243555
2021-03-02,6.5e-07,7.9e-07,6e-07,7.2e-07,125346.83633829
2021-03-03,7.2e-07,8.2e-07,7e-07,7.6e-07,62894.79902877
2021-03-04,7.6e-07,7.8e-07,6.8e-07,7.1e-07,24321.32903492
2021-03-05,7.2e-07,9.5e-07,7e-07,8.8e-07,129596.97703036
2021-03-06,8.7e-07,1.91e-06,8.6e-07,1.91e-06,1632163.18995288
2021-03-07,1.91e-06,1.99e-06,1.27e-06,1.3e-06,198262.28331517
2021-03-08,1.3e-06,1.96e-06,1.28e-06,1.6e-06,210688.4232709
2021-03-09,1.6e-06,1.89e-06,1.38e-06,1.47e-06,186035.46239862
2021-03-10,1.5e-06,1.56e-06,1.2e-06,1.2e-06,160326.19051319
2021-03-11,1.22e-06,1.4e-06,1.14e-06,1.3e-06,112253.01725811
2021-03-12,1.31e-06,1.4e-06,1.14e-06,1.25e-06,30089.13499631
2021-03-13,1.25e-06,1.41e-06,8.4e-07,8.6e-07,214527.41345908
2021-03-14,8.4e-07,1.18e-06,8.1e-07,1.18e-06,166717.80170163
2021-03-15,1.08e-06,1.22e-06,1.07e-06,1.22e-06,66619.76376688
2021-03-16,1.16e-06,1.41e-06,1.08e-06,1.21e-06,34876.88405472
2021-03-17,1.23e-06,1.26e-06,1.1e-06,1.22e-06,92523.04130973
2021-03-18,1.23e-06,1.39e-06,1.15e-06,1.3e-06,333694.57486329
2021-03-19,1.28e-06,1.28e-06,1.15e-06,1.18e-06,22491.13730426
2021-03-20,1.22e-06,1.22e-06,1.19e-06,1.19e-06,4569.84628194
2021-03-21,1.19e-06,1.64e-06,1.19e-06,1.62e-06,135968.37875052
2021-03-22,1.59e-06,1.6e-06,1.45e-06,1.47e-06,34548.52395508
2021-03-23,1.47e-06,1.49e-06,1.3e-06,1.38e-06,56202.21081501
2021-03-24,1.4e-06,1.49e-06,1.29e-06,1.36e-06,24110.08972224
2021-03-25,1.36e-06,1.5e-06,1.22e-06,1.5e-06,304046.73641297
2021-03-26,1.5e-06,2.9e-06,1.45e-06,2.35e-06,948069.499918
2021-03-27,2.36e-06,2.48e-06,1.7e-06,1.97e-06,100166.58377318
2021-03-28,1.99e-06,2.57e-06,1.98e-06,2.35e-06,153856.51950781
2021-03-29,2.28e-06,2.42e-06,2.08e-06,2.23e-06,38848.02341135
2021-03-30,2.23e-06,2.23e-06,1.73e-06,2.05e-06,219501.6220092
2021-03-31,2.01e-06,2.01e-06,1.84e-06,1.96e-06,95250.90512503
2021-04-01,1.96e-06,2.04e-06,1.57e-06,1.8e-06,212130.1805081
2021-04-02,1.8e-06,2.08e-06,1.74e-06,1.93e-06,37507.55211617
2021-04-03,1.93e-06,1.93e-06,1.27e-06,1.58e-06,218239.59580408
2021-04-04,1.57e-06,1.6e-06,1.33e-06,1.42e-06,243375.27654518
2021-04-05,1.41e-06,1.6e-06,1.41e-06,1.52e-06,198343.06251581
2021-04-06,1.53e-06,1.75e-06,1.53e-06,1.68e-06,66692.22716722
2021-04-07,1.68e-06,1.7e-06,1.55e-06,1.61e-06,87797.69962047
2021-04-08,1.64e-06,1.76e-06,1.58e-06,1.74e-06,15292.83629676
2021-04-09,1.74e-06,1.74e-06,1.41e-06,1.54e-06,160386.45066773
2021-04-10,1.5e-06,1.57e-06,1.35e-06,1.44e-06,190985.33066288
2021-04-11,1.44e-06,1.46e-06,1.02e-06,1.37e-06,1226298.87969828
2021-04-12,1.33e-06,1.33e-06,1.19e-06,1.25e-06,261986.44535636
2021-04-13,1.25e-06,1.25e-06,1.12e-06,1.21e-06,92539.41335984
2021-04-14,1.21e-06,1.24e-06,1.12e-06,1.21e-06,33172.46854354
2021-04-15,1.21e-06,1.3e-06,1.18e-06,1.3e-06,30403.75417827
2021-04-16,1.3e-06,1.37e-06,1.3e-06,1.31e-06,61064.39865495
2021-04-17,1.3e-06,1.46e-06,1.3e-06,1.41e-06,63441.47576817
2021-04-18,1.4e-06,1.41e-06,1.26e-06,1.34e-06,123545.55763488
2021-04-19,1.27e-06,1.39e-06,1.27e-06,1.29e-06,59003.26141833
2021-04-20,1.29e-06,1.36e-06,1.23e-06,1.32e-06,104898.11190552
2021-04-21,1.31e-06,1.34e-06,1.29e-06,1.31e-06,6652.83990315
2021-04-22,1.31e-06,1.4e-06,1.29e-06,1.31e-06,64517.4141538
2021-04-23,1.3e-06,1.3e-06,1.06e-06,1.17e-06,91388.46015133
2021-04-24,1.17e-06,1.19e-06,1.06e-06,1.14e-06,28280.71422237
2021-04-25,1.12e-06,1.2e-06,1.06e-06,1.14e-06,21564.94351384
2021-04-26,1.14e-06,1.2e-06,1.02e-06,1.2e-06,150564.27092606
2021-04-27,1.18e-06,1.18e-06,9e-07,1.01e-06,521000.35005722
2021-04-28,1.02e-06,1.2e-06,9e-07,1.19e-06,184267.26244845
2021-04-29,1.19e-06,1.35e-06,1.15e-06,1.23e-06,88386.02274801
2021-04-30,1.27e-06,1.29e-06,1.23e-06,1.26e-06,18325.03581794
2021-05-01,1.26e-06,1.5e-06,1.26e-06,1.37e-06,49391.94406632
2021-05-02,1.37e-06,1.37e-06,1.26e-06,1.28e-06,76046.90945604
2021-05-03,1.29e-06,1.32e-06,1.26e-06,1.26e-06,16404.39393986
2021-05-04,1.26e-06,1.38e-06,1.26e-06,1.33e-06,24017.41645976
2021-05-05,1.36e-06,1.36e-06,1.26e-06,1.36e-06,35926.57436335
2021-05-06,1.36e-06,1.4e-06,1.31e-06,1.33e-06,175833.49498173
2021-05-07,1.39e-06,1.47e-06,1.36e-06,1.4e-06,90861.41721475
2021-05-08,1.43e-06,1.45e-06,1.22e-06,1.31e-06,53228.77931852
2021-05-09,1.3e-06,1.43e-06,1.22e-06,1.33e-06,214090.31685792
2021-05-10,1.36e-06,1.38e-06,1.3e-06,1.3e-06,400369.24730458
2021-05-11,1.3e-06,1.36e-06,1.26e-06,1.33e-06,25781.13809951
2021-05-12,1.33e-06,1.38e-06,1.33e-06,1.33e-06,324268.74263425
2021-05-13,1.34e-06,1.37e-06,1.32e-06,1.37e-06,25338.83564393
2021-05-14,1.35e-06,1.38e-06,1.35e-06,1.38e-06,215864.19729835
2021-05-15,1.36e-06,1.38e-06,1.34e-06,1.34e-06,206054.24910465
2021-05-16,1.37e-06,1.38e-06,1.29e-06,1.3e-06,133072.77670409
2021-05-17,1.34e-06,1.35e-06,1.25e-06,1.25e-06,43483.41326869
2021-05-18,1.26e-06,1.28e-06,1.19e-06,1.25e-06,40577.47575142
2021-05-19,1.27e-06,1.28e-06,1.09e-06,1.17e-06,43145.68113989
2021-05-20,1.12e-06,1.18e-06,7.9e-07,1.04e-06,265654.38735642
2021-05-21,1.07e-06,1.19e-06,1.07e-06,1.1e-06,31025.59690286
2021-05-22,1.1e-06,1.1e-06,9.6e-07,9.9e-07,41547.09166947
2021-05-23,1.02e-06,1.02e-06,9.1e-07,9.3e-07,67655.78257766
2021-05-24,9.2e-07,1.19e-06,8.8e-07,1.09e-06,130562.0392577
2021-05-25,1.1e-06,1.26e-06,1.07e-06,1.07e-06,95130.8014436
2021-05-26,1.13e-06,1.14e-06,1.08e-06,1.14e-06,4694.68534444
2021-05-27,1.14e-06,1.14e-06,1.13e-06,1.14e-06,6866.61064698
2021-05-28,1.13e-06,1.13e-06,9.5e-07,9.5e-07,51547.73931165
2021-05-29,1.05e-06,1.05e-06,9.5e-07,9.6e-07,67912.70959639
2021-05-30,9.6e-07,1.05e-06,9.1e-07,1.02e-06,23119.36605209
2021-05-31,1.01e-06,1.01e-06,9.9e-07,1e-06,1740.89753713
2021-06-01,9.9e-07,9.9e-07,9.9e-07,9.9e-07,203.03626325
2021-06-02,1e-06,1e-06,1e-06,1e-06,329.16495
2021-06-03,1e-06,1.05e-06,9.9e-07,1.02e-06,11551.04323387
2021-06-04,9.8e-07,1.03e-06,9.8e-07,1.03e-06,10195.89913735
2021-06-05,1.03e-06,1.03e-06,1.03e-06,1.03e-06,0.0
2021-06-06,1.03e-06,1.08e-06,9.9e-07,1.01e-06,42367.24448599
2021-06-07,1.04e-06,1.08e-06,1.02e-06,1.06e-06,941.18504013
2021-06-08,1.02e-06,1.02e-06,9.4e-07,9.9e-07,13168.06925567
2021-06-09,9.7e-07,1.12e-06,9.7e-07,1.02e-06,37994.30402575
2021-06-10,1.02e-06,1.02e-06,9.2e-07,9.8e-07,10350.2110858
2021-06-11,9.8e-07,9.8e-07,9.2e-07,9.2e-07,35568.96593885
2021-06-12,9.5e-07,9.5e-07,9.5e-07,9.5e-07,1342.43699623
2021-06-13,9.4e-07,9.4e-07,9.1e-07,9.1e-07,8233.43833438
2021-06-14,9.4e-07,1e-06,9.2e-07,9.7e-07,35253.49227552
2021-06-15,9.6e-07,1.02e-06,9.5e-07,1.02e-06,2089.0780292
2021-06-16,9.9e-07,9.9e-07,9.9e-07,9.9e-07,1441.6924499
2021-06-17,9.9e-07,1.03e-06,9.9e-07,1.02e-06,6389.03684513
2021-06-18,1.02e-06,1.02e-06,9.4e-07,9.4e-07,14742.13522187
2021-06-19,9.5e-07,1.02e-06,9.4e-07,9.8e-07,17942.53629839
2021-06-20,9.8e-07,1.02e-06,9.8e-07,1.02e-06,10761.22549019
2021-06-21,9.8e-07,9.8e-07,9e-07,9e-07,85970.6009937
2021-06-22,8.9e-07,8.9e-07,8.2e-07,8.2e-07,13272.53144847
2021-06-23,8.3e-07,9.2e-07,8.3e-07,9.2e-07,80429.1162094
2021-06-24,9.2e-07,9.3e-07,9.2e-07,9.3e-07,2637.94881103
2021-06-25,9.3e-07,9.3e-07,7.6e-07,8.6e-07,113194.06089617
2021-06-26,9e-07,9.9e-07,9e-07,9.4e-07,89450.76244486
2021-06-27,9.4e-07,9.4e-07,9.4e-07,9.4e-07,253.95076359
2021-06-28,9.3e-07,9.5e-07,9.3e-07,9.3e-07,815.77260393
2021-06-29,9.5e-07,1e-06,9.5e-07,9.7e-07,102716.2056342
2021-06-30,9.7e-07,9.7e-07,9e-07,9.4e-07,12857.45529756
2021-07-01,9.3e-07,9.8e-07,8.4e-07,9.6e-07,61788.98565941
2021-07-02,9.6e-07,9.6e-07,9.3e-07,9.4e-07,2684.9081905
2021-07-03,9.6e-07,1.09e-06,9.6e-07,1.02e-06,12213.13554159
2021-07-04,1.02e-06,1.02e-06,9.4e-07,9.9e-07,29075.41857614
2021-07-05,9.8e-07,1.05e-06,9.8e-07,1.05e-06,31872.69912216
2021-07-06,1.05e-06,1.05e-06,1.05e-06,1.05e-06,4966.7691697
2021-07-07,1.05e-06,1.07e-06,1.01e-06,1.07e-06,1648.64452249
2021-07-08,1.05e-06,1.06e-06,1.05e-06,1.06e-06,703.46658242
2021-07-09,1.06e-06,1.06e-06,1.06e-06,1.06e-06,0.0
2021-07-10,1.05e-06,1.05e-06,1.03e-06,1.03e-06,239.348495
2021-07-11,1.03e-06,1.03e-06,1.03e-06,1.03e-06,336.99029126
2021-07-12,1.03e-06,1.03e-06,1.03e-06,1.03e-06,5339.80582525
2021-07-13,1.03e-06,1.03e-06,1.03e-06,1.03e-06,147.75728155
2021-07-14,9.9e-07,9.9e-07,8e-07,9.4e-07,203259.53056371
2021-07-15,9.4e-07,9.4e-07,9.4e-07,9.4e-07,230.07231382
2021-07-16,9.1e-07,9.1e-07,9.1e-07,9.1e-07,154.05784553
2021-07-17,9.3e-07,9.3e-07,9e-07,9.2e-07,5468.49331811
2021-07-18,9e-07,9.1e-07,8.2e-07,8.8e-07,20291.80466036
2021-07-19,8.8e-07,8.8e-07,7.9e-07,8.4e-07,58407.4185783
2021-07-20,8e-07,8.1e-07,7.9e-07,8.1e-07,2457.56153198
2021-07-21,8e-07,8.2e-07,7.7e-07,8.2e-07,45098.75072962
2021-07-22,8.5e-07,9.4e-07,8.5e-07,9e-07,117475.70092259
2021-07-23,9e-07,9e-07,8.8e-07,8.8e-07,781.13619651
2021-07-24,9.3e-07,9.3e-07,9.3e-07,9.3e-07,555.74193548
2021-07-25,9.2e-07,9.8e-07,9.2e-07,9.8e-07,19260.52115507
2021-07-26,9.2e-07,9.7e-07,9.2e-07,9.2e-07,5291.01558126
2021-07-27,9.5e-07,9.6e-07,9.4e-07,9.4e-07,2190.33161891
2021-07-28,9.6e-07,9.6e-07,8.9e-07,8.9e-07,4761.85910319
2021-07-29,9e-07,9e-07,8.5e-07,8.5e-07,2042.24009121
2021-07-30,9e-07,9e-07,9e-07,9e-07,3300.29683531
2021-07-31,9.1e-07,9.2e-07,9e-07,9e-07,1555.78864612
2021-08-01,9.2e-07,9.8e-07,9.2e-07,9.8e-07,36204.56512448
2021-08-02,9.4e-07,1.03e-06,9.3e-07,9.9e-07,76700.00549561
2021-08-03,9.7e-07,9.9e-07,9.1e-07,9.6e-07,63815.04996207
2021-08-04,9.8e-07,9.8e-07,9.7e-07,9.7e-07,1304.42957925
2021-08-05,9.7e-07,1.03e-06,9.7e-07,1e-06,74965.68479398
2021-08-06,1e-06,1e-06,1e-06,1e-06,11323.07579404
2021-08-07,1e-06,1e-06,9.4e-07,9.8e-07,8398.53460134
2021-08-08,9.6e-07,9.6e-07,9.6e-07,9.6e-07,538.81418893
2021-08-09,9.6e-07,1.04e-06,9.4e-07,9.9e-07,47157.7539175
2021-08-10,1.01e-06,1.01e-06,1e-06,1e-06,2451.0303844
2021-08-11,1e-06,1e-06,9.8e-07,9.8e-07,1439.64129686
2021-08-12,9.9e-07,1e-06,9.3e-07,9.3e-07,10219.06129457
2021-08-13,9.7e-07,1.1e-06,9.6e-07,1.03e-06,50438.09095411
2021-08-14,1.08e-06,1.13e-06,1.05e-06,1.06e-06,174371.88353105
2021-08-15,1.08e-06,1.08e-06,1.08e-06,1.08e-06,141.70965277
2021-08-16,1.11e-06,1.11e-06,1.11e-06,1.11e-06,91.26675675
2021-08-17,1.11e-06,1.11e-06,9.6e-07,9.9e-07,76558.39897155
2021-08-18,9.9e-07,9.9e-07,9.8e-07,9.8e-07,12203.31211787
2021-08-19,9.7e-07,9.7e-07,7.6e-07,9.1e-07,48211.02022608
2021-08-20,9e-07,9e-07,8.6e-07,8.6e-07,8259.61842419
2021-08-21,8.6e-07,8.6e-07,8.5e-07,8.6e-07,4558.25906639
2021-08-22,8.5e-07,8.5e-07,8.4e-07,8.4e-07,6796.75505059
2021-08-23,8.5e-07,8.6e-07,8.4e-07,8.5e-07,5792.58997605
2021-08-24,8.5e-07,8.6e-07,8.5e-07,8.5e-07,78448.36988525
2021-08-25,8.4e-07,8.4e-07,8.3e-07,8.3e-07,454.85308847
2021-08-26,8.3e-07,8.3e-07,6.6e-07,7.3e-07,236404.24286694
2021-08-27,7.2e-07,7.6e-07,6.4e-07,7.5e-07,65648.2457112
2021-08-28,7.5e-07,7.5e-07,7.5e-07,7.5e-07,1361.36019486
2021-08-29,7.5e-07,7.5e-07,6.9e-07,6.9e-07,21255.48851692
2021-08-30,7.1e-07,7.1e-07,7.1e-07,7.1e-07,339.32492957
2021-08-31,7.1e-07,8.3e-07,7e-07,7.5e-07,97330.50279356
2021-09-01,7.7e-07,8.5e-07,7.5e-07,7.9e-07,20223.64934865
2021-09-02,8e-07,8.9e-07,7.9e-07,8e-07,89134.28613953
2021-09-03,8.1e-07,9.7e-07,8.1e-07,8.7e-07,53812.8487202
2021-09-04,9e-07,9e-07,9e-07,9e-07,2099.51841667
2021-09-05,8.7e-07,9e-07,8.7e-07,8.7e-07,7255.07625912
2021-09-06,9e-07,1.01e-06,8.7e-07,8.7e-07,143621.08058398
2021-09-07,8.7e-07,9.2e-07,8.6e-07,8.6e-07,10757.17852677
2021-09-08,8.7e-07,9.5e-07,8.7e-07,9e-07,34538.60506267
2021-09-09,9e-07,9e-07,9e-07,9e-07,0.0
2021-09-10,9.1e-07,1.05e-06,9.1e-07,9.8e-07,95818.84406794
2021-09-11,9.8e-07,1.28e-06,9.8e-07,1.24e-06,260685.35949074
2021-09-12,1.24e-06,1.36e-06,1.2e-06,1.26e-06,45452.9395057
2021-09-13,1.3e-06,1.36e-06,1.29e-06,1.36e-06,13784.82427956
2021-09-14,1.35e-06,1.38e-06,1.29e-06,1.38e-06,308145.13411741
2021-09-15,1.34e-06,1.87e-06,1.34e-06,1.78e-06,360754.43555296
2021-09-16,1.73e-06,1.77e-06,1.62e-06,1.68e-06,58774.91627375
2021-09-17,1.74e-06,1.74e-06,1.55e-06,1.56e-06,15572.94394892
