2021-03-29-01,7.46e-06,7.96e-06,7.46e-06,7.87e-06,99010.60581303
2021-03-29-02,7.93e-06,7.93e-06,7.46e-06,7.59e-06,83924.63353795
2021-03-29-03,7.58e-06,7.79e-06,7.5e-06,7.71e-06,87176.65592784
2021-03-29-04,7.78e-06,7.95e-06,7.66e-06,7.77e-06,25179.3231583
2021-03-29-05,7.77e-06,7.85e-06,7.66e-06,7.67e-06,19424.66539339
2021-03-29-06,7.67e-06,7.86e-06,7.61e-06,7.61e-06,85154.17754906
2021-03-29-07,7.61e-06,7.71e-06,7.55e-06,7.69e-06,26697.27792848
2021-03-29-08,7.73e-06,7.73e-06,7.51e-06,7.61e-06,28391.70886216
2021-03-29-09,7.52e-06,7.67e-06,7.51e-06,7.51e-06,19100.75040397
2021-03-29-10,7.51e-06,7.59e-06,7.46e-06,7.47e-06,25463.30480074
2021-03-29-11,7.47e-06,7.69e-06,7.47e-06,7.47e-06,54096.78706224
2021-03-29-12,7.47e-06,7.67e-06,7.37e-06,7.51e-06,59726.53189018
2021-03-29-13,7.5e-06,7.53e-06,7.35e-06,7.43e-06,122886.12111208
2021-03-29-14,7.45e-06,7.64e-06,7.34e-06,7.64e-06,78294.02609866
2021-03-29-15,7.64e-06,7.65e-06,7.4e-06,7.64e-06,41987.66272231
2021-03-29-16,7.64e-06,7.64e-06,7.4e-06,7.44e-06,42177.53442878
2021-03-29-17,7.46e-06,7.67e-06,7.42e-06,7.6e-06,16254.71129853
2021-03-29-18,7.6e-06,7.65e-06,7.46e-06,7.47e-06,27879.70380382
2021-03-29-19,7.54e-06,7.56e-06,7.25e-06,7.25e-06,70381.93012766
2021-03-29-20,7.3e-06,7.41e-06,6.98e-06,7.35e-06,100860.43923801
2021-03-29-21,7.25e-06,7.39e-06,7.18e-06,7.2e-06,25892.65495992
2021-03-29-22,7.26e-06,7.36e-06,7.09e-06,7.25e-06,70400.08944614
2021-03-29-23,7.25e-06,7.27e-06,7.09e-06,7.09e-06,73997.4957869
2021-03-30-00,7.09e-06,7.14e-06,6.98e-06,7.1e-06,49012.58334294
2021-03-30-01,7.1e-06,7.13e-06,6.75e-06,7.02e-06,151936.08633992
2021-03-30-02,7.08e-06,7.21e-06,7.01e-06,7.15e-06,75652.90246964
2021-03-30-03,7.15e-06,7.35e-06,7.04e-06,7.23e-06,80677.86929586
2021-03-30-04,7.24e-06,7.34e-06,7.1e-06,7.17e-06,92287.36834287
2021-03-30-05,7.11e-06,7.25e-06,7.1e-06,7.18e-06,21247.62913642
2021-03-30-06,7.11e-06,7.19e-06,7.01e-06,7.03e-06,58558.40394376
2021-03-30-07,7.03e-06,7.13e-06,6.85e-06,7.1e-06,120806.21225708
2021-03-30-08,7.1e-06,7.25e-06,7.06e-06,7.21e-06,54142.57584975
2021-03-30-09,7.21e-06,7.22e-06,7e-06,7.01e-06,88480.92853653
2021-03-30-10,7.01e-06,7.15e-06,6.96e-06,7.07e-06,77779.09328727
2021-03-30-11,7.14e-06,7.15e-06,6.96e-06,7.02e-06,45635.73632807
2021-03-30-12,7.01e-06,7.08e-06,6.91e-06,7.01e-06,91201.59965794
2021-03-30-13,6.97e-06,7.09e-06,6.85e-06,6.85e-06,167589.3666735
2021-03-30-14,6.85e-06,7.03e-06,6.8e-06,6.9e-06,63164.84655896
2021-03-30-15,6.99e-06,7.23e-06,6.87e-06,7.02e-06,74923.98930415
2021-03-30-16,7.09e-06,7.14e-06,6.92e-06,7.05e-06,91169.89544389
2021-03-30-17,6.99e-06,7.07e-06,6.83e-06,6.98e-06,42161.69761775
2021-03-30-18,7.03e-06,7.07e-06,6.81e-06,7.07e-06,59963.20468044
2021-03-30-19,7.07e-06,7.08e-06,6.46e-06,6.85e-06,137109.17983545
2021-03-30-20,6.93e-06,7.03e-06,6.8e-06,6.95e-06,49503.7643042
2021-03-30-21,6.96e-06,6.99e-06,6.77e-06,6.84e-06,41197.94103855
2021-03-30-22,6.79e-06,6.97e-06,6.72e-06,6.82e-06,76764.49373936
2021-03-30-23,6.88e-06,6.99e-06,6.78e-06,6.93e-06,44917.74383437
2021-03-31-00,6.87e-06,6.95e-06,6.75e-06,6.89e-06,80905.9658462
2021-03-31-01,6.89e-06,6.93e-06,6.75e-06,6.8e-06,39678.5067962
2021-03-31-02,6.8e-06,6.87e-06,6.63e-06,6.8e-06,198165.64385016
2021-03-31-03,6.87e-06,7.05e-06,6.66e-06,6.83e-06,88194.93031615
2021-03-31-04,6.68e-06,6.89e-06,6.68e-06,6.79e-06,45154.36890991
2021-03-31-05,6.86e-06,7e-06,6.68e-06,7e-06,71003.62139013
2021-03-31-06,7e-06,7e-06,6.76e-06,6.83e-06,37597.57615616
2021-03-31-07,6.78e-06,6.84e-06,6.7e-06,6.84e-06,47470.1833886
2021-03-31-08,6.84e-06,6.84e-06,6.61e-06,6.65e-06,76920.98380223
2021-03-31-09,6.63e-06,6.71e-06,6.36e-06,6.55e-06,126867.34565305
2021-03-31-10,6.53e-06,6.8e-06,6.52e-06,6.8e-06,66354.38393694
2021-03-31-11,6.8e-06,6.8e-06,6.42e-06,6.66e-06,108896.84952656
2021-03-31-12,6.58e-06,6.78e-06,6.58e-06,6.68e-06,26505.65725205
2021-03-31-13,6.68e-06,6.77e-06,6.56e-06,6.68e-06,142499.69462898
2021-03-31-14,6.69e-06,6.76e-06,6.53e-06,6.56e-06,20894.450774
2021-03-31-15,6.56e-06,6.75e-06,6.36e-06,6.38e-06,87592.57273357
2021-03-31-16,6.44e-06,6.59e-06,6.38e-06,6.39e-06,114012.39743028
2021-03-31-17,6.39e-06,6.51e-06,6.38e-06,6.49e-06,53202.24225558
2021-03-31-18,6.5e-06,6.5e-06,6.26e-06,6.37e-06,59938.46843514
2021-03-31-19,6.34e-06,6.51e-06,6.34e-06,6.35e-06,52001.05865739
2021-03-31-20,6.35e-06,6.52e-06,6.31e-06,6.52e-06,53436.50796702
2021-03-31-21,6.52e-06,6.52e-06,6.27e-06,6.44e-06,40722.87591339
2021-03-31-22,6.42e-06,6.42e-06,6.24e-06,6.33e-06,51110.45569432
2021-03-31-23,6.27e-06,6.49e-06,6.26e-06,6.49e-06,59785.35784744
2021-04-01-00,6.32e-06,6.43e-06,6.27e-06,6.27e-06,49429.49201015
2021-04-01-01,6.27e-06,6.42e-06,6.26e-06,6.29e-06,42667.02794062
2021-04-01-02,6.34e-06,6.43e-06,6.27e-06,6.36e-06,44599.45574481
2021-04-01-03,6.41e-06,6.41e-06,6e-06,6.3e-06,132369.15105344
2021-04-01-04,6.3e-06,6.35e-06,6.14e-06,6.24e-06,58986.73581656
2021-04-01-05,6.24e-06,6.4e-06,6.06e-06,6.31e-06,89399.67220813
2021-04-01-06,6.28e-06,6.34e-06,6.06e-06,6.11e-06,93722.95043229
2021-04-01-07,6.14e-06,6.25e-06,6.06e-06,6.2e-06,104011.15375354
2021-04-01-08,6.2e-06,6.43e-06,6.14e-06,6.34e-06,36919.02747239
2021-04-01-09,6.31e-06,6.39e-06,6.19e-06,6.34e-06,39741.19536249
2021-04-01-10,6.37e-06,6.4e-06,6.22e-06,6.32e-06,55646.04034808
2021-04-01-11,6.37e-06,6.4e-06,6.24e-06,6.32e-06,65497.26170857
2021-04-01-12,6.37e-06,6.67e-06,6.3e-06,6.53e-06,98886.43272432
2021-04-01-13,6.53e-06,6.98e-06,6.33e-06,6.9e-06,130296.29848483
2021-04-01-14,6.88e-06,6.9e-06,6.78e-06,6.84e-06,71375.01560049
2021-04-01-15,6.83e-06,7.1e-06,6.78e-06,7.07e-06,78059.02740939
2021-04-01-16,6.96e-06,7.07e-06,6.82e-06,6.83e-06,80529.14783901
2021-04-01-17,6.85e-06,6.9e-06,6.73e-06,6.73e-06,17206.35048527
2021-04-01-18,6.82e-06,6.82e-06,6.55e-06,6.67e-06,30044.4834349
2021-04-01-19,6.66e-06,6.68e-06,6.55e-06,6.63e-06,46319.49512022
2021-04-01-20,6.63e-06,6.63e-06,6.55e-06,6.62e-06,25008.10211056
2021-04-01-21,6.63e-06,6.63e-06,6.56e-06,6.61e-06,5818.9752199
2021-04-01-22,6.61e-06,6.63e-06,6.55e-06,6.61e-06,22173.19056704
2021-04-01-23,6.56e-06,6.63e-06,6.55e-06,6.55e-06,57466.98914135
2021-04-02-00,6.56e-06,6.66e-06,6.55e-06,6.62e-06,54987.74474596
2021-04-02-01,6.55e-06,6.66e-06,6.37e-06,6.53e-06,49196.30182585
2021-04-02-02,6.53e-06,6.58e-06,6.2e-06,6.44e-06,71039.30929845
2021-04-02-03,6.34e-06,7.67e-06,6.2e-06,6.45e-06,272513.79083236
2021-04-02-04,6.64e-06,7.15e-06,6.62e-06,7.07e-06,76280.28141526
2021-04-02-05,6.94e-06,7.32e-06,6.94e-06,7.04e-06,162881.83642663
2021-04-02-06,7.19e-06,7.25e-06,6.76e-06,6.76e-06,73823.66111638
2021-04-02-07,6.74e-06,6.85e-06,6.58e-06,6.62e-06,51463.58929307
2021-04-02-08,6.63e-06,6.88e-06,6.57e-06,6.69e-06,67987.96698004
2021-04-02-09,6.69e-06,6.76e-06,6.41e-06,6.45e-06,31234.02369833
2021-04-02-10,6.53e-06,6.85e-06,6.53e-06,6.72e-06,48976.18243116
2021-04-02-11,6.78e-06,6.84e-06,6.71e-06,6.71e-06,31146.5169398
2021-04-02-12,6.7e-06,6.76e-06,6.34e-06,6.51e-06,101120.93350034
2021-04-02-13,6.51e-06,6.55e-06,6.38e-06,6.42e-06,53473.43029804
2021-04-02-14,6.48e-06,6.65e-06,6.42e-06,6.62e-06,51309.2845844
2021-04-02-15,6.62e-06,6.76e-06,6.44e-06,6.76e-06,60549.01053049
2021-04-02-16,6.76e-06,6.78e-06,6.5e-06,6.51e-06,41519.96688066
2021-04-02-17,6.51e-06,6.55e-06,6.47e-06,6.47e-06,15381.33211069
2021-04-02-18,6.47e-06,6.64e-06,6.47e-06,6.48e-06,29759.16405115
2021-04-02-19,6.58e-06,6.65e-06,6.46e-06,6.51e-06,27309.48813467
2021-04-02-20,6.59e-06,6.59e-06,6.43e-06,6.53e-06,13567.2624892
2021-04-02-21,6.51e-06,6.53e-06,6.42e-06,6.45e-06,28818.18021803
2021-04-02-22,6.44e-06,6.66e-06,6.43e-06,6.51e-06,57124.66505787
2021-04-02-23,6.44e-06,6.68e-06,6.44e-06,6.45e-06,75307.20031855
2021-04-03-00,6.46e-06,6.58e-06,6.4e-06,6.51e-06,69608.00556586
2021-04-03-01,6.45e-06,6.69e-06,6.25e-06,6.68e-06,93185.11369432
2021-04-03-02,6.68e-06,6.69e-06,6e-06,6.26e-06,164873.50717393
2021-04-03-03,6.33e-06,6.42e-06,6.25e-06,6.26e-06,79220.24815793
2021-04-03-04,6.39e-06,6.41e-06,6.22e-06,6.38e-06,72970.56933229
2021-04-03-05,6.32e-06,6.39e-06,6.25e-06,6.32e-06,78937.86224105
2021-04-03-06,6.37e-06,6.41e-06,6.29e-06,6.33e-06,53120.15718015
2021-04-03-07,6.33e-06,6.4e-06,6.28e-06,6.35e-06,85159.37550337
2021-04-03-08,6.34e-06,6.47e-06,6.28e-06,6.38e-06,75565.85835219
2021-04-03-09,6.43e-06,6.45e-06,6.07e-06,6.2e-06,154646.43125591
2021-04-03-10,6.2e-06,6.37e-06,6.16e-06,6.35e-06,56057.84562154
2021-04-03-11,6.37e-06,6.39e-06,6.27e-06,6.38e-06,24354.26799161
2021-04-03-12,6.32e-06,6.38e-06,6.23e-06,6.36e-06,65448.54045218
2021-04-03-13,6.35e-06,6.36e-06,6.27e-06,6.35e-06,39683.38965015
2021-04-03-14,6.28e-06,6.5e-06,6.26e-06,6.5e-06,47019.66874431
2021-04-03-15,6.5e-06,6.55e-06,6.36e-06,6.41e-06,52799.78690393
2021-04-03-16,6.41e-06,6.48e-06,6.37e-06,6.38e-06,34282.975243
2021-04-03-17,6.44e-06,6.46e-06,6.38e-06,6.39e-06,9416.47402618
2021-04-03-18,6.46e-06,6.46e-06,6.38e-06,6.44e-06,14531.74267376
2021-04-03-19,6.44e-06,6.44e-06,6.38e-06,6.38e-06,4926.81973318
2021-04-03-20,6.43e-06,6.44e-06,6.32e-06,6.32e-06,12896.94167607
2021-04-03-21,6.39e-06,6.4e-06,6.32e-06,6.38e-06,11008.0963741
2021-04-03-22,6.33e-06,6.4e-06,6.32e-06,6.4e-06,20685.31577264
2021-04-03-23,6.43e-06,6.43e-06,6.31e-06,6.31e-06,41621.1288196
2021-04-04-00,6.31e-06,6.37e-06,6.06e-06,6.06e-06,141909.87325005
2021-04-04-01,6.06e-06,6.21e-06,6.02e-06,6.17e-06,92804.25184238
2021-04-04-02,6.17e-06,6.24e-06,6.1e-06,6.24e-06,52076.9900051
2021-04-04-03,6.24e-06,6.29e-06,6.18e-06,6.21e-06,41382.09005292
2021-04-04-04,6.27e-06,6.31e-06,6.11e-06,6.15e-06,65463.24909691
2021-04-04-05,6.15e-06,6.33e-06,6.14e-06,6.14e-06,44873.89581125
2021-04-04-06,6.14e-06,6.26e-06,6.13e-06,6.15e-06,63724.70357537
2021-04-04-07,6.22e-06,6.34e-06,6.14e-06,6.32e-06,50108.93632847
2021-04-04-08,6.24e-06,6.33e-06,6.2e-06,6.2e-06,32335.66521801
2021-04-04-09,6.27e-06,6.27e-06,6.19e-06,6.21e-06,44385.16883698
2021-04-04-10,6.27e-06,6.44e-06,6.22e-06,6.3e-06,86179.35891258
2021-04-04-11,6.36e-06,6.48e-06,6.34e-06,6.46e-06,65162.94446005
2021-04-04-12,6.45e-06,6.45e-06,6.3e-06,6.37e-06,20811.98333471
2021-04-04-13,6.31e-06,6.37e-06,6.27e-06,6.29e-06,36965.18643505
2021-04-04-14,6.28e-06,6.37e-06,6.21e-06,6.29e-06,40578.92243374
2021-04-04-15,6.22e-06,6.35e-06,6.2e-06,6.32e-06,25570.47939792
2021-04-04-16,6.32e-06,6.33e-06,6.15e-06,6.19e-06,87756.42579363
2021-04-04-17,6.2e-06,6.26e-06,6.19e-06,6.25e-06,11183.71090361
2021-04-04-18,6.25e-06,6.26e-06,6.17e-06,6.21e-06,19864.79023692
2021-04-04-19,6.25e-06,6.33e-06,6.17e-06,6.25e-06,18734.80338108
2021-04-04-20,6.25e-06,6.34e-06,6.25e-06,6.34e-06,14684.96485503
2021-04-04-21,6.34e-06,6.34e-06,6.16e-06,6.17e-06,37276.7982507
2021-04-04-22,6.24e-06,6.24e-06,6.17e-06,6.24e-06,12760.95040585
2021-04-04-23,6.18e-06,6.24e-06,6.14e-06,6.14e-06,82162.92081775
2021-04-05-00,6.14e-06,6.21e-06,6.02e-06,6.04e-06,96203.47903742
2021-04-05-01,6.04e-06,6.12e-06,6.02e-06,6.1e-06,79474.90336158
2021-04-05-02,6.05e-06,6.25e-06,6.03e-06,6.23e-06,114217.09342533
2021-04-05-03,6.23e-06,6.24e-06,6.1e-06,6.13e-06,32420.94857434
2021-04-05-04,6.13e-06,6.2e-06,6.01e-06,6.1e-06,117685.72980039
2021-04-05-05,6.07e-06,6.16e-06,6e-06,6e-06,206784.06245318
2021-04-05-06,6e-06,6.08e-06,5.95e-06,6.04e-06,94168.3216863
2021-04-05-07,6.06e-06,6.15e-06,5.97e-06,6.06e-06,80010.70293562
2021-04-05-08,6.06e-06,6.15e-06,6.02e-06,6.1e-06,25100.82615532
2021-04-05-09,6.1e-06,6.13e-06,5.91e-06,5.91e-06,82912.84653637
2021-04-05-10,5.92e-06,6.15e-06,5.61e-06,6.15e-06,265821.90731361
2021-04-05-11,6.15e-06,6.15e-06,5.84e-06,5.95e-06,134763.7471454
2021-04-05-12,6.04e-06,6.13e-06,5.97e-06,6.01e-06,80884.40668178
2021-04-05-13,6.01e-06,6.06e-06,5.91e-06,6.02e-06,62301.67948621
2021-04-05-14,5.96e-06,6.01e-06,5.85e-06,5.98e-06,160285.67421345
2021-04-05-15,5.91e-06,6.22e-06,5.91e-06,6.02e-06,79700.46870898
2021-04-05-16,6.03e-06,6.35e-06,6.01e-06,6.27e-06,183099.49518558
2021-04-05-17,6.27e-06,6.39e-06,6.08e-06,6.29e-06,117117.56526953
2021-04-05-18,6.24e-06,6.29e-06,6.13e-06,6.14e-06,53086.57790144
2021-04-05-19,6.2e-06,6.24e-06,6.14e-06,6.2e-06,17456.82624872
2021-04-05-20,6.2e-06,6.23e-06,6.14e-06,6.22e-06,53109.48808757
2021-04-05-21,6.22e-06,6.43e-06,6.18e-06,6.38e-06,100025.52439309
2021-04-05-22,6.31e-06,6.84e-06,6.31e-06,6.49e-06,246928.15564986
2021-04-05-23,6.5e-06,6.55e-06,6.4e-06,6.4e-06,71226.389027
2021-04-06-00,6.47e-06,6.48e-06,6.16e-06,6.3e-06,81795.61969182
2021-04-06-01,6.29e-06,6.45e-06,6.17e-06,6.37e-06,48970.68182912
2021-04-06-02,6.36e-06,6.41e-06,6.15e-06,6.33e-06,107026.25596733
2021-04-06-03,6.23e-06,6.35e-06,6.19e-06,6.35e-06,42016.04454916
2021-04-06-04,6.32e-06,6.37e-06,6.2e-06,6.23e-06,18215.25245551
2021-04-06-05,6.27e-06,6.58e-06,6.25e-06,6.45e-06,115964.34293601
2021-04-06-06,6.44e-06,6.53e-06,6.28e-06,6.52e-06,61244.58788434
2021-04-06-07,6.43e-06,6.53e-06,6.43e-06,6.53e-06,49145.90402622
2021-04-06-08,6.53e-06,6.54e-06,6.42e-06,6.49e-06,19118.46173468
2021-04-06-09,6.48e-06,6.67e-06,6.47e-06,6.65e-06,49221.49981183
2021-04-06-10,6.65e-06,6.85e-06,6.6e-06,6.84e-06,75066.30827182
2021-04-06-11,6.74e-06,6.85e-06,6.5e-06,6.51e-06,110446.36219078
2021-04-06-12,6.51e-06,6.56e-06,6.24e-06,6.25e-06,128189.94770829
2021-04-06-13,6.29e-06,6.36e-06,6.19e-06,6.27e-06,75055.43826867
2021-04-06-14,6.28e-06,6.29e-06,5.78e-06,5.91e-06,124522.69076387
2021-04-06-15,6.04e-06,6.19e-06,6.03e-06,6.09e-06,101115.49048196
2021-04-06-16,6.12e-06,6.28e-06,6.08e-06,6.25e-06,134687.0088243
2021-04-06-17,6.25e-06,6.29e-06,6.21e-06,6.29e-06,11340.20595382
2021-04-06-18,6.23e-06,6.34e-06,6.23e-06,6.23e-06,34407.14267786
2021-04-06-19,6.25e-06,6.29e-06,6.1e-06,6.11e-06,19956.5124239
2021-04-06-20,6.19e-06,6.23e-06,6.12e-06,6.16e-06,10693.5217932
2021-04-06-21,6.24e-06,6.31e-06,6.16e-06,6.3e-06,55026.81465037
2021-04-06-22,6.23e-06,6.31e-06,6.22e-06,6.3e-06,17583.29658443
2021-04-06-23,6.24e-06,6.31e-06,6.21e-06,6.28e-06,33826.33839422
2021-04-07-00,6.28e-06,6.4e-06,6.19e-06,6.32e-06,59609.29299499
2021-04-07-01,6.39e-06,6.4e-06,6.11e-06,6.2e-06,64119.7113636
2021-04-07-02,6.13e-06,6.25e-06,6.03e-06,6.09e-06,89223.1472224
2021-04-07-03,6.15e-06,6.15e-06,6.02e-06,6.15e-06,48703.9576636
2021-04-07-04,6.16e-06,6.2e-06,6.09e-06,6.2e-06,11563.03709994
2021-04-07-05,6.13e-06,6.21e-06,6.02e-06,6.09e-06,88525.66336323
2021-04-07-06,6.04e-06,6.14e-06,6.02e-06,6.02e-06,79518.29341516
2021-04-07-07,6.02e-06,6.09e-06,6e-06,6e-06,46798.95677877
2021-04-07-08,6e-06,6.08e-06,5.92e-06,6.08e-06,80413.51054703
2021-04-07-09,6.08e-06,6.16e-06,6e-06,6.1e-06,74641.80127389
2021-04-07-10,6.15e-06,6.16e-06,6.05e-06,6.11e-06,28477.69733275
2021-04-07-11,6.05e-06,6.1e-06,5.98e-06,6e-06,37590.95372769
2021-04-07-12,6.03e-06,6.11e-06,6e-06,6.03e-06,62257.14864416
2021-04-07-13,6.1e-06,6.12e-06,5.87e-06,5.94e-06,91090.66183671
2021-04-07-14,5.9e-06,6.01e-06,5.86e-06,5.86e-06,52232.82646993
2021-04-07-15,5.88e-06,6.07e-06,5.86e-06,5.87e-06,38034.67763944
2021-04-07-16,5.93e-06,6.03e-06,5.79e-06,5.79e-06,41314.44621422
2021-04-07-17,5.82e-06,5.94e-06,5.78e-06,5.94e-06,37709.70792409
2021-04-07-18,5.83e-06,5.99e-06,5.8e-06,5.95e-06,33947.44891325
2021-04-07-19,5.95e-06,6.08e-06,5.83e-06,6.01e-06,60039.20726679
2021-04-07-20,5.93e-06,5.95e-06,5.84e-06,5.84e-06,29678.0650252
2021-04-07-21,5.83e-06,5.98e-06,5.7e-06,5.85e-06,36351.26562702
2021-04-07-22,5.81e-06,5.94e-06,5.79e-06,5.94e-06,29416.98331694
2021-04-07-23,5.94e-06,6.05e-06,5.92e-06,6.04e-06,30195.84704191
2021-04-08-00,5.98e-06,6.04e-06,5.94e-06,5.94e-06,32340.02496369
2021-04-08-01,6.01e-06,6.01e-06,5.84e-06,5.98e-06,36259.42278445
2021-04-08-02,6e-06,6e-06,5.77e-06,5.88e-06,42043.8189442
2021-04-08-03,5.88e-06,5.88e-06,5.73e-06,5.83e-06,13735.14274122
2021-04-08-04,5.83e-06,5.96e-06,5.8e-06,5.95e-06,25621.55909267
2021-04-08-05,5.95e-06,5.96e-06,5.81e-06,5.96e-06,26076.98172177
2021-04-08-06,5.96e-06,5.96e-06,5.88e-06,5.9e-06,10700.94641938
2021-04-08-07,5.9e-06,5.99e-06,5.9e-06,5.98e-06,22595.51620784
2021-04-08-08,5.91e-06,6.03e-06,5.9e-06,6.03e-06,21222.87218994
2021-04-08-09,6.03e-06,6.2e-06,5.96e-06,6.2e-06,80231.05394902
2021-04-08-10,6.2e-06,6.2e-06,6.1e-06,6.11e-06,20924.02686328
2021-04-08-11,6.12e-06,6.17e-06,6.03e-06,6.13e-06,27088.26795739
2021-04-08-12,6.08e-06,6.14e-06,6.02e-06,6.07e-06,16285.2640649
2021-04-08-13,6.07e-06,6.13e-06,6e-06,6.05e-06,21608.95864111
2021-04-08-14,6.06e-06,6.12e-06,6e-06,6.05e-06,20121.21407332
2021-04-08-15,6.11e-06,6.11e-06,6.05e-06,6.05e-06,6983.34348858
2021-04-08-16,6.05e-06,6.12e-06,5.98e-06,6.08e-06,49311.02480294
2021-04-08-17,6.08e-06,6.14e-06,6.05e-06,6.07e-06,18481.12312652
2021-04-08-18,6.07e-06,6.17e-06,6.05e-06,6.05e-06,33270.44402897
2021-04-08-19,6.12e-06,6.12e-06,6.02e-06,6.12e-06,20914.85498644
2021-04-08-20,6.15e-06,6.15e-06,6e-06,6.07e-06,41290.39714825
2021-04-08-21,6.13e-06,6.39e-06,6.13e-06,6.31e-06,70285.14104721
2021-04-08-22,6.38e-06,6.39e-06,6.1e-06,6.1e-06,100314.41632441
2021-04-08-23,6.15e-06,6.19e-06,5.92e-06,6.05e-06,50734.79096867
2021-04-09-00,6.02e-06,6.13e-06,5.89e-06,6.13e-06,64775.97265618
2021-04-09-01,6.13e-06,6.24e-06,6.08e-06,6.24e-06,15729.77449772
2021-04-09-02,6.15e-06,6.24e-06,6.15e-06,6.21e-06,15404.47219717
2021-04-09-03,6.15e-06,6.21e-06,6.13e-06,6.13e-06,51109.80407442
2021-04-09-04,6.13e-06,6.17e-06,6.08e-06,6.1e-06,13586.01139301
2021-04-09-05,6.18e-06,6.2e-06,6.1e-06,6.16e-06,5418.83044925
2021-04-09-06,6.09e-06,6.16e-06,5.96e-06,6.04e-06,42202.49951156
2021-04-09-07,6.07e-06,6.07e-06,5.95e-06,5.95e-06,31304.46742711
2021-04-09-08,5.95e-06,6.05e-06,5.95e-06,6.05e-06,14836.67793571
2021-04-09-09,6.05e-06,6.05e-06,5.88e-06,5.94e-06,34628.67660111
2021-04-09-10,5.94e-06,6e-06,5.88e-06,5.93e-06,8587.4949774
2021-04-09-11,5.93e-06,5.97e-06,5.88e-06,5.97e-06,13487.40353318
2021-04-09-12,5.97e-06,6.06e-06,5.94e-06,6.02e-06,19142.09133344
2021-04-09-13,6.02e-06,6.12e-06,5.96e-06,6.06e-06,77344.50875147
2021-04-09-14,6e-06,6.12e-06,5.98e-06,6.03e-06,45657.21068465
2021-04-09-15,6.02e-06,6.09e-06,5.96e-06,5.96e-06,17782.83049987
2021-04-09-16,6.02e-06,6.03e-06,5.92e-06,5.97e-06,27292.70626686
2021-04-09-17,5.99e-06,6.15e-06,5.95e-06,6.08e-06,28455.83365312
2021-04-09-18,6.08e-06,6.17e-06,6.01e-06,6.09e-06,32080.87537402
2021-04-09-19,6.1e-06,6.13e-06,6.03e-06,6.03e-06,11573.08900562
2021-04-09-20,6.1e-06,6.1e-06,6.01e-06,6.05e-06,4130.20390801
2021-04-09-21,6.05e-06,6.06e-06,5.99e-06,5.99e-06,3206.8451193
2021-04-09-22,5.98e-06,6.01e-06,5.88e-06,5.88e-06,31819.47898389
2021-04-09-23,5.88e-06,6.14e-06,5.86e-06,6.14e-06,37019.27104775
2021-04-10-00,6.04e-06,6.13e-06,6.01e-06,6.01e-06,20174.68507446
2021-04-10-01,6.01e-06,6.09e-06,5.93e-06,6.01e-06,26817.65426673
2021-04-10-02,6.07e-06,6.07e-06,5.83e-06,5.85e-06,53326.09959515
2021-04-10-03,5.94e-06,5.95e-06,5.85e-06,5.94e-06,14884.87481495
2021-04-10-04,5.96e-06,6e-06,5.85e-06,5.88e-06,77447.88323692
2021-04-10-05,5.88e-06,5.91e-06,5.7e-06,5.85e-06,61384.06151095
2021-04-10-06,5.91e-06,5.95e-06,5.83e-06,5.95e-06,24198.71947323
2021-04-10-07,5.94e-06,5.96e-06,5.87e-06,5.87e-06,16915.86652536
2021-04-10-08,5.87e-06,5.93e-06,5.8e-06,5.8e-06,23417.73224138
2021-04-10-09,5.87e-06,6.03e-06,5.8e-06,6.03e-06,56807.41628557
2021-04-10-10,6.03e-06,6.06e-06,5.98e-06,5.99e-06,29232.10880562
2021-04-10-11,6.05e-06,6.06e-06,5.91e-06,6.04e-06,22323.95406335
2021-04-10-12,6.04e-06,6.34e-06,5.98e-06,6.2e-06,135489.64631063
2021-04-10-13,6.21e-06,6.28e-06,6.08e-06,6.27e-06,50711.82415775
2021-04-10-14,6.26e-06,6.3e-06,6.14e-06,6.22e-06,94531.97167608
2021-04-10-15,6.29e-06,6.3e-06,6.16e-06,6.24e-06,34636.25371202
2021-04-10-16,6.17e-06,6.24e-06,6.15e-06,6.17e-06,18108.7217111
2021-04-10-17,6.16e-06,6.17e-06,6.08e-06,6.09e-06,22212.07317077
2021-04-10-18,6.08e-06,6.15e-06,6.05e-06,6.13e-06,8611.58683939
2021-04-10-19,6.06e-06,6.15e-06,6.04e-06,6.13e-06,20784.28180336
2021-04-10-20,6.13e-06,6.16e-06,6.13e-06,6.13e-06,3148.29161912
2021-04-10-21,6.13e-06,6.13e-06,6.03e-06,6.03e-06,7480.45561089
2021-04-10-22,6.02e-06,6.08e-06,6e-06,6.02e-06,9660.37763771
2021-04-10-23,6.08e-06,6.13e-06,6e-06,6e-06,17707.58110145
2021-04-11-00,6.01e-06,6.03e-06,5.96e-06,5.96e-06,13849.16844539
2021-04-11-01,5.96e-06,6.03e-06,5.92e-06,5.92e-06,15640.37237187
2021-04-11-02,5.93e-06,6e-06,5.88e-06,5.89e-06,21977.39254037
2021-04-11-03,5.89e-06,6.01e-06,5.89e-06,6.01e-06,15746.37991606
2021-04-11-04,6.02e-06,6.13e-06,5.8e-06,5.88e-06,102734.6934437
2021-04-11-05,5.89e-06,5.96e-06,5.88e-06,5.88e-06,18336.0643655
2021-04-11-06,5.89e-06,6e-06,5.88e-06,5.97e-06,42069.33309445
2021-04-11-07,5.97e-06,6.01e-06,5.91e-06,5.93e-06,13666.65095265
2021-04-11-08,6.01e-06,6.01e-06,5.85e-06,5.97e-06,12650.22720583
2021-04-11-09,5.97e-06,5.99e-06,5.92e-06,5.98e-06,12245.01870108
2021-04-11-10,5.93e-06,5.99e-06,5.81e-06,5.81e-06,59257.23515961
2021-04-11-11,5.82e-06,5.98e-06,5.81e-06,5.88e-06,41832.98003441
2021-04-11-12,5.94e-06,5.96e-06,5.85e-06,5.94e-06,53613.13338101
2021-04-11-13,5.87e-06,6.02e-06,5.87e-06,6.02e-06,52194.70952572
2021-04-11-14,5.97e-06,5.99e-06,5.88e-06,5.97e-06,27511.00513911
2021-04-11-15,5.98e-06,5.99e-06,5.85e-06,5.95e-06,23454.90468572
2021-04-11-16,5.96e-06,5.96e-06,5.81e-06,5.84e-06,16248.78757487
2021-04-11-17,5.88e-06,5.9e-06,5.82e-06,5.89e-06,20973.45506916
2021-04-11-18,5.85e-06,5.95e-06,5.82e-06,5.93e-06,29998.2935331
2021-04-11-19,5.88e-06,5.94e-06,5.83e-06,5.88e-06,3181.97903205
2021-04-11-20,5.88e-06,5.93e-06,5.66e-06,5.91e-06,103631.06212694
2021-04-11-21,5.89e-06,5.92e-06,5.84e-06,5.92e-06,16339.93516232
2021-04-11-22,5.89e-06,5.93e-06,5.85e-06,5.91e-06,6594.81292307
2021-04-11-23,5.92e-06,5.93e-06,5.83e-06,5.91e-06,26237.91039652
2021-04-12-00,5.91e-06,5.92e-06,5.81e-06,5.87e-06,49717.92395928
2021-04-12-01,5.81e-06,5.87e-06,5.78e-06,5.86e-06,48355.66031433
2021-04-12-02,5.86e-06,5.87e-06,5.75e-06,5.77e-06,25370.4981719
2021-04-12-03,5.77e-06,5.85e-06,5.76e-06,5.85e-06,42801.7203159
2021-04-12-04,5.8e-06,5.85e-06,5.79e-06,5.82e-06,12379.66960907
2021-04-12-05,5.82e-06,5.85e-06,5.73e-06,5.74e-06,48568.97527692
2021-04-12-06,5.74e-06,5.87e-06,5.67e-06,5.87e-06,97883.12659837
2021-04-12-07,5.86e-06,5.95e-06,5.81e-06,5.85e-06,44890.39103188
2021-04-12-08,5.8e-06,5.91e-06,5.77e-06,5.91e-06,11160.2039914
2021-04-12-09,5.85e-06,5.9e-06,5.81e-06,5.9e-06,15207.02146686
2021-04-12-10,5.86e-06,6.06e-06,5.83e-06,5.96e-06,52485.29296887
2021-04-12-11,5.95e-06,6.15e-06,5.95e-06,6.15e-06,77535.86206986
2021-04-12-12,6.15e-06,6.16e-06,6.05e-06,6.12e-06,20086.29061401
2021-04-12-13,6.12e-06,6.15e-06,6.04e-06,6.04e-06,12326.80684211
2021-04-12-14,6.09e-06,6.09e-06,5.94e-06,6e-06,29881.25248783
2021-04-12-15,6e-06,6.02e-06,5.81e-06,6.01e-06,43875.79840317
2021-04-12-16,6.01e-06,6.02e-06,5.94e-06,5.94e-06,6671.72432534
2021-04-12-17,5.99e-06,6.11e-06,5.92e-06,6.11e-06,17824.67715346
2021-04-12-18,6.11e-06,6.11e-06,5.96e-06,5.96e-06,19576.80828002
2021-04-12-19,5.96e-06,5.98e-06,5.91e-06,5.96e-06,5271.18586117
2021-04-12-20,5.92e-06,5.96e-06,5.83e-06,5.87e-06,6673.31771828
2021-04-12-21,5.84e-06,5.97e-06,5.83e-06,5.9e-06,23825.89657894
2021-04-12-22,5.9e-06,5.99e-06,5.8e-06,5.8e-06,19891.45540644
2021-04-12-23,5.82e-06,5.87e-06,5.79e-06,5.79e-06,25389.52879632
2021-04-13-00,5.79e-06,5.85e-06,5.78e-06,5.79e-06,5405.78027898
2021-04-13-01,5.84e-06,5.89e-06,5.72e-06,5.75e-06,82809.25200352
2021-04-13-02,5.82e-06,5.96e-06,5.75e-06,5.96e-06,40650.09714851
2021-04-13-03,5.88e-06,5.94e-06,5.86e-06,5.94e-06,9483.8046425
2021-04-13-04,5.88e-06,5.95e-06,5.84e-06,5.9e-06,5014.2712522
2021-04-13-05,5.9e-06,5.95e-06,5.86e-06,5.86e-06,10719.88721006
2021-04-13-06,5.94e-06,5.97e-06,5.86e-06,5.9e-06,15403.23448326
2021-04-13-07,5.96e-06,5.97e-06,5.71e-06,5.74e-06,46710.18789994
2021-04-13-08,5.81e-06,5.82e-06,5.7e-06,5.72e-06,29532.00621823
2021-04-13-09,5.71e-06,5.81e-06,5.7e-06,5.73e-06,13358.70886312
2021-04-13-10,5.73e-06,5.81e-06,5.47e-06,5.55e-06,95566.22334917
2021-04-13-11,5.55e-06,5.7e-06,5.5e-06,5.52e-06,72752.95647896
2021-04-13-12,5.58e-06,5.59e-06,5.45e-06,5.53e-06,98603.59313611
2021-04-13-13,5.45e-06,5.59e-06,5.3e-06,5.35e-06,78535.02391595
2021-04-13-14,5.35e-06,5.36e-06,4.83e-06,4.87e-06,512194.62986703
2021-04-13-15,5.01e-06,5.17e-06,4.76e-06,5.04e-06,503315.02880839
2021-04-13-16,5.04e-06,5.38e-06,5.02e-06,5.32e-06,166215.50228473
2021-04-13-17,5.32e-06,5.43e-06,5.03e-06,5.15e-06,47906.695281
2021-04-13-18,5.07e-06,5.22e-06,4.96e-06,5.21e-06,152892.64599581
2021-04-13-19,5.13e-06,5.34e-06,5.09e-06,5.3e-06,42635.18478167
2021-04-13-20,5.24e-06,5.3e-06,5.16e-06,5.18e-06,30318.12484172
2021-04-13-21,5.18e-06,5.26e-06,5.04e-06,5.12e-06,42295.81288882
2021-04-13-22,5.06e-06,5.18e-06,5.02e-06,5.09e-06,46379.95738045
2021-04-13-23,5.09e-06,5.3e-06,5.03e-06,5.3e-06,123924.70349365
2021-04-14-00,5.3e-06,5.34e-06,5.14e-06,5.18e-06,36773.05721259
2021-04-14-01,5.18e-06,5.24e-06,5.12e-06,5.23e-06,104293.49195724
2021-04-14-02,5.23e-06,5.33e-06,5.14e-06,5.21e-06,94145.97833324
2021-04-14-03,5.13e-06,5.21e-06,4.89e-06,5.09e-06,109172.68862685
2021-04-14-04,5.09e-06,5.25e-06,4.21e-06,5.15e-06,392990.5664067
2021-04-14-05,5.15e-06,5.24e-06,5.05e-06,5.05e-06,98949.12172423
2021-04-14-06,5.07e-06,5.16e-06,4.76e-06,4.84e-06,166873.09797272
2021-04-14-07,4.86e-06,5.19e-06,4.21e-06,4.79e-06,442817.77426551
2021-04-14-08,4.81e-06,5e-06,4.63e-06,4.86e-06,344271.31331479
2021-04-14-09,4.86e-06,5.14e-06,4.86e-06,5.01e-06,170755.71020629
2021-04-14-10,5.07e-06,5.13e-06,4.9e-06,5.04e-06,163370.75563966
2021-04-14-11,5.09e-06,5.11e-06,4.99e-06,5.09e-06,39413.01269817
2021-04-14-12,5.08e-06,5.19e-06,5.02e-06,5.04e-06,75201.91716221
2021-04-14-13,5.03e-06,5.18e-06,5.02e-06,5.17e-06,23212.03265575
2021-04-14-14,5.17e-06,5.29e-06,5.1e-06,5.23e-06,63348.96276156
2021-04-14-15,5.29e-06,5.29e-06,5.13e-06,5.14e-06,23982.00456498
2021-04-14-16,5.15e-06,5.26e-06,5.06e-06,5.17e-06,59112.10436352
2021-04-14-17,5.23e-06,5.3e-06,5.17e-06,5.17e-06,45448.53179507
2021-04-14-18,5.17e-06,5.29e-06,5.17e-06,5.23e-06,51098.74682674
2021-04-14-19,5.23e-06,5.24e-06,5.09e-06,5.14e-06,31565.41125002
2021-04-14-20,5.19e-06,5.21e-06,5.15e-06,5.21e-06,50027.97163885
2021-04-14-21,5.21e-06,5.32e-06,5.2e-06,5.31e-06,28747.39331244
2021-04-14-22,5.31e-06,5.34e-06,5.23e-06,5.29e-06,21810.67681022
2021-04-14-23,5.29e-06,5.29e-06,5.21e-06,5.27e-06,7162.02096435
2021-04-15-00,5.27e-06,5.27e-06,5.15e-06,5.15e-06,24751.01957303
2021-04-15-01,5.15e-06,5.38e-06,5.15e-06,5.34e-06,23820.19808335
2021-04-15-02,5.38e-06,5.46e-06,4.93e-06,5.1e-06,202781.11386344
2021-04-15-03,5.1e-06,5.26e-06,5.07e-06,5.09e-06,26398.13279047
2021-04-15-04,5.09e-06,5.2e-06,4.99e-06,5.19e-06,45007.34243167
2021-04-15-05,5.19e-06,5.19e-06,5.11e-06,5.18e-06,6661.74945658
2021-04-15-06,5.12e-06,5.19e-06,5.11e-06,5.13e-06,24893.95800986
2021-04-15-07,5.11e-06,5.2e-06,5.01e-06,5.07e-06,31914.52272155
2021-04-15-08,5.1e-06,5.2e-06,5.06e-06,5.11e-06,25191.98475636
2021-04-15-09,5.18e-06,5.22e-06,5.07e-06,5.15e-06,41460.90878618
2021-04-15-10,5.16e-06,5.19e-06,5.02e-06,5.12e-06,64976.54018748
2021-04-15-11,5.11e-06,5.2e-06,5.01e-06,5.19e-06,88191.88626682
2021-04-15-12,5.15e-06,5.23e-06,5.13e-06,5.19e-06,24582.94126473
2021-04-15-13,5.19e-06,5.19e-06,5.05e-06,5.14e-06,31188.30139576
2021-04-15-14,5.07e-06,5.19e-06,5.07e-06,5.15e-06,45310.49707058
2021-04-15-15,5.09e-06,5.16e-06,5.02e-06,5.02e-06,41048.26309905
2021-04-15-16,5.08e-06,5.13e-06,5.02e-06,5.12e-06,32109.8723957
2021-04-15-17,5.05e-06,5.11e-06,4.95e-06,5.02e-06,97098.69035545
2021-04-15-18,5.03e-06,5.07e-06,4.95e-06,5.03e-06,30193.89957609
2021-04-15-19,5.06e-06,5.06e-06,5e-06,5.06e-06,3815.90204705
2021-04-15-20,5.06e-06,5.07e-06,4.95e-06,4.96e-06,15154.26226405
2021-04-15-21,5.03e-06,5.05e-06,4.95e-06,4.99e-06,39127.73408993
2021-04-15-22,4.98e-06,5.05e-06,4.95e-06,5.05e-06,51547.36764758
2021-04-15-23,5.05e-06,5.13e-06,4.96e-06,5.1e-06,74154.18268283
2021-04-16-00,5.06e-06,5.1e-06,5e-06,5.08e-06,29096.28392478
2021-04-16-01,5.03e-06,5.08e-06,4.99e-06,5.05e-06,29076.71692172
2021-04-16-02,5.05e-06,5.16e-06,5.01e-06,5.02e-06,67205.02641913
2021-04-16-03,5.02e-06,5.05e-06,4.95e-06,4.96e-06,85162.86040235
2021-04-16-04,4.96e-06,5.03e-06,4.88e-06,4.88e-06,36964.93695304
2021-04-16-05,4.89e-06,5.05e-06,4.86e-06,4.87e-06,108668.14994703
2021-04-16-06,4.94e-06,5e-06,4.85e-06,4.88e-06,33460.84484441
2021-04-16-07,4.89e-06,5.05e-06,4.85e-06,4.97e-06,70207.2802064
2021-04-16-08,4.97e-06,5.02e-06,4.88e-06,4.97e-06,19955.54136159
2021-04-16-09,4.97e-06,4.99e-06,4.86e-06,4.87e-06,19783.4214494
2021-04-16-10,4.94e-06,5.07e-06,4.87e-06,5.05e-06,49184.41564437
2021-04-16-11,5.02e-06,5.04e-06,4.88e-06,4.91e-06,44086.50298454
2021-04-16-12,4.97e-06,4.98e-06,4.81e-06,4.87e-06,70023.83722182
2021-04-16-13,4.87e-06,4.9e-06,4.7e-06,4.79e-06,90752.528188
2021-04-16-14,4.85e-06,4.92e-06,4.7e-06,4.86e-06,73082.30771763
2021-04-16-15,4.9e-06,4.94e-06,4.74e-06,4.89e-06,102353.57270172
2021-04-16-16,4.82e-06,4.92e-06,4.79e-06,4.85e-06,61961.12165601
2021-04-16-17,4.85e-06,5.05e-06,4.75e-06,4.99e-06,115542.32240707
2021-04-16-18,5.05e-06,5.12e-06,4.91e-06,5.09e-06,78656.77748123
2021-04-16-19,5.09e-06,5.14e-06,4.98e-06,5.12e-06,29091.53465094
2021-04-16-20,5.08e-06,5.35e-06,5.08e-06,5.17e-06,44785.30608262
2021-04-16-21,5.24e-06,5.29e-06,5.15e-06,5.18e-06,37627.37449091
2021-04-16-22,5.28e-06,5.3e-06,4.84e-06,4.91e-06,98935.38391842
2021-04-16-23,4.94e-06,5.04e-06,4.87e-06,4.93e-06,42916.86840268
2021-04-17-00,4.9e-06,5.03e-06,4.9e-06,4.92e-06,22897.4989804
2021-04-17-01,4.91e-06,5.04e-06,4.82e-06,5.04e-06,128951.56319849
2021-04-17-02,4.97e-06,4.99e-06,4.8e-06,4.91e-06,85121.69929242
2021-04-17-03,4.9e-06,4.94e-06,4.83e-06,4.94e-06,26507.02480546
2021-04-17-04,4.87e-06,4.95e-06,4.81e-06,4.81e-06,64985.56563922
2021-04-17-05,4.81e-06,4.97e-06,4.81e-06,4.91e-06,36137.93389127
2021-04-17-06,4.96e-06,4.97e-06,4.81e-06,4.92e-06,98247.90540753
2021-04-17-07,4.93e-06,5.15e-06,4.85e-06,5.09e-06,113394.08421886
2021-04-17-08,5.04e-06,5.2e-06,5.04e-06,5.14e-06,15870.62966264
2021-04-17-09,5.13e-06,5.27e-06,5.11e-06,5.22e-06,31022.94424315
2021-04-17-10,5.21e-06,5.35e-06,5.15e-06,5.26e-06,35931.2463305
2021-04-17-11,5.25e-06,5.38e-06,5.18e-06,5.18e-06,32265.92977032
2021-04-17-12,5.24e-06,5.32e-06,5.17e-06,5.2e-06,52434.10702241
2021-04-17-13,5.25e-06,5.29e-06,5.21e-06,5.29e-06,11938.10034276
2021-04-17-14,5.26e-06,5.29e-06,5.19e-06,5.22e-06,18073.38270679
2021-04-17-15,5.22e-06,5.45e-06,5.19e-06,5.24e-06,156445.8179086
2021-04-17-16,5.3e-06,5.36e-06,5.23e-06,5.28e-06,8607.06901187
2021-04-17-17,5.34e-06,5.44e-06,5.26e-06,5.34e-06,47907.22985609
2021-04-17-18,5.32e-06,5.39e-06,5.23e-06,5.25e-06,34725.06145182
2021-04-17-19,5.31e-06,5.41e-06,5.22e-06,5.35e-06,81665.38447942
2021-04-17-20,5.36e-06,5.43e-06,5.28e-06,5.34e-06,38122.29683585
2021-04-17-21,5.28e-06,5.37e-06,5.21e-06,5.32e-06,47277.0151703
2021-04-17-22,5.25e-06,5.37e-06,5.25e-06,5.3e-06,45486.61802868
2021-04-17-23,5.28e-06,5.28e-06,5.18e-06,5.18e-06,16314.12403533
2021-04-18-00,5.17e-06,5.3e-06,5.13e-06,5.13e-06,33013.95325512
2021-04-18-01,5.14e-06,5.23e-06,5.08e-06,5.13e-06,13387.61052371
2021-04-18-02,5.11e-06,5.17e-06,5.03e-06,5.05e-06,63868.35348822
2021-04-18-03,5.11e-06,5.19e-06,5.01e-06,5.08e-06,45208.45891882
2021-04-18-04,5.08e-06,5.14e-06,5.02e-06,5.1e-06,34713.66517917
2021-04-18-05,5.11e-06,5.11e-06,4.5e-06,4.64e-06,206104.68633741
2021-04-18-06,4.64e-06,5.05e-06,4.55e-06,4.94e-06,122484.78160874
2021-04-18-07,4.93e-06,5.03e-06,4.77e-06,4.77e-06,52948.25530323
2021-04-18-08,4.86e-06,4.9e-06,4.74e-06,4.75e-06,28783.40008994
2021-04-18-09,4.75e-06,4.95e-06,4.73e-06,4.95e-06,21077.32485627
2021-04-18-10,4.95e-06,4.96e-06,4.8e-06,4.93e-06,21630.52336203
2021-04-18-11,4.86e-06,4.9e-06,4.51e-06,4.66e-06,146142.72249156
2021-04-18-12,4.66e-06,4.75e-06,4.58e-06,4.7e-06,38236.15780878
2021-04-18-13,4.69e-06,4.71e-06,4.55e-06,4.55e-06,93959.4227888
2021-04-18-14,4.55e-06,4.66e-06,4.4e-06,4.56e-06,112756.44736464
2021-04-18-15,4.55e-06,4.89e-06,4.51e-06,4.77e-06,65340.00472929
2021-04-18-16,4.76e-06,4.81e-06,4.66e-06,4.68e-06,16800.7826322
2021-04-18-17,4.68e-06,4.86e-06,4.62e-06,4.85e-06,62655.37253343
2021-04-18-18,4.8e-06,4.84e-06,4.76e-06,4.82e-06,17530.15402673
2021-04-18-19,4.81e-06,4.82e-06,4.75e-06,4.8e-06,12229.04102615
2021-04-18-20,4.75e-06,4.81e-06,4.71e-06,4.8e-06,12561.53070743
2021-04-18-21,4.76e-06,4.8e-06,4.75e-06,4.75e-06,15270.81758416
2021-04-18-22,4.77e-06,5.1e-06,4.77e-06,4.99e-06,94381.48430832
2021-04-18-23,5.04e-06,5.1e-06,4.99e-06,5.01e-06,12016.05679171
2021-04-19-00,5.01e-06,5.06e-06,4.91e-06,4.99e-06,11957.61098823
2021-04-19-01,4.99e-06,5.15e-06,4.91e-06,5.15e-06,38440.56501005
2021-04-19-02,5.15e-06,5.27e-06,4.98e-06,5.11e-06,161202.45712778
2021-04-19-03,5.11e-06,5.11e-06,4.9e-06,5.03e-06,51560.0340279
2021-04-19-04,5.03e-06,5.04e-06,4.68e-06,4.86e-06,77324.8548599
2021-04-19-05,4.85e-06,5.1e-06,4.82e-06,5.04e-06,73357.80760346
2021-04-19-06,4.98e-06,5.15e-06,4.94e-06,5.15e-06,46075.09816314
2021-04-19-07,5.11e-06,5.77e-06,4.98e-06,5.17e-06,367244.90376256
2021-04-19-08,5.12e-06,5.46e-06,5.02e-06,5.15e-06,173024.94193253
2021-04-19-09,5.15e-06,5.18e-06,5.05e-06,5.14e-06,19118.37062634
2021-04-19-10,5.09e-06,5.14e-06,4.91e-06,4.95e-06,43828.53300422
2021-04-19-11,4.94e-06,4.95e-06,4.85e-06,4.92e-06,28182.75395664
2021-04-19-12,4.86e-06,5.14e-06,4.82e-06,4.99e-06,225982.64332227
2021-04-19-13,5.05e-06,5.05e-06,4.84e-06,4.87e-06,34045.24684294
2021-04-19-14,4.85e-06,4.98e-06,4.84e-06,4.87e-06,18643.06775986
2021-04-19-15,4.93e-06,5.03e-06,4.86e-06,5.02e-06,12409.37155746
2021-04-19-16,5.02e-06,5.03e-06,4.8e-06,4.82e-06,41769.97328599
2021-04-19-17,4.87e-06,4.95e-06,4.81e-06,4.88e-06,9500.51366418
2021-04-19-18,4.81e-06,4.95e-06,4.81e-06,4.89e-06,16730.32714127
2021-04-19-19,4.82e-06,4.84e-06,4.68e-06,4.83e-06,25934.35871278
2021-04-19-20,4.75e-06,4.75e-06,4.65e-06,4.68e-06,57180.50942243
2021-04-19-21,4.71e-06,4.8e-06,4.68e-06,4.71e-06,32931.7872876
2021-04-19-22,4.77e-06,4.84e-06,4.76e-06,4.76e-06,9694.94045639
2021-04-19-23,4.77e-06,4.88e-06,4.73e-06,4.78e-06,32264.39576409
2021-04-20-00,4.78e-06,4.83e-06,4.7e-06,4.7e-06,19172.36818486
2021-04-20-01,4.7e-06,4.78e-06,4.69e-06,4.75e-06,7840.529051
2021-04-20-02,4.78e-06,4.8e-06,4.48e-06,4.51e-06,110130.47085344
2021-04-20-03,4.47e-06,4.76e-06,4.47e-06,4.69e-06,44681.63790677
2021-04-20-04,4.69e-06,4.74e-06,4.61e-06,4.74e-06,34206.38484127
2021-04-20-05,4.67e-06,4.72e-06,4.58e-06,4.66e-06,11837.27825928
2021-04-20-06,4.58e-06,4.66e-06,4.5e-06,4.55e-06,48064.35575068
2021-04-20-07,4.61e-06,4.65e-06,4.47e-06,4.51e-06,108895.29058246
2021-04-20-08,4.57e-06,4.65e-06,4.5e-06,4.58e-06,29668.44943535
2021-04-20-09,4.57e-06,4.58e-06,4.39e-06,4.46e-06,70218.32288001
2021-04-20-10,4.4e-06,4.49e-06,4.31e-06,4.47e-06,79099.12420058
2021-04-20-11,4.42e-06,4.48e-06,4.31e-06,4.43e-06,78684.68552515
2021-04-20-12,4.46e-06,4.54e-06,4.3e-06,4.53e-06,82693.93460661
2021-04-20-13,4.53e-06,4.58e-06,4.46e-06,4.54e-06,46354.12940387
2021-04-20-14,4.53e-06,4.67e-06,4.45e-06,4.65e-06,44842.60130641
2021-04-20-15,4.61e-06,4.68e-06,4.57e-06,4.65e-06,30851.30326049
2021-04-20-16,4.6e-06,4.65e-06,4.55e-06,4.55e-06,6858.22073137
2021-04-20-17,4.55e-06,4.64e-06,4.5e-06,4.64e-06,18859.32980288
2021-04-20-18,4.59e-06,4.64e-06,4.47e-06,4.62e-06,38191.01259653
2021-04-20-19,4.63e-06,4.65e-06,4.53e-06,4.65e-06,14216.12326241
2021-04-20-20,4.65e-06,4.66e-06,4.42e-06,4.55e-06,48767.05887831
2021-04-20-21,4.55e-06,4.6e-06,4.38e-06,4.57e-06,63024.67824238
2021-04-20-22,4.57e-06,4.6e-06,4.41e-06,4.41e-06,36041.03831199
2021-04-20-23,4.45e-06,4.5e-06,4.39e-06,4.48e-06,27969.66954704
2021-04-21-00,4.48e-06,4.61e-06,4.43e-06,4.55e-06,30428.24212479
2021-04-21-01,4.59e-06,4.65e-06,4.5e-06,4.55e-06,24040.76268702
2021-04-21-02,4.56e-06,4.67e-06,4.49e-06,4.65e-06,27366.42195588
2021-04-21-03,4.65e-06,4.65e-06,4.54e-06,4.62e-06,10185.04422592
2021-04-21-04,4.62e-06,4.72e-06,4.5e-06,4.59e-06,39674.37723233
2021-04-21-05,4.62e-06,4.73e-06,4.54e-06,4.73e-06,25348.6935186
2021-04-21-06,4.74e-06,4.75e-06,4.64e-06,4.7e-06,8910.78591653
2021-04-21-07,4.69e-06,4.74e-06,4.69e-06,4.72e-06,7883.21448833
2021-04-21-08,4.7e-06,4.74e-06,4.7e-06,4.73e-06,14151.24118581
2021-04-21-09,4.7e-06,4.74e-06,4.69e-06,4.74e-06,18518.55947202
2021-04-21-10,4.74e-06,4.74e-06,4.68e-06,4.68e-06,19134.66995107
2021-04-21-11,4.68e-06,4.71e-06,4.6e-06,4.7e-06,29247.64552965
2021-04-21-12,4.7e-06,4.71e-06,4.62e-06,4.64e-06,34424.58942366
2021-04-21-13,4.64e-06,4.65e-06,4.41e-06,4.52e-06,83882.19181095
2021-04-21-14,4.57e-06,4.66e-06,4.5e-06,4.62e-06,37945.78693477
2021-04-21-15,4.62e-06,4.7e-06,4.47e-06,4.52e-06,50371.38805692
2021-04-21-16,4.56e-06,4.57e-06,4.38e-06,4.38e-06,104312.47800741
2021-04-21-17,4.47e-06,4.54e-06,4.25e-06,4.42e-06,495043.14473939
2021-04-21-18,4.42e-06,4.5e-06,4.38e-06,4.5e-06,78884.67187663
2021-04-21-19,4.47e-06,4.81e-06,4.43e-06,4.71e-06,118264.52324031
2021-04-21-20,4.7e-06,4.93e-06,4.64e-06,4.64e-06,54208.44979079
2021-04-21-21,4.63e-06,4.72e-06,4.62e-06,4.72e-06,5191.37086925
2021-04-21-22,4.72e-06,4.72e-06,4.51e-06,4.55e-06,34494.49458811
2021-04-21-23,4.6e-06,4.62e-06,4.44e-06,4.44e-06,38106.08050143
2021-04-22-00,4.54e-06,4.57e-06,4.42e-06,4.49e-06,26496.371246
2021-04-22-01,4.42e-06,4.49e-06,4.4e-06,4.41e-06,10361.05059278
2021-04-22-02,4.4e-06,4.57e-06,4.4e-06,4.49e-06,20252.36450232
2021-04-22-03,4.49e-06,4.51e-06,4.39e-06,4.39e-06,33942.34804027
2021-04-22-04,4.47e-06,4.5e-06,4.33e-06,4.47e-06,62837.30326142
2021-04-22-05,4.47e-06,4.48e-06,4.37e-06,4.48e-06,11745.45304029
2021-04-22-06,4.48e-06,4.55e-06,4.47e-06,4.49e-06,13500.12783681
2021-04-22-07,4.48e-06,4.51e-06,4.45e-06,4.46e-06,22159.48774338
2021-04-22-08,4.46e-06,4.49e-06,4.41e-06,4.48e-06,41196.35048274
2021-04-22-09,4.44e-06,4.48e-06,4.42e-06,4.48e-06,6918.35476025
2021-04-22-10,4.43e-06,4.49e-06,4.41e-06,4.46e-06,7933.4100913
2021-04-22-11,4.41e-06,4.46e-06,4.32e-06,4.34e-06,38060.37679764
2021-04-22-12,4.34e-06,4.44e-06,4.3e-06,4.34e-06,23048.94276814
2021-04-22-13,4.33e-06,4.44e-06,4.3e-06,4.37e-06,30367.12855021
2021-04-22-14,4.41e-06,4.47e-06,4.29e-06,4.42e-06,86644.37488721
2021-04-22-15,4.44e-06,4.46e-06,4.33e-06,4.36e-06,14328.67794923
2021-04-22-16,4.36e-06,4.41e-06,4.34e-06,4.4e-06,7017.20034241
2021-04-22-17,4.4e-06,4.4e-06,4.27e-06,4.35e-06,38144.27370384
2021-04-22-18,4.34e-06,4.36e-06,4.26e-06,4.26e-06,29558.90623207
2021-04-22-19,4.34e-06,4.34e-06,4.25e-06,4.26e-06,67019.523605
2021-04-22-20,4.3e-06,4.31e-06,4.15e-06,4.23e-06,98283.16382224
2021-04-22-21,4.27e-06,4.36e-06,4.22e-06,4.33e-06,47997.07092441
2021-04-22-22,4.28e-06,4.3e-06,4.15e-06,4.16e-06,37243.11560542
2021-04-22-23,4.15e-06,4.23e-06,4.01e-06,4.16e-06,80422.89048029
2021-04-23-00,4.15e-06,4.46e-06,4.06e-06,4.36e-06,180656.04276531
2021-04-23-01,4.28e-06,4.33e-06,4e-06,4e-06,103547.8688438
2021-04-23-02,4e-06,4.14e-06,3.86e-06,4.14e-06,59481.2121256
2021-04-23-03,4.02e-06,4.23e-06,3.87e-06,3.87e-06,69147.76604227
2021-04-23-04,3.99e-06,3.99e-06,3.56e-06,3.74e-06,206128.95133367
2021-04-23-05,3.73e-06,3.96e-06,3.7e-06,3.92e-06,74040.41015569
2021-04-23-06,3.92e-06,3.96e-06,3.6e-06,3.76e-06,74751.76275417
2021-04-23-07,3.76e-06,3.8e-06,3.59e-06,3.67e-06,64596.48748545
2021-04-23-08,3.63e-06,3.65e-06,3.38e-06,3.65e-06,145423.43820073
2021-04-23-09,3.65e-06,3.82e-06,3.6e-06,3.82e-06,68605.13047807
2021-04-23-10,3.78e-06,3.78e-06,3.39e-06,3.69e-06,88379.67458103
2021-04-23-11,3.63e-06,3.91e-06,3.63e-06,3.87e-06,41413.76747959
2021-04-23-12,3.87e-06,3.9e-06,3.74e-06,3.8e-06,80302.16174922
2021-04-23-13,3.81e-06,3.91e-06,3.76e-06,3.86e-06,61144.38350464
2021-04-23-14,3.89e-06,3.94e-06,3.88e-06,3.91e-06,47481.89547041
2021-04-23-15,3.91e-06,3.91e-06,3.65e-06,3.65e-06,69412.83092371
2021-04-23-16,3.65e-06,3.79e-06,3.59e-06,3.76e-06,69476.07978364
2021-04-23-17,3.76e-06,4.09e-06,3.69e-06,4.08e-06,79839.57055828
2021-04-23-18,4.08e-06,4.08e-06,3.97e-06,3.97e-06,41723.64143487
2021-04-23-19,4e-06,4e-06,3.86e-06,3.94e-06,27171.06749561
2021-04-23-20,3.95e-06,3.95e-06,3.86e-06,3.9e-06,11222.13286128
2021-04-23-21,3.89e-06,3.95e-06,3.89e-06,3.9e-06,9060.78339246
2021-04-23-22,3.9e-06,4.25e-06,3.88e-06,4.16e-06,120640.87421539
2021-04-23-23,4.16e-06,4.57e-06,4.04e-06,4.19e-06,129557.94625353
2021-04-24-00,4.19e-06,4.19e-06,4.06e-06,4.07e-06,14313.97650938
2021-04-24-01,4.05e-06,4.09e-06,3.87e-06,3.93e-06,72726.2749318
2021-04-24-02,3.93e-06,3.93e-06,3.85e-06,3.93e-06,10155.09329924
2021-04-24-03,3.92e-06,3.99e-06,3.84e-06,3.84e-06,15446.99818763
2021-04-24-04,3.89e-06,3.94e-06,3.85e-06,3.91e-06,12596.40706951
2021-04-24-05,3.91e-06,3.94e-06,3.84e-06,3.93e-06,7487.90643094
2021-04-24-06,3.96e-06,4.15e-06,3.95e-06,4.12e-06,18397.10302361
2021-04-24-07,4.11e-06,4.3e-06,4.01e-06,4.3e-06,45949.14790573
2021-04-24-08,4.3e-06,5.43e-06,4.29e-06,5.32e-06,217072.85121072
2021-04-24-09,5.41e-06,5.42e-06,4.85e-06,5.28e-06,206063.65241094
2021-04-24-10,5.28e-06,5.29e-06,5.05e-06,5.1e-06,65498.18847704
2021-04-24-11,5.1e-06,5.2e-06,5.04e-06,5.18e-06,28761.26046617
2021-04-24-12,5.18e-06,5.18e-06,4.73e-06,4.77e-06,128107.14676334
2021-04-24-13,4.86e-06,4.86e-06,4.33e-06,4.79e-06,124128.46367143
2021-04-24-14,4.74e-06,4.81e-06,4.48e-06,4.79e-06,87318.67274639
2021-04-24-15,4.78e-06,4.96e-06,4.73e-06,4.96e-06,35598.99393953
2021-04-24-16,4.96e-06,5.27e-06,4.8e-06,5.17e-06,84213.7416452
2021-04-24-17,5.08e-06,5.17e-06,4.73e-06,4.76e-06,70059.68921328
2021-04-24-18,4.76e-06,4.79e-06,4.6e-06,4.63e-06,53885.7967441
2021-04-24-19,4.61e-06,4.77e-06,4.6e-06,4.61e-06,92645.37629808
2021-04-24-20,4.67e-06,4.72e-06,4.58e-06,4.67e-06,21622.37070712
2021-04-24-21,4.67e-06,4.75e-06,4.67e-06,4.75e-06,12913.99744827
2021-04-24-22,4.7e-06,4.83e-06,4.7e-06,4.77e-06,14959.11729731
2021-04-24-23,4.77e-06,4.85e-06,4.58e-06,4.8e-06,41502.45861134
2021-04-25-00,4.8e-06,4.85e-06,4.71e-06,4.75e-06,32569.31776731
2021-04-25-01,4.74e-06,4.85e-06,4.6e-06,4.6e-06,24059.22501212
2021-04-25-02,4.68e-06,4.69e-06,4.47e-06,4.69e-06,49023.72855224
2021-04-25-03,4.64e-06,4.71e-06,4.57e-06,4.67e-06,15337.68786911
2021-04-25-04,4.68e-06,4.9e-06,4.66e-06,4.89e-06,47007.51604437
2021-04-25-05,4.89e-06,5.11e-06,4.78e-06,4.79e-06,90223.23660249
2021-04-25-06,4.79e-06,5.05e-06,4.56e-06,4.99e-06,85197.49845933
2021-04-25-07,4.99e-06,5.35e-06,4.94e-06,5.26e-06,105977.93070573
2021-04-25-08,5.26e-06,5.36e-06,5.05e-06,5.08e-06,92261.78972327
2021-04-25-09,5.15e-06,5.15e-06,4.7e-06,4.8e-06,45826.03201481
2021-04-25-10,4.88e-06,4.89e-06,4.62e-06,4.62e-06,21676.18184662
2021-04-25-11,4.61e-06,4.81e-06,4.59e-06,4.78e-06,48142.00538022
2021-04-25-12,4.78e-06,4.78e-06,4.68e-06,4.68e-06,12619.44817991
2021-04-25-13,4.68e-06,4.8e-06,4.64e-06,4.64e-06,16815.96530585
2021-04-25-14,4.7e-06,4.77e-06,4.67e-06,4.72e-06,28126.51158271
2021-04-25-15,4.75e-06,4.89e-06,4.7e-06,4.87e-06,25638.21131063
2021-04-25-16,4.87e-06,4.95e-06,4.84e-06,4.95e-06,32983.17356631
2021-04-25-17,4.95e-06,5.2e-06,4.93e-06,5.04e-06,62432.05688219
2021-04-25-18,4.98e-06,5.19e-06,4.91e-06,5.05e-06,33737.20514082
2021-04-25-19,5.05e-06,5.05e-06,4.93e-06,4.93e-06,9338.50960295
2021-04-25-20,4.91e-06,5.05e-06,4.91e-06,4.96e-06,10004.2330792
2021-04-25-21,5.03e-06,5.03e-06,4.95e-06,4.95e-06,10861.41542835
2021-04-25-22,4.95e-06,4.95e-06,4.8e-06,4.81e-06,66503.82025868
2021-04-25-23,4.85e-06,5.04e-06,4.66e-06,4.67e-06,49054.2476859
2021-04-26-00,4.74e-06,4.87e-06,4.55e-06,4.75e-06,90027.80331193
2021-04-26-01,4.66e-06,4.81e-06,4.63e-06,4.72e-06,27881.30682293
2021-04-26-02,4.78e-06,5.05e-06,4.73e-06,4.79e-06,59424.98165618
2021-04-26-03,4.78e-06,5.03e-06,4.77e-06,4.84e-06,25194.37094969
2021-04-26-04,4.84e-06,4.97e-06,4.72e-06,4.85e-06,36707.26127727
2021-04-26-05,4.9e-06,5.2e-06,4.8e-06,5e-06,87339.25043194
2021-04-26-06,4.94e-06,5.22e-06,4.94e-06,5.03e-06,29301.86097098
2021-04-26-07,5.03e-06,5.14e-06,5.03e-06,5.05e-06,19668.32629516
2021-04-26-08,5.11e-06,5.18e-06,5.03e-06,5.06e-06,25826.24560086
2021-04-26-09,5.05e-06,5.06e-06,4.98e-06,4.99e-06,6664.06815117
2021-04-26-10,5.06e-06,5.07e-06,4.9e-06,4.93e-06,9132.88943013
2021-04-26-11,4.92e-06,4.93e-06,4.75e-06,4.82e-06,34401.0873604
2021-04-26-12,4.8e-06,5.04e-06,4.79e-06,4.86e-06,38462.68321573
2021-04-26-13,4.87e-06,4.97e-06,4.84e-06,4.92e-06,20688.9925423
2021-04-26-14,4.97e-06,5.46e-06,4.93e-06,4.99e-06,159690.4986621
2021-04-26-15,4.99e-06,5.04e-06,4.86e-06,4.95e-06,31983.51457496
2021-04-26-16,4.88e-06,4.88e-06,4.88e-06,4.88e-06,252.65162625
2021-04-26-17,4.9e-06,4.9e-06,4.89e-06,4.89e-06,1268.24535423
2021-04-26-18,4.9e-06,4.9e-06,4.89e-06,4.89e-06,3447.4371228
2021-04-26-19,4.89e-06,4.89e-06,4.8e-06,4.85e-06,13670.33493123
2021-04-26-20,4.79e-06,4.84e-06,4.77e-06,4.78e-06,7569.48427881
2021-04-26-21,4.77e-06,4.84e-06,4.75e-06,4.82e-06,5496.32693711
2021-04-26-22,4.77e-06,5.03e-06,4.77e-06,4.92e-06,40325.84908155
2021-04-26-23,4.92e-06,4.97e-06,4.85e-06,4.9e-06,10677.30060219
2021-04-27-00,4.96e-06,5.01e-06,4.7e-06,4.82e-06,71560.26232868
2021-04-27-01,4.87e-06,4.91e-06,4.72e-06,4.91e-06,14326.18342094
2021-04-27-02,4.88e-06,4.88e-06,4.73e-06,4.73e-06,13054.59726192
2021-04-27-03,4.73e-06,4.81e-06,4.72e-06,4.72e-06,20300.57014277
2021-04-27-04,4.78e-06,4.87e-06,4.75e-06,4.84e-06,15908.06560393
2021-04-27-05,4.83e-06,4.96e-06,4.83e-06,4.93e-06,24967.26248621
2021-04-27-06,4.93e-06,4.93e-06,4.8e-06,4.91e-06,17891.66165108
2021-04-27-07,4.85e-06,4.94e-06,4.8e-06,4.88e-06,26669.52578993
2021-04-27-08,4.88e-06,4.88e-06,4.8e-06,4.87e-06,16489.5851297
2021-04-27-09,4.81e-06,4.98e-06,4.8e-06,4.88e-06,56846.19758309
2021-04-27-10,4.94e-06,4.95e-06,4.78e-06,4.9e-06,35611.31040758
2021-04-27-11,4.84e-06,4.92e-06,4.82e-06,4.82e-06,15206.73034252
2021-04-27-12,4.83e-06,4.95e-06,4.83e-06,4.86e-06,16868.35836569
2021-04-27-13,4.93e-06,5.06e-06,4.85e-06,4.91e-06,39626.94140202
2021-04-27-14,4.93e-06,4.99e-06,4.89e-06,4.92e-06,20996.84908101
2021-04-27-15,4.99e-06,5.05e-06,4.85e-06,4.89e-06,43133.62101196
2021-04-27-16,4.89e-06,4.97e-06,4.87e-06,4.96e-06,9999.33281721
2021-04-27-17,4.91e-06,4.97e-06,4.88e-06,4.96e-06,14279.98601334
2021-04-27-18,4.96e-06,4.99e-06,4.89e-06,4.89e-06,32950.35889167
2021-04-27-19,4.89e-06,4.9e-06,4.87e-06,4.87e-06,18039.6333651
2021-04-27-20,4.87e-06,5.03e-06,4.76e-06,4.96e-06,58899.26203029
2021-04-27-21,5e-06,5.05e-06,4.96e-06,5.02e-06,13010.04328644
2021-04-27-22,5.02e-06,5.07e-06,5e-06,5e-06,5935.55810096
2021-04-27-23,5e-06,5.13e-06,5e-06,5.07e-06,16101.74682228
2021-04-28-00,5.13e-06,5.27e-06,5.08e-06,5.24e-06,29325.07874415
2021-04-28-01,5.24e-06,5.95e-06,5.21e-06,5.75e-06,210281.50196682
2021-04-28-02,5.79e-06,6.39e-06,5.76e-06,6.32e-06,307040.42147155
2021-04-28-03,6.38e-06,6.54e-06,5.44e-06,5.79e-06,206055.14926677
2021-04-28-04,5.71e-06,5.8e-06,5.44e-06,5.53e-06,71949.76202828
2021-04-28-05,5.54e-06,5.54e-06,5.2e-06,5.2e-06,63000.94895287
2021-04-28-06,5.2e-06,5.64e-06,5.08e-06,5.56e-06,91333.17523471
2021-04-28-07,5.47e-06,5.62e-06,5.31e-06,5.41e-06,41379.02619306
2021-04-28-08,5.45e-06,5.63e-06,5.36e-06,5.46e-06,56133.54759982
2021-04-28-09,5.38e-06,5.6e-06,5.35e-06,5.4e-06,65841.03473352
2021-04-28-10,5.42e-06,5.54e-06,5.41e-06,5.49e-06,11648.38716271
2021-04-28-11,5.54e-06,5.55e-06,5.34e-06,5.45e-06,31452.91135411
2021-04-28-12,5.43e-06,5.57e-06,5.43e-06,5.46e-06,35334.71217872
2021-04-28-13,5.43e-06,5.55e-06,5.35e-06,5.52e-06,24808.88991331
2021-04-28-14,5.45e-06,5.63e-06,5.44e-06,5.6e-06,52534.49166415
2021-04-28-15,5.54e-06,5.62e-06,5.51e-06,5.58e-06,12953.80139328
2021-04-28-16,5.58e-06,5.62e-06,5.51e-06,5.55e-06,11931.54664006
2021-04-28-17,5.63e-06,5.97e-06,5.56e-06,5.9e-06,49262.79165763
2021-04-28-18,5.9e-06,5.98e-06,5.66e-06,5.83e-06,83735.9710676
2021-04-28-19,5.74e-06,5.78e-06,5.54e-06,5.55e-06,22687.85835157
2021-04-28-20,5.55e-06,5.66e-06,5.52e-06,5.61e-06,16299.05085788
2021-04-28-21,5.6e-06,5.69e-06,5.54e-06,5.54e-06,16409.98856853
2021-04-28-22,5.55e-06,5.61e-06,5.52e-06,5.6e-06,4993.10219671
2021-04-28-23,5.55e-06,5.62e-06,5.53e-06,5.59e-06,18667.91640469
2021-04-29-00,5.63e-06,5.78e-06,5.56e-06,5.67e-06,26851.57536997
2021-04-29-01,5.63e-06,5.75e-06,5.57e-06,5.7e-06,39704.6464698
2021-04-29-02,5.7e-06,5.78e-06,5.66e-06,5.71e-06,43942.86486895
2021-04-29-03,5.76e-06,5.91e-06,5.66e-06,5.66e-06,82014.28622391
2021-04-29-04,5.67e-06,5.72e-06,5.59e-06,5.6e-06,18723.74074476
2021-04-29-05,5.59e-06,5.62e-06,5.51e-06,5.61e-06,70941.50908366
2021-04-29-06,5.63e-06,5.63e-06,5.47e-06,5.58e-06,29546.1833898
2021-04-29-07,5.52e-06,5.6e-06,5.45e-06,5.58e-06,25023.41563649
2021-04-29-08,5.54e-06,5.59e-06,5.45e-06,5.45e-06,16382.70069113
2021-04-29-09,5.52e-06,5.55e-06,5.45e-06,5.45e-06,5491.36944767
2021-04-29-10,5.51e-06,5.53e-06,5.45e-06,5.52e-06,4368.57189937
2021-04-29-11,5.47e-06,5.62e-06,5.47e-06,5.61e-06,10404.41296919
2021-04-29-12,5.61e-06,5.62e-06,5.5e-06,5.58e-06,3997.43963352
2021-04-29-13,5.5e-06,5.57e-06,5.43e-06,5.47e-06,23794.54034614
2021-04-29-14,5.42e-06,5.54e-06,5.37e-06,5.47e-06,16274.46760572
2021-04-29-15,5.53e-06,5.65e-06,5.42e-06,5.58e-06,37009.84797854
2021-04-29-16,5.57e-06,5.64e-06,5.56e-06,5.63e-06,3490.69971231
2021-04-29-17,5.55e-06,5.55e-06,5.4e-06,5.54e-06,22425.43654517
2021-04-29-18,5.49e-06,5.53e-06,5.44e-06,5.44e-06,4681.16269264
2021-04-29-19,5.51e-06,5.51e-06,5.35e-06,5.48e-06,22803.41489449
2021-04-29-20,5.49e-06,5.5e-06,5.24e-06,5.26e-06,26784.11287604
2021-04-29-21,5.31e-06,5.34e-06,5.23e-06,5.26e-06,17536.86115743
2021-04-29-22,5.3e-06,5.34e-06,5.24e-06,5.28e-06,6790.02490974
2021-04-29-23,5.33e-06,5.49e-06,5.27e-06,5.49e-06,17852.84699282
2021-04-30-00,5.42e-06,5.55e-06,5.38e-06,5.39e-06,20413.92449538
2021-04-30-01,5.39e-06,5.59e-06,5.33e-06,5.48e-06,35497.34878851
2021-04-30-02,5.57e-06,5.72e-06,5.54e-06,5.68e-06,30969.83540015
2021-04-30-03,5.61e-06,5.69e-06,5.47e-06,5.47e-06,16282.78647642
2021-04-30-04,5.46e-06,5.68e-06,5.43e-06,5.51e-06,31471.5732763
2021-04-30-05,5.46e-06,5.72e-06,5.43e-06,5.55e-06,22807.36855924
2021-04-30-06,5.55e-06,5.8e-06,5.5e-06,5.7e-06,29480.38454256
2021-04-30-07,5.62e-06,5.65e-06,5.58e-06,5.58e-06,3587.63223396
2021-04-30-08,5.56e-06,5.67e-06,5.52e-06,5.62e-06,19954.25136311
2021-04-30-09,5.56e-06,5.61e-06,5.53e-06,5.53e-06,6447.92109078
2021-04-30-10,5.6e-06,5.64e-06,5.54e-06,5.61e-06,16903.84878835
2021-04-30-11,5.56e-06,5.66e-06,5.54e-06,5.61e-06,14236.17907852
2021-04-30-12,5.61e-06,5.61e-06,5.52e-06,5.59e-06,10062.56079299
2021-04-30-13,5.53e-06,5.56e-06,5.39e-06,5.41e-06,20231.06962269
2021-04-30-14,5.41e-06,5.5e-06,5.4e-06,5.5e-06,29665.29244476
2021-04-30-15,5.44e-06,5.65e-06,5.3e-06,5.35e-06,37138.34295335
2021-04-30-16,5.31e-06,5.35e-06,5.27e-06,5.28e-06,10503.49943137
2021-04-30-17,5.29e-06,5.44e-06,5.27e-06,5.33e-06,17821.37987614
2021-04-30-18,5.39e-06,5.4e-06,5.33e-06,5.4e-06,5148.04894049
2021-04-30-19,5.4e-06,5.46e-06,5.37e-06,5.46e-06,5331.2802896
2021-04-30-20,5.46e-06,5.54e-06,5.42e-06,5.45e-06,34865.52311291
2021-04-30-21,5.49e-06,5.52e-06,5.34e-06,5.41e-06,30107.99673442
2021-04-30-22,5.41e-06,5.41e-06,5.3e-06,5.31e-06,22882.93390314
2021-04-30-23,5.36e-06,5.42e-06,5.31e-06,5.35e-06,12832.19913268
2021-05-01-00,5.35e-06,5.39e-06,5.31e-06,5.31e-06,9231.3815873
2021-05-01-01,5.31e-06,5.31e-06,5.09e-06,5.21e-06,75231.97623662
2021-05-01-02,5.18e-06,5.4e-06,5.11e-06,5.32e-06,61943.42610081
2021-05-01-03,5.39e-06,5.39e-06,5.29e-06,5.36e-06,13802.55717556
2021-05-01-04,5.28e-06,5.34e-06,5.19e-06,5.19e-06,12936.08436658
2021-05-01-05,5.2e-06,5.31e-06,4.71e-06,5.24e-06,142012.45118977
2021-05-01-06,5.17e-06,5.23e-06,5.06e-06,5.07e-06,40869.68004857
2021-05-01-07,5.07e-06,5.13e-06,4.94e-06,5.03e-06,126154.37885779
2021-05-01-08,5.04e-06,5.11e-06,4.93e-06,5.05e-06,35631.65022537
2021-05-01-09,4.99e-06,5.07e-06,4.97e-06,5.04e-06,33189.71061152
2021-05-01-10,5e-06,5.05e-06,4.99e-06,5e-06,10093.05690491
2021-05-01-11,5.05e-06,5.1e-06,4.98e-06,5.06e-06,27839.61986515
2021-05-01-12,5.01e-06,5.08e-06,5e-06,5.05e-06,22889.89790086
2021-05-01-13,5.05e-06,5.11e-06,5e-06,5.11e-06,21721.29481031
2021-05-01-14,5.11e-06,5.11e-06,5.03e-06,5.03e-06,8350.84223842
2021-05-01-15,5.1e-06,5.1e-06,4.78e-06,4.97e-06,89534.76404272
2021-05-01-16,5e-06,5.08e-06,4.96e-06,5.08e-06,26543.96420278
2021-05-01-17,5.08e-06,5.08e-06,4.96e-06,5.01e-06,25848.47220781
2021-05-01-18,5e-06,5.04e-06,4.93e-06,5e-06,36754.99798908
2021-05-01-19,4.98e-06,5.03e-06,4.98e-06,5.03e-06,9457.31307772
2021-05-01-20,5.03e-06,5.12e-06,5.01e-06,5.12e-06,22522.27162379
2021-05-01-21,5.07e-06,5.13e-06,4.98e-06,5.05e-06,28778.14353792
2021-05-01-22,4.98e-06,5.05e-06,4.98e-06,5.05e-06,6640.65330443
2021-05-01-23,5.01e-06,5.05e-06,4.9e-06,5e-06,34672.93709951
2021-05-02-00,4.93e-06,5.01e-06,4.92e-06,4.94e-06,15707.26902599
2021-05-02-01,4.98e-06,5.03e-06,4.93e-06,5.01e-06,11726.99513035
2021-05-02-02,5e-06,5.01e-06,4.92e-06,5.01e-06,22322.26257431
2021-05-02-03,5.02e-06,5.02e-06,4.81e-06,4.9e-06,58218.32075291
2021-05-02-04,4.9e-06,4.94e-06,4.81e-06,4.86e-06,41289.86511271
2021-05-02-05,4.91e-06,4.94e-06,4.85e-06,4.93e-06,9028.71547068
2021-05-02-06,4.86e-06,4.95e-06,4.86e-06,4.94e-06,5518.54727331
2021-05-02-07,4.94e-06,5e-06,4.86e-06,4.91e-06,11420.13065956
2021-05-02-08,4.91e-06,4.93e-06,4.84e-06,4.93e-06,33621.88498477
2021-05-02-09,4.89e-06,5.02e-06,4.87e-06,5.01e-06,48861.78499439
2021-05-02-10,5e-06,5.03e-06,4.97e-06,5.02e-06,37020.00502436
2021-05-02-11,5.01e-06,5.02e-06,4.96e-06,4.99e-06,15678.868889
2021-05-02-12,5.02e-06,5.02e-06,4.93e-06,5.01e-06,4990.1589222
2021-05-02-13,5.01e-06,5.01e-06,4.91e-06,4.97e-06,49508.05485293
2021-05-02-14,4.93e-06,4.97e-06,4.92e-06,4.92e-06,7317.87800783
2021-05-02-15,4.96e-06,4.96e-06,4.92e-06,4.92e-06,3310.12270249
2021-05-02-16,4.92e-06,5.03e-06,4.88e-06,5.03e-06,35221.57883363
2021-05-02-17,5.03e-06,5.11e-06,5.02e-06,5.03e-06,20014.56944724
2021-05-02-18,5.08e-06,5.12e-06,5.06e-06,5.06e-06,9445.67013181
2021-05-02-19,5.1e-06,5.1e-06,4.93e-06,5.02e-06,66422.35022656
2021-05-02-20,5.01e-06,5.05e-06,4.98e-06,5.05e-06,7173.37819375
2021-05-02-21,5.05e-06,5.08e-06,4.92e-06,4.92e-06,73549.06992033
2021-05-02-22,4.99e-06,5.05e-06,4.92e-06,4.97e-06,8517.98298983
2021-05-02-23,4.98e-06,5.07e-06,4.98e-06,5.07e-06,12223.36788121
2021-05-03-00,5.08e-06,5.08e-06,5.01e-06,5.01e-06,7122.40681112
2021-05-03-01,5.02e-06,5.06e-06,5.01e-06,5.05e-06,8527.81512256
2021-05-03-02,5.05e-06,5.05e-06,4.95e-06,5.02e-06,12944.0243793
2021-05-03-03,5.03e-06,5.04e-06,4.95e-06,4.96e-06,20687.74482269
2021-05-03-04,4.95e-06,5e-06,4.92e-06,4.92e-06,15920.0972623
2021-05-03-05,4.98e-06,4.98e-06,4.92e-06,4.98e-06,8275.92287368
2021-05-03-06,4.93e-06,4.98e-06,4.92e-06,4.92e-06,10286.81148109
2021-05-03-07,4.98e-06,5.02e-06,4.92e-06,5.01e-06,22862.44053173
2021-05-03-08,5.01e-06,5.05e-06,4.95e-06,5.05e-06,27070.56071965
2021-05-03-09,5.05e-06,5.15e-06,4.98e-06,5.08e-06,35608.71406894
2021-05-03-10,5.03e-06,5.09e-06,4.98e-06,5.01e-06,32740.02593735
2021-05-03-11,5.01e-06,5.08e-06,4.91e-06,4.96e-06,47260.0727103
2021-05-03-12,5.01e-06,5.08e-06,4.95e-06,5.03e-06,12538.3982674
2021-05-03-13,5.03e-06,5.11e-06,4.95e-06,5.09e-06,36301.65566093
2021-05-03-14,5.03e-06,5.14e-06,5e-06,5.13e-06,29089.85439857
2021-05-03-15,5.06e-06,5.14e-06,5.02e-06,5.11e-06,22978.15173617
2021-05-03-16,5.11e-06,5.14e-06,5.02e-06,5.08e-06,8149.26330222
2021-05-03-17,5.07e-06,5.15e-06,4.96e-06,5.07e-06,41747.6420465
2021-05-03-18,5.07e-06,5.11e-06,4.98e-06,5.11e-06,67528.21654206
2021-05-03-19,5.11e-06,5.11e-06,5.03e-06,5.03e-06,10173.04071346
2021-05-03-20,5.03e-06,5.11e-06,5.03e-06,5.11e-06,26113.98780197
2021-05-03-21,5.08e-06,5.1e-06,4.99e-06,5.06e-06,30264.71459883
2021-05-03-22,5.06e-06,5.1e-06,4.97e-06,4.98e-06,47959.88809557
2021-05-03-23,4.99e-06,5.05e-06,4.97e-06,4.97e-06,16688.09651483
2021-05-04-00,4.98e-06,5.09e-06,4.75e-06,4.95e-06,315659.8432973
2021-05-04-01,4.95e-06,4.99e-06,4.92e-06,4.93e-06,10528.73513288
2021-05-04-02,4.93e-06,5.02e-06,4.86e-06,5.02e-06,54154.17521614
2021-05-04-03,5.02e-06,5.05e-06,4.9e-06,5e-06,23570.97797068
2021-05-04-04,5e-06,5.01e-06,4.85e-06,5e-06,17560.19924459
2021-05-04-05,4.94e-06,5.01e-06,4.88e-06,4.98e-06,5852.01367749
2021-05-04-06,4.92e-06,5.01e-06,4.87e-06,4.88e-06,32490.92268915
2021-05-04-07,4.9e-06,4.95e-06,4.75e-06,4.89e-06,43626.74842474
2021-05-04-08,4.94e-06,4.97e-06,4.87e-06,4.97e-06,9050.52160681
2021-05-04-09,4.97e-06,4.97e-06,4.76e-06,4.89e-06,104471.87672296
2021-05-04-10,4.9e-06,4.9e-06,4.8e-06,4.89e-06,25060.47746468
2021-05-04-11,4.82e-06,4.88e-06,4.77e-06,4.85e-06,21931.75290598
2021-05-04-12,4.8e-06,4.87e-06,4.76e-06,4.83e-06,17001.71460604
2021-05-04-13,4.82e-06,4.85e-06,4.77e-06,4.77e-06,27959.70734169
2021-05-04-14,4.84e-06,4.89e-06,4.76e-06,4.87e-06,38683.78510472
2021-05-04-15,4.79e-06,4.88e-06,4.76e-06,4.81e-06,28375.61666236
2021-05-04-16,4.81e-06,4.87e-06,4.65e-06,4.85e-06,146542.04987525
2021-05-04-17,4.85e-06,4.89e-06,4.78e-06,4.85e-06,6992.25533399
2021-05-04-18,4.85e-06,4.85e-06,4.78e-06,4.79e-06,6318.13884343
2021-05-04-19,4.84e-06,4.9e-06,4.62e-06,4.63e-06,102496.35981747
2021-05-04-20,4.63e-06,4.76e-06,4.63e-06,4.7e-06,23779.95457715
2021-05-04-21,4.76e-06,4.84e-06,4.76e-06,4.76e-06,12732.84695612
2021-05-04-22,4.8e-06,4.88e-06,4.75e-06,4.88e-06,13848.18729519
2021-05-04-23,4.82e-06,4.89e-06,4.8e-06,4.89e-06,18811.42107053
2021-05-05-00,4.89e-06,4.89e-06,4.79e-06,4.86e-06,5826.21463782
2021-05-05-01,4.88e-06,4.89e-06,4.79e-06,4.8e-06,8072.08625005
2021-05-05-02,4.86e-06,4.87e-06,4.75e-06,4.79e-06,50633.46009274
2021-05-05-03,4.79e-06,4.87e-06,4.65e-06,4.65e-06,54860.60623696
2021-05-05-04,4.67e-06,4.72e-06,4.65e-06,4.66e-06,7493.37493344
2021-05-05-05,4.71e-06,4.87e-06,4.67e-06,4.7e-06,44605.77781256
2021-05-05-06,4.74e-06,4.76e-06,4.67e-06,4.67e-06,14605.55484478
2021-05-05-07,4.73e-06,4.74e-06,4.63e-06,4.64e-06,39266.02102604
2021-05-05-08,4.64e-06,4.72e-06,4.6e-06,4.63e-06,41301.87828191
2021-05-05-09,4.62e-06,4.67e-06,4.6e-06,4.6e-06,7905.10169633
2021-05-05-10,4.6e-06,4.67e-06,4.57e-06,4.64e-06,42594.21125582
2021-05-05-11,4.65e-06,4.74e-06,4.59e-06,4.74e-06,44677.06385819
2021-05-05-12,4.68e-06,4.75e-06,4.62e-06,4.63e-06,13024.95126535
2021-05-05-13,4.6e-06,4.72e-06,4.6e-06,4.62e-06,7845.72042521
2021-05-05-14,4.62e-06,4.7e-06,4.6e-06,4.68e-06,7193.06343991
2021-05-05-15,4.68e-06,4.75e-06,4.63e-06,4.73e-06,45296.23224195
2021-05-05-16,4.67e-06,4.76e-06,4.59e-06,4.76e-06,57180.83377486
2021-05-05-17,4.7e-06,4.75e-06,4.67e-06,4.7e-06,13151.40156246
2021-05-05-18,4.74e-06,4.77e-06,4.65e-06,4.77e-06,34726.78427789
2021-05-05-19,4.72e-06,4.88e-06,4.71e-06,4.87e-06,30023.70085369
2021-05-05-20,4.87e-06,4.88e-06,4.75e-06,4.75e-06,12771.783837
2021-05-05-21,4.75e-06,4.85e-06,4.69e-06,4.81e-06,49995.82758217
2021-05-05-22,4.81e-06,4.81e-06,4.62e-06,4.75e-06,31198.44448967
2021-05-05-23,4.67e-06,4.79e-06,4.51e-06,4.67e-06,36561.64635557
2021-05-06-00,4.7e-06,4.79e-06,4.68e-06,4.75e-06,26320.42176624
2021-05-06-01,4.75e-06,4.87e-06,4.7e-06,4.77e-06,41506.90183992
2021-05-06-02,4.8e-06,4.8e-06,4.7e-06,4.7e-06,11434.77550102
2021-05-06-03,4.7e-06,4.88e-06,4.67e-06,4.88e-06,62078.42076675
2021-05-06-04,4.88e-06,4.88e-06,4.64e-06,4.67e-06,69305.89357224
2021-05-06-05,4.67e-06,4.7e-06,4.6e-06,4.64e-06,22199.28545504
2021-05-06-06,4.69e-06,4.77e-06,4.64e-06,4.77e-06,21287.67969372
2021-05-06-07,4.78e-06,4.83e-06,4.73e-06,4.73e-06,15199.91055626
2021-05-06-08,4.71e-06,4.77e-06,4.64e-06,4.72e-06,33463.76859131
2021-05-06-09,4.67e-06,4.75e-06,4.61e-06,4.69e-06,33908.01793216
2021-05-06-10,4.72e-06,4.78e-06,4.68e-06,4.75e-06,13392.45919797
2021-05-06-11,4.76e-06,4.76e-06,4.64e-06,4.71e-06,24513.32270774
2021-05-06-12,4.66e-06,4.72e-06,4.57e-06,4.57e-06,40247.34256846
2021-05-06-13,4.59e-06,4.71e-06,4.56e-06,4.69e-06,85263.26286675
2021-05-06-14,4.63e-06,4.8e-06,4.58e-06,4.74e-06,70718.38935815
2021-05-06-15,4.79e-06,4.82e-06,4.63e-06,4.76e-06,108725.0375518
2021-05-06-16,4.76e-06,4.79e-06,4.7e-06,4.79e-06,16019.98394126
2021-05-06-17,4.79e-06,4.83e-06,4.67e-06,4.68e-06,21112.59965447
2021-05-06-18,4.75e-06,4.75e-06,4.66e-06,4.67e-06,7125.4910587
2021-05-06-19,4.73e-06,4.87e-06,4.68e-06,4.8e-06,57793.67921854
2021-05-06-20,4.8e-06,4.85e-06,4.74e-06,4.74e-06,10001.71780804
2021-05-06-21,4.73e-06,4.87e-06,4.67e-06,4.87e-06,66663.8020429
2021-05-06-22,4.85e-06,4.87e-06,4.8e-06,4.86e-06,4055.78261708
2021-05-06-23,4.8e-06,4.89e-06,4.75e-06,4.83e-06,44447.1431447
2021-05-07-00,4.76e-06,4.83e-06,4.67e-06,4.67e-06,13493.16966138
2021-05-07-01,4.67e-06,4.72e-06,4.6e-06,4.61e-06,39702.73409183
2021-05-07-02,4.65e-06,4.68e-06,4.58e-06,4.66e-06,15134.9537555
2021-05-07-03,4.66e-06,4.71e-06,4.6e-06,4.61e-06,20695.75464425
2021-05-07-04,4.6e-06,4.74e-06,4.49e-06,4.66e-06,168420.83666305
2021-05-07-05,4.7e-06,4.71e-06,4.48e-06,4.7e-06,133385.99561805
2021-05-07-06,4.65e-06,4.7e-06,4.51e-06,4.68e-06,84661.72908789
2021-05-07-07,4.62e-06,4.66e-06,4.56e-06,4.65e-06,79275.87584735
2021-05-07-08,4.63e-06,4.72e-06,4.57e-06,4.72e-06,79163.71149922
2021-05-07-09,4.72e-06,4.89e-06,4.71e-06,4.89e-06,53043.15365145
2021-05-07-10,4.82e-06,4.91e-06,4.81e-06,4.87e-06,25933.56142132
2021-05-07-11,4.82e-06,4.93e-06,4.8e-06,4.93e-06,32108.56480568
2021-05-07-12,4.87e-06,5.28e-06,4.85e-06,5.27e-06,125285.71387119
2021-05-07-13,5.19e-06,5.56e-06,5.17e-06,5.52e-06,95098.21972653
2021-05-07-14,5.46e-06,5.53e-06,5.17e-06,5.24e-06,55081.806474
2021-05-07-15,5.25e-06,5.65e-06,5.24e-06,5.61e-06,71687.62371179
2021-05-07-16,5.56e-06,5.56e-06,5.3e-06,5.35e-06,62378.38692494
2021-05-07-17,5.34e-06,5.7e-06,5.22e-06,5.37e-06,118074.16661941
2021-05-07-18,5.37e-06,5.48e-06,5.3e-06,5.32e-06,28958.42159434
2021-05-07-19,5.39e-06,5.52e-06,5.33e-06,5.4e-06,19996.66242672
2021-05-07-20,5.45e-06,5.58e-06,5.45e-06,5.46e-06,44950.97000559
2021-05-07-21,5.46e-06,5.53e-06,5.31e-06,5.31e-06,14926.45108616
2021-05-07-22,5.31e-06,5.46e-06,5.16e-06,5.16e-06,42301.07693219
2021-05-07-23,5.22e-06,5.24e-06,5.16e-06,5.24e-06,15569.43338372
2021-05-08-00,5.24e-06,5.24e-06,5.1e-06,5.1e-06,40362.41663635
2021-05-08-01,5.16e-06,5.17e-06,5.1e-06,5.17e-06,23426.21719906
2021-05-08-02,5.16e-06,5.19e-06,5.1e-06,5.15e-06,14980.34714888
2021-05-08-03,5.16e-06,5.17e-06,4.94e-06,5.14e-06,62765.67244608
2021-05-08-04,5.13e-06,5.13e-06,4.87e-06,4.87e-06,33136.5372708
2021-05-08-05,4.95e-06,5.09e-06,4.9e-06,5.07e-06,17313.98543811
2021-05-08-06,5.01e-06,5.1e-06,4.98e-06,5.05e-06,33342.64400511
2021-05-08-07,5e-06,5.1e-06,4.98e-06,5.08e-06,18157.20235377
2021-05-08-08,5.02e-06,5.12e-06,5.01e-06,5.09e-06,36089.96366031
2021-05-08-09,5.1e-06,5.1e-06,5.04e-06,5.09e-06,8586.21393816
2021-05-08-10,5.09e-06,5.1e-06,5.02e-06,5.02e-06,7025.76836598
2021-05-08-11,5.02e-06,5.3e-06,4.96e-06,5.08e-06,118178.72982183
2021-05-08-12,5.09e-06,5.21e-06,5.01e-06,5.12e-06,36692.37805773
2021-05-08-13,5.17e-06,5.22e-06,5.11e-06,5.11e-06,13658.61340537
2021-05-08-14,5.19e-06,5.35e-06,5.11e-06,5.35e-06,37696.02909614
2021-05-08-15,5.28e-06,5.44e-06,5.19e-06,5.27e-06,45754.09529253
2021-05-08-16,5.19e-06,5.28e-06,5.16e-06,5.21e-06,10898.54345967
2021-05-08-17,5.21e-06,5.28e-06,5.19e-06,5.25e-06,7607.96789438
2021-05-08-18,5.2e-06,5.42e-06,5.15e-06,5.37e-06,23435.33573381
2021-05-08-19,5.36e-06,5.41e-06,5.31e-06,5.31e-06,14808.16341962
2021-05-08-20,5.3e-06,5.3e-06,5.27e-06,5.3e-06,6071.49747906
2021-05-08-21,5.27e-06,5.3e-06,5.22e-06,5.22e-06,7807.41911069
2021-05-08-22,5.23e-06,5.25e-06,5.2e-06,5.2e-06,4214.91962837
2021-05-08-23,5.25e-06,5.35e-06,5.22e-06,5.22e-06,24718.38429512
2021-05-09-00,5.22e-06,5.24e-06,5.19e-06,5.19e-06,8161.75402352
2021-05-09-01,5.19e-06,5.35e-06,5.19e-06,5.35e-06,16480.70812077
2021-05-09-02,5.27e-06,5.33e-06,5.25e-06,5.33e-06,6678.23756036
2021-05-09-03,5.26e-06,5.34e-06,5.17e-06,5.17e-06,15772.64992218
2021-05-09-04,5.19e-06,5.26e-06,5.12e-06,5.21e-06,9854.00902608
2021-05-09-05,5.21e-06,5.23e-06,5.07e-06,5.07e-06,21585.58949539
2021-05-09-06,5.07e-06,5.15e-06,4.98e-06,4.98e-06,18549.78167114
2021-05-09-07,5.04e-06,5.16e-06,4.97e-06,5.11e-06,22818.26499136
2021-05-09-08,5.15e-06,5.19e-06,5.04e-06,5.11e-06,22874.13813958
2021-05-09-09,5.11e-06,5.14e-06,5.01e-06,5.07e-06,29905.14538072
2021-05-09-10,5.07e-06,5.1e-06,5e-06,5.07e-06,18469.45565135
2021-05-09-11,5.04e-06,5.15e-06,4.98e-06,5.08e-06,18577.74082723
2021-05-09-12,5.08e-06,5.14e-06,5e-06,5e-06,23871.12279571
2021-05-09-13,5e-06,5.08e-06,4.96e-06,5.08e-06,21372.06603554
2021-05-09-14,5.03e-06,5.07e-06,4.96e-06,5.06e-06,36650.58098439
2021-05-09-15,5.06e-06,5.08e-06,4.92e-06,4.92e-06,25480.09402109
2021-05-09-16,4.92e-06,5.04e-06,4.9e-06,5.04e-06,25606.53912849
2021-05-09-17,5.01e-06,5.1e-06,5.01e-06,5.09e-06,8893.06033052
2021-05-09-18,5.02e-06,5.02e-06,5e-06,5e-06,1770.31250611
2021-05-09-19,5e-06,5.09e-06,5e-06,5.01e-06,1760.54464106
2021-05-09-20,5.01e-06,5.08e-06,5.01e-06,5.01e-06,2619.07805777
2021-05-09-21,5.08e-06,5.09e-06,5.01e-06,5.05e-06,1075.06062567
2021-05-09-22,5.04e-06,5.05e-06,4.96e-06,4.97e-06,6898.54454242
2021-05-09-23,5.03e-06,5.03e-06,4.92e-06,5.01e-06,31864.5665538
2021-05-10-00,5.01e-06,5.01e-06,4.91e-06,4.98e-06,13423.97879362
2021-05-10-01,4.98e-06,5.05e-06,4.91e-06,4.91e-06,42969.44842565
2021-05-10-02,4.97e-06,5.03e-06,4.92e-06,4.98e-06,6639.94029504
2021-05-10-03,5e-06,5e-06,4.87e-06,4.88e-06,16362.17272033
2021-05-10-04,4.88e-06,4.88e-06,4.81e-06,4.81e-06,7801.234023
2021-05-10-05,4.81e-06,4.86e-06,4.68e-06,4.84e-06,64394.74956211
2021-05-10-06,4.84e-06,4.86e-06,4.74e-06,4.86e-06,32783.73639675
2021-05-10-07,4.86e-06,4.9e-06,4.8e-06,4.9e-06,27800.36802129
2021-05-10-08,4.9e-06,4.92e-06,4.79e-06,4.83e-06,29500.17750921
2021-05-10-09,4.83e-06,4.95e-06,4.83e-06,4.94e-06,7632.62096173
2021-05-10-10,4.86e-06,4.95e-06,4.8e-06,4.91e-06,32510.75111761
2021-05-10-11,4.91e-06,4.95e-06,4.85e-06,4.95e-06,11433.96813698
2021-05-10-12,4.95e-06,4.98e-06,4.95e-06,4.98e-06,10525.11139876
2021-05-10-13,4.98e-06,4.98e-06,4.83e-06,4.9e-06,18173.92656136
2021-05-10-14,4.84e-06,4.92e-06,4.81e-06,4.83e-06,13364.89581205
2021-05-10-15,4.89e-06,4.91e-06,4.8e-06,4.82e-06,19026.39986584
2021-05-10-16,4.82e-06,4.87e-06,4.78e-06,4.79e-06,35176.12121989
2021-05-10-17,4.85e-06,4.86e-06,4.58e-06,4.72e-06,36235.47228825
2021-05-10-18,4.72e-06,4.8e-06,4.68e-06,4.79e-06,16348.63280771
2021-05-10-19,4.76e-06,4.84e-06,4.7e-06,4.8e-06,17550.83521608
2021-05-10-20,4.81e-06,4.83e-06,4.74e-06,4.75e-06,19521.01950555
2021-05-10-21,4.76e-06,4.8e-06,4.69e-06,4.79e-06,15739.40609498
2021-05-10-22,4.73e-06,4.85e-06,4.68e-06,4.68e-06,32037.75606662
2021-05-10-23,4.69e-06,4.74e-06,4.56e-06,4.64e-06,50561.46715981
2021-05-11-00,4.64e-06,4.9e-06,4.58e-06,4.59e-06,87433.13488955
2021-05-11-01,4.58e-06,4.74e-06,4.56e-06,4.7e-06,61864.47117098
2021-05-11-02,4.7e-06,4.7e-06,4.4e-06,4.6e-06,85383.92917487
2021-05-11-03,4.6e-06,4.69e-06,4.56e-06,4.69e-06,23510.95207713
2021-05-11-04,4.63e-06,4.68e-06,4.51e-06,4.65e-06,62085.39531329
2021-05-11-05,4.64e-06,4.71e-06,4.6e-06,4.64e-06,38243.79858103
2021-05-11-06,4.68e-06,4.71e-06,4.59e-06,4.63e-06,6704.67611967
2021-05-11-07,4.63e-06,4.79e-06,4.63e-06,4.79e-06,14075.22470469
2021-05-11-08,4.73e-06,4.78e-06,4.66e-06,4.66e-06,15022.76278469
2021-05-11-09,4.65e-06,4.73e-06,4.65e-06,4.7e-06,5830.30803045
2021-05-11-10,4.65e-06,4.74e-06,4.63e-06,4.71e-06,15560.5828512
2021-05-11-11,4.71e-06,4.73e-06,4.62e-06,4.67e-06,23315.67393257
2021-05-11-12,4.66e-06,4.99e-06,4.64e-06,4.86e-06,99403.65216818
2021-05-11-13,4.86e-06,4.93e-06,4.81e-06,4.81e-06,21050.39533052
2021-05-11-14,4.91e-06,4.91e-06,4.78e-06,4.78e-06,18602.77314566
2021-05-11-15,4.86e-06,4.98e-06,4.71e-06,4.95e-06,66621.0582452
2021-05-11-16,4.94e-06,4.94e-06,4.9e-06,4.9e-06,7569.43432972
2021-05-11-17,4.86e-06,5.11e-06,4.86e-06,5e-06,23646.15066954
2021-05-11-18,5e-06,5.14e-06,4.98e-06,5e-06,12686.70839026
2021-05-11-19,5.05e-06,5.11e-06,5e-06,5.06e-06,13192.70072212
2021-05-11-20,5.04e-06,5.1e-06,5.02e-06,5.02e-06,17855.25028457
2021-05-11-21,5.08e-06,5.1e-06,4.93e-06,5.03e-06,34673.30886186
2021-05-11-22,5.04e-06,5.14e-06,4.9e-06,4.9e-06,43259.74715625
2021-05-11-23,4.96e-06,5.01e-06,4.83e-06,4.83e-06,30027.52294902
2021-05-12-00,4.91e-06,4.95e-06,4.84e-06,4.86e-06,12249.91867569
2021-05-12-01,4.91e-06,4.98e-06,4.89e-06,4.98e-06,12426.1048805
2021-05-12-02,4.97e-06,4.98e-06,4.92e-06,4.96e-06,11986.07194645
2021-05-12-03,4.92e-06,5.04e-06,4.92e-06,4.92e-06,8918.97983387
2021-05-12-04,4.94e-06,5.04e-06,4.94e-06,4.98e-06,17681.29948854
2021-05-12-05,4.98e-06,5.04e-06,4.93e-06,5e-06,31187.94381404
2021-05-12-06,4.94e-06,5e-06,4.94e-06,4.94e-06,3784.90321681
2021-05-12-07,4.94e-06,5.03e-06,4.91e-06,4.91e-06,7499.30259719
2021-05-12-08,4.91e-06,4.97e-06,4.85e-06,4.86e-06,10544.90845531
2021-05-12-09,4.9e-06,4.91e-06,4.8e-06,4.86e-06,39211.21218476
2021-05-12-10,4.87e-06,4.87e-06,4.75e-06,4.75e-06,8388.18865014
2021-05-12-11,4.74e-06,4.8e-06,4.73e-06,4.77e-06,7106.43936489
2021-05-12-12,4.73e-06,4.75e-06,4.63e-06,4.63e-06,35486.29696851
2021-05-12-13,4.7e-06,4.8e-06,4.62e-06,4.74e-06,45653.7080566
2021-05-12-14,4.79e-06,4.79e-06,4.69e-06,4.77e-06,9099.4021522
2021-05-12-15,4.77e-06,4.78e-06,4.42e-06,4.56e-06,117305.09470121
2021-05-12-16,4.57e-06,4.68e-06,4.56e-06,4.68e-06,16282.89589103
2021-05-12-17,4.68e-06,4.7e-06,4.65e-06,4.69e-06,4578.58578325
2021-05-12-18,4.65e-06,4.71e-06,4.64e-06,4.7e-06,7499.13075064
2021-05-12-19,4.7e-06,4.7e-06,4.6e-06,4.6e-06,11312.30873628
2021-05-12-20,4.6e-06,4.6e-06,4.45e-06,4.6e-06,183403.29539907
2021-05-12-21,4.6e-06,4.6e-06,4.52e-06,4.59e-06,7046.87239293
2021-05-12-22,4.6e-06,4.61e-06,4.51e-06,4.61e-06,26693.76288923
2021-05-12-23,4.62e-06,4.62e-06,4.52e-06,4.59e-06,9848.53769622
2021-05-13-00,4.53e-06,4.68e-06,4.43e-06,4.56e-06,135743.80269986
2021-05-13-01,4.57e-06,4.66e-06,4.53e-06,4.57e-06,64624.89055428
2021-05-13-02,4.63e-06,4.66e-06,4.48e-06,4.56e-06,67762.24014689
2021-05-13-03,4.5e-06,4.57e-06,4.49e-06,4.57e-06,16605.31908926
2021-05-13-04,4.56e-06,4.65e-06,4.52e-06,4.65e-06,16685.63462624
2021-05-13-05,4.65e-06,4.65e-06,4.57e-06,4.57e-06,8760.4665383
2021-05-13-06,4.63e-06,4.66e-06,4.57e-06,4.65e-06,25399.09133384
2021-05-13-07,4.65e-06,4.66e-06,4.56e-06,4.63e-06,21818.92699761
2021-05-13-08,4.63e-06,4.67e-06,4.57e-06,4.57e-06,22645.75842004
2021-05-13-09,4.63e-06,4.65e-06,4.57e-06,4.64e-06,3680.24885323
2021-05-13-10,4.66e-06,4.68e-06,4.58e-06,4.62e-06,28374.96426055
2021-05-13-11,4.62e-06,4.68e-06,4.52e-06,4.53e-06,17299.38332239
2021-05-13-12,4.53e-06,4.65e-06,4.52e-06,4.52e-06,45297.07586573
2021-05-13-13,4.53e-06,4.65e-06,4.44e-06,4.57e-06,46200.56440767
2021-05-13-14,4.63e-06,4.66e-06,4.56e-06,4.64e-06,15315.67522258
2021-05-13-15,4.64e-06,4.64e-06,4.55e-06,4.6e-06,7457.38237828
2021-05-13-16,4.6e-06,4.62e-06,4.53e-06,4.55e-06,3064.20209105
2021-05-13-17,4.55e-06,4.64e-06,4.5e-06,4.57e-06,16421.23851245
2021-05-13-18,4.63e-06,4.73e-06,4.39e-06,4.53e-06,76832.36461231
2021-05-13-19,4.52e-06,4.52e-06,4.41e-06,4.48e-06,7485.14900473
2021-05-13-20,4.48e-06,4.53e-06,4.39e-06,4.53e-06,31282.33624721
2021-05-13-21,4.53e-06,4.54e-06,4.44e-06,4.44e-06,15031.29389279
2021-05-13-22,4.46e-06,4.53e-06,4.43e-06,4.51e-06,37182.67217718
2021-05-13-23,4.46e-06,4.59e-06,4.45e-06,4.59e-06,21395.71719755
2021-05-14-00,4.52e-06,4.59e-06,4.48e-06,4.56e-06,5858.89587233
2021-05-14-01,4.55e-06,4.58e-06,4.46e-06,4.58e-06,17242.94794287
2021-05-14-02,4.58e-06,4.61e-06,4.53e-06,4.54e-06,15473.50602878
2021-05-14-03,4.61e-06,4.62e-06,4.52e-06,4.52e-06,6540.21929004
2021-05-14-04,4.53e-06,4.59e-06,4.52e-06,4.59e-06,3742.04135069
2021-05-14-05,4.59e-06,4.61e-06,4.52e-06,4.54e-06,10174.28317894
2021-05-14-06,4.59e-06,4.59e-06,4.52e-06,4.52e-06,6561.91670339
2021-05-14-07,4.58e-06,4.6e-06,4.52e-06,4.52e-06,3161.33077048
2021-05-14-08,4.52e-06,4.59e-06,4.48e-06,4.51e-06,16877.12827788
2021-05-14-09,4.51e-06,4.67e-06,4.5e-06,4.67e-06,26860.63238084
2021-05-14-10,4.67e-06,4.71e-06,4.62e-06,4.63e-06,10895.02267642
2021-05-14-11,4.64e-06,4.71e-06,4.56e-06,4.58e-06,12963.37087058
2021-05-14-12,4.64e-06,4.72e-06,4.62e-06,4.64e-06,17859.91176246
2021-05-14-13,4.64e-06,4.76e-06,4.64e-06,4.76e-06,91996.00417619
2021-05-14-14,4.76e-06,5.02e-06,4.68e-06,5.02e-06,59698.73173504
2021-05-14-15,5.02e-06,5.02e-06,4.92e-06,4.92e-06,12956.81276789
2021-05-14-16,4.91e-06,5.1e-06,4.86e-06,5.1e-06,64945.55223773
2021-05-14-17,5.11e-06,5.11e-06,5.01e-06,5.01e-06,17416.52596638
2021-05-14-18,5.01e-06,5.01e-06,4.82e-06,4.82e-06,26518.6497171
2021-05-14-19,4.91e-06,4.91e-06,4.69e-06,4.71e-06,31111.94141216
2021-05-14-20,4.75e-06,4.86e-06,4.71e-06,4.86e-06,22066.86270642
2021-05-14-21,4.8e-06,4.85e-06,4.77e-06,4.77e-06,1096.6472974
2021-05-14-22,4.84e-06,4.9e-06,4.84e-06,4.84e-06,10431.63181484
2021-05-14-23,4.84e-06,4.92e-06,4.68e-06,4.84e-06,31406.47490699
2021-05-15-00,4.83e-06,4.83e-06,4.56e-06,4.56e-06,69231.02047019
2021-05-15-01,4.56e-06,4.71e-06,4.54e-06,4.68e-06,47721.73978628
2021-05-15-02,4.68e-06,4.7e-06,4.62e-06,4.69e-06,7859.35492401
2021-05-15-03,4.63e-06,4.67e-06,4.53e-06,4.6e-06,36439.15053113
2021-05-15-04,4.62e-06,4.69e-06,4.59e-06,4.63e-06,19167.70494191
2021-05-15-05,4.63e-06,4.69e-06,4.62e-06,4.65e-06,6015.72999243
2021-05-15-06,4.61e-06,4.84e-06,4.58e-06,4.84e-06,46161.21425269
2021-05-15-07,4.84e-06,5.13e-06,4.84e-06,4.96e-06,68728.54927974
2021-05-15-08,4.95e-06,5e-06,4.81e-06,4.82e-06,25041.77799308
2021-05-15-09,4.89e-06,5e-06,4.82e-06,4.92e-06,37322.84560546
2021-05-15-10,4.95e-06,4.95e-06,4.89e-06,4.95e-06,5063.04438213
2021-05-15-11,4.95e-06,4.98e-06,4.88e-06,4.88e-06,9580.1358244
2021-05-15-12,4.88e-06,4.93e-06,4.81e-06,4.82e-06,21410.66998973
2021-05-15-13,4.82e-06,4.88e-06,4.81e-06,4.82e-06,5861.87489021
2021-05-15-14,4.82e-06,4.88e-06,4.81e-06,4.81e-06,4496.23497591
2021-05-15-15,4.86e-06,4.89e-06,4.81e-06,4.82e-06,5246.5890979
2021-05-15-16,4.82e-06,4.89e-06,4.8e-06,4.88e-06,6801.53153585
2021-05-15-17,4.82e-06,4.88e-06,4.82e-06,4.88e-06,2102.21022399
2021-05-15-18,4.88e-06,4.92e-06,4.86e-06,4.86e-06,6138.82015687
2021-05-15-19,4.92e-06,4.95e-06,4.86e-06,4.88e-06,15156.85917816
2021-05-15-20,4.92e-06,4.92e-06,4.86e-06,4.86e-06,554.13962652
2021-05-15-21,4.86e-06,4.9e-06,4.85e-06,4.89e-06,4881.22394457
2021-05-15-22,4.85e-06,4.87e-06,4.81e-06,4.87e-06,1579.81946386
2021-05-15-23,4.81e-06,4.89e-06,4.8e-06,4.86e-06,6695.12681706
2021-05-16-00,4.86e-06,4.98e-06,4.8e-06,4.96e-06,26713.415293
2021-05-16-01,4.98e-06,5.3e-06,4.87e-06,5.3e-06,93540.56547996
2021-05-16-02,5.3e-06,5.35e-06,4.92e-06,5e-06,73684.78556298
2021-05-16-03,4.93e-06,5.01e-06,4.92e-06,4.98e-06,7419.32979643
2021-05-16-04,4.98e-06,5e-06,4.92e-06,4.93e-06,3341.6241245
2021-05-16-05,4.98e-06,5.03e-06,4.94e-06,4.95e-06,9845.6519487
2021-05-16-06,5.01e-06,5.01e-06,4.92e-06,4.98e-06,14037.50332394
2021-05-16-07,4.92e-06,4.94e-06,4.9e-06,4.93e-06,8899.79909027
2021-05-16-08,4.9e-06,4.9e-06,4.67e-06,4.71e-06,47974.68980107
2021-05-16-09,4.71e-06,4.79e-06,4.71e-06,4.72e-06,9515.24377254
2021-05-16-10,4.72e-06,4.81e-06,4.72e-06,4.81e-06,22283.04399249
2021-05-16-11,4.79e-06,4.85e-06,4.67e-06,4.79e-06,69802.20948082
2021-05-16-12,4.73e-06,4.79e-06,4.7e-06,4.77e-06,22695.05231338
2021-05-16-13,4.72e-06,4.75e-06,4.64e-06,4.68e-06,42395.73074004
2021-05-16-14,4.68e-06,4.74e-06,4.66e-06,4.73e-06,11410.06669868
2021-05-16-15,4.73e-06,4.75e-06,4.68e-06,4.69e-06,7424.60073099
2021-05-16-16,4.74e-06,4.79e-06,4.68e-06,4.72e-06,16488.2503695
2021-05-16-17,4.78e-06,4.79e-06,4.63e-06,4.73e-06,64656.71466956
2021-05-16-18,4.73e-06,4.73e-06,4.73e-06,4.73e-06,0.0
