2021-01-31-01,0.00389231,0.00389735,0.00387416,0.00388238,245.85094477
2021-01-31-02,0.00388279,0.00395013,0.0038827,0.00393188,416.5122887
2021-01-31-03,0.00392761,0.00393839,0.00391389,0.00391769,124.55433177
2021-01-31-04,0.00392057,0.00392057,0.00388251,0.003884,334.01541865
2021-01-31-05,0.00388285,0.00389348,0.0038721,0.00387565,257.07742653
2021-01-31-06,0.00387356,0.00387926,0.00385693,0.00386811,125.48676042
2021-01-31-07,0.00387777,0.00389482,0.00387777,0.00389473,140.83444409
2021-01-31-08,0.00388762,0.00390352,0.00388375,0.00388894,259.9224784
2021-01-31-09,0.00389966,0.003914,0.00388816,0.00390363,284.78246153
2021-01-31-10,0.00390979,0.00391086,0.00389609,0.00391086,198.23583348
2021-01-31-11,0.00391778,0.0039212,0.00389187,0.00390236,296.80242008
2021-01-31-12,0.00389915,0.0039213,0.00389548,0.00391383,243.64641898
2021-01-31-13,0.00391684,0.00392179,0.00389154,0.00389154,435.11534148
2021-01-31-14,0.00388886,0.0039042,0.00388306,0.0039,704.14599591
2021-01-31-15,0.00390278,0.00391787,0.0039,0.0039,393.56000322
2021-01-31-16,0.00390852,0.00390852,0.00383003,0.00387486,2508.72289336
2021-01-31-17,0.00387173,0.00391407,0.00385014,0.00389789,445.89329104
2021-01-31-18,0.00390873,0.00392456,0.00389042,0.00390872,828.78614534
2021-01-31-19,0.00390825,0.00392523,0.00387807,0.00389184,249.87469192
2021-01-31-20,0.00389034,0.00390553,0.00388415,0.00390017,480.62022016
2021-01-31-21,0.00390057,0.00391788,0.00388811,0.00388811,431.59678079
2021-01-31-22,0.00389007,0.00392111,0.00388507,0.0039174,188.58081
2021-01-31-23,0.003917,0.00391955,0.00389203,0.00389205,396.89017725
2021-02-01-00,0.00389222,0.00393052,0.00389203,0.00391111,144.66521399
2021-02-01-01,0.00391111,0.00391683,0.00388978,0.00391515,329.82656237
2021-02-01-02,0.00391331,0.003921,0.00386923,0.00388863,304.34098374
2021-02-01-03,0.00389678,0.00389932,0.00386083,0.00386435,428.8682677
2021-02-01-04,0.00386204,0.0039,0.00385707,0.00388533,262.54869464
2021-02-01-05,0.00388687,0.00389054,0.00386724,0.00388813,57.53486702
2021-02-01-06,0.0038878,0.00389584,0.00386731,0.00388895,825.32986573
2021-02-01-07,0.00388458,0.0039,0.00385458,0.0039,508.07628456
2021-02-01-08,0.00390255,0.00391274,0.0038733,0.00388278,225.45070333
2021-02-01-09,0.00386913,0.00388464,0.00384166,0.00387197,291.69304229
2021-02-01-10,0.00386013,0.00390353,0.00383261,0.00388567,346.42224243
2021-02-01-11,0.00389057,0.00389564,0.00386488,0.00388797,296.08110676
2021-02-01-12,0.00387947,0.003986,0.00386615,0.00394357,1031.914808
2021-02-01-13,0.00394217,0.00396482,0.00390325,0.00392859,429.90500389
2021-02-01-14,0.00392501,0.00393707,0.00387714,0.00387715,708.79943033
2021-02-01-15,0.00388983,0.00388983,0.00381566,0.00385598,771.48899585
2021-02-01-16,0.00385068,0.00388798,0.00385055,0.00387601,358.24886167
2021-02-01-17,0.00387601,0.00388282,0.00386,0.00386094,417.96067926
2021-02-01-18,0.00385791,0.00386795,0.00383155,0.00384897,499.99988593
2021-02-01-19,0.00384019,0.00387411,0.00383201,0.00387411,560.3784866
2021-02-01-20,0.00387899,0.00389824,0.00385917,0.00387779,615.96519473
2021-02-01-21,0.00388202,0.00389266,0.00387247,0.00387312,237.56538089
2021-02-01-22,0.00387502,0.00391995,0.00387,0.0039195,274.42222555
2021-02-01-23,0.003927,0.0039594,0.00392272,0.0039594,443.41250582
2021-02-02-00,0.00396297,0.00396699,0.0039315,0.0039315,475.29626217
2021-02-02-01,0.00394176,0.00401877,0.00394176,0.00397507,849.10679833
2021-02-02-02,0.00398798,0.00400275,0.00397558,0.00398603,690.91390515
2021-02-02-03,0.00398613,0.00399382,0.00396526,0.00397458,348.30153164
2021-02-02-04,0.00397355,0.00397497,0.00395754,0.00397024,382.57148952
2021-02-02-05,0.00396827,0.004,0.00395723,0.00397262,324.28384981
2021-02-02-06,0.0039735,0.00397501,0.0039493,0.0039493,223.1144015
2021-02-02-07,0.00396491,0.00396993,0.00395297,0.00395554,127.80547208
2021-02-02-08,0.00394578,0.00401936,0.00393861,0.00401113,468.99012479
2021-02-02-09,0.00401286,0.00404288,0.00398973,0.00401729,822.95785306
2021-02-02-10,0.00402283,0.00408495,0.00399226,0.00401561,1380.3335733
2021-02-02-11,0.00400846,0.00402553,0.00398418,0.00402087,438.18954668
2021-02-02-12,0.00402496,0.00402654,0.00398243,0.00401198,748.72228013
2021-02-02-13,0.00401077,0.00406393,0.00399561,0.00404016,1547.88815229
2021-02-02-14,0.00404987,0.00413966,0.00404692,0.0041072,1589.74353997
2021-02-02-15,0.00410494,0.0041374,0.00407289,0.00412913,956.1034541
2021-02-02-16,0.00412306,0.0041812,0.00407911,0.00418,839.51101786
2021-02-02-17,0.00418351,0.00419048,0.00408744,0.004122,947.24368412
2021-02-02-18,0.00412356,0.0041353,0.00411239,0.00411239,460.21995647
2021-02-02-19,0.00410695,0.00410996,0.00406673,0.00408,653.87495678
2021-02-02-20,0.00408189,0.00409456,0.00404585,0.00406486,530.57586748
2021-02-02-21,0.00406246,0.00406246,0.00400866,0.00402989,368.39752548
2021-02-02-22,0.00401856,0.00402995,0.00397456,0.00398906,585.04726764
2021-02-02-23,0.00398822,0.00406528,0.00398539,0.00404991,380.97058472
2021-02-03-00,0.0040691,0.0040691,0.00400429,0.00400429,558.47792181
2021-02-03-01,0.0040084,0.00414499,0.00400236,0.0041359,681.23720018
2021-02-03-02,0.00412891,0.00413926,0.0040813,0.00412638,886.16163716
2021-02-03-03,0.00412647,0.00426976,0.00411352,0.00426198,919.0145383
2021-02-03-04,0.00426389,0.00427129,0.00419934,0.00420514,617.84888763
2021-02-03-05,0.00421954,0.00422458,0.00416767,0.00418132,748.85681219
2021-02-03-06,0.00417982,0.0041874,0.00415489,0.00416556,437.8860932
2021-02-03-07,0.00417872,0.00421479,0.00417231,0.00419279,355.28770316
2021-02-03-08,0.00418807,0.0042137,0.00418279,0.0041866,308.5740983
2021-02-03-09,0.00420049,0.00420049,0.00414887,0.00418467,1121.43991392
2021-02-03-10,0.00419099,0.00421233,0.00416927,0.00420145,518.53473144
2021-02-03-11,0.00421043,0.0042318,0.00420045,0.00422,445.23593504
2021-02-03-12,0.00420387,0.00424162,0.00417737,0.00417737,458.96077001
2021-02-03-13,0.00417605,0.00419454,0.00415394,0.00416738,309.49912312
2021-02-03-14,0.00416402,0.00416762,0.00410849,0.00412218,555.43849621
2021-02-03-15,0.0041217,0.0041425,0.00409159,0.00410399,445.63357358
2021-02-03-16,0.00410336,0.00417749,0.00409843,0.0041552,432.40658623
2021-02-03-17,0.00416684,0.00416684,0.00408751,0.00409071,497.51848701
2021-02-03-18,0.00409466,0.0042168,0.00409466,0.00419548,644.88313306
2021-02-03-19,0.00418374,0.00420416,0.00417312,0.00419354,734.78799971
2021-02-03-20,0.00419309,0.00419586,0.00414733,0.00414773,301.48213556
2021-02-03-21,0.00415957,0.00419293,0.00414734,0.00416521,295.50260809
2021-02-03-22,0.00416781,0.00417809,0.00414358,0.00415262,471.28496499
2021-02-03-23,0.0041533,0.00415894,0.0041271,0.00414202,196.88086443
2021-02-04-00,0.00415093,0.0041672,0.00413603,0.00414502,434.49855914
2021-02-04-01,0.0041487,0.00417293,0.00412201,0.00413495,770.41448795
2021-02-04-02,0.00414748,0.00414748,0.004101,0.00411059,589.24964033
2021-02-04-03,0.00412083,0.00412083,0.00403015,0.00404997,1237.90447981
2021-02-04-04,0.00404999,0.00404999,0.00398157,0.00398997,813.73581193
2021-02-04-05,0.00399229,0.00403127,0.00398744,0.00402859,220.17175686
2021-02-04-06,0.00402197,0.00405837,0.00399595,0.0040227,158.23053836
2021-02-04-07,0.00401621,0.00401621,0.00397456,0.00401419,276.23706238
2021-02-04-08,0.00401369,0.00402698,0.00399694,0.0039979,403.22731764
2021-02-04-09,0.00399466,0.00402994,0.00392724,0.00395525,1016.83766143
2021-02-04-10,0.00396502,0.00397644,0.00391566,0.00396111,786.84152912
2021-02-04-11,0.00395809,0.00398199,0.00393683,0.00394138,286.31678428
2021-02-04-12,0.00394137,0.00395513,0.00391733,0.00393828,360.09390902
2021-02-04-13,0.00393017,0.00395163,0.00393017,0.00394464,649.99036205
2021-02-04-14,0.00395177,0.00398626,0.00395177,0.00398187,712.89441459
2021-02-04-15,0.00397328,0.00399244,0.0039555,0.00395722,915.88956382
2021-02-04-16,0.00396193,0.00397237,0.003907,0.00393809,990.8012576
2021-02-04-17,0.00393388,0.00397419,0.00391799,0.003965,835.67765455
2021-02-04-18,0.0039648,0.00398042,0.00394514,0.00394664,751.50512797
2021-02-04-19,0.00394658,0.00396059,0.0039311,0.00394322,518.03425295
2021-02-04-20,0.00394719,0.00397813,0.003935,0.003935,398.41145902
2021-02-04-21,0.00393864,0.00393864,0.00391801,0.00392081,556.8552093
2021-02-04-22,0.00391601,0.00395248,0.003916,0.00394385,359.35900248
2021-02-04-23,0.0039433,0.00394945,0.00391093,0.00393445,455.36218328
2021-02-05-00,0.00393762,0.00397038,0.00392399,0.00392399,1537.99180901
2021-02-05-01,0.0039275,0.003979,0.0039,0.003979,472.41442615
2021-02-05-02,0.00398,0.00398657,0.00394612,0.00396915,253.80263532
2021-02-05-03,0.00398089,0.00398428,0.00396414,0.00398428,825.02359588
2021-02-05-04,0.00398429,0.00401502,0.00396272,0.00396302,719.7076655
2021-02-05-05,0.0039667,0.00397596,0.00394638,0.00396696,670.66379412
2021-02-05-06,0.00397427,0.004004,0.00396505,0.004001,481.64787909
2021-02-05-07,0.00399853,0.00400513,0.00397925,0.00397925,176.18607014
2021-02-05-08,0.00398373,0.00404039,0.00397239,0.00404039,219.89679431
2021-02-05-09,0.00404039,0.0040906,0.00403851,0.00406622,481.46978204
2021-02-05-10,0.00406507,0.00410508,0.00406453,0.00410508,187.26164063
2021-02-05-11,0.00410708,0.00416791,0.0040871,0.0040871,762.95555312
2021-02-05-12,0.00408692,0.00409647,0.00406699,0.00406699,291.58391196
2021-02-05-13,0.00408042,0.00411381,0.00401815,0.00404967,473.00040265
2021-02-05-14,0.0040417,0.004082,0.00403072,0.00405004,316.04608722
2021-02-05-15,0.00405456,0.00408944,0.00403936,0.00408605,443.15840259
2021-02-05-16,0.00408851,0.00408989,0.00406094,0.00408989,471.1206829
2021-02-05-17,0.004093,0.00411357,0.00399424,0.00399916,876.14950219
2021-02-05-18,0.00400195,0.00403872,0.00400195,0.00403256,339.46250592
2021-02-05-19,0.00403,0.00403217,0.004,0.00401246,247.00530799
2021-02-05-20,0.00400732,0.00404487,0.00400732,0.00402389,251.12517268
2021-02-05-21,0.00402783,0.00404418,0.00402443,0.00403818,164.14884438
2021-02-05-22,0.00403051,0.00404799,0.0040239,0.00404532,185.93836265
2021-02-05-23,0.0040424,0.00408027,0.00403594,0.00404548,1154.11343523
2021-02-06-00,0.00403583,0.00407472,0.00403583,0.00404431,1509.55584442
2021-02-06-01,0.0040537,0.00406515,0.00401207,0.00403454,489.41050277
2021-02-06-02,0.00403123,0.00403123,0.00388001,0.00393752,1508.68414032
2021-02-06-03,0.00391991,0.00414473,0.00391991,0.00414,1288.33570572
2021-02-06-04,0.00413163,0.00415671,0.00407091,0.00409484,1266.48708238
2021-02-06-05,0.00410784,0.00410784,0.00403,0.00403157,962.68507164
2021-02-06-06,0.00403918,0.00406828,0.00401024,0.00406589,812.12619036
2021-02-06-07,0.0040651,0.00408217,0.00405044,0.00406735,303.54497511
2021-02-06-08,0.00406845,0.00407745,0.00403251,0.00404002,132.54495651
2021-02-06-09,0.0040566,0.00406112,0.0040202,0.004029,331.89657939
2021-02-06-10,0.00402788,0.0040494,0.00401555,0.00404592,138.63036821
2021-02-06-11,0.00405777,0.00406071,0.00401558,0.00402136,280.70781854
2021-02-06-12,0.0040234,0.00406997,0.00399023,0.00399023,679.77547683
2021-02-06-13,0.00398818,0.0040034,0.00396685,0.00397637,316.66395966
2021-02-06-14,0.00397104,0.00399537,0.00396428,0.00397534,133.51690347
2021-02-06-15,0.00397517,0.0039925,0.00397517,0.00397792,324.98960325
2021-02-06-16,0.00398402,0.00399242,0.003945,0.00396637,330.52056499
2021-02-06-17,0.00396637,0.00398705,0.00393094,0.00394342,215.86845128
2021-02-06-18,0.003944,0.00395243,0.00391604,0.00394214,407.65298648
2021-02-06-19,0.00394023,0.00396246,0.00391501,0.00393758,632.31750253
2021-02-06-20,0.00394058,0.00395837,0.00393227,0.00394725,720.14266787
2021-02-06-21,0.00395038,0.00395038,0.003914,0.003914,477.04312528
2021-02-06-22,0.003913,0.00395391,0.00390801,0.00394425,229.0247974
2021-02-06-23,0.00395499,0.00395549,0.00392043,0.00392043,669.01308689
2021-02-07-00,0.00392044,0.003977,0.00392044,0.00396186,483.25138351
2021-02-07-01,0.003979,0.00400721,0.0039378,0.0039378,583.94271108
2021-02-07-02,0.00394029,0.00395844,0.0039112,0.00394911,557.90753928
2021-02-07-03,0.0039606,0.00396622,0.00392356,0.00395841,411.88536511
2021-02-07-04,0.00394976,0.00394976,0.00389609,0.00392066,134.36639271
2021-02-07-05,0.00391846,0.00393988,0.00391142,0.00392027,227.94637084
2021-02-07-06,0.00392025,0.00394223,0.00391101,0.00391639,272.92916282
2021-02-07-07,0.00392347,0.00392937,0.00390938,0.003927,185.89446125
2021-02-07-08,0.00391993,0.00395275,0.003918,0.0039281,424.04066743
2021-02-07-09,0.00392002,0.00392323,0.00389581,0.00390451,128.79888342
2021-02-07-10,0.00390375,0.00390803,0.00387966,0.00388625,452.26264617
2021-02-07-11,0.00388557,0.00393073,0.00388557,0.00392871,359.68376509
2021-02-07-12,0.00393319,0.00393319,0.00387512,0.00388061,470.30182202
2021-02-07-13,0.00388743,0.0039219,0.00388371,0.0039219,582.15772416
2021-02-07-14,0.00392827,0.003954,0.00390965,0.00391234,488.90128477
2021-02-07-15,0.00391504,0.00394653,0.00391247,0.00393978,352.79679798
2021-02-07-16,0.00393099,0.0039436,0.00390209,0.00391674,444.64275257
2021-02-07-17,0.00391472,0.00391472,0.0038832,0.00390259,533.37982809
2021-02-07-18,0.00390934,0.00392431,0.00389886,0.00391735,205.96329761
2021-02-07-19,0.00391446,0.00391993,0.0038943,0.00390258,185.96619211
2021-02-07-20,0.00390469,0.00393776,0.00390001,0.00392579,268.99567075
2021-02-07-21,0.00393775,0.00393776,0.00391856,0.00392666,133.19601576
2021-02-07-22,0.00391632,0.00392657,0.00390213,0.00390213,141.55947728
2021-02-07-23,0.00390709,0.0039071,0.00388059,0.00388784,234.4497112
2021-02-08-00,0.00389164,0.003895,0.00387515,0.00388718,483.06017363
2021-02-08-01,0.0038815,0.0039063,0.003874,0.00389849,236.79133737
2021-02-08-02,0.0039071,0.0039071,0.00385458,0.00389416,263.38823891
2021-02-08-03,0.00389306,0.0039008,0.00386572,0.00387384,329.13231172
2021-02-08-04,0.00387848,0.00389619,0.00387401,0.00389619,394.19375734
2021-02-08-05,0.00389765,0.00391126,0.00388001,0.00389915,217.0251034
2021-02-08-06,0.0038928,0.00390405,0.00386292,0.00387981,190.34880797
2021-02-08-07,0.00387262,0.00388638,0.00386028,0.00387545,186.26368141
2021-02-08-08,0.00387591,0.00388643,0.00386005,0.00386246,126.94483817
2021-02-08-09,0.00387067,0.00389279,0.00386843,0.00387082,145.78184966
2021-02-08-10,0.0038726,0.00387518,0.00385323,0.00386259,358.4012216
2021-02-08-11,0.00386263,0.00387751,0.0038532,0.00386274,404.91329323
2021-02-08-12,0.0038638,0.00389448,0.00385646,0.00387553,340.38843608
2021-02-08-13,0.00388008,0.00389375,0.00368107,0.00369432,2895.57502767
2021-02-08-14,0.00368675,0.00374979,0.00363002,0.00367947,2633.46138298
2021-02-08-15,0.00368293,0.00371378,0.00365004,0.00368612,1100.5949951
2021-02-08-16,0.00368844,0.00378284,0.0036616,0.00375661,2011.26962843
2021-02-08-17,0.00374896,0.00379637,0.00372424,0.00374482,2278.16079003
2021-02-08-18,0.003748,0.00378071,0.003745,0.0037678,520.72246642
2021-02-08-19,0.00376713,0.00378327,0.00375005,0.00378052,933.81864281
2021-02-08-20,0.00378106,0.00379036,0.00375934,0.00377062,346.35048108
2021-02-08-21,0.00377293,0.00377823,0.00370151,0.003706,1141.3721785
2021-02-08-22,0.00370666,0.00372723,0.00367194,0.0036799,590.82876674
2021-02-08-23,0.00368721,0.00372485,0.00366545,0.00370954,792.52047226
2021-02-09-00,0.0037082,0.0037082,0.00360022,0.00361162,965.40664267
2021-02-09-01,0.003606,0.00361228,0.00354797,0.0035857,1282.26550529
2021-02-09-02,0.00358328,0.00361166,0.00356682,0.00360709,742.25090286
2021-02-09-03,0.00359336,0.00363119,0.0035927,0.00363119,429.46508511
2021-02-09-04,0.00362902,0.0037043,0.00362103,0.00369728,4949.35735585
2021-02-09-05,0.00369731,0.003723,0.00366962,0.00368467,983.06373806
2021-02-09-06,0.00367356,0.00367356,0.0036094,0.00362502,1219.39762173
2021-02-09-07,0.00363281,0.00363922,0.00357716,0.00361786,489.70191812
2021-02-09-08,0.00361864,0.00361864,0.00357168,0.00357772,274.33553221
2021-02-09-09,0.00358783,0.0037,0.00358539,0.0036642,513.44239514
2021-02-09-10,0.00366706,0.00367975,0.00363647,0.00364248,689.29227661
2021-02-09-11,0.00364992,0.00364992,0.00361848,0.00364275,409.61806692
2021-02-09-12,0.0036447,0.00366001,0.00361428,0.00362071,1874.5514326
2021-02-09-13,0.00362544,0.0036586,0.00360569,0.00364679,932.23247229
2021-02-09-14,0.00365012,0.00366055,0.00360445,0.00360589,611.28509022
2021-02-09-15,0.00361091,0.00362,0.00359654,0.00360891,461.2495548
2021-02-09-16,0.00361044,0.00361593,0.00358001,0.00359697,778.83158788
2021-02-09-17,0.00360033,0.00371911,0.00359237,0.00367922,5279.59439285
2021-02-09-18,0.00367877,0.00378199,0.00367269,0.00374308,1278.50085884
2021-02-09-19,0.00373822,0.0037627,0.00367562,0.0037444,660.5907344
2021-02-09-20,0.0037498,0.00378018,0.00370608,0.00372413,904.08996106
2021-02-09-21,0.00371833,0.0037354,0.00368163,0.00372069,946.08044127
2021-02-09-22,0.00372256,0.0037721,0.0036989,0.00374479,1135.14285646
2021-02-09-23,0.00374571,0.00377257,0.00372769,0.00375172,780.19237374
2021-02-10-00,0.00374456,0.003956,0.00372209,0.00391506,3795.8046381
2021-02-10-01,0.00391836,0.00393677,0.00384253,0.00385464,2253.44126731
2021-02-10-02,0.00385257,0.00408555,0.00385257,0.00407101,2049.67990044
2021-02-10-03,0.00408277,0.00416576,0.00402351,0.00409817,3824.39857506
2021-02-10-04,0.00411657,0.00412058,0.00406316,0.00408372,1424.36476201
2021-02-10-05,0.00408439,0.00409885,0.00401106,0.00406081,1784.84210103
2021-02-10-06,0.00406081,0.00416,0.00405571,0.00409733,631.35647982
2021-02-10-07,0.004102,0.00416451,0.00407849,0.00408309,1427.00254039
2021-02-10-08,0.00408212,0.0041425,0.00407406,0.00412003,2507.19702178
2021-02-10-09,0.00411205,0.004177,0.00406712,0.00409653,1391.50798599
2021-02-10-10,0.00409661,0.00411782,0.0040479,0.00405338,744.36133752
2021-02-10-11,0.00405589,0.00406792,0.00403535,0.00404128,767.78449414
2021-02-10-12,0.00404499,0.00407187,0.00402171,0.00407133,731.53143378
2021-02-10-13,0.00406523,0.00406936,0.0038,0.00392987,3382.72625581
2021-02-10-14,0.00392872,0.004002,0.00389999,0.00400008,927.1448983
2021-02-10-15,0.00399064,0.00401314,0.00390224,0.00395852,683.07807901
2021-02-10-16,0.0039402,0.00398561,0.00391696,0.00396945,1855.2748469
2021-02-10-17,0.00396728,0.00403928,0.00395239,0.00403797,355.75324412
2021-02-10-18,0.00402963,0.00402963,0.00398219,0.00399996,268.15402643
2021-02-10-19,0.00399276,0.00401999,0.00396118,0.00400712,444.75655751
2021-02-10-20,0.00401109,0.004025,0.00396159,0.00397119,3171.88452762
2021-02-10-21,0.00397831,0.00398251,0.00390831,0.00393488,791.26241015
2021-02-10-22,0.00394,0.0040125,0.0039399,0.00400005,248.63761752
2021-02-10-23,0.00399927,0.00402487,0.00398023,0.00402487,451.70149001
2021-02-11-00,0.00402498,0.00406989,0.004,0.00405552,259.56965665
2021-02-11-01,0.00406439,0.00406636,0.00401007,0.00401701,1710.04316159
2021-02-11-02,0.004021,0.00403296,0.00399,0.00402025,291.53136006
2021-02-11-03,0.00401611,0.004035,0.0040105,0.00402938,380.30467143
2021-02-11-04,0.00402939,0.00403895,0.00400298,0.00401081,587.05415746
2021-02-11-05,0.00400628,0.0040324,0.00400259,0.00401533,480.71268235
2021-02-11-06,0.00401566,0.00402019,0.00398922,0.00401221,900.59339526
2021-02-11-07,0.00401607,0.004058,0.00401607,0.00404051,194.06157699
2021-02-11-08,0.0040405,0.00405623,0.00403822,0.00405617,172.33918739
2021-02-11-09,0.00405778,0.00414823,0.00405777,0.00414823,517.98525462
2021-02-11-10,0.00414184,0.00414821,0.00411442,0.00413976,340.49913115
2021-02-11-11,0.00414496,0.00414822,0.00407315,0.00407315,418.03520092
2021-02-11-12,0.00407565,0.00409051,0.00402668,0.00403427,436.26002224
2021-02-11-13,0.00402707,0.00407238,0.00402707,0.00405178,181.4860203
2021-02-11-14,0.00406382,0.0040776,0.00398,0.00399909,1661.34011101
2021-02-11-15,0.00400124,0.00401872,0.003962,0.003962,962.28614397
2021-02-11-16,0.0039569,0.00396222,0.0039,0.00391897,1584.2322772
2021-02-11-17,0.00391477,0.00395528,0.0038958,0.00392529,1196.98500167
2021-02-11-18,0.00393309,0.0039442,0.00390913,0.0039291,457.07675289
2021-02-11-19,0.00393384,0.00396247,0.003912,0.00394068,385.05614431
2021-02-11-20,0.00394768,0.00396299,0.00391755,0.00395738,275.51040907
2021-02-11-21,0.00395208,0.00396664,0.003879,0.00390473,943.69597754
2021-02-11-22,0.00390779,0.00393827,0.003878,0.00390236,933.03728507
2021-02-11-23,0.00390585,0.00393899,0.00390038,0.00390763,607.2227967
2021-02-12-00,0.003893,0.00390581,0.00383211,0.0038333,285.01675218
2021-02-12-01,0.0038321,0.00387292,0.00382074,0.00386839,764.21109024
2021-02-12-02,0.00385875,0.00387039,0.00383248,0.00385623,533.53347405
2021-02-12-03,0.00385853,0.00387966,0.00384372,0.00385073,419.75479043
2021-02-12-04,0.00385072,0.00387695,0.003834,0.003834,1278.06096017
2021-02-12-05,0.00383194,0.00386156,0.00376302,0.00380738,1296.14599448
2021-02-12-06,0.00380889,0.00385456,0.00380889,0.003854,459.17457864
2021-02-12-07,0.0038504,0.00386058,0.00384372,0.00386058,400.79133463
2021-02-12-08,0.00385796,0.00386179,0.00381853,0.00385672,213.1413906
2021-02-12-09,0.00386179,0.00390458,0.00383787,0.00390055,390.16166426
2021-02-12-10,0.00389764,0.0039008,0.00386001,0.0039008,568.56349633
2021-02-12-11,0.00390508,0.00391999,0.00388037,0.00391701,316.91315116
2021-02-12-12,0.00391227,0.00393143,0.00390442,0.00391499,625.05858377
2021-02-12-13,0.00391702,0.00394199,0.003899,0.00394046,338.76385595
2021-02-12-14,0.00393971,0.00394717,0.00391386,0.00394213,378.14009056
2021-02-12-15,0.00394258,0.00394765,0.00386179,0.00388409,1036.86203885
2021-02-12-16,0.00389018,0.00392583,0.00389018,0.00392415,288.82560964
2021-02-12-17,0.00391996,0.00394917,0.00389974,0.00394917,505.43651432
2021-02-12-18,0.00395174,0.00402628,0.00393128,0.00397576,1355.88538428
2021-02-12-19,0.00398489,0.00400438,0.00395597,0.00398967,551.04963304
2021-02-12-20,0.00399527,0.0040293,0.00399527,0.00401425,469.64856765
2021-02-12-21,0.00401999,0.00408397,0.00401999,0.00406647,1926.91372231
2021-02-12-22,0.00406415,0.00414566,0.004059,0.0040752,2195.62483429
2021-02-12-23,0.00406604,0.00414491,0.00406295,0.00410701,1200.08859454
2021-02-13-00,0.00412178,0.00421583,0.00412178,0.00414467,2412.16107329
2021-02-13-01,0.004155,0.00431914,0.004155,0.0042627,1975.32694288
2021-02-13-02,0.00425399,0.00431911,0.00423004,0.00430879,885.50442931
2021-02-13-03,0.00429429,0.00430936,0.00421534,0.00422327,1748.22469183
2021-02-13-04,0.00423984,0.00433773,0.0042366,0.00432108,828.46526199
2021-02-13-05,0.00430693,0.00435908,0.00427055,0.00435908,770.03437052
2021-02-13-06,0.00436,0.00436404,0.00428589,0.00430497,1175.47568297
2021-02-13-07,0.00431625,0.00431652,0.0042344,0.00427754,538.09881578
2021-02-13-08,0.00427169,0.00428454,0.00422331,0.00423414,502.59738613
2021-02-13-09,0.00424476,0.00430189,0.00424292,0.00428475,891.25844528
2021-02-13-10,0.00429066,0.00434684,0.00427913,0.00429536,831.59164413
2021-02-13-11,0.00429005,0.00429365,0.004178,0.00421275,1885.12362016
2021-02-13-12,0.00421274,0.00426922,0.00413204,0.00421264,1807.86676615
2021-02-13-13,0.00419685,0.00429106,0.00419685,0.0042841,827.68288141
2021-02-13-14,0.00427741,0.00437096,0.00426835,0.00436469,1312.24670092
2021-02-13-15,0.0043646,0.004391,0.00431487,0.004391,516.39981993
2021-02-13-16,0.00439099,0.00459777,0.0043818,0.00456006,3023.67116419
2021-02-13-17,0.00456223,0.00464646,0.00449009,0.00454759,3621.45129831
2021-02-13-18,0.0045441,0.00455044,0.00449377,0.00453924,2810.83808213
2021-02-13-19,0.00453897,0.0046226,0.00453415,0.00460355,1526.45471836
2021-02-13-20,0.00460354,0.00474015,0.00455981,0.00474011,3760.73831139
2021-02-13-21,0.00474012,0.00485,0.00467981,0.00478591,2911.08928565
2021-02-13-22,0.00478129,0.00478129,0.00468221,0.00470009,1192.62951647
2021-02-13-23,0.00471004,0.00481156,0.00469528,0.00473878,977.77474106
2021-02-14-00,0.00474005,0.00485202,0.00474005,0.00480407,426.61553474
2021-02-14-01,0.00481433,0.00483388,0.00464436,0.00465354,1482.81142973
2021-02-14-02,0.00464949,0.00473973,0.00463101,0.00468383,432.25863469
2021-02-14-03,0.00468878,0.00471501,0.00466671,0.0046902,385.57111887
2021-02-14-04,0.004681,0.00468524,0.00457,0.00457738,1334.52203064
2021-02-14-05,0.00457,0.00461324,0.00452442,0.00460548,804.23438933
2021-02-14-06,0.00461324,0.00464855,0.00442237,0.00445145,1533.58058084
2021-02-14-07,0.0044277,0.0046051,0.00440101,0.00459374,2002.14132361
2021-02-14-08,0.00458057,0.00470359,0.00456091,0.00470028,530.71775579
2021-02-14-09,0.00470163,0.00472596,0.00461066,0.004616,963.73453723
2021-02-14-10,0.0046108,0.00465188,0.00457106,0.00457815,550.98541829
2021-02-14-11,0.00458115,0.00459587,0.0045151,0.0045497,898.74690622
2021-02-14-12,0.00455072,0.00455072,0.00447367,0.00452617,1324.57485608
2021-02-14-13,0.00452819,0.00455999,0.00449027,0.00454495,301.32119316
2021-02-14-14,0.00454864,0.004582,0.00443048,0.00445237,1897.75933413
2021-02-14-15,0.00444365,0.00450124,0.00436,0.00441737,1344.81807945
2021-02-14-16,0.00441737,0.00444731,0.004329,0.00437992,2237.79774964
2021-02-14-17,0.00438,0.004452,0.00434822,0.00444269,1327.10103605
2021-02-14-18,0.0044305,0.00444459,0.00437244,0.004378,985.64361269
2021-02-14-19,0.00437777,0.00441535,0.00437777,0.00440606,2186.92728537
2021-02-14-20,0.00440043,0.00442457,0.00436314,0.00437175,319.84619642
2021-02-14-21,0.00437113,0.00442577,0.00436684,0.00441674,1433.66844628
2021-02-14-22,0.00441405,0.004468,0.00440435,0.00446198,1218.3799725
2021-02-14-23,0.00447156,0.004479,0.0044201,0.00445687,332.09447956
2021-02-15-00,0.00445687,0.00445846,0.00439351,0.00439351,181.19080087
2021-02-15-01,0.00439583,0.00442313,0.00433969,0.00438601,887.89750203
2021-02-15-02,0.00439252,0.0044114,0.00423552,0.00427752,2130.50314811
2021-02-15-03,0.00427267,0.00431011,0.00402515,0.00418661,9709.476467
2021-02-15-04,0.00418792,0.004234,0.00413182,0.00422341,2585.04865394
2021-02-15-05,0.0042192,0.0042192,0.00412324,0.00420607,731.90345814
2021-02-15-06,0.00419495,0.00421779,0.00417849,0.00421779,280.23261774
2021-02-15-07,0.00421482,0.00429077,0.00421482,0.00428951,663.50551224
2021-02-15-08,0.00428785,0.00432773,0.00427188,0.00427188,609.72951098
2021-02-15-09,0.00427678,0.0043277,0.00424663,0.00430677,337.94377956
2021-02-15-10,0.00430841,0.0043237,0.00425542,0.00428217,783.62195722
2021-02-15-11,0.00429117,0.004378,0.00426082,0.00436204,611.31274532
2021-02-15-12,0.00437662,0.00442409,0.00435584,0.00436136,831.12027301
2021-02-15-13,0.00436273,0.00441076,0.00433313,0.0043822,742.85686335
2021-02-15-14,0.00438119,0.00442077,0.00437921,0.0043885,672.73395104
2021-02-15-15,0.004392,0.004421,0.00435534,0.00436119,287.09499813
2021-02-15-16,0.00436046,0.00441757,0.00434107,0.00441379,264.00481341
2021-02-15-17,0.0044176,0.00451779,0.0044176,0.00448626,824.69293015
2021-02-15-18,0.00448744,0.00449822,0.00444261,0.00446823,1402.22378214
2021-02-15-19,0.00447148,0.00449499,0.00445504,0.00445504,195.59918944
2021-02-15-20,0.00444645,0.00453632,0.0044456,0.00450191,438.07506457
2021-02-15-21,0.00450219,0.00450219,0.00446293,0.00446511,348.10994687
2021-02-15-22,0.00446521,0.00449254,0.00436638,0.00437778,930.04755645
2021-02-15-23,0.00438463,0.004435,0.00433568,0.00441984,518.22573381
2021-02-16-00,0.00441885,0.00442235,0.00431178,0.00432308,226.62269073
2021-02-16-01,0.00433893,0.00435277,0.00427289,0.00433528,860.28041085
2021-02-16-02,0.0043443,0.00447433,0.00433736,0.00445678,394.85873406
2021-02-16-03,0.00443988,0.00448996,0.00442048,0.00442896,482.85378887
2021-02-16-04,0.00443267,0.00444048,0.00438578,0.00438578,224.07673698
2021-02-16-05,0.00437891,0.00438999,0.00432164,0.00435921,404.86270366
2021-02-16-06,0.0043629,0.00437397,0.00434289,0.00435228,255.2416196
2021-02-16-07,0.00435203,0.00437565,0.00432041,0.00435546,437.20583699
2021-02-16-08,0.0043463,0.00437226,0.00430859,0.00437226,479.64720952
2021-02-16-09,0.00436818,0.00442418,0.00434535,0.0044073,513.65856996
2021-02-16-10,0.00440461,0.00442074,0.00438389,0.00439148,347.75006762
2021-02-16-11,0.00438729,0.00439274,0.00436376,0.00438057,575.00831944
2021-02-16-12,0.0043708,0.0043708,0.00433588,0.00435348,392.57494107
2021-02-16-13,0.00436594,0.00443679,0.00433547,0.00434706,2404.924196
2021-02-16-14,0.00434762,0.00436377,0.00432131,0.00432313,358.089789
2021-02-16-15,0.00432239,0.00432247,0.004273,0.00430919,1138.32042837
2021-02-16-16,0.00430924,0.00433199,0.00428313,0.00430557,403.80066803
2021-02-16-17,0.00427595,0.00428767,0.00420384,0.00421204,1427.13431636
2021-02-16-18,0.00421502,0.00431576,0.00421204,0.00428543,678.29682663
2021-02-16-19,0.00428718,0.00428718,0.00418807,0.00428087,1008.44600915
2021-02-16-20,0.00428277,0.00429041,0.0042505,0.00426063,271.0325953
2021-02-16-21,0.00425429,0.00425429,0.00418101,0.00421385,399.17194147
2021-02-16-22,0.00422069,0.00426299,0.0042007,0.00424636,348.93599144
2021-02-16-23,0.00424636,0.0042725,0.00421724,0.00426553,740.87730331
2021-02-17-00,0.00425722,0.00428668,0.00424503,0.00427665,490.47338191
2021-02-17-01,0.00426775,0.00430459,0.004225,0.00423093,1195.3291909
2021-02-17-02,0.00423064,0.00425078,0.00421835,0.00422186,279.00459862
2021-02-17-03,0.0042277,0.00427957,0.00422178,0.00424394,523.36446122
2021-02-17-04,0.0042499,0.00425,0.00420524,0.00420524,225.24752825
2021-02-17-05,0.00420517,0.00421169,0.004141,0.00415283,1361.32042486
2021-02-17-06,0.00413944,0.004202,0.00413944,0.00418309,224.08149015
2021-02-17-07,0.00420199,0.0042592,0.00418858,0.00421557,709.36933943
2021-02-17-08,0.00421033,0.00429073,0.00420725,0.00428013,522.74445809
2021-02-17-09,0.00427379,0.00432,0.00426576,0.00431626,516.9680973
2021-02-17-10,0.00431667,0.0043504,0.004278,0.00431062,539.41356907
2021-02-17-11,0.00431631,0.00438731,0.00431631,0.00435404,1005.56645793
2021-02-17-12,0.00436593,0.00438921,0.00436501,0.00436713,537.3920606
2021-02-17-13,0.00436615,0.00441693,0.00433501,0.00438948,691.75035214
2021-02-17-14,0.00438681,0.00442353,0.00434949,0.00442,640.69270927
2021-02-17-15,0.00442305,0.00455223,0.00440605,0.00449,2139.22679729
2021-02-17-16,0.00448952,0.00450151,0.00442549,0.00448431,1318.91402479
2021-02-17-17,0.00448986,0.00451338,0.00444105,0.00445122,2324.50606475
2021-02-17-18,0.00445294,0.00445294,0.00438866,0.00443128,1461.37016195
2021-02-17-19,0.00442804,0.00444694,0.00440128,0.00440782,659.09340393
2021-02-17-20,0.00440405,0.00444098,0.00438482,0.00443191,1309.05320867
2021-02-17-21,0.00443053,0.00443053,0.00437752,0.0044026,392.41399264
2021-02-17-22,0.00439897,0.00453035,0.0043881,0.00451193,2176.74939669
2021-02-17-23,0.00450339,0.00452388,0.00445702,0.0044676,544.39398499
2021-02-18-00,0.00446401,0.00455978,0.0044526,0.00455551,1671.55072089
2021-02-18-01,0.00455749,0.00456999,0.00446767,0.00447838,3021.91747905
2021-02-18-02,0.00448104,0.00454632,0.00445758,0.00454632,3532.06960942
2021-02-18-03,0.00454004,0.0045406,0.00447795,0.00449087,732.81429042
2021-02-18-04,0.00449404,0.00449992,0.0044526,0.00446628,589.95266315
2021-02-18-05,0.0044651,0.0044651,0.00440547,0.00443727,1888.3938231
2021-02-18-06,0.00444242,0.00448492,0.00443332,0.00448492,395.28709989
2021-02-18-07,0.00448038,0.00448142,0.00443161,0.00444286,5821.25701623
2021-02-18-08,0.00444286,0.00446951,0.0044111,0.00444971,3787.83861483
2021-02-18-09,0.00444893,0.00447411,0.00443179,0.00445811,2292.79839652
2021-02-18-10,0.00445468,0.00451734,0.00443662,0.00449838,1578.51646466
2021-02-18-11,0.00449603,0.00450896,0.00447168,0.0044865,808.04618297
2021-02-18-12,0.00447174,0.00448336,0.00437162,0.00439108,932.9101157
2021-02-18-13,0.00439689,0.00443774,0.00434101,0.00443514,723.71996972
2021-02-18-14,0.00443099,0.00446321,0.00441061,0.00441529,1070.09612993
2021-02-18-15,0.00441072,0.00443417,0.00439169,0.00441101,644.67818122
2021-02-18-16,0.00441481,0.00444733,0.00435001,0.0043685,1053.86873514
2021-02-18-17,0.00436716,0.00438311,0.00431822,0.0043624,3391.71540958
2021-02-18-18,0.00436044,0.00436697,0.0043267,0.00433527,1817.18733515
2021-02-18-19,0.00433735,0.00436511,0.00433165,0.00434475,451.0102793
2021-02-18-20,0.00434376,0.00435726,0.00433331,0.00433717,934.69312899
2021-02-18-21,0.00433651,0.00438399,0.00432715,0.00437845,421.43334868
2021-02-18-22,0.00437845,0.00440949,0.00437042,0.00440558,912.29312664
2021-02-18-23,0.004412,0.004419,0.00437882,0.00438048,446.78466091
2021-02-19-00,0.00439452,0.00440766,0.00436273,0.0043975,753.44876587
2021-02-19-01,0.00439909,0.00443987,0.00439501,0.00439631,929.2216238
2021-02-19-02,0.00440139,0.00441121,0.00435288,0.00436657,855.6300312
2021-02-19-03,0.00436143,0.00441315,0.00433402,0.0043975,460.43749659
2021-02-19-04,0.00439578,0.00442177,0.00439105,0.00439105,295.30101952
2021-02-19-05,0.00439574,0.00441631,0.00436805,0.00437705,1068.18511304
2021-02-19-06,0.00438559,0.00440546,0.00436874,0.00438345,336.1922426
2021-02-19-07,0.00438344,0.00450778,0.00438344,0.00450778,363.26767226
2021-02-19-08,0.00450222,0.00453983,0.00446774,0.00448366,1257.88737714
2021-02-19-09,0.00448968,0.00451614,0.00444758,0.00446076,764.31789127
2021-02-19-10,0.00446541,0.00448428,0.00441397,0.00444239,2078.30512706
2021-02-19-11,0.00444219,0.0044434,0.00438977,0.00438977,904.95445287
2021-02-19-12,0.0043873,0.00442301,0.00438651,0.00442301,223.61441845
2021-02-19-13,0.00441907,0.00444404,0.00440038,0.00440548,205.84574052
2021-02-19-14,0.0044059,0.00441388,0.00432994,0.00434137,689.59784811
2021-02-19-15,0.00434695,0.00436115,0.004292,0.004292,458.92633325
2021-02-19-16,0.004292,0.00432702,0.00428075,0.00430001,543.36013159
2021-02-19-17,0.00430092,0.00433367,0.00424562,0.00424945,1097.15453644
2021-02-19-18,0.0042517,0.00433297,0.0042517,0.00433297,1266.14127838
2021-02-19-19,0.00433282,0.00438101,0.00431117,0.00431843,1764.3163434
2021-02-19-20,0.00432098,0.0043243,0.00429101,0.00429415,1526.99614889
2021-02-19-21,0.00429774,0.0043299,0.0042913,0.00432189,802.30235792
2021-02-19-22,0.00432548,0.00434319,0.00426,0.00428764,1563.67547029
2021-02-19-23,0.00428059,0.00432608,0.00428059,0.00431454,725.96411387
2021-02-20-00,0.00430428,0.00430428,0.00423011,0.00423638,978.9578906
2021-02-20-01,0.00422987,0.00423476,0.00415635,0.00418265,3394.48526923
2021-02-20-02,0.00417815,0.00422943,0.00416501,0.00422232,1678.72273219
2021-02-20-03,0.00422828,0.00439283,0.00421007,0.00435228,3311.45645207
2021-02-20-04,0.00435852,0.00437206,0.0043262,0.00437206,739.14706165
2021-02-20-05,0.00436971,0.00441113,0.00435544,0.00436469,2097.39027837
2021-02-20-06,0.00436469,0.00438691,0.00433996,0.00434725,525.66491967
2021-02-20-07,0.00435482,0.00438021,0.00434397,0.00435362,1931.39465321
2021-02-20-08,0.00434976,0.00435316,0.0042998,0.00430052,1375.21739197
2021-02-20-09,0.00431202,0.00433657,0.00429559,0.00430381,395.3189325
2021-02-20-10,0.00430008,0.00433685,0.00430008,0.00431818,207.05451462
2021-02-20-11,0.00431653,0.00434443,0.00431109,0.00432136,199.98134372
2021-02-20-12,0.00432017,0.00432402,0.00427159,0.00427159,184.36005856
2021-02-20-13,0.00428188,0.00428994,0.00423184,0.00423853,437.65713472
2021-02-20-14,0.00424573,0.00426037,0.00422537,0.00424301,529.55784643
2021-02-20-15,0.00424592,0.00425399,0.0041546,0.00415917,1871.38867223
2021-02-20-16,0.00415824,0.00417915,0.00407414,0.00414904,1352.16547684
2021-02-20-17,0.004157,0.00418101,0.0041524,0.00417434,908.12530556
2021-02-20-18,0.00416833,0.0041797,0.00414622,0.00414955,726.0102294
2021-02-20-19,0.00416168,0.00416449,0.00411923,0.00411923,702.47774676
2021-02-20-20,0.00411993,0.00413148,0.0041025,0.0041198,2309.50237832
2021-02-20-21,0.00411979,0.00413321,0.00407098,0.00410996,1183.08401821
2021-02-20-22,0.004106,0.0041262,0.00408775,0.00410944,609.8842022
2021-02-20-23,0.00410847,0.00411222,0.00396201,0.00407082,4236.24050348
2021-02-21-00,0.00406655,0.00409572,0.00401061,0.00405886,2612.27754484
2021-02-21-01,0.00405355,0.004105,0.00402504,0.004105,640.25255942
2021-02-21-02,0.00410614,0.00410614,0.00402,0.00406131,606.7597527
2021-02-21-03,0.00406001,0.00411619,0.00406001,0.00410773,261.39026587
2021-02-21-04,0.00409541,0.00412221,0.00402195,0.00402195,205.54887045
2021-02-21-05,0.00402939,0.00403072,0.00398506,0.00401997,389.37512858
2021-02-21-06,0.00402343,0.00403284,0.0039862,0.00398637,280.84396702
2021-02-21-07,0.00398709,0.00399753,0.00395301,0.0039745,668.8309272
2021-02-21-08,0.00398335,0.0039992,0.00393101,0.00394402,282.05590102
2021-02-21-09,0.00394769,0.00400524,0.0039438,0.00399693,197.15797499
2021-02-21-10,0.00399315,0.004019,0.00398783,0.00401487,334.11391261
2021-02-21-11,0.00401704,0.00402361,0.00398,0.0039905,678.39525434
2021-02-21-12,0.00399354,0.00401457,0.0039917,0.0039917,201.73766057
2021-02-21-13,0.00399725,0.00400741,0.00397,0.003976,262.60963727
2021-02-21-14,0.00397968,0.00398081,0.00395429,0.00395901,150.22270019
2021-02-21-15,0.00396586,0.00398552,0.00393335,0.00398155,328.98029037
2021-02-21-16,0.00398075,0.00403328,0.00397001,0.0040156,335.69368365
2021-02-21-17,0.00402243,0.00402645,0.00395961,0.00398022,578.84916604
2021-02-21-18,0.0039715,0.0040081,0.00396945,0.00399825,423.45921192
2021-02-21-19,0.00400058,0.00400613,0.00396311,0.00399473,1008.81795169
2021-02-21-20,0.00399301,0.00400073,0.00397284,0.0039762,344.35883963
2021-02-21-21,0.00397457,0.00397538,0.00392256,0.00392648,372.46217138
2021-02-21-22,0.00393243,0.00394728,0.00391654,0.00394712,582.80247984
2021-02-21-23,0.00394973,0.00396658,0.00393181,0.0039464,503.70747464
2021-02-22-00,0.00394829,0.00396261,0.00394091,0.00395667,191.57382099
2021-02-22-01,0.00393867,0.00396456,0.00393797,0.00395133,464.18394787
2021-02-22-02,0.00395301,0.00396517,0.00394119,0.00394978,301.05025882
2021-02-22-03,0.00395309,0.00397482,0.00394073,0.00396454,809.39864099
2021-02-22-04,0.00396392,0.00398309,0.003921,0.0039228,600.33337345
2021-02-22-05,0.00392057,0.00394111,0.00387666,0.00390627,1226.26713947
2021-02-22-06,0.00391432,0.00392999,0.00390718,0.00391281,825.91083598
2021-02-22-07,0.0039099,0.00396183,0.00390773,0.00394776,762.03504172
2021-02-22-08,0.00394535,0.00395679,0.00392938,0.0039485,516.99438825
2021-02-22-09,0.00395037,0.00395286,0.00392822,0.00392944,339.82909362
2021-02-22-10,0.00392797,0.00394519,0.00389686,0.00389787,710.32431477
2021-02-22-11,0.00389982,0.00391281,0.00383587,0.00386773,824.73468286
2021-02-22-12,0.0038652,0.00389357,0.00382362,0.00382362,481.02946244
2021-02-22-13,0.00382308,0.003895,0.00378328,0.0038799,1533.8778633
2021-02-22-14,0.00388931,0.0038973,0.0038541,0.00386735,1063.62768765
2021-02-22-15,0.00388203,0.00389599,0.003609,0.00382936,5578.58253716
2021-02-22-16,0.00383357,0.00387182,0.00372601,0.00373815,3044.88137295
2021-02-22-17,0.00373689,0.00384999,0.00372868,0.00380714,770.58773542
2021-02-22-18,0.00380233,0.00381258,0.00375704,0.0037673,288.68724026
2021-02-22-19,0.00376456,0.00378133,0.003754,0.00377218,815.40385063
2021-02-22-20,0.00376405,0.00378979,0.00376179,0.00378161,1401.75064074
2021-02-22-21,0.0037791,0.0038186,0.00377724,0.00380119,1018.91831223
2021-02-22-22,0.00381529,0.003845,0.00381271,0.00382092,546.14091382
2021-02-22-23,0.00381873,0.00381873,0.00379419,0.00380132,806.56240154
2021-02-23-00,0.00380572,0.00384592,0.00378295,0.00383772,464.42020799
2021-02-23-01,0.00384702,0.00385,0.00380027,0.00380206,323.09180695
2021-02-23-02,0.00380883,0.00383446,0.0037789,0.0037789,1060.04472774
2021-02-23-03,0.00378679,0.0038353,0.00378679,0.00380994,312.03584497
2021-02-23-04,0.00381281,0.00383999,0.00376799,0.003773,633.80159311
2021-02-23-05,0.00377002,0.00380799,0.003745,0.00378192,689.56267343
2021-02-23-06,0.00378512,0.0037981,0.00373302,0.00377437,1173.94072918
2021-02-23-07,0.00377501,0.003811,0.00376486,0.00376871,677.66598621
2021-02-23-08,0.00376887,0.00381499,0.00375381,0.00381499,292.49778227
2021-02-23-09,0.003814,0.00381826,0.003573,0.003573,2997.19614922
2021-02-23-10,0.0035723,0.003675,0.003496,0.00365996,3438.58932378
2021-02-23-11,0.00365915,0.00366799,0.00359931,0.00363376,570.7304661
2021-02-23-12,0.00363754,0.00364651,0.00354327,0.00363626,1494.1214153
2021-02-23-13,0.00362691,0.00368622,0.00360505,0.00363,1189.60270786
2021-02-23-14,0.00362609,0.00366899,0.00362111,0.00363544,2225.59078125
2021-02-23-15,0.00364458,0.00366331,0.00361282,0.00363255,1568.86311244
2021-02-23-16,0.00363,0.0036789,0.00361,0.00365113,838.0381604
2021-02-23-17,0.00365216,0.003681,0.00364166,0.00365729,437.53823915
2021-02-23-18,0.00364791,0.00367145,0.00356385,0.00356749,444.41965325
2021-02-23-19,0.00357058,0.00361713,0.003557,0.00356813,606.84726425
2021-02-23-20,0.00356693,0.00360711,0.003536,0.00356135,750.33537789
2021-02-23-21,0.00357329,0.00358701,0.0035324,0.00355482,405.44512945
2021-02-23-22,0.00355,0.00362799,0.00352801,0.00362133,946.72351443
2021-02-23-23,0.00362099,0.00364974,0.00359533,0.00360132,591.46101135
2021-02-24-00,0.00360385,0.00363574,0.00358,0.00362883,399.00332131
2021-02-24-01,0.00363261,0.00364899,0.00358003,0.0036303,323.32966428
2021-02-24-02,0.00362496,0.00366159,0.00360546,0.00364725,430.9053398
2021-02-24-03,0.00364207,0.00365279,0.00360108,0.003646,464.92360273
2021-02-24-04,0.00365111,0.00366718,0.003614,0.00362653,347.49626698
2021-02-24-05,0.00361794,0.00362395,0.00357104,0.00359044,368.87389029
2021-02-24-06,0.00360378,0.00361646,0.00357309,0.00361646,120.85381562
2021-02-24-07,0.00361225,0.00362726,0.00358511,0.00359147,446.23651334
2021-02-24-08,0.00359964,0.00362108,0.003575,0.00361447,577.73029223
2021-02-24-09,0.00361243,0.003686,0.00360345,0.00368299,475.33301759
2021-02-24-10,0.00366981,0.00370778,0.00366581,0.00366829,590.12132983
2021-02-24-11,0.00366774,0.00369959,0.00365774,0.00368369,683.01682761
2021-02-24-12,0.00367891,0.00370991,0.0036724,0.00368523,835.18476496
2021-02-24-13,0.00370114,0.00372981,0.00368148,0.0036926,178.23909769
2021-02-24-14,0.00367786,0.00370488,0.00367169,0.00368649,358.83125671
2021-02-24-15,0.00369228,0.00370559,0.00366538,0.0036762,230.53615865
2021-02-24-16,0.00367398,0.00369056,0.00365662,0.00367494,229.51967603
2021-02-24-17,0.00367012,0.00369012,0.00366615,0.00367537,200.75458012
2021-02-24-18,0.00368141,0.00369102,0.003665,0.00367508,132.42826676
2021-02-24-19,0.00366799,0.00368415,0.00365275,0.00365555,217.87540775
2021-02-24-20,0.00367529,0.00367962,0.00363976,0.00363976,365.12948496
2021-02-24-21,0.003639,0.00364452,0.003625,0.00363383,166.55205279
2021-02-24-22,0.00363389,0.00363389,0.00359432,0.00363271,421.40290493
2021-02-24-23,0.00362487,0.00363692,0.00358105,0.00362592,326.00720082
2021-02-25-00,0.00362832,0.0036573,0.00361872,0.00365539,389.64178109
2021-02-25-01,0.00365458,0.00366899,0.00363174,0.00365211,378.06814098
2021-02-25-02,0.00364521,0.00365786,0.00362491,0.00363338,464.45462561
2021-02-25-03,0.00363181,0.0036339,0.00360621,0.00361515,185.83095051
2021-02-25-04,0.00361466,0.00362665,0.00359473,0.0036134,106.71017001
2021-02-25-05,0.00360856,0.00361306,0.00356927,0.00358377,90.99433163
2021-02-25-06,0.00359298,0.0036334,0.00358868,0.00362255,112.17723572
2021-02-25-07,0.00360894,0.00361482,0.00359311,0.00359693,30.7007436
2021-02-25-08,0.0035913,0.0036339,0.003591,0.0036339,39.72706163
2021-02-25-09,0.00362732,0.00363209,0.0036017,0.00360203,369.80181784
2021-02-25-10,0.00360338,0.0036123,0.00358738,0.00361031,159.82952742
2021-02-25-11,0.00362347,0.00378327,0.00362264,0.00375572,301.23717009
2021-02-25-12,0.0037534,0.0039124,0.003751,0.00387952,1101.00114069
2021-02-25-13,0.0038795,0.00393777,0.00384668,0.0038801,1483.60752146
2021-02-25-14,0.00388556,0.0039464,0.00387936,0.00393569,615.26571847
2021-02-25-15,0.00394277,0.00394443,0.00388743,0.00390523,403.49576653
2021-02-25-16,0.0039,0.003995,0.00389913,0.003995,688.08253724
2021-02-25-17,0.003997,0.00400521,0.00389768,0.00390416,470.74448341
2021-02-25-18,0.00391311,0.00391386,0.0038608,0.00386323,506.25181328
2021-02-25-19,0.00388555,0.00390137,0.00386009,0.00387602,457.03598153
2021-02-25-20,0.00387288,0.00390445,0.00386013,0.00388838,230.72004792
2021-02-25-21,0.00389066,0.00392753,0.00388257,0.00391769,784.33021451
2021-02-25-22,0.00391846,0.0039354,0.00385062,0.00386806,622.46692519
2021-02-25-23,0.00386806,0.00390689,0.00385479,0.00387681,674.64925174
2021-02-26-00,0.00386819,0.00387759,0.0037895,0.00380628,484.86326454
2021-02-26-01,0.00379673,0.00383695,0.00366681,0.0036935,1127.79749436
2021-02-26-02,0.0036923,0.00375528,0.00368381,0.00373004,1564.03970625
2021-02-26-03,0.00372627,0.00376305,0.003714,0.00371905,478.4406541
2021-02-26-04,0.003709,0.00374451,0.00370742,0.00373407,415.23362854
2021-02-26-05,0.00374655,0.00374756,0.00369211,0.00370922,493.33522237
2021-02-26-06,0.00370424,0.00372,0.00363065,0.00363065,649.42729551
2021-02-26-07,0.00363854,0.00369896,0.00363854,0.00367826,437.59858039
2021-02-26-08,0.00367317,0.00371699,0.0036553,0.00370877,1264.72357752
2021-02-26-09,0.00370591,0.003747,0.00370277,0.00372083,456.95779748
2021-02-26-10,0.00370775,0.00373754,0.00370028,0.00373135,350.36558251
2021-02-26-11,0.0037313,0.00373677,0.00371704,0.00373011,401.63423691
2021-02-26-12,0.00373197,0.00373197,0.00367582,0.00369002,134.11935162
2021-02-26-13,0.00370193,0.0037161,0.00368921,0.00369708,237.66656877
2021-02-26-14,0.00369998,0.00370366,0.00367202,0.00369039,226.23698031
2021-02-26-15,0.0037171,0.00380414,0.0037171,0.0037631,390.7967421
2021-02-26-16,0.00376579,0.0037658,0.003704,0.00370774,398.4373385
2021-02-26-17,0.00370822,0.00375172,0.003692,0.00372169,643.75366619
2021-02-26-18,0.00373256,0.0037535,0.00372145,0.00372438,655.96728446
2021-02-26-19,0.00372529,0.00376596,0.00372529,0.00373353,1207.69289164
2021-02-26-20,0.00373645,0.00374951,0.00371426,0.00371426,176.71681605
2021-02-26-21,0.00371371,0.00374124,0.00367574,0.00368528,671.27085688
2021-02-26-22,0.003682,0.003695,0.003665,0.00366763,564.0414875
2021-02-26-23,0.00366892,0.00370739,0.00366238,0.00366806,659.02149659
2021-02-27-00,0.00366701,0.00368669,0.003659,0.00367718,187.13579127
2021-02-27-01,0.0036809,0.00380414,0.00367017,0.00376604,999.39898054
2021-02-27-02,0.00377113,0.0037775,0.00371463,0.00373809,337.3851075
2021-02-27-03,0.00373316,0.0037375,0.003708,0.00370801,184.35693646
2021-02-27-04,0.00371094,0.00372669,0.00370712,0.00372669,84.58784494
2021-02-27-05,0.00371801,0.00372154,0.00368351,0.00369919,472.61601416
2021-02-27-06,0.00369093,0.00371084,0.00368277,0.00369481,545.84105234
2021-02-27-07,0.00369871,0.00373015,0.00369679,0.00371306,179.14022459
2021-02-27-08,0.0037008,0.003734,0.00369448,0.0037235,651.35719602
2021-02-27-09,0.00371305,0.00371827,0.00370434,0.00371387,2253.39643145
2021-02-27-10,0.00371377,0.00371377,0.00367554,0.00368086,257.49601972
2021-02-27-11,0.00367818,0.00371503,0.00367818,0.00369311,1308.23092291
2021-02-27-12,0.00369472,0.00371411,0.00367225,0.00369489,260.88237729
2021-02-27-13,0.00369615,0.00372704,0.00368681,0.00371309,111.01321757
2021-02-27-14,0.00371528,0.00372921,0.00369562,0.00370175,395.75594495
2021-02-27-15,0.0036992,0.00371578,0.00369654,0.00370621,220.89735169
2021-02-27-16,0.0037045,0.00371085,0.00368985,0.00369613,483.73549384
2021-02-27-17,0.00369437,0.00370796,0.00368655,0.00369651,308.51435763
2021-02-27-18,0.00370149,0.00372465,0.0036919,0.0037204,528.89192847
2021-02-27-19,0.00371899,0.00372647,0.00370532,0.00370948,411.3537211
2021-02-27-20,0.0037141,0.00372713,0.00370597,0.0037216,81.83521397
2021-02-27-21,0.003725,0.00373544,0.00371285,0.00372045,271.71299398
2021-02-27-22,0.00371896,0.00375796,0.00370869,0.00371816,895.18182916
2021-02-27-23,0.00371591,0.00372005,0.003697,0.00370586,1012.17960478
2021-02-28-00,0.00370575,0.00374156,0.00369751,0.00372507,732.75386733
2021-02-28-01,0.00372216,0.00372216,0.0036835,0.00369266,123.45554266
2021-02-28-02,0.00368336,0.00368965,0.00367654,0.00368113,121.30355179
2021-02-28-03,0.00368,0.00368114,0.00364037,0.00364172,1249.87510778
2021-02-28-04,0.00364,0.00364795,0.003547,0.003547,1881.90258365
2021-02-28-05,0.00355055,0.00359445,0.00353781,0.00355399,685.63439624
2021-02-28-06,0.00355108,0.00357681,0.0035265,0.00354958,295.10127242
2021-02-28-07,0.003545,0.00356627,0.00352483,0.00353398,553.94650137
2021-02-28-08,0.00353319,0.00358089,0.00353319,0.00357483,439.92801729
2021-02-28-09,0.00357063,0.00358895,0.00356826,0.00356826,125.63926607
2021-02-28-10,0.00356816,0.00358588,0.00354801,0.00356922,807.20741631
2021-02-28-11,0.00356882,0.0036236,0.00356398,0.00361907,404.17652196
2021-02-28-12,0.00362014,0.00364046,0.00360322,0.00360936,183.17163768
2021-02-28-13,0.00361825,0.00361851,0.00359206,0.00359571,167.75436339
2021-02-28-14,0.00359658,0.00361882,0.00359205,0.00359257,210.57534877
2021-02-28-15,0.00359455,0.00361327,0.00357387,0.00360707,553.32076688
2021-02-28-16,0.00360939,0.00361312,0.00356901,0.00359454,543.62442888
2021-02-28-17,0.00358722,0.00365795,0.00355,0.00362157,680.80627643
2021-02-28-18,0.00361898,0.00364,0.00360917,0.00361606,158.62323197
2021-02-28-19,0.00361865,0.00364113,0.00361865,0.00363075,241.11129307
2021-02-28-20,0.00363836,0.0036675,0.00363648,0.00366158,154.16630064
2021-02-28-21,0.00366285,0.00368979,0.003648,0.003648,425.36438484
2021-02-28-22,0.00365935,0.00366574,0.003636,0.00366574,799.02024904
2021-02-28-23,0.00366618,0.00366772,0.00363,0.00364314,439.69739081
2021-03-01-00,0.00364774,0.00366636,0.0036426,0.00365347,525.76860609
2021-03-01-01,0.00365983,0.00365983,0.00361202,0.00361202,514.22828918
2021-03-01-02,0.00361771,0.00363025,0.0036,0.00362371,608.01938293
2021-03-01-03,0.0036291,0.0036291,0.00359138,0.00359177,138.68426215
2021-03-01-04,0.00359,0.00359934,0.00356386,0.00356386,120.94533403
2021-03-01-05,0.00357507,0.0035871,0.00356583,0.0035871,230.54817868
2021-03-01-06,0.00358297,0.00358454,0.003575,0.00357781,118.5908098
2021-03-01-07,0.00357797,0.0035848,0.0035739,0.00357763,96.41472459
2021-03-01-08,0.00358497,0.00358497,0.0035683,0.00357667,247.41932813
2021-03-01-09,0.00358262,0.00359051,0.00357006,0.00358062,242.43156589
2021-03-01-10,0.00358653,0.00359393,0.00357425,0.00358222,376.749534
2021-03-01-11,0.00357972,0.00359829,0.0035763,0.00358326,395.37339192
2021-03-01-12,0.00359162,0.00359524,0.00357087,0.00357192,1043.95835258
2021-03-01-13,0.00358064,0.00358567,0.003565,0.00357634,399.88152688
2021-03-01-14,0.00357377,0.00360927,0.00356666,0.00358074,304.25221069
2021-03-01-15,0.00358462,0.00358618,0.00355922,0.00356752,213.86637722
2021-03-01-16,0.00357521,0.00357761,0.00354808,0.00355719,720.61480885
2021-03-01-17,0.00356335,0.00358194,0.00354429,0.00354429,1659.07294376
2021-03-01-18,0.003541,0.0035456,0.00351869,0.00351957,341.5600721
2021-03-01-19,0.00351974,0.0035369,0.00351974,0.0035366,442.1888464
2021-03-01-20,0.003537,0.00356968,0.00353242,0.0035384,1158.19548251
2021-03-01-21,0.00353825,0.00354334,0.003523,0.003523,1031.69081516
2021-03-01-22,0.00352648,0.00353179,0.00351868,0.00353136,215.1414911
2021-03-01-23,0.00353213,0.003571,0.00352685,0.00357086,280.53480762
2021-03-02-00,0.00355894,0.00355894,0.00352745,0.00354837,308.76569035
2021-03-02-01,0.00355253,0.00358828,0.00354924,0.0035552,1068.21100872
2021-03-02-02,0.00355254,0.00355693,0.00354569,0.00354975,226.45491016
2021-03-02-03,0.00355287,0.00356,0.003539,0.00354485,325.23123994
2021-03-02-04,0.00354287,0.00355334,0.00353615,0.00354138,441.64736217
2021-03-02-05,0.00354165,0.00354756,0.003528,0.00354151,139.855715
2021-03-02-06,0.00354469,0.00356734,0.00354469,0.00355223,99.15501681
2021-03-02-07,0.00354181,0.00354806,0.00353478,0.00354088,417.35900686
2021-03-02-08,0.00354998,0.00356297,0.00352528,0.00356297,642.07125566
2021-03-02-09,0.00356682,0.00360207,0.00356271,0.00359232,272.76915389
2021-03-02-10,0.00359659,0.00374112,0.00359597,0.003712,1300.28171554
2021-03-02-11,0.00371659,0.0037294,0.00368875,0.00368892,533.54365202
2021-03-02-12,0.00368848,0.00371468,0.00368651,0.00370435,580.72639162
2021-03-02-13,0.00370433,0.00372359,0.0036971,0.00371124,1493.13653518
2021-03-02-14,0.00371124,0.003771,0.00370101,0.00371896,639.34241053
2021-03-02-15,0.00371824,0.00372371,0.00369803,0.00369806,859.32439311
2021-03-02-16,0.00370212,0.00370501,0.00367036,0.00368226,599.65898011
2021-03-02-17,0.00368077,0.00369576,0.00365707,0.00366,259.52091285
2021-03-02-18,0.0036595,0.00367,0.00363014,0.00363936,1159.48913939
2021-03-02-19,0.00363411,0.00364784,0.00361915,0.00361916,339.26661223
2021-03-02-20,0.00361892,0.00363289,0.00361215,0.00362896,356.18187731
2021-03-02-21,0.00362,0.00363942,0.0036132,0.00363683,223.16493213
2021-03-02-22,0.00363555,0.00364218,0.00362034,0.00364173,689.47207725
2021-03-02-23,0.00364172,0.00366719,0.00363815,0.00366719,239.10217983
2021-03-03-00,0.00366356,0.0036937,0.00364763,0.0036937,151.66301349
2021-03-03-01,0.00369553,0.00370604,0.00367844,0.00370393,512.28582517
2021-03-03-02,0.00369996,0.00378321,0.00369477,0.00374562,577.37024587
2021-03-03-03,0.00374634,0.00378034,0.00373377,0.00374066,1585.38012973
2021-03-03-04,0.00373872,0.003796,0.00372852,0.003796,1684.19880899
2021-03-03-05,0.00379724,0.00385767,0.00379665,0.00384152,437.74355831
2021-03-03-06,0.00385176,0.00392019,0.00384374,0.00387898,1617.83430559
2021-03-03-07,0.00387886,0.00393894,0.00387562,0.00390611,977.81492637
2021-03-03-08,0.00390905,0.00391627,0.00388254,0.00388618,469.088623
2021-03-03-09,0.00388092,0.00388092,0.00380653,0.00380674,458.53100891
2021-03-03-10,0.00381383,0.00381457,0.00378119,0.00378119,705.07500002
2021-03-03-11,0.003777,0.00378024,0.00373952,0.00376146,375.10339765
2021-03-03-12,0.00376367,0.00377361,0.00371879,0.0037201,323.50768327
2021-03-03-13,0.00372619,0.00375706,0.00371137,0.00372965,640.18872409
2021-03-03-14,0.0037333,0.0037364,0.00365384,0.00368207,610.52024023
2021-03-03-15,0.00368207,0.003725,0.0036708,0.00371763,729.54707493
2021-03-03-16,0.00371571,0.00382131,0.00371503,0.00381972,728.39162375
2021-03-03-17,0.00380591,0.00383302,0.00374606,0.00375621,1197.6305421
2021-03-03-18,0.00375163,0.00379023,0.00375163,0.00375311,194.16728834
2021-03-03-19,0.00375429,0.00375757,0.00373125,0.00373758,642.52818861
2021-03-03-20,0.00373488,0.00374456,0.00371878,0.00374456,435.25313158
2021-03-03-21,0.00373921,0.00373921,0.00371,0.00371142,209.17097709
2021-03-03-22,0.0037197,0.00372417,0.00371098,0.00372093,135.8313582
2021-03-03-23,0.00371772,0.00373226,0.00370808,0.00370808,233.23432382
2021-03-04-00,0.00372616,0.00377819,0.00371591,0.00372774,1129.16622602
2021-03-04-01,0.00372774,0.0037881,0.00372223,0.0037755,319.93525032
2021-03-04-02,0.00376475,0.0037665,0.0037407,0.00374266,471.79066348
2021-03-04-03,0.00375112,0.00377437,0.00374164,0.00376986,158.26710125
2021-03-04-04,0.00376708,0.00376708,0.00372444,0.00374118,741.19683183
2021-03-04-05,0.00373302,0.00376042,0.00373274,0.00374375,164.77787346
2021-03-04-06,0.00374732,0.0037994,0.00374732,0.00379401,352.98190191
2021-03-04-07,0.00379072,0.00379791,0.00374761,0.00374848,329.71823025
2021-03-04-08,0.003745,0.00377178,0.003742,0.00377178,102.85026203
2021-03-04-09,0.00378283,0.00378283,0.00374194,0.00374661,335.69787045
2021-03-04-10,0.00374579,0.00377255,0.00374481,0.00376496,364.35003391
2021-03-04-11,0.00376999,0.00378093,0.00375387,0.00377905,260.43337067
2021-03-04-12,0.00377247,0.00377337,0.00374202,0.00374986,287.04017294
2021-03-04-13,0.0037477,0.00376287,0.00373946,0.00374475,212.00625945
2021-03-04-14,0.00374472,0.00375446,0.00373304,0.00374316,140.63428041
2021-03-04-15,0.00373938,0.00375557,0.0037323,0.00374735,290.14963051
2021-03-04-16,0.00374735,0.00375244,0.00373,0.0037396,131.71452125
2021-03-04-17,0.00374317,0.00376527,0.00373239,0.00375144,460.46430144
2021-03-04-18,0.00375131,0.00378111,0.00374623,0.00377685,240.71894513
2021-03-04-19,0.00378283,0.00378811,0.00372299,0.00373048,334.50618718
2021-03-04-20,0.00372297,0.00374436,0.003718,0.0037247,149.63086587
2021-03-04-21,0.00372638,0.00374952,0.0037221,0.00374179,316.94651936
2021-03-04-22,0.00373771,0.00374261,0.00372859,0.00374093,254.8648046
2021-03-04-23,0.00373596,0.00374952,0.0037065,0.00372585,275.70779592
2021-03-05-00,0.00372585,0.00373817,0.00372255,0.00373255,58.06486668
2021-03-05-01,0.0037372,0.0037413,0.00367882,0.00368329,978.23908609
2021-03-05-02,0.00368982,0.00368982,0.00362707,0.00365744,783.69407067
2021-03-05-03,0.00364587,0.00366826,0.00363518,0.00366511,188.22683192
2021-03-05-04,0.00366077,0.00367238,0.00365709,0.00366852,179.65048355
2021-03-05-05,0.00365759,0.00366241,0.003639,0.00364679,144.51174267
2021-03-05-06,0.00363916,0.00364819,0.00363,0.00364287,235.5081076
2021-03-05-07,0.00364191,0.00366789,0.00364191,0.00365956,264.70782932
2021-03-05-08,0.0036607,0.00368393,0.00365442,0.00367977,142.45396472
2021-03-05-09,0.00367023,0.00367792,0.0036517,0.00366913,240.60459039
2021-03-05-10,0.00366941,0.0036789,0.00366823,0.0036789,14.33835379
2021-03-05-11,0.00367698,0.00368436,0.00366959,0.003675,76.45724412
2021-03-05-12,0.00367349,0.00368025,0.00366993,0.00368025,83.40903759
2021-03-05-13,0.00368261,0.00369432,0.00366603,0.00367382,143.67384898
2021-03-05-14,0.00366902,0.00366931,0.0036414,0.0036437,532.86629486
2021-03-05-15,0.00364485,0.00368758,0.00364485,0.00366954,597.34884825
2021-03-05-16,0.00367207,0.00368563,0.00366503,0.00367091,130.76760399
2021-03-05-17,0.00367178,0.00367178,0.00364283,0.00366173,267.15203656
2021-03-05-18,0.00366107,0.00371839,0.00366107,0.00370292,656.50798923
2021-03-05-19,0.00370026,0.0037032,0.00368192,0.00369693,154.41742245
2021-03-05-20,0.00369045,0.00369446,0.003649,0.00365018,354.74970377
2021-03-05-21,0.00365533,0.00369317,0.00365533,0.00369317,466.61318729
2021-03-05-22,0.00369291,0.00369291,0.00367044,0.00368104,197.96485099
2021-03-05-23,0.00368971,0.003725,0.00368951,0.00370841,242.29410658
2021-03-06-00,0.00370522,0.00370765,0.00368404,0.00369509,217.16084826
2021-03-06-01,0.00369942,0.0037567,0.00369566,0.003733,716.89330866
2021-03-06-02,0.00372505,0.00372861,0.00371084,0.00371084,116.9955136
2021-03-06-03,0.00370955,0.00371898,0.00370611,0.00371181,382.82895536
2021-03-06-04,0.00371142,0.00371796,0.003687,0.003687,442.93261429
2021-03-06-05,0.00368704,0.00370099,0.00368704,0.0036897,55.65323519
2021-03-06-06,0.0036919,0.003745,0.00369077,0.00374149,338.35437872
2021-03-06-07,0.003754,0.003777,0.00374575,0.00374697,99.77773747
2021-03-06-08,0.00374356,0.00375556,0.00374166,0.00375313,134.83515541
2021-03-06-09,0.00376398,0.003766,0.00373463,0.00373465,498.61912898
2021-03-06-10,0.00373907,0.00374631,0.00372965,0.00373054,171.54195478
2021-03-06-11,0.00373939,0.00375678,0.00373343,0.00373757,967.7132183
2021-03-06-12,0.00373681,0.003782,0.00373223,0.0037696,190.82218428
2021-03-06-13,0.00376098,0.00377139,0.00375056,0.00375758,483.91045954
2021-03-06-14,0.00375455,0.00375517,0.00370766,0.00372661,154.87326728
2021-03-06-15,0.00372443,0.00374437,0.00372443,0.00374437,99.65591584
2021-03-06-16,0.00374015,0.00375183,0.00373385,0.00374733,59.28415091
2021-03-06-17,0.00375187,0.00376804,0.00374254,0.00374464,1850.7719399
2021-03-06-18,0.00374832,0.00377251,0.00374334,0.00375743,390.95778278
2021-03-06-19,0.00374601,0.00376586,0.00374512,0.00374919,277.67743969
2021-03-06-20,0.00374776,0.0037621,0.00373074,0.00373664,383.31021337
2021-03-06-21,0.00374629,0.00375011,0.00371,0.00371047,128.819168
2021-03-06-22,0.00371322,0.00371915,0.00370641,0.00371417,329.20881498
2021-03-06-23,0.00371782,0.00374525,0.00370213,0.00373285,283.87795828
2021-03-07-00,0.00374025,0.00374907,0.0037354,0.00374008,204.97470253
2021-03-07-01,0.00374282,0.00376,0.00373219,0.003748,615.39844839
2021-03-07-02,0.00375018,0.00375346,0.00373531,0.00373864,422.56536991
2021-03-07-03,0.00374362,0.00374645,0.00372242,0.00372969,154.57939744
2021-03-07-04,0.0037283,0.00374143,0.00372133,0.00372246,344.29947195
2021-03-07-05,0.00372246,0.00372365,0.00371395,0.0037157,325.89348757
2021-03-07-06,0.0037157,0.0037234,0.00370504,0.00371169,219.61567816
2021-03-07-07,0.00371726,0.00371726,0.00369624,0.00371129,95.80718099
2021-03-07-08,0.00371385,0.00371832,0.00370686,0.00371442,117.93643335
2021-03-07-09,0.00372151,0.00373298,0.003693,0.0036963,252.99824186
2021-03-07-10,0.00369612,0.00370234,0.003681,0.00369791,261.41132036
2021-03-07-11,0.00370758,0.00372858,0.00370107,0.00371453,289.88269401
2021-03-07-12,0.00371109,0.00371735,0.0036966,0.00370751,137.93330352
2021-03-07-13,0.003697,0.00371278,0.00369316,0.00369316,102.67990929
2021-03-07-14,0.00369478,0.0036988,0.00368842,0.0036988,431.34721708
2021-03-07-15,0.00369781,0.00370371,0.00366501,0.00366836,168.63459001
2021-03-07-16,0.003664,0.00367506,0.00365211,0.00367348,107.40302596
2021-03-07-17,0.00368872,0.00369064,0.00365609,0.00365609,187.62107745
2021-03-07-18,0.00365908,0.00370926,0.00365663,0.00370369,309.26593587
2021-03-07-19,0.00370003,0.00371164,0.00369235,0.00371164,61.02035027
2021-03-07-20,0.00371073,0.00371684,0.00369055,0.00371151,179.12917551
2021-03-07-21,0.00371,0.00371659,0.00370296,0.00371244,216.78505881
2021-03-07-22,0.003717,0.003736,0.003717,0.00373562,390.06794462
2021-03-07-23,0.00373585,0.00374638,0.00371433,0.00371593,325.99595446
2021-03-08-00,0.00371801,0.00374845,0.00370175,0.00373997,176.56391477
2021-03-08-01,0.00374513,0.00377101,0.00374091,0.00375552,336.30110601
2021-03-08-02,0.00375741,0.003777,0.00374508,0.00374509,233.67998021
2021-03-08-03,0.00374671,0.00375394,0.00372405,0.0037361,325.887757
2021-03-08-04,0.00373788,0.00375978,0.00372579,0.00372626,172.89940233
2021-03-08-05,0.00372947,0.00374482,0.003722,0.00373589,216.87460436
2021-03-08-06,0.00373999,0.00378574,0.00373875,0.00376819,110.72973065
2021-03-08-07,0.00376245,0.00376392,0.003722,0.003722,120.26799424
2021-03-08-08,0.00372682,0.00372682,0.003705,0.00371452,269.78386919
2021-03-08-09,0.003718,0.00372282,0.003645,0.00366058,329.95192226
2021-03-08-10,0.00367004,0.00367233,0.00363273,0.00365968,994.69707273
2021-03-08-11,0.00365923,0.0036781,0.00365616,0.00366725,353.24139282
2021-03-08-12,0.00367536,0.00367895,0.00365827,0.00365886,141.79776071
2021-03-08-13,0.00365201,0.00366532,0.0036102,0.00362147,409.18478771
2021-03-08-14,0.00362151,0.00364197,0.00361979,0.00363883,317.10377215
2021-03-08-15,0.00363762,0.0036634,0.00363304,0.00364552,260.52126583
2021-03-08-16,0.00364586,0.0036565,0.00363748,0.00364837,203.8358977
2021-03-08-17,0.00365001,0.00366066,0.00363967,0.00364803,468.95087084
2021-03-08-18,0.0036457,0.00365228,0.00364112,0.00365144,418.50813676
2021-03-08-19,0.00365144,0.00366095,0.00364709,0.00365602,93.90515778
2021-03-08-20,0.00365975,0.00366754,0.00364891,0.00365964,121.46700112
2021-03-08-21,0.00365615,0.00365615,0.003618,0.00361846,797.69008477
2021-03-08-22,0.00362106,0.0036474,0.00361918,0.0036392,612.95905458
2021-03-08-23,0.0036417,0.00366977,0.0036417,0.00366019,275.7089425
2021-03-09-00,0.00365647,0.00368484,0.00365282,0.00366142,395.40442291
2021-03-09-01,0.003664,0.003687,0.00363599,0.00366418,222.46343913
2021-03-09-02,0.00366958,0.0036889,0.00362049,0.00362862,632.77623859
2021-03-09-03,0.00363716,0.00371328,0.00362489,0.00368624,660.61499329
2021-03-09-04,0.0036857,0.00372168,0.00367341,0.00368888,299.42827004
2021-03-09-05,0.00368665,0.00368665,0.00365057,0.00367593,604.33660414
2021-03-09-06,0.00367176,0.003703,0.00364459,0.003703,524.67489592
2021-03-09-07,0.003703,0.003747,0.00366374,0.00367168,595.18812408
2021-03-09-08,0.00367072,0.00368257,0.003653,0.00367266,547.8229216
2021-03-09-09,0.00368425,0.00370101,0.0036713,0.00370101,248.41124341
2021-03-09-10,0.00370141,0.003705,0.00367501,0.00367614,590.50015494
2021-03-09-11,0.00367353,0.00369828,0.00366177,0.00367764,194.63346774
2021-03-09-12,0.00366358,0.00368977,0.00365515,0.00367991,175.88368813
2021-03-09-13,0.00367829,0.00368813,0.0036543,0.00365853,315.71946528
2021-03-09-14,0.00365522,0.00368625,0.00365522,0.00366398,980.44114927
2021-03-09-15,0.00366313,0.00366313,0.00364721,0.00365779,848.29532572
2021-03-09-16,0.00365568,0.00369171,0.00364209,0.00369171,703.15807279
2021-03-09-17,0.00369471,0.00371852,0.00367255,0.00368022,261.28711723
2021-03-09-18,0.00368021,0.00369164,0.00367329,0.00367539,442.098831
2021-03-09-19,0.00367339,0.0036807,0.003657,0.00365712,450.04140107
2021-03-09-20,0.00365836,0.00366937,0.00365709,0.00366351,387.08995972
2021-03-09-21,0.00366594,0.0036745,0.00365804,0.00366772,248.87104747
2021-03-09-22,0.00366736,0.00368514,0.00365874,0.00366751,211.69298158
2021-03-09-23,0.00368044,0.00374844,0.0036768,0.00372604,292.24063191
2021-03-10-00,0.0037217,0.00373076,0.0037083,0.00372025,82.57077137
2021-03-10-01,0.00371407,0.00372919,0.003697,0.00370115,158.88874332
2021-03-10-02,0.00370371,0.00372795,0.00366688,0.00368818,224.3630446
2021-03-10-03,0.00367928,0.00367928,0.003638,0.003639,616.17267979
2021-03-10-04,0.00364569,0.00364714,0.00360437,0.00361821,534.15717405
2021-03-10-05,0.003614,0.00363703,0.00360675,0.00362841,250.30141955
2021-03-10-06,0.0036318,0.003651,0.003625,0.00365091,220.23250766
2021-03-10-07,0.003652,0.00365937,0.00363732,0.00365393,156.79803818
2021-03-10-08,0.00365468,0.003662,0.00364363,0.00365162,190.25973312
2021-03-10-09,0.00364672,0.0036476,0.00362852,0.00363212,126.40977272
2021-03-10-10,0.00363003,0.00365,0.003616,0.00362375,149.88334457
2021-03-10-11,0.00362553,0.00362846,0.00361,0.00361058,134.78940008
2021-03-10-12,0.003607,0.00360905,0.003591,0.00359544,249.14820924
2021-03-10-13,0.00359544,0.00362201,0.00359544,0.00361243,146.06417407
2021-03-10-14,0.00361145,0.00364272,0.00360537,0.00361501,404.43159617
2021-03-10-15,0.00361275,0.00362915,0.00358415,0.00362915,1608.18102564
2021-03-10-16,0.00363365,0.00363365,0.00359516,0.00360681,413.21218732
2021-03-10-17,0.00361072,0.00361072,0.003583,0.0035852,229.79256142
2021-03-10-18,0.003594,0.00364255,0.00359231,0.00360389,392.34367145
2021-03-10-19,0.00361079,0.00362569,0.00360196,0.00362469,631.56183215
2021-03-10-20,0.00362089,0.0036357,0.003597,0.00360021,208.78670025
2021-03-10-21,0.00359557,0.00360265,0.00355,0.0035555,439.89659123
2021-03-10-22,0.003552,0.00357513,0.00352699,0.00357198,553.75101733
2021-03-10-23,0.00357248,0.00360117,0.00356651,0.00359991,405.89402092
2021-03-11-00,0.00360196,0.00361799,0.0035645,0.00357826,289.34517343
2021-03-11-01,0.00358796,0.00358796,0.00355488,0.00355596,210.87953137
2021-03-11-02,0.00355466,0.00356858,0.003549,0.00356295,250.33766182
2021-03-11-03,0.00356448,0.00356975,0.00355101,0.00355101,213.70072982
2021-03-11-04,0.00356921,0.00357412,0.00356322,0.00356486,133.9534158
2021-03-11-05,0.00356699,0.00359482,0.00355427,0.00356502,59.74609001
2021-03-11-06,0.00356502,0.00358823,0.00355793,0.00356919,403.50166342
2021-03-11-07,0.00357328,0.00358355,0.00355817,0.00357548,204.20818679
2021-03-11-08,0.00356793,0.00357641,0.00353386,0.00353386,195.25402585
2021-03-11-09,0.00353388,0.00355288,0.00352288,0.00355192,476.65847082
2021-03-11-10,0.00354738,0.00354738,0.00350667,0.00352,689.11071866
2021-03-11-11,0.00351894,0.00354249,0.00351873,0.00353033,270.96707638
2021-03-11-12,0.00353158,0.00353283,0.00351258,0.0035163,106.60298789
2021-03-11-13,0.00351249,0.00352449,0.003505,0.00352,403.59211215
2021-03-11-14,0.00352158,0.0035495,0.0035138,0.00354026,325.13325662
2021-03-11-15,0.00355297,0.003566,0.00352438,0.00353818,461.53233943
2021-03-11-16,0.00354926,0.00355305,0.00351205,0.00351205,223.16956753
2021-03-11-17,0.00351128,0.00352118,0.00349908,0.00350311,509.50675287
2021-03-11-18,0.00350218,0.00351335,0.0034906,0.00349712,230.94312862
2021-03-11-19,0.00349712,0.00352245,0.00348713,0.00349221,473.52161922
2021-03-11-20,0.00348813,0.00350427,0.00347797,0.00348396,369.17039326
2021-03-11-21,0.00348759,0.00350615,0.00348759,0.00349143,196.04568738
2021-03-11-22,0.00349143,0.00349453,0.00348101,0.00348101,309.80375387
2021-03-11-23,0.00348428,0.00349838,0.00346255,0.00346994,822.64191652
2021-03-12-00,0.00347782,0.0035,0.00347653,0.00348498,345.63171765
2021-03-12-01,0.00349078,0.00356727,0.00348261,0.00356727,297.23018191
2021-03-12-02,0.003569,0.003661,0.00356306,0.00365697,1139.61108781
2021-03-12-03,0.00364894,0.00370535,0.00362117,0.00369362,3062.37030349
2021-03-12-04,0.00368919,0.00368919,0.00365588,0.00366611,179.75726115
2021-03-12-05,0.00367212,0.0036956,0.00364634,0.00368772,166.75197684
2021-03-12-06,0.00368192,0.0037076,0.00367143,0.00368072,2693.42100882
2021-03-12-07,0.00367537,0.00369232,0.00365867,0.00366349,204.31004996
2021-03-12-08,0.00366361,0.0036891,0.0036519,0.00368667,235.19561833
2021-03-12-09,0.003691,0.00377322,0.00368075,0.00377322,539.52739117
2021-03-12-10,0.003768,0.0037931,0.00375011,0.00375011,483.44090251
2021-03-12-11,0.00375206,0.00375206,0.00366742,0.00369099,439.89649816
2021-03-12-12,0.00368721,0.00370896,0.00368587,0.00370079,563.27439669
2021-03-12-13,0.00370697,0.00373574,0.00370354,0.00370503,225.85889373
2021-03-12-14,0.0037043,0.0037043,0.00365,0.003679,3274.05990123
2021-03-12-15,0.003679,0.00368437,0.00365333,0.00365672,3559.2685399
2021-03-12-16,0.00366005,0.00370659,0.00365384,0.00369536,282.409998
2021-03-12-17,0.00370271,0.0037376,0.00369601,0.00370359,643.89681082
2021-03-12-18,0.00370893,0.00370893,0.00368003,0.00369007,650.45160971
2021-03-12-19,0.00368636,0.00369961,0.00367866,0.00368973,320.85374561
2021-03-12-20,0.0036855,0.00369921,0.00368197,0.00369668,433.16315809
2021-03-12-21,0.00369624,0.00384821,0.00369624,0.00383415,1401.56141812
2021-03-12-22,0.003826,0.00391791,0.00381709,0.00391141,2249.88509058
2021-03-12-23,0.00391553,0.00392332,0.003799,0.00382706,1345.64249892
2021-03-13-00,0.00382615,0.00388274,0.00382236,0.00385645,621.42891882
2021-03-13-01,0.00385685,0.00386489,0.00382501,0.00382841,412.74195466
2021-03-13-02,0.00382514,0.00382958,0.00379328,0.00381601,699.05400521
2021-03-13-03,0.00381602,0.00387759,0.00380899,0.00385003,309.2575067
2021-03-13-04,0.00384751,0.00385003,0.00381727,0.003819,433.59904168
2021-03-13-05,0.00383062,0.00383496,0.0037923,0.00383145,836.10493803
2021-03-13-06,0.00383764,0.00383764,0.0038054,0.00381459,157.70127514
2021-03-13-07,0.00381435,0.00384819,0.00381129,0.00383581,124.65441303
2021-03-13-08,0.0038358,0.00386135,0.00382092,0.00386125,217.80761007
2021-03-13-09,0.00385588,0.00385656,0.0038004,0.00383201,218.47856529
2021-03-13-10,0.003821,0.00382783,0.00381158,0.0038221,191.98931863
2021-03-13-11,0.00382344,0.00382552,0.00376187,0.00377101,794.79779882
2021-03-13-12,0.00376649,0.00378494,0.00375528,0.00375565,434.85025966
2021-03-13-13,0.00376707,0.00379038,0.0037456,0.00375899,1537.58549573
2021-03-13-14,0.00375306,0.00375438,0.00372789,0.00375303,3527.74236148
2021-03-13-15,0.00374812,0.00378576,0.00374004,0.00376271,3442.22211836
2021-03-13-16,0.00376716,0.003819,0.00376716,0.003819,479.82549848
2021-03-13-17,0.00382088,0.00382809,0.00377283,0.00377857,300.63596581
2021-03-13-18,0.00378056,0.00380522,0.0037802,0.00379415,351.41962141
2021-03-13-19,0.00379351,0.00379406,0.00377018,0.00377229,423.0575522
2021-03-13-20,0.00376705,0.00376761,0.003721,0.00372589,648.01332225
2021-03-13-21,0.00372353,0.00374381,0.00371032,0.0037165,1360.59195385
2021-03-13-22,0.0037173,0.00371834,0.00369741,0.00370208,531.92832137
2021-03-13-23,0.0037007,0.00371052,0.00367617,0.00367971,295.01004182
2021-03-14-00,0.00368535,0.0037206,0.00368182,0.00369864,149.05183964
2021-03-14-01,0.00369458,0.00370502,0.00368514,0.00369216,310.99312599
2021-03-14-02,0.00369216,0.00369216,0.00366192,0.0036753,149.75280816
2021-03-14-03,0.00367976,0.00369161,0.00366183,0.00366576,217.0043993
2021-03-14-04,0.003662,0.00367017,0.003651,0.00365808,159.47242652
2021-03-14-05,0.003653,0.00366196,0.00364459,0.00366056,203.73914255
2021-03-14-06,0.00366222,0.00366222,0.00362127,0.00364532,249.85472987
2021-03-14-07,0.00364123,0.00364124,0.00362,0.00362832,258.94961662
2021-03-14-08,0.00362953,0.00364522,0.0036139,0.00361954,142.67958485
2021-03-14-09,0.00362839,0.00364564,0.00362643,0.0036417,121.36922521
2021-03-14-10,0.00364321,0.00366756,0.0036432,0.00366532,394.88254203
2021-03-14-11,0.00366527,0.00366527,0.00363568,0.00363813,88.1764194
2021-03-14-12,0.003636,0.00364981,0.00360927,0.00364476,325.72162998
2021-03-14-13,0.00364381,0.00365268,0.00363727,0.00364813,218.016702
2021-03-14-14,0.00364562,0.00364803,0.00362775,0.00363775,111.13605885
2021-03-14-15,0.00363243,0.00365326,0.00363243,0.00365006,202.82767616
2021-03-14-16,0.00365326,0.00365326,0.00362724,0.00363653,271.06138198
2021-03-14-17,0.00363825,0.00364764,0.0036205,0.0036313,649.50855149
2021-03-14-18,0.00363568,0.00363808,0.00362183,0.00362824,150.29591323
2021-03-14-19,0.00362921,0.003647,0.0036292,0.00364388,1053.22521283
2021-03-14-20,0.00364963,0.00366455,0.00364129,0.00366455,475.18742862
2021-03-14-21,0.00366441,0.00366441,0.003625,0.00363206,532.5638829
2021-03-14-22,0.00363228,0.00363228,0.00362154,0.00362636,189.93133595
2021-03-14-23,0.00362537,0.00363653,0.00362006,0.00363184,214.19136211
2021-03-15-00,0.00363207,0.00364527,0.00362585,0.00362585,136.81440054
2021-03-15-01,0.00362578,0.00364116,0.00361252,0.0036313,329.6632798
2021-03-15-02,0.00363959,0.00364283,0.00363074,0.00363156,86.01407549
2021-03-15-03,0.00363435,0.00364708,0.0036248,0.0036401,869.13645589
2021-03-15-04,0.00363462,0.00365277,0.0036249,0.00363758,496.81876662
2021-03-15-05,0.00364516,0.00367532,0.00364255,0.00364255,479.0962011
2021-03-15-06,0.00365103,0.00365103,0.00362053,0.00362856,343.63257802
2021-03-15-07,0.00362944,0.00364124,0.00360621,0.0036115,229.21701855
2021-03-15-08,0.00361251,0.00361991,0.00357245,0.00361002,1225.47719735
2021-03-15-09,0.00360617,0.00362358,0.00360005,0.00360251,190.4316395
2021-03-15-10,0.00359998,0.003674,0.00358646,0.00366947,1328.73043821
2021-03-15-11,0.00367101,0.00367342,0.00363919,0.00365136,364.46449785
2021-03-15-12,0.00365633,0.00365821,0.00364292,0.00364965,262.99521638
2021-03-15-13,0.00364751,0.00366,0.00364028,0.00365284,503.88340009
2021-03-15-14,0.00365144,0.00366057,0.00362415,0.0036323,1068.62306825
2021-03-15-15,0.00363191,0.00363323,0.00360721,0.00362293,531.46891063
2021-03-15-16,0.00362472,0.00363083,0.00359026,0.00359026,472.75840812
2021-03-15-17,0.00358931,0.00359636,0.00354116,0.0035508,685.27528071
2021-03-15-18,0.00355173,0.00359377,0.00354468,0.00358016,517.81386465
2021-03-15-19,0.00357877,0.00360692,0.00357476,0.00360692,532.24918874
2021-03-15-20,0.00360539,0.00360632,0.00358628,0.00359023,471.04182106
2021-03-15-21,0.00358982,0.00360363,0.00357204,0.00360363,329.4348725
2021-03-15-22,0.0035904,0.0035904,0.00356274,0.00356787,454.00063384
2021-03-15-23,0.00357153,0.0035923,0.00356124,0.00356842,246.70901168
2021-03-16-00,0.0035732,0.00361706,0.00357251,0.00360984,722.2309218
2021-03-16-01,0.00361636,0.00363,0.00355385,0.00357493,298.3756665
2021-03-16-02,0.00357722,0.00362584,0.00357722,0.0036175,982.27084386
2021-03-16-03,0.00360417,0.00363,0.00359512,0.00362652,201.23903491
2021-03-16-04,0.0036328,0.003635,0.00361175,0.00361716,202.15458304
2021-03-16-05,0.00362158,0.00363193,0.00361766,0.00362572,893.91218938
2021-03-16-06,0.00362945,0.00364459,0.00361807,0.00362564,683.99176695
2021-03-16-07,0.00362153,0.00367018,0.0036,0.00367018,316.95067703
2021-03-16-08,0.00367155,0.00368931,0.0036584,0.00367906,221.06394815
2021-03-16-09,0.00367492,0.00368505,0.00364001,0.00364239,110.74164785
2021-03-16-10,0.00364555,0.00364715,0.00362518,0.00364357,236.64119709
2021-03-16-11,0.00364331,0.00364699,0.003617,0.00361985,272.45402659
2021-03-16-12,0.00361703,0.00363313,0.00361165,0.00361566,134.60769374
2021-03-16-13,0.00362568,0.00364544,0.00362516,0.0036338,171.53181079
2021-03-16-14,0.00362998,0.00363781,0.003602,0.00362289,271.97074318
2021-03-16-15,0.00362958,0.00363076,0.00361383,0.00361383,296.90873919
2021-03-16-16,0.00361529,0.00366388,0.003608,0.00366388,167.44591242
2021-03-16-17,0.00364833,0.00364833,0.00360408,0.00361283,99.18495982
2021-03-16-18,0.00361222,0.00361222,0.00355869,0.00357098,603.4226142
2021-03-16-19,0.00357294,0.00359057,0.00356004,0.00356151,766.3227728
2021-03-16-20,0.00356001,0.0035639,0.00354834,0.00356343,718.10369225
2021-03-16-21,0.00355601,0.00356945,0.00354314,0.00354632,250.27564383
2021-03-16-22,0.00354432,0.00356151,0.00353057,0.00355108,320.11144961
2021-03-16-23,0.00354401,0.00356352,0.00353507,0.00356352,253.3806104
2021-03-17-00,0.00356037,0.00356374,0.00353843,0.00354515,159.29788995
2021-03-17-01,0.0035447,0.00355161,0.00352801,0.00352801,294.72314183
2021-03-17-02,0.00353443,0.00356717,0.00353079,0.00356321,117.76057228
2021-03-17-03,0.00356122,0.00356122,0.00353581,0.00354491,181.68906991
2021-03-17-04,0.00354537,0.00355495,0.00353761,0.00354577,169.82784098
2021-03-17-05,0.00355313,0.00356831,0.0035402,0.00356524,119.15184584
2021-03-17-06,0.0035667,0.003575,0.00356004,0.00356312,92.70914697
2021-03-17-07,0.003555,0.003641,0.0035429,0.00363774,195.03068977
2021-03-17-08,0.00364225,0.00367445,0.00361313,0.00361885,463.12866298
2021-03-17-09,0.00362545,0.0036301,0.003589,0.00360698,388.56802746
2021-03-17-10,0.00360446,0.00361033,0.00357347,0.00359751,230.54568453
2021-03-17-11,0.00360518,0.00361507,0.00359313,0.00360342,108.22237187
2021-03-17-12,0.00359943,0.00359943,0.00357598,0.00357681,145.92667431
2021-03-17-13,0.00358008,0.00358564,0.003569,0.00357387,139.88181161
2021-03-17-14,0.00357282,0.00358896,0.00356799,0.0035833,392.37852595
2021-03-17-15,0.00357912,0.00361056,0.00357866,0.00360542,476.07998078
2021-03-17-16,0.00361087,0.00361468,0.00358305,0.00359245,203.77328767
2021-03-17-17,0.00358962,0.00360347,0.00358171,0.00358956,319.14699677
2021-03-17-18,0.0035905,0.0035905,0.00357095,0.00357189,212.00589966
2021-03-17-19,0.00357098,0.00357098,0.00353156,0.003537,541.69166933
2021-03-17-20,0.00353288,0.00353559,0.00351,0.00351986,687.29841871
2021-03-17-21,0.00351187,0.00351627,0.0035,0.0035075,469.92495207
2021-03-17-22,0.00350456,0.00351508,0.00347779,0.00351472,1313.22527048
2021-03-17-23,0.00350777,0.00351544,0.00348367,0.00351544,513.12998586
2021-03-18-00,0.00351517,0.00351946,0.00349567,0.00349567,512.20563724
2021-03-18-01,0.00349271,0.00349781,0.00347008,0.00349781,264.72506322
2021-03-18-02,0.00349638,0.00349638,0.00347589,0.00348207,162.5254465
2021-03-18-03,0.00348285,0.00351093,0.00348285,0.00349674,248.01752774
2021-03-18-04,0.0034967,0.00350106,0.00348282,0.00348721,173.3486611
2021-03-18-05,0.00348721,0.00349731,0.00348057,0.00348945,344.67286554
2021-03-18-06,0.00348864,0.00352614,0.00348541,0.00351001,159.60015123
2021-03-18-07,0.00351023,0.003532,0.00350757,0.00350757,200.55064545
2021-03-18-08,0.00350872,0.0035115,0.00349362,0.00349494,154.39612783
2021-03-18-09,0.00349119,0.00350388,0.00349119,0.00350013,54.49428437
2021-03-18-10,0.00349972,0.00350889,0.00349211,0.0035052,70.52104119
2021-03-18-11,0.00350412,0.00350848,0.00349383,0.0034941,169.09575082
2021-03-18-12,0.00349101,0.00350972,0.00348928,0.00349671,711.27048088
2021-03-18-13,0.00349417,0.00351237,0.00349245,0.00349941,288.37785032
2021-03-18-14,0.00349985,0.00350005,0.00348717,0.00349399,162.78659187
2021-03-18-15,0.00349085,0.00349986,0.00347989,0.00348624,943.3144647
2021-03-18-16,0.00348398,0.00348948,0.00344603,0.00345439,307.29542402
2021-03-18-17,0.003449,0.00348113,0.00343284,0.00346474,1104.23018381
2021-03-18-18,0.00346495,0.00346503,0.00344529,0.00344858,142.6025864
2021-03-18-19,0.00345205,0.00348647,0.00344907,0.00348381,114.47566687
2021-03-18-20,0.00347976,0.00349999,0.00347357,0.00349999,604.6636393
2021-03-18-21,0.00348903,0.00350093,0.00346592,0.00346607,147.32760342
2021-03-18-22,0.00346871,0.00348118,0.00346235,0.00347551,241.05350693
2021-03-18-23,0.00347589,0.00347722,0.00346209,0.00346601,133.29200551
2021-03-19-00,0.00346962,0.00348021,0.00346089,0.00346672,152.50161467
2021-03-19-01,0.00346613,0.00349545,0.00344681,0.00348918,281.71010037
2021-03-19-02,0.0034897,0.00349366,0.00347443,0.00347782,54.34043785
2021-03-19-03,0.00347232,0.003504,0.00347232,0.00348511,124.84530565
2021-03-19-04,0.00348024,0.00351237,0.00347776,0.00347997,55.72081185
2021-03-19-05,0.00347751,0.00348507,0.00346134,0.00347139,62.06929977
2021-03-19-06,0.00347429,0.00347945,0.00346928,0.00347475,124.49010056
2021-03-19-07,0.0034732,0.00348393,0.00346927,0.00348393,121.43489961
2021-03-19-08,0.00348531,0.00348941,0.00347127,0.00348941,100.60334189
2021-03-19-09,0.00349478,0.00349478,0.00347456,0.00348361,273.39372651
2021-03-19-10,0.00348508,0.00348508,0.00346144,0.00347249,200.88972002
2021-03-19-11,0.00347254,0.0034854,0.00346577,0.0034854,42.86811299
2021-03-19-12,0.00347833,0.003495,0.00346883,0.0034752,2181.09487456
2021-03-19-13,0.00346676,0.00346676,0.00344968,0.00345712,452.830724
2021-03-19-14,0.0034559,0.00346459,0.00344854,0.00345624,214.09326485
2021-03-19-15,0.00345707,0.00346553,0.003449,0.00345306,333.3602861
2021-03-19-16,0.003449,0.00345177,0.00342199,0.00344916,1111.44380008
2021-03-19-17,0.00344593,0.00344601,0.00343224,0.00343408,176.18755155
2021-03-19-18,0.00343438,0.00343556,0.00342018,0.00342018,1450.64938768
2021-03-19-19,0.00342213,0.003434,0.00342018,0.00342831,128.77216729
2021-03-19-20,0.00342508,0.00343686,0.00341852,0.00342069,1199.37116802
2021-03-19-21,0.00342223,0.00345296,0.00340986,0.00344441,308.140175
2021-03-19-22,0.00343562,0.00344401,0.00342339,0.00342528,468.03967818
2021-03-19-23,0.00342663,0.00344091,0.00342663,0.00343994,288.16425868
2021-03-20-00,0.00343229,0.00344927,0.00343108,0.00344872,383.27029389
2021-03-20-01,0.0034469,0.00344853,0.00342635,0.00344104,103.78497922
2021-03-20-02,0.00344227,0.00344847,0.00343638,0.00344063,145.08508777
2021-03-20-03,0.00343691,0.00344898,0.00343477,0.00343874,180.4757242
2021-03-20-04,0.00344139,0.00346219,0.00343996,0.00346219,280.4388086
2021-03-20-05,0.00346281,0.00346534,0.003455,0.00345931,53.32525241
2021-03-20-06,0.00345493,0.00346566,0.003453,0.00346501,144.40213315
2021-03-20-07,0.00346501,0.00347842,0.00345515,0.00347044,149.4100146
2021-03-20-08,0.00346308,0.00347086,0.00345471,0.00346263,146.82054737
2021-03-20-09,0.00346489,0.00346489,0.00344893,0.00345327,200.72501627
2021-03-20-10,0.00345326,0.00345711,0.00343857,0.00345237,236.49856553
2021-03-20-11,0.0034524,0.00346124,0.00344898,0.0034557,380.06714928
2021-03-20-12,0.00345936,0.00348629,0.00345163,0.00346061,457.58951827
2021-03-20-13,0.00346102,0.00346513,0.00344853,0.00344868,287.51357679
2021-03-20-14,0.00344868,0.00345516,0.00343803,0.00345399,413.15387202
2021-03-20-15,0.00345464,0.00345464,0.003434,0.003434,129.42503692
2021-03-20-16,0.00343377,0.00344533,0.00342764,0.00344159,260.8266311
2021-03-20-17,0.00345097,0.00345576,0.0034389,0.0034438,157.89794962
2021-03-20-18,0.00344353,0.00344752,0.00343515,0.00343689,574.76920538
2021-03-20-19,0.00343862,0.00344246,0.0034327,0.0034355,181.25794817
2021-03-20-20,0.00343696,0.00344165,0.00343139,0.00343236,568.77753125
2021-03-20-21,0.00343407,0.00344877,0.00343001,0.00344141,102.53694509
2021-03-20-22,0.00344231,0.00346333,0.00343793,0.00344257,249.34897834
2021-03-20-23,0.00344256,0.00345923,0.00343879,0.00345052,166.48588028
2021-03-21-00,0.00344542,0.00344631,0.00343454,0.0034437,110.83058551
2021-03-21-01,0.00343459,0.00344906,0.00342061,0.00342658,210.2373145
2021-03-21-02,0.00342445,0.00344013,0.00342366,0.0034384,91.74086233
2021-03-21-03,0.00343738,0.0034415,0.00342787,0.00343995,667.17645821
2021-03-21-04,0.00343724,0.00344649,0.00343437,0.00344356,432.45183605
2021-03-21-05,0.00344438,0.00345456,0.00342268,0.00342792,181.10833169
2021-03-21-06,0.00343257,0.00344465,0.00341246,0.00342899,259.61991037
2021-03-21-07,0.00342656,0.00343915,0.00342475,0.00342794,189.03660602
2021-03-21-08,0.00342949,0.0034422,0.00342849,0.00343521,124.7517485
2021-03-21-09,0.00344575,0.00344575,0.00342271,0.0034245,64.56312788
2021-03-21-10,0.00343635,0.00347,0.0034362,0.00347,277.94265771
2021-03-21-11,0.00346412,0.003472,0.00345158,0.00345685,189.27399828
2021-03-21-12,0.00345723,0.00345744,0.00344802,0.00345516,26.66056718
2021-03-21-13,0.00345482,0.00345483,0.00343642,0.00344736,103.42608199
2021-03-21-14,0.00345042,0.00345142,0.00342396,0.003437,128.26663121
2021-03-21-15,0.00343674,0.00343707,0.00342364,0.00342856,142.39927062
2021-03-21-16,0.00342565,0.00343559,0.00341397,0.00342179,240.79258816
2021-03-21-17,0.00341946,0.00343301,0.00340853,0.00341999,156.83754692
2021-03-21-18,0.0034215,0.00343922,0.00341985,0.00343238,389.94902644
2021-03-21-19,0.00343167,0.0034358,0.0034278,0.00343362,551.33702128
2021-03-21-20,0.00343124,0.00343124,0.00341419,0.00341793,81.22984974
2021-03-21-21,0.0034197,0.00342904,0.00340702,0.00342904,110.12747334
2021-03-21-22,0.0034258,0.00343,0.00340723,0.00340846,887.24754481
2021-03-21-23,0.00340725,0.00341936,0.00340516,0.00340516,1720.50000761
2021-03-22-00,0.00340564,0.0034134,0.00340002,0.0034134,597.18879757
2021-03-22-01,0.0034133,0.00341366,0.00338975,0.00339455,286.36414871
2021-03-22-02,0.00339606,0.00339896,0.00337001,0.0033847,263.21008963
2021-03-22-03,0.00339328,0.00340171,0.00338684,0.00338777,119.96228568
2021-03-22-04,0.00338508,0.00339531,0.003379,0.003383,187.78099595
2021-03-22-05,0.00338784,0.00338784,0.0033789,0.00338238,150.62498541
2021-03-22-06,0.00338696,0.00338696,0.00337154,0.00337793,269.16076079
2021-03-22-07,0.00338312,0.00339684,0.00337481,0.00337785,35.87826771
2021-03-22-08,0.00337786,0.00339084,0.00337493,0.00338482,146.6497744
2021-03-22-09,0.00338531,0.00338633,0.003377,0.00337786,385.69694123
2021-03-22-10,0.00337601,0.00338028,0.00336894,0.00337534,81.1289612
2021-03-22-11,0.00339297,0.00339297,0.00336707,0.00337802,279.75942962
2021-03-22-12,0.00338239,0.00340833,0.003375,0.00340574,168.11033363
2021-03-22-13,0.00340496,0.00341361,0.00340023,0.00341296,335.9298417
2021-03-22-14,0.00340884,0.003471,0.0034006,0.00345591,310.42471943
2021-03-22-15,0.00345359,0.00346881,0.00343523,0.00346507,193.39363416
2021-03-22-16,0.00346507,0.00346877,0.00344076,0.00344426,196.51510229
2021-03-22-17,0.00344694,0.00344879,0.00343707,0.0034405,375.86178373
2021-03-22-18,0.0034415,0.00344319,0.00343001,0.00343334,226.55041583
2021-03-22-19,0.00343816,0.0034633,0.00343504,0.0034633,160.61370925
2021-03-22-20,0.00346495,0.00346811,0.00345042,0.00346752,393.6440676
2021-03-22-21,0.00346752,0.00346752,0.00341424,0.00341453,1274.47007726
2021-03-22-22,0.00341294,0.00344242,0.00340483,0.00343685,577.79949131
2021-03-22-23,0.0034357,0.00344598,0.00342731,0.00343036,248.07687937
2021-03-23-00,0.0034323,0.00343791,0.00342552,0.00343203,592.81063782
2021-03-23-01,0.00343676,0.00343676,0.00341617,0.00342945,117.73968431
2021-03-23-02,0.00342831,0.00342978,0.00340878,0.00340879,112.17402056
2021-03-23-03,0.00340983,0.00344034,0.00340187,0.00344034,189.41509219
2021-03-23-04,0.00343235,0.00344965,0.00342309,0.0034427,286.93726533
2021-03-23-05,0.00344983,0.00346575,0.0034436,0.0034501,159.24839796
2021-03-23-06,0.00345472,0.00348419,0.00344978,0.00347229,285.50168752
2021-03-23-07,0.00346924,0.00346924,0.00342921,0.00343523,151.07379986
2021-03-23-08,0.00344245,0.00344245,0.003425,0.003425,286.97690615
2021-03-23-09,0.00342412,0.003438,0.00340913,0.00341958,1306.18303925
2021-03-23-10,0.0034189,0.0034189,0.00340601,0.00340742,332.36418311
2021-03-23-11,0.003406,0.00340726,0.00339536,0.00339536,85.30131273
2021-03-23-12,0.00339709,0.00340787,0.0033924,0.00339742,268.24237984
2021-03-23-13,0.00339901,0.00340169,0.00338,0.00338,266.86799932
2021-03-23-14,0.0033785,0.00339152,0.00337849,0.00338726,107.17272821
2021-03-23-15,0.00338377,0.0033956,0.00338052,0.00338825,277.82788729
2021-03-23-16,0.00338655,0.00339535,0.00338002,0.00338002,76.70370402
2021-03-23-17,0.003379,0.00338983,0.00337232,0.00338295,417.09582198
2021-03-23-18,0.00337788,0.003385,0.00337669,0.003385,689.13264462
2021-03-23-19,0.00338269,0.00339282,0.00338269,0.00339197,566.18966865
2021-03-23-20,0.00339372,0.00340281,0.00338249,0.00338249,272.98412576
2021-03-23-21,0.0033841,0.00338833,0.00336406,0.00337387,269.92496018
2021-03-23-22,0.00337639,0.00337917,0.00333975,0.00336175,366.68442632
2021-03-23-23,0.00336441,0.00339585,0.00336384,0.00339391,200.21143059
2021-03-24-00,0.00339578,0.00343041,0.00339578,0.0034192,299.21963607
2021-03-24-01,0.00341552,0.00341552,0.00339637,0.00340256,143.94696371
2021-03-24-02,0.00340595,0.00347334,0.00339965,0.00346493,256.76254912
2021-03-24-03,0.0034647,0.00354873,0.00346351,0.00353171,469.90524484
2021-03-24-04,0.0035213,0.0035418,0.00350736,0.00351543,662.65621721
2021-03-24-05,0.00351528,0.00355879,0.00351528,0.00353162,397.8250839
2021-03-24-06,0.00352999,0.00354539,0.00351928,0.00352659,97.7863976
2021-03-24-07,0.00353589,0.00353943,0.00350135,0.00350135,154.96190087
2021-03-24-08,0.00350135,0.0035039,0.00348425,0.0035039,302.65197234
2021-03-24-09,0.00351002,0.00351128,0.00346649,0.00346803,348.18266291
2021-03-24-10,0.00346598,0.00346962,0.00344603,0.00345979,246.96344125
2021-03-24-11,0.00345868,0.00347473,0.00344961,0.00345846,177.0724953
2021-03-24-12,0.00345818,0.00346039,0.00343892,0.00343992,184.43888947
2021-03-24-13,0.00344023,0.00346328,0.00343121,0.00346022,270.82406369
2021-03-24-14,0.00345301,0.00345301,0.00343172,0.00343729,160.85984931
2021-03-24-15,0.00343669,0.00344828,0.00343282,0.003441,255.29207546
2021-03-24-16,0.00343981,0.00345347,0.00343691,0.00344419,410.70167257
2021-03-24-17,0.0034475,0.00345161,0.00344005,0.00344801,286.91950181
2021-03-24-18,0.00344801,0.00345153,0.00342033,0.00342033,314.42805321
2021-03-24-19,0.00342432,0.00343662,0.00342193,0.0034315,208.2500149
2021-03-24-20,0.00343496,0.00344155,0.00342484,0.00342781,323.7075508
2021-03-24-21,0.00343508,0.00347653,0.00342421,0.00347247,112.58610733
2021-03-24-22,0.00347469,0.00347474,0.00343491,0.00343691,250.80101447
2021-03-24-23,0.00344243,0.00344747,0.00330134,0.00338043,2099.68743766
2021-03-25-00,0.00338238,0.00338268,0.00336098,0.00336498,147.95119076
2021-03-25-01,0.00336777,0.00339383,0.00336,0.00337587,545.11759677
2021-03-25-02,0.00337395,0.00337395,0.00333093,0.00333268,307.9184431
2021-03-25-03,0.00333634,0.00337923,0.0033281,0.00337177,299.65511433
2021-03-25-04,0.0033689,0.00336947,0.00334187,0.00336947,63.45956094
2021-03-25-05,0.00336812,0.00336979,0.00334543,0.0033467,300.19841006
2021-03-25-06,0.00334899,0.0033629,0.00334656,0.0033565,393.60531621
2021-03-25-07,0.00335754,0.0033576,0.00333404,0.00333551,109.7057654
2021-03-25-08,0.003339,0.00333923,0.0032958,0.00331413,473.76707399
2021-03-25-09,0.0033104,0.00333821,0.0033104,0.00332495,274.18393045
2021-03-25-10,0.00332445,0.00333305,0.00331789,0.00332728,140.26392054
2021-03-25-11,0.00332458,0.00334099,0.00332458,0.00334099,301.07105152
2021-03-25-12,0.00333981,0.00334401,0.00332878,0.00333907,87.39451734
2021-03-25-13,0.00334618,0.00335872,0.00331375,0.00333421,531.02149028
2021-03-25-14,0.0033375,0.00335503,0.00333492,0.00334775,352.38474666
2021-03-25-15,0.00334637,0.0033644,0.0033412,0.00336256,387.05601607
2021-03-25-16,0.00336393,0.00336469,0.00333566,0.00334319,129.57365627
2021-03-25-17,0.00334343,0.00336679,0.00333172,0.00335026,1509.95652869
2021-03-25-18,0.00335025,0.00335904,0.00334639,0.00335818,771.42968804
2021-03-25-19,0.00336104,0.00337365,0.00333521,0.00333881,132.50853092
2021-03-25-20,0.00333768,0.00335366,0.00333454,0.00333807,248.85520947
2021-03-25-21,0.00333892,0.00335984,0.00332938,0.00335613,53.82474178
2021-03-25-22,0.0033522,0.0033522,0.00332805,0.003331,116.26755258
2021-03-25-23,0.00333412,0.00335164,0.00332094,0.00332487,267.7816544
2021-03-26-00,0.00332928,0.0033496,0.00332579,0.00334344,64.2891017
2021-03-26-01,0.0033423,0.00340358,0.003331,0.00338614,547.60116483
2021-03-26-02,0.00338841,0.00339017,0.00336352,0.00337259,255.29264564
2021-03-26-03,0.00336228,0.00336401,0.00334476,0.00334851,96.42852332
2021-03-26-04,0.00334501,0.00335584,0.00333617,0.00334192,1124.86480408
2021-03-26-05,0.00334041,0.00334041,0.00332589,0.0033304,151.5882329
2021-03-26-06,0.00332752,0.00333223,0.00331971,0.00332981,43.31852313
2021-03-26-07,0.00333008,0.00334794,0.00332791,0.00333785,463.08025963
2021-03-26-08,0.0033318,0.00333208,0.00330002,0.00330103,190.65996958
2021-03-26-09,0.0033,0.00331343,0.00329779,0.00330996,194.50142762
2021-03-26-10,0.00330592,0.00331424,0.00330285,0.00330878,73.02683401
2021-03-26-11,0.00331126,0.00331181,0.0032997,0.00330842,56.27744002
2021-03-26-12,0.00330668,0.003423,0.00330594,0.0033953,328.7153477
2021-03-26-13,0.00339571,0.00341562,0.00338413,0.00340955,272.44293156
2021-03-26-14,0.00340796,0.00340797,0.00338279,0.00338279,546.17690667
2021-03-26-15,0.00338044,0.00339985,0.00337058,0.00337385,292.83359722
2021-03-26-16,0.00337536,0.00337743,0.0033578,0.0033751,101.62558141
2021-03-26-17,0.003379,0.00338771,0.00335601,0.00337683,125.24088482
2021-03-26-18,0.00337565,0.00337769,0.00335601,0.0033638,189.27366618
2021-03-26-19,0.00336988,0.00338467,0.00336682,0.00337464,105.07070514
2021-03-26-20,0.00337234,0.00337234,0.00335881,0.00336575,67.00775155
2021-03-26-21,0.00336946,0.00338866,0.00336908,0.00338706,59.79768392
2021-03-26-22,0.00337687,0.00338175,0.00335495,0.0033702,425.34040317
2021-03-26-23,0.00335593,0.00336201,0.00333943,0.00334553,171.07465631
2021-03-27-00,0.00334585,0.00334781,0.00333265,0.00333321,184.74237377
2021-03-27-01,0.00333552,0.00333552,0.00331701,0.00331978,107.53608622
2021-03-27-02,0.00332544,0.00333626,0.00332011,0.00332981,934.01689217
2021-03-27-03,0.00332815,0.00333167,0.0033226,0.0033226,101.09792344
2021-03-27-04,0.00332522,0.00332666,0.00332017,0.00332121,74.52553859
2021-03-27-05,0.00331864,0.00332542,0.00331146,0.00331539,62.2937203
2021-03-27-06,0.0033186,0.00333226,0.00331134,0.00331767,73.81948899
2021-03-27-07,0.00332025,0.00332954,0.00331871,0.00332925,60.73392856
2021-03-27-08,0.00332801,0.00332805,0.00331957,0.00331957,162.21582042
2021-03-27-09,0.0033194,0.00332427,0.00331702,0.00331919,72.43374158
2021-03-27-10,0.00332101,0.00333437,0.00332101,0.00333437,158.56425391
2021-03-27-11,0.00332879,0.00333437,0.00332672,0.0033273,129.66174563
2021-03-27-12,0.00332882,0.00332882,0.00331134,0.00331469,70.66732878
2021-03-27-13,0.00331133,0.00331133,0.00328934,0.00329586,229.84627029
2021-03-27-14,0.00330229,0.00331142,0.00330229,0.00330774,95.89719633
2021-03-27-15,0.00330267,0.00330691,0.003291,0.00330413,66.6440653
2021-03-27-16,0.00330341,0.00330517,0.00329641,0.00329641,160.80667061
2021-03-27-17,0.003293,0.00329499,0.0032723,0.0032723,308.73212477
2021-03-27-18,0.00327057,0.00327875,0.00326738,0.00327263,207.49853224
2021-03-27-19,0.00327,0.00328561,0.00326901,0.00327852,303.48935196
2021-03-27-20,0.00328255,0.00328519,0.00327618,0.00328111,202.69831747
2021-03-27-21,0.00327677,0.003284,0.00327518,0.00328123,97.31510477
2021-03-27-22,0.00327954,0.00331677,0.00327954,0.00329389,136.924582
2021-03-27-23,0.00329328,0.00329328,0.0032789,0.00328458,555.81538912
2021-03-28-00,0.00328803,0.00330368,0.00328436,0.00329488,77.04685824
2021-03-28-01,0.00329663,0.00329742,0.00328272,0.0032934,28.06520148
2021-03-28-03,0.0032996,0.00331598,0.00328878,0.00331054,124.17846026
2021-03-28-05,0.00332072,0.00332446,0.00331049,0.00332084,69.75994613
2021-03-28-07,0.00330998,0.00331108,0.00329902,0.00330243,446.688812
2021-03-28-08,0.00330184,0.00330516,0.00329763,0.0033029,122.51803727
2021-03-28-09,0.0033029,0.0033029,0.0033029,0.0033029,0.0
