2015-08-09,1.2,1.2,1.2,1.2,0.0
2015-08-10,1.2,1.2,1.2,1.2,0.0
2015-08-11,1.2,1.2,0.6504,0.99,9234.57
2015-08-12,0.99,1.29,0.905,1.29,1736.11
2015-08-13,1.29,1.88,1.26,1.88,2815.45
2015-08-14,1.88,2.1,1.79,1.79,5775.81
2015-08-15,1.79,1.79,1.5,1.79,8677.61
2015-08-16,1.79,1.79,0.5,1.37,9514.57
2015-08-17,1.37,1.59,1.25,1.3,4299.16
2015-08-18,1.3,1.36,1.15,1.36,2385.62
2015-08-19,1.36,1.36,0.99,1.24,3978.66
2015-08-20,1.24,1.52,1.24,1.52,912.41
2015-08-21,1.52,1.53,1.44,1.44,6006.79
2015-08-22,1.44,1.44,1.4,1.4,229.0
2015-08-23,1.4,1.4,1.31,1.35,258.02
2015-08-24,1.35,1.35,1.24,1.24,4969.03
2015-08-25,1.24,1.28,1.22,1.27,911.44
2015-08-26,1.27,1.27,1.08,1.18,1961.75
2015-08-27,1.18,1.19,1.14,1.14,230.29
2015-08-28,1.14,1.3,1.14,1.3,20766.09
2015-08-29,1.3,1.3,1.15,1.18,329.64
2015-08-30,1.18,1.35,1.17,1.32,6702.03
2015-08-31,1.32,1.32,0.9,1.31,2994.89
2015-09-01,1.31,1.38,1.31,1.36,723.1
2015-09-02,1.36,1.37,1.14,1.14,480.91
2015-09-03,1.14,1.33,1.14,1.23,2681.05
2015-09-04,1.23,1.23,1.23,1.23,0.0
2015-09-05,1.23,1.37,1.23,1.37,7836.04
2015-09-06,1.37,1.39,1.34,1.34,71.97
2015-09-07,1.34,1.34,1.28,1.28,73.31
2015-09-08,1.28,1.28,1.26,1.26,82.23
2015-09-09,1.26,1.26,1.21,1.21,3.0
2015-09-10,1.21,1.21,1.12,1.19,518.37
2015-09-11,1.19,1.19,0.9242,0.9242,1982.14
2015-09-12,0.9242,1.15,0.9242,1.15,264.76
2015-09-13,1.15,1.15,0.8837,0.8856,3821.95
2015-09-14,0.8856,0.9622,0.885,0.955,869.81
2015-09-15,0.955,1,0.804,0.95,2557.52
2015-09-16,0.95,0.9563,0.9363,0.9363,40.88
2015-09-17,0.9363,0.9363,0.8238,0.875,51.5
2015-09-18,0.875,0.88,0.8523,0.8523,639.62
2015-09-19,0.8523,0.89,0.8013,0.89,3.78
2015-09-20,0.89,0.89,0.88,0.8871,13.55
2015-09-21,0.8871,0.95,0.8871,0.9412,25.29
2015-09-22,0.9412,0.9412,0.8059,0.8059,4.0
2015-09-23,0.8059,0.91,0.8059,0.91,0.7444
2015-09-24,0.91,0.91,0.8,0.8,304.0
2015-09-25,0.8,0.8,0.6823,0.6823,2739.6
2015-09-26,0.6823,0.7703,0.6805,0.7703,4.28
2015-09-27,0.7703,0.7703,0.7007,0.7008,4.0
2015-09-28,0.7008,0.7047,0.6,0.6,4698.46
2015-09-29,0.6,0.6816,0.5,0.6816,4205.47
2015-09-30,0.6816,0.74,0.5046,0.7137,349.09
2015-10-01,0.7137,0.7137,0.6545,0.6548,548.92
2015-10-02,0.6548,0.666,0.6548,0.6647,400.0
2015-10-03,0.6647,0.6796,0.6647,0.6796,44.65
2015-10-04,0.6747,0.6747,0.6095,0.6095,791.61
2015-10-05,0.6095,0.6095,0.6078,0.6078,12.3
2015-10-06,0.6091,0.6511,0.6091,0.6511,24.17
2015-10-07,0.61,0.611,0.6,0.6,2021.39
2015-10-08,0.6,0.64,0.6,0.62,5641.71
2015-10-09,0.6303,0.6352,0.5701,0.6352,2009.2
2015-10-10,0.6352,0.6352,0.6352,0.6352,0.0
2015-10-11,0.5993,0.5993,0.5993,0.5993,14.4
2015-10-12,0.639,0.639,0.63,0.63,19.88
2015-10-13,0.63,0.65,0.6016,0.6017,691.12
2015-10-14,0.6017,0.6017,0.5,0.5,1832.83
2015-10-15,0.5,0.56,0.4832,0.56,16.4
2015-10-16,0.5622,0.5622,0.525,0.525,257.93
2015-10-17,0.525,0.54,0.52,0.523,870.29
2015-10-18,0.52,0.52,0.505,0.505,983.79
2015-10-19,0.505,0.505,0.4821,0.5,645.41
2015-10-20,0.4805,0.4805,0.44,0.44,1278.2
2015-10-21,0.44,0.4719,0.42,0.42,735.71
2015-10-22,0.4413,0.609,0.411,0.609,2836.84
2015-10-23,0.609,0.609,0.5,0.5649,3364.41
2015-10-24,0.5241,0.5561,0.51,0.5561,295.27
2015-10-25,0.6,0.67,0.5875,0.62,1006.23
2015-10-26,0.62,0.706,0.62,0.706,1553.88
2015-10-27,0.706,0.901,0.7012,0.83,1774.08
2015-10-28,0.83,1.01,0.82,0.99,3938.99
2015-10-29,0.99,1.2,0.9717,1.12,4264.74
2015-10-30,1.12,1.34,1.12,1.14,3479.04
2015-10-31,1.14,1.14,0.8676,0.8676,761.69
2015-11-01,0.8676,0.99,0.8676,0.99,1.12
2015-11-02,0.99,1.06,0.9753,0.9878,4656.04
2015-11-03,0.9878,1.06,0.8425,1.06,3015.86
2015-11-04,1.06,1.06,0.7987,0.799,1306.13
2015-11-05,0.799,1,0.799,0.8764,624.06
2015-11-06,0.8764,0.9899,0.79,0.9899,1586.53
2015-11-07,0.88,0.93,0.8647,0.93,957.31
2015-11-08,0.93,1,0.8945,1,2555.92
2015-11-09,1,1.08,0.89,0.998,2896.74
2015-11-10,0.998,1,0.9,0.9,6648.8
2015-11-11,0.9,0.94,0.73,0.75,2589.82
2015-11-12,0.75,0.9,0.75,0.88,310.95
2015-11-13,0.88,0.9,0.8395,0.9,566.83
2015-11-14,0.9,0.91,0.8736,0.88,94.91
2015-11-15,0.88,0.9193,0.8746,0.9193,616.07
2015-11-16,0.9193,0.925,0.6612,0.925,2709.0
2015-11-17,0.925,1,0.9224,1,6762.89
2015-11-18,1,1,0.95,0.9973,1620.68
2015-11-19,0.9973,1,0.92,0.94,910.23
2015-11-20,0.94,0.94,0.91,0.92,135.74
2015-11-21,0.92,0.96,0.92,0.96,132.61
2015-11-22,0.8827,0.97,0.8827,0.97,6.8
2015-11-23,0.92,0.92,0.92,0.92,3.2
2015-11-24,0.92,0.95,0.91,0.91,4.2
2015-11-25,0.91,0.9126,0.8674,0.87,1127.55
2015-11-26,0.87,0.91,0.8155,0.86,3885.03
2015-11-27,0.89,0.89,0.88,0.88,634.17
2015-11-28,0.88,0.91,0.88,0.91,95.2
2015-11-29,0.91,0.91,0.85,0.87,770.16
2015-11-30,0.87,0.88,0.8674,0.88,52.39
2015-12-01,0.88,0.8885,0.8423,0.87,221.46
2015-12-02,0.87,0.87,0.8,0.82,3512.85
2015-12-03,0.82,0.83,0.7979,0.83,634.9
2015-12-04,0.83,0.84,0.8246,0.84,139.64
2015-12-05,0.84,0.8699,0.8351,0.8699,296.72
2015-12-06,0.8699,0.87,0.825,0.825,113.2
2015-12-07,0.825,0.825,0.7829,0.79,282.08
2015-12-08,0.79,0.898,0.7796,0.8102,5845.88
2015-12-09,0.8102,0.8533,0.761,0.8051,8175.65
2015-12-10,0.8051,0.8683,0.7797,0.8437,4871.63
2015-12-11,0.8437,0.9,0.77,0.8998,2783.98
2015-12-12,0.8998,0.96,0.8998,0.96,2071.35
2015-12-13,0.96,0.9749,0.8835,0.9199,987.99
2015-12-14,0.9628,0.99,0.9628,0.99,4292.44
2015-12-15,0.99,1,0.96,1,6094.34
2015-12-16,1,1.1,0.8,0.803,5075.91
2015-12-17,0.803,0.9701,0.803,0.94,157.67
2015-12-18,0.94,0.94,0.9,0.9,5.07
2015-12-19,0.9,0.9193,0.8935,0.8935,61.79
2015-12-20,0.8935,1.07,0.8935,1.07,1281.96
2015-12-21,1.07,1.07,0.91,0.91,1887.92
2015-12-22,0.91,0.9999,0.88,0.88,3928.98
2015-12-23,0.88,0.9897,0.87,0.8709,395.24
2015-12-24,0.8709,0.8899,0.85,0.87,1233.18
2015-12-25,0.87,0.88,0.8569,0.88,16.79
2015-12-26,0.88,1,0.85,0.853,2809.15
2015-12-27,0.853,0.918,0.84,0.918,1282.96
2015-12-28,0.918,0.918,0.84,0.8749,3709.2
2015-12-29,0.8749,0.89,0.8433,0.86,390.7
2015-12-30,0.86,0.929,0.86,0.8925,647.16
2015-12-31,0.8925,0.9666,0.8925,0.9488,162.74
2016-01-01,0.9488,0.9488,0.9184,0.92,2.1
2016-01-02,0.92,0.9547,0.92,0.9547,66.85
2016-01-03,0.9547,0.97,0.9506,0.96,20.2
2016-01-04,0.96,0.9644,0.9186,0.95,696.44
2016-01-05,0.95,0.9599,0.9409,0.9426,557.45
2016-01-06,0.9426,0.952,0.9292,0.95,1048.58
2016-01-07,0.95,0.96,0.93,0.94,1236.64
2016-01-08,0.94,0.985,0.94,0.985,6714.73
2016-01-09,0.985,0.998,0.9654,0.985,2928.22
2016-01-10,0.9979,1,0.9902,1,1376.66
2016-01-11,1,1.1,1,1.08,6811.5
2016-01-12,1.08,1.25,1.05,1.22,20474.31
2016-01-13,1.22,1.22,1.07,1.14,7770.95
2016-01-14,1.14,1.16,1.1,1.16,1736.1
2016-01-15,1.16,1.33,1.16,1.2,6369.02
2016-01-16,1.2,1.32,1.2,1.22,5208.11
2016-01-17,1.22,1.31,1.21,1.31,1226.07
2016-01-18,1.31,1.55,1.31,1.47,26504.93
2016-01-19,1.47,1.47,1.22,1.22,1937.82
2016-01-20,1.22,1.61,1.22,1.54,4223.88
2016-01-21,1.54,1.61,1.4,1.54,23330.79
2016-01-22,1.54,1.66,1.42,1.52,6868.47
2016-01-23,1.52,2.03,1.39,2.03,22797.85
2016-01-24,2.03,2.3,1.1,2.1,61511.59
2016-01-25,2.1,2.88,2.05,2.5,14950.46
2016-01-26,2.5,2.8,2.25,2.3,40483.85
2016-01-27,2.3,2.8,1.88,2.42,13501.17
2016-01-28,2.42,2.61,2.24,2.55,5230.86
2016-01-29,2.55,2.61,2.21,2.41,24886.32
2016-01-30,2.41,2.6,2.37,2.44,3309.91
2016-01-31,2.44,2.54,2.2,2.2,16250.47
2016-02-01,2.2,2.32,2,2.17,10745.46
2016-02-02,2.17,2.45,2.12,2.45,8507.81
2016-02-03,2.45,2.54,2.3,2.53,1705.51
2016-02-04,2.53,2.79,2.5,2.57,8608.97
2016-02-05,2.57,2.59,2.47,2.56,7751.83
2016-02-06,2.56,2.57,2.48,2.53,5751.56
2016-02-07,2.53,3,2.51,3,15947.96
2016-02-08,3,3.24,2.75,3.16,21622.09
2016-02-09,3.16,3.97,3.14,3.76,28122.33
2016-02-10,3.76,4.98,3.5,4.35,89672.32
2016-02-11,4.35,6.38,3.44,6.38,44590.72
2016-02-12,6.38,6.47,5.05,5.27,40865.72
2016-02-13,5.27,5.8,4.07,5.22,57597.08
2016-02-14,5.22,5.41,4.5,5.2,19387.0
2016-02-15,5.2,5.98,4.5,5.22,26003.85
2016-02-16,5.22,5.44,4,4.25,28560.82
2016-02-17,4.25,4.78,3.5,3.86,44218.65
2016-02-18,3.86,4.75,3.32,4.36,37014.2
2016-02-19,4.36,4.75,4.06,4.45,12921.68
2016-02-20,4.45,4.72,4.01,4.37,12873.82
2016-02-21,4.37,4.63,4,4.63,21147.37
2016-02-22,4.63,5.84,4.5,5.6,33012.86
2016-02-23,5.6,6,5.32,5.7,23918.11
2016-02-24,5.7,6.5,5.51,6.23,29237.77
2016-02-25,6.23,6.64,5.55,5.93,30374.17
2016-02-26,5.93,6.29,5.71,6.03,12520.7
2016-02-27,6.03,6.5,5.75,6.31,24235.29
2016-02-28,6.31,6.54,6.15,6.5,10757.21
2016-02-29,6.5,6.62,6,6.35,14735.53
2016-03-01,6.35,7.6,6.25,7.59,50943.31
2016-03-02,7.59,9.9,7.04,8.7,56226.73
2016-03-03,8.7,9.94,8.3,9.35,85546.9
2016-03-04,9.35,9.96,8.27,9.96,91589.1
2016-03-05,9.96,12,9.75,11,152475.01
2016-03-06,11,11.9,9.75,10.98,67041.65
2016-03-07,10.98,11.47,9.06,9.5,66012.4
2016-03-08,9.5,10.89,8.49,9.88,57133.5
2016-03-09,9.88,12,9.6,11.55,45375.79
2016-03-10,11.55,12.05,10.25,11.11,59808.35
2016-03-11,11.11,11.62,10.4,11.25,25986.89
2016-03-12,11.25,13.48,11.03,13.25,121212.21
2016-03-13,13.25,15.18,12,15,102564.97
2016-03-14,15,15,10.5,12.5,104870.66
2016-03-15,12.5,13.45,10,13.09,65453.8
2016-03-16,13.09,13.75,12.8,12.92,38375.56
2016-03-17,12.92,13,10.2,11.14,91925.52
2016-03-18,11.14,11.47,8.09,10.75,108354.83
2016-03-19,10.75,11.19,9.8,10.55,26350.72
2016-03-20,10.55,10.85,9.52,10.05,34505.4
2016-03-21,10.05,11.99,9.93,11.98,56843.25
2016-03-22,11.98,12.2,10.95,10.95,52489.09
2016-03-23,10.95,12.5,10.95,12.29,44314.26
2016-03-24,12.29,12.49,10.84,11.13,46140.91
2016-03-25,11.13,11.4,10.51,10.7,24022.89
2016-03-26,10.7,11.4,10.58,11.02,17770.63
2016-03-27,11.02,11.09,10.11,10.5,25637.84
2016-03-28,10.5,11.84,10.3,11.59,36683.04
2016-03-29,11.59,11.8,11.2,11.74,22021.67
2016-03-30,11.74,12.13,11.2,11.88,41288.32
2016-03-31,11.88,12.13,11.33,11.41,29048.76
2016-04-01,11.41,11.9,11.28,11.64,12193.49
2016-04-02,11.64,11.67,11.36,11.67,4629.01
2016-04-03,11.67,11.67,11.48,11.61,4977.33
2016-04-04,11.61,11.64,10.99,11.1,19154.78
2016-04-05,11.1,11.26,10.01,10.4,52485.11
2016-04-06,10.4,11.15,10.25,10.8,17048.46
2016-04-07,10.8,10.8,9.89,10.08,20111.32
2016-04-08,10.08,10.32,9.6,9.74,22756.79
2016-04-09,9.74,10.05,9,9.16,36913.49
2016-04-10,9.16,9.2,7.35,8.8,108354.14
2016-04-11,8.8,8.95,7.99,8.72,36557.7
2016-04-12,8.72,8.72,7.15,7.53,59584.63
2016-04-13,7.53,8.75,7,8.01,60244.02
2016-04-14,8.01,8.87,7.99,8.48,24509.0
2016-04-15,8.48,8.61,8.13,8.21,9943.8
2016-04-16,8.21,8.57,8.16,8.48,21097.49
2016-04-17,8.48,10,8.48,9.44,50714.8
2016-04-18,9.44,9.51,8.46,8.91,49747.88
2016-04-19,8.91,9.25,8.55,8.76,36403.38
2016-04-20,8.76,8.91,8.35,8.54,31546.32
2016-04-21,8.54,8.7,8,8.16,22960.71
2016-04-22,8.16,8.35,7.65,7.82,19376.23
2016-04-23,7.82,8.55,7.72,8.33,11333.0
2016-04-24,8.33,8.45,7.81,8,27824.91
2016-04-25,8,8.1,7.27,7.44,34918.47
2016-04-26,7.44,7.6,7.1,7.5,33876.48
2016-04-27,7.5,7.99,7.34,7.77,19204.2
2016-04-28,7.77,7.79,7.25,7.3,12512.65
2016-04-29,7.3,7.73,7.22,7.55,9350.54
2016-04-30,7.55,9.42,7.49,8.85,62578.54
2016-05-01,8.85,9.1,8.43,8.79,15618.19
2016-05-02,8.79,10.45,8.79,10.03,53695.75
2016-05-03,10.03,10.15,8.43,9.4,39118.67
2016-05-04,9.4,10,9.22,9.47,25766.86
2016-05-05,9.47,10,9.27,9.8,27094.8
2016-05-06,9.8,9.97,9.14,9.31,33325.85
2016-05-07,9.31,9.64,9.25,9.46,5428.56
2016-05-08,9.46,9.61,8.98,9.54,13492.04
2016-05-09,9.54,9.67,9.21,9.32,7342.75
2016-05-10,9.32,9.53,9.25,9.41,9178.76
2016-05-11,9.41,10,9.38,9.95,26675.88
2016-05-12,9.95,10.55,9.87,10.12,40210.17
2016-05-13,10.12,11.09,10.05,10.47,31370.76
2016-05-14,10.47,10.69,9.73,10.13,26818.76
2016-05-15,10.13,10.48,9.9,9.93,18635.32
2016-05-16,9.93,11.41,9.93,11.01,44651.47
2016-05-17,11.01,12.5,11,12.4,39971.72
2016-05-18,12.4,14.3,12.14,13.29,75208.38
2016-05-19,13.29,14.3,12.85,14.3,50825.49
2016-05-20,14.3,14.85,13.25,13.66,55994.43
2016-05-21,13.66,14,12.81,14,31304.45
2016-05-22,14,14.23,13.73,14.2,30543.85
2016-05-23,14.2,14.38,13.21,13.4,44618.93
2016-05-24,13.4,13.81,11.8,12.59,54428.81
2016-05-25,12.59,12.91,11.8,12.53,41369.94
2016-05-26,12.53,12.9,12,12.34,23236.26
2016-05-27,12.34,12.35,10.4,11.11,80761.51
2016-05-28,11.11,12.2,10.29,11.5,50944.65
2016-05-29,11.5,12.4,11.49,12.37,19445.42
2016-05-30,12.37,12.76,12,12.42,19670.29
2016-05-31,12.42,14.4,12.42,13.88,52115.18
2016-06-01,13.88,14.3,13.44,13.85,45008.82
2016-06-02,13.85,14.09,13.62,13.71,22513.28
2016-06-03,13.71,13.95,13.01,13.82,24584.23
2016-06-04,13.82,13.9,13.3,13.65,21090.73
2016-06-05,13.65,13.96,13.57,13.96,13370.38
2016-06-06,13.96,13.96,13.77,13.96,17726.51
2016-06-07,13.96,14.67,13.76,14.42,29114.64
2016-06-08,14.42,14.77,14.32,14.44,28626.05
2016-06-09,14.44,14.8,14.35,14.42,10889.01
2016-06-10,14.42,14.49,13.8,14,30219.56
2016-06-11,14,14.19,13.77,14.06,12112.96
2016-06-12,14.06,15.7,14.01,15.7,47379.2
2016-06-13,15.7,17.64,15.56,17.57,85575.8
2016-06-14,17.57,19.3,16.12,18.85,137749.19
2016-06-15,18.85,18.87,17.6,18.45,52644.01
2016-06-16,18.45,20.92,18.32,20.74,99486.62
2016-06-17,20.74,21.49,13.51,15.54,520476.36
2016-06-18,15.54,15.59,10.1,11.43,383770.02
2016-06-19,11.43,13.64,10.62,12.44,129357.92
2016-06-20,12.44,12.74,10.31,11.76,140504.8
2016-06-21,11.76,12.9,11.11,12.86,108559.67
2016-06-22,12.86,16.08,12.76,13.34,254062.14
2016-06-23,13.34,13.93,12.6,13.65,127854.35
2016-06-24,13.65,15.1,13.16,14.37,112693.87
2016-06-25,14.37,14.8,14,14.44,39832.59
2016-06-26,14.44,14.51,13.7,13.97,28173.88
2016-06-27,13.97,14.32,13.78,14.04,15255.74
2016-06-28,14.04,14.1,11.33,12.24,160414.1
2016-06-29,12.24,13.03,11.65,12.86,60849.75
2016-06-30,12.86,12.86,12.21,12.45,32704.49
2016-07-01,12.45,12.67,11.72,12.3,34557.63
2016-07-02,12.3,12.33,11.85,12.01,13651.08
2016-07-03,12.01,12.14,11.53,11.8,15063.21
2016-07-04,11.8,11.9,10.5,11.39,52406.29
2016-07-05,11.39,11.4,9.31,10.5,144352.02
2016-07-06,10.5,11.1,10.2,10.54,42141.48
2016-07-07,10.54,10.64,9.75,10.15,44144.51
2016-07-08,10.15,11.69,10,11.42,62426.92
2016-07-09,11.42,11.55,10.75,10.95,39597.04
2016-07-10,10.95,11.1,10.75,11.06,9208.14
2016-07-11,11.06,11.06,10.1,10.61,48926.53
2016-07-12,10.61,10.8,10.45,10.58,21435.06
2016-07-13,10.58,10.65,10.37,10.41,20750.85
2016-07-14,10.41,11.77,10.41,11.6,57019.68
2016-07-15,11.6,12.7,11.53,11.87,76830.75
2016-07-16,11.87,12.03,11.56,11.66,17815.65
2016-07-17,11.66,11.71,11.03,11.26,27319.48
2016-07-18,11.26,11.7,10.92,11.07,48048.82
2016-07-19,11.07,12.1,11.03,11.7,51475.64
2016-07-20,11.7,13,11.45,12.59,115272.35
2016-07-21,12.59,12.91,12.03,12.57,56068.66
2016-07-22,12.57,15.24,12.5,14.75,162848.89
2016-07-23,14.75,15.23,14,14.31,59793.02
2016-07-24,14.31,15,12.2,12.65,162330.9
2016-07-25,12.65,13.88,12.65,13.78,60972.0
2016-07-26,13.78,13.82,11.5,12.06,158107.71
2016-07-27,12.06,13.44,11.75,13.03,70915.17
2016-07-28,13.03,13.1,12.5,12.83,40829.26
2016-07-29,12.83,12.89,12.6,12.86,25038.39
2016-07-30,12.86,12.86,12.5,12.5,7094.46
2016-07-31,12.5,12.52,11.5,11.85,47925.43
2016-08-01,11.85,12.01,9.2,11.03,101125.87
2016-08-02,11.03,11.15,7,8.19,314223.64
2016-08-03,8.19,10.5,7.9,10.12,112863.57
2016-08-04,10.12,11.61,10.12,11.2,82579.37
2016-08-05,11.2,11.32,10.67,10.91,23652.61
2016-08-06,10.91,11,10.33,11,31796.41
2016-08-07,11,11.2,10.8,11.01,34044.34
2016-08-08,11.01,11.5,10.84,11.31,42110.8
2016-08-09,11.31,12.47,11.2,12.26,55928.52
2016-08-10,12.26,12.5,11.9,12.24,47926.61
2016-08-11,12.24,12.48,11.65,11.71,34584.37
2016-08-12,11.71,12.09,11.59,11.83,19316.24
2016-08-13,11.83,11.83,11.45,11.51,10234.97
2016-08-14,11.51,11.72,11.08,11.23,19443.47
2016-08-15,11.23,11.43,10.94,11.22,13008.69
2016-08-16,11.22,11.51,11.02,11.21,12568.55
2016-08-17,11.21,11.21,10.71,10.74,19066.1
2016-08-18,10.74,11.08,10.74,10.75,27276.13
2016-08-19,10.75,10.83,10.66,10.66,5196.72
2016-08-20,10.66,11.38,10.66,11.27,15912.71
2016-08-21,11.27,11.35,11,11.15,4993.28
2016-08-22,11.15,11.34,11.04,11.04,7039.74
2016-08-23,11.04,11.22,10.9,11.07,12404.37
2016-08-24,11.07,11.19,10.8,11.05,15834.13
2016-08-25,11.05,11.34,11,11.34,19464.88
2016-08-26,11.34,11.4,11.15,11.21,14645.3
2016-08-27,11.21,11.3,11.15,11.18,8102.11
2016-08-28,11.18,11.2,11.02,11.02,22029.06
2016-08-29,11.02,11.16,10.84,10.95,12080.61
2016-08-30,10.95,11.35,10.95,11.2,13320.2
2016-08-31,11.2,11.78,11.1,11.55,9355.15
2016-09-01,11.55,12.55,11.55,12.16,44719.94
2016-09-02,12.16,12.34,11.83,12.04,11289.72
2016-09-03,12.04,12.38,11.57,11.89,19935.48
2016-09-04,11.89,11.9,11.47,11.73,14368.33
2016-09-05,11.73,11.84,11.57,11.79,5159.52
2016-09-06,11.79,11.8,11.42,11.75,9399.22
2016-09-07,11.75,11.8,11.45,11.58,7520.26
2016-09-08,11.58,11.84,11.35,11.4,13853.99
2016-09-09,11.4,11.94,11.4,11.94,18791.64
2016-09-10,11.94,12.12,11.45,12.08,16718.06
2016-09-11,12.08,12.24,11.63,11.75,11945.75
2016-09-12,11.75,12.02,11.68,11.94,4703.2
2016-09-13,11.94,12.2,11.82,11.94,25565.17
2016-09-14,11.94,12.12,11.71,12.03,23249.69
2016-09-15,12.03,12.23,11.91,11.95,14424.49
2016-09-16,11.95,12.9,11.95,12.67,31762.56
2016-09-17,12.67,12.83,12.48,12.83,11796.75
2016-09-18,12.83,13.05,12.12,12.22,40976.21
2016-09-19,12.22,13.25,12.21,12.95,27044.48
2016-09-20,12.95,14.45,12.94,14.41,71082.89
2016-09-21,14.41,14.44,13.15,13.77,61044.12
2016-09-22,13.77,13.79,12.3,13.13,41410.25
2016-09-23,13.13,13.49,13.1,13.36,14477.9
2016-09-24,13.36,13.36,12.56,12.9,16576.42
2016-09-25,12.9,13.16,12.82,12.96,4890.91
2016-09-26,12.96,13.2,12.71,12.89,9021.8
2016-09-27,12.89,13.34,12.82,13.05,21462.26
2016-09-28,13.05,13.5,13,13.29,10716.56
2016-09-29,13.29,13.39,13.06,13.15,9437.18
2016-09-30,13.15,13.43,13.06,13.3,7917.01
2016-10-01,13.3,13.32,13.1,13.25,7603.24
2016-10-02,13.25,13.37,13.15,13.15,4346.66
2016-10-03,13.15,13.46,13.14,13.4,10288.64
2016-10-04,13.4,13.51,13.21,13.27,9603.22
2016-10-05,13.27,13.41,13.07,13.07,14670.36
2016-10-06,13.07,13.21,12.65,12.88,16705.67
2016-10-07,12.88,13,12.53,12.73,10966.54
2016-10-08,12.73,12.8,12.04,12.22,29154.21
2016-10-09,12.22,12.39,11.9,12.07,22700.59
2016-10-10,12.07,12.07,11.6,11.71,19681.65
2016-10-11,11.71,12.24,11.71,11.73,26712.51
2016-10-12,11.73,12.09,11.7,11.77,23005.33
2016-10-13,11.77,12.08,11.77,11.99,39634.46
2016-10-14,11.99,12.05,11.84,11.93,14528.44
2016-10-15,11.93,12,11.7,11.99,9173.74
2016-10-16,11.99,12.05,11.84,11.94,7546.04
2016-10-17,11.94,12.03,11.83,12.03,14463.63
2016-10-18,12.03,12.9,12,12.46,22785.06
2016-10-19,12.46,12.66,11.89,12.04,19597.04
2016-10-20,12.04,12.3,12.01,12.15,8798.86
2016-10-21,12.15,12.18,12.05,12.18,4991.18
2016-10-22,12.18,12.29,12.02,12.23,6734.29
2016-10-23,12.23,12.28,12.04,12.08,5630.04
2016-10-24,12.08,12.09,11.93,11.98,7718.19
2016-10-25,11.98,11.98,11.12,11.42,47576.13
2016-10-26,11.42,11.67,11.3,11.51,6621.12
2016-10-27,11.51,11.57,11.16,11.5,8427.12
2016-10-28,11.5,11.66,10.91,11.12,25236.45
2016-10-29,11.12,11.19,9.24,10.4,70897.61
2016-10-30,10.4,11.42,10.21,11.25,24461.47
2016-10-31,11.25,12,10.9,10.9,32752.29
2016-11-01,10.9,11.17,10.37,10.77,43914.43
2016-11-02,10.77,11.2,10.7,10.87,36806.53
2016-11-03,10.87,11.15,10.7,10.86,30359.19
2016-11-04,10.86,11.23,10.82,11.18,15482.82
2016-11-05,11.18,11.25,11,11.08,5903.01
2016-11-06,11.08,11.23,10.94,11,9340.92
2016-11-07,11,11.06,10.82,10.9,11742.81
2016-11-08,10.9,11.04,10.8,10.89,24426.23
2016-11-09,10.89,10.89,10.2,10.72,29305.91
2016-11-10,10.72,10.72,10.51,10.55,5482.87
2016-11-11,10.55,10.61,10.26,10.27,15424.19
2016-11-12,10.27,10.37,9.56,9.95,29332.46
2016-11-13,9.95,10.37,9.71,10.14,26429.42
2016-11-14,10.14,10.17,9.84,9.94,12240.23
2016-11-15,9.94,10.37,9.85,10.14,15204.35
2016-11-16,10.14,10.37,9.9,10.04,21625.24
2016-11-17,10.04,10.22,9.9,9.91,14629.85
2016-11-18,9.91,10.06,9.4,9.59,25320.14
2016-11-19,9.59,9.77,9.48,9.75,11784.73
2016-11-20,9.75,9.75,9.5,9.5,9059.83
2016-11-21,9.5,9.67,9.49,9.64,10090.2
2016-11-22,9.64,10.3,9.53,9.89,26180.87
2016-11-23,9.89,9.93,9.7,9.78,6677.51
2016-11-24,9.78,9.82,8.67,9.21,54060.9
2016-11-25,9.21,9.79,9.19,9.41,15582.6
2016-11-26,9.41,9.54,9.25,9.29,1805.72
2016-11-27,9.29,9.31,8.6,8.93,48600.25
2016-11-28,8.93,9.11,8.45,8.66,26236.32
2016-11-29,8.66,8.7,7.8,8.17,72602.89
2016-11-30,8.17,8.7,8,8.55,50757.41
2016-12-01,8.55,8.68,8.21,8.43,15217.18
2016-12-02,8.43,8.43,7.36,7.68,56049.55
2016-12-03,7.68,8.14,7.62,7.87,26684.91
2016-12-04,7.87,7.9,7.42,7.57,20749.52
2016-12-05,7.57,7.65,6.55,6.71,48001.39
2016-12-06,6.71,7.9,5.92,7.77,153285.28
2016-12-07,7.77,8.57,7.27,8.39,41189.52
2016-12-08,8.39,8.9,8.21,8.38,46861.89
2016-12-09,8.38,8.65,8,8.49,41473.46
2016-12-10,8.49,8.66,8.01,8.09,29661.8
2016-12-11,8.09,8.27,8.08,8.23,7635.88
2016-12-12,8.23,8.6,8.13,8.43,29579.89
2016-12-13,8.43,8.52,8.26,8.43,14836.37
2016-12-14,8.43,8.5,8.2,8.2,15623.33
2016-12-15,8.2,8.33,7.73,7.76,43152.31
2016-12-16,7.76,7.95,7.75,7.81,11600.75
2016-12-17,7.81,7.89,7.5,7.71,17169.99
2016-12-18,7.71,7.97,7.7,7.89,24390.84
2016-12-19,7.89,7.9,7.58,7.63,16328.4
2016-12-20,7.63,7.77,7.52,7.64,14367.89
2016-12-21,7.64,7.99,7.6,7.91,24928.86
2016-12-22,7.91,7.91,7.51,7.66,36530.75
2016-12-23,7.66,7.67,7.11,7.19,37317.41
2016-12-24,7.19,7.49,7.11,7.27,12281.73
2016-12-25,7.27,7.32,7.16,7.23,6258.26
2016-12-26,7.23,7.3,7.01,7.26,9529.86
2016-12-27,7.26,7.34,7.07,7.22,9436.23
2016-12-28,7.22,7.73,7.04,7.53,41702.72
2016-12-29,7.53,8.56,7.53,8.22,109480.67
2016-12-30,8.22,8.5,8.02,8.15,39617.66
2016-12-31,8.15,8.21,7.95,8.08,18575.51
2017-01-01,8.08,8.56,8.05,8.15,29644.16
2017-01-02,8.15,8.48,8.1,8.39,21954.25
2017-01-03,8.39,10.1,8.26,9.68,69354.28
2017-01-04,9.68,10.95,9.42,10.95,111926.78
2017-01-05,10.95,11.64,9.1,10.24,190355.35
2017-01-06,10.24,10.5,9.5,10.18,81203.71
2017-01-07,10.18,10.18,9.54,9.87,23737.22
2017-01-08,9.87,10.47,9.76,10.34,27190.48
2017-01-09,10.34,10.84,10.1,10.22,28542.15
2017-01-10,10.22,10.71,10.2,10.5,38133.79
2017-01-11,10.5,10.69,9.6,9.8,72554.33
2017-01-12,9.8,10.19,9.16,9.78,45177.11
2017-01-13,9.78,9.86,9.4,9.8,15887.09
2017-01-14,9.8,9.9,9.6,9.68,4045.46
2017-01-15,9.68,9.88,9.6,9.81,5468.61
2017-01-16,9.81,9.87,9.59,9.6,6960.64
2017-01-17,9.6,10.69,9.6,10.26,40430.7
2017-01-18,10.26,10.5,9.9,10.26,45627.63
2017-01-19,10.26,10.6,10.2,10.44,21423.41
2017-01-20,10.44,10.79,10.25,10.59,28895.89
2017-01-21,10.59,11,10.57,10.93,20342.57
2017-01-22,10.93,11,10.54,10.64,16292.37
2017-01-23,10.64,11.2,10.61,10.79,24302.42
2017-01-24,10.79,10.81,10.45,10.5,16620.05
2017-01-25,10.5,10.67,10.41,10.51,13338.8
2017-01-26,10.51,10.69,10.44,10.69,9388.18
2017-01-27,10.69,10.69,10.38,10.5,22611.78
2017-01-28,10.5,10.6,10.4,10.53,6204.51
2017-01-29,10.53,10.55,10.41,10.43,2086.39
2017-01-30,10.43,10.73,10.42,10.55,13323.02
2017-01-31,10.55,10.77,10.44,10.76,14938.01
2017-02-01,10.76,10.8,10.53,10.68,21969.28
2017-02-02,10.68,10.86,10.56,10.8,13792.49
2017-02-03,10.8,10.94,10.56,10.94,23473.44
2017-02-04,10.94,11.47,10.94,11.33,33013.54
2017-02-05,11.33,11.37,11.14,11.14,8048.09
2017-02-06,11.14,11.36,11.14,11.35,9695.13
2017-02-07,11.35,11.54,11.28,11.45,17280.03
2017-02-08,11.45,11.54,11.11,11.34,20679.78
2017-02-09,11.34,11.5,10.49,10.94,57422.51
2017-02-10,10.94,11.41,10.8,11.34,23238.49
2017-02-11,11.34,11.45,11.25,11.42,25211.77
2017-02-12,11.42,11.42,11.25,11.37,8407.32
2017-02-13,11.37,11.39,11.16,11.3,11017.68
2017-02-14,11.3,13.59,11.3,13.12,110572.75
2017-02-15,13.12,13.19,12.6,13,45472.38
2017-02-16,13,13.03,12.49,12.9,57710.5
2017-02-17,12.9,12.91,12.67,12.7,16049.07
2017-02-18,12.7,12.91,12.7,12.8,9690.33
2017-02-19,12.8,12.89,12.69,12.81,5570.17
2017-02-20,12.81,12.91,12.43,12.47,22874.78
2017-02-21,12.47,12.84,12.23,12.78,25369.65
2017-02-22,12.78,12.8,12.63,12.7,16677.94
2017-02-23,12.7,13.3,12.63,13.09,30950.6
2017-02-24,13.09,13.3,12.56,13.04,45655.92
2017-02-25,13.04,13.75,13,13.57,32644.98
2017-02-26,13.57,14.47,13.33,14.44,81409.04
2017-02-27,14.44,15.74,14.25,15.37,58059.6
2017-02-28,15.37,16.06,15.01,15.63,142838.39
2017-03-01,15.63,17.3,15.45,17.3,83877.38
2017-03-02,17.3,19.23,16.05,18.99,170836.23
2017-03-03,18.99,20.49,16.75,19.11,182864.23
2017-03-04,19.11,19.9,18.35,18.59,45644.34
2017-03-05,18.59,19.47,17.9,19.03,41409.43
2017-03-06,19.03,20,18.8,19.5,47203.77
2017-03-07,19.5,19.79,18.35,18.82,68874.44
2017-03-08,18.82,18.82,16.4,16.4,80599.01
2017-03-09,16.4,17.99,15.56,17.6,108778.4
2017-03-10,17.6,19.76,15.9,19.25,172423.57
2017-03-11,19.25,21.4,18.65,21.29,116906.88
2017-03-12,21.29,23.4,21,23.3,122099.18
2017-03-13,23.3,30.68,23.16,28.2,290618.58
2017-03-14,28.2,29.83,26.4,28.37,97315.21
2017-03-15,28.37,34.88,28,34.75,170932.38
2017-03-16,34.75,45,33.18,44.89,329476.69
2017-03-17,44.89,51.9,33.1,42.53,269368.37
2017-03-18,42.53,44,30.3,33.2,177783.42
2017-03-19,33.2,44.97,32.51,42.36,134592.76
2017-03-20,42.36,44.74,40.21,41.89,69401.56
2017-03-21,41.89,43.2,41.02,42.48,46210.51
2017-03-22,42.48,42.7,37.6,41.25,51561.53
2017-03-23,41.25,44,40,42.7,50994.35
2017-03-24,42.7,52.9,42.52,51.99,134749.13
2017-03-25,51.99,52.57,46.7,50,80939.55
2017-03-26,50,50.94,47.9,50,38612.37
2017-03-27,50,51.2,48.05,48.72,43229.47
2017-03-28,48.72,50.5,48.11,50.24,54043.21
2017-03-29,50.24,53.98,50,53.01,83582.41
2017-03-30,53.01,54.98,51.1,51.9,41008.53
2017-03-31,51.9,51.9,46.6,49.7,73551.46
2017-04-01,49.7,51.8,48.57,50.64,27022.12
2017-04-02,50.64,51.27,47.38,48.5,45437.45
2017-04-03,48.5,48.5,42.61,44.12,85802.79
2017-04-04,44.12,45.79,41.19,44.75,63498.96
2017-04-05,44.75,47.19,44.03,45.28,42079.01
2017-04-06,45.28,45.95,41.01,43.41,43109.99
2017-04-07,43.41,44.81,41.75,42.24,16291.61
2017-04-08,42.24,45.8,42.07,44.33,22749.65
2017-04-09,44.33,45,43.21,43.94,19699.58
2017-04-10,43.94,44.8,42.1,43.7,22565.12
2017-04-11,43.7,44.6,43.52,43.95,11969.41
2017-04-12,43.95,47.95,42.72,46.5,41231.55
2017-04-13,46.5,50.96,46.2,50.09,57721.03
2017-04-14,50.09,50.09,46.56,47.33,33513.98
2017-04-15,47.33,49.6,47.05,49.33,11848.52
2017-04-16,49.33,49.33,47.5,48.56,5799.59
2017-04-17,48.56,48.98,47.5,47.8,18665.01
2017-04-18,47.8,50.73,47.61,49.91,36103.05
2017-04-19,49.91,50.45,45.28,48,28464.52
2017-04-20,48,49.55,47.26,49.31,27363.74
2017-04-21,49.31,49.45,48,48.2,21812.29
2017-04-22,48.2,48.75,47.5,48.2,10995.34
2017-04-23,48.2,48.74,47.6,48.5,14106.39
2017-04-24,48.5,50.34,48.4,49.56,29408.79
2017-04-25,49.56,50.49,49.55,49.9,23520.96
2017-04-26,49.9,54.2,49.8,53.24,63406.51
2017-04-27,53.24,63.06,52.01,63,97947.62
2017-04-28,63,72.25,61.12,71.5,107921.49
2017-04-29,71.5,72.44,66.31,68.78,51107.07
2017-04-30,68.78,78.68,68.34,78.37,53592.5
2017-05-01,78.37,81.3,70,74.4,126222.71
2017-05-02,74.4,78,73.09,76.54,50956.5
2017-05-03,76.54,81.3,75.24,80.4,61625.61
2017-05-04,80.4,94.98,79.5,94.4,123748.42
2017-05-05,94.4,97,85,89.9,122431.16
2017-05-06,89.9,93.79,89.01,92.81,37145.44
2017-05-07,92.81,94.86,26,87.4,160941.39
2017-05-08,87.4,91.8,70,87.08,107611.67
2017-05-09,87.08,88.5,73.15,86.98,98825.48
2017-05-10,86.98,91.8,85.5,88.41,40363.56
2017-05-11,88.41,90.25,86.5,88.08,33272.22
2017-05-12,88.08,90.25,84,84.88,51085.68
2017-05-13,84.88,88.88,81.75,88.1,34937.9
2017-05-14,88.1,90,85,88.34,28753.29
2017-05-15,88.34,94.31,87.99,90.87,50675.31
2017-05-16,90.87,92.78,87.4,88.03,43417.29
2017-05-17,88.03,89.35,83.23,87.7,48409.66
2017-05-18,87.7,96.49,87.68,96.09,76848.58
2017-05-19,96.09,129.22,96,123,159207.8
2017-05-20,123,128.62,119.56,122.21,72615.77
2017-05-21,122.21,145.87,121.14,145.25,91744.36
2017-05-22,145.25,175.71,133,155.6,188984.35
2017-05-23,155.6,172.8,150.1,166.95,80020.99
2017-05-24,166.95,197.67,166,185.24,109205.94
2017-05-25,185.24,207.55,160.09,168,135492.03
2017-05-26,168,194.25,142.23,158.5,115982.73
2017-05-27,158.5,166,110,151.61,194677.01
2017-05-28,151.61,180,151,168.29,78589.29
2017-05-29,168.29,197.89,160,193.3,69975.29
2017-05-30,193.3,230.08,186,226.11,143220.14
2017-05-31,226.11,235,206.41,228.5,130582.67
2017-06-01,228.5,234.58,208.02,219,116586.27
2017-06-02,219,227.99,215.5,221.54,50090.05
2017-06-03,221.54,226,219.01,224.23,28314.97
2017-06-04,224.23,249.99,223,245.35,86921.12
2017-06-05,245.35,249.7,241,247.6,42993.33
2017-06-06,247.6,268.7,244.6,263.6,92546.52
2017-06-07,263.6,265,244,256.19,47197.64
2017-06-08,256.19,262,250,260.24,39399.15
2017-06-09,260.24,279.93,259.75,279.85,49892.09
2017-06-10,279.85,340.44,279,326,98521.73
2017-06-11,326,347.44,304.89,333.1,56142.37
2017-06-12,333.1,404.99,305,385,137595.72
2017-06-13,385,398,357,386.13,65937.81
2017-06-14,386.13,393,322,347.24,108991.46
2017-06-15,347.24,351.63,265,345.99,207596.75
2017-06-16,345.99,361.32,315.1,354.17,84423.61
2017-06-17,354.17,369.9,341.96,368.95,43379.02
2017-06-18,368.95,381.11,339,349.5,59387.19
2017-06-19,349.5,362.5,345.97,356.48,38377.4
2017-06-20,356.48,365.99,307,348.5,72681.25
2017-06-21,348.5,353.12,288,324.48,102585.51
2017-06-22,324.48,330,307.42,321.6,54126.39
2017-06-23,321.6,330.13,316.44,325.5,32306.69
2017-06-24,325.5,329.79,296,302.15,38567.49
2017-06-25,302.15,308.23,250.02,277,111542.6
2017-06-26,277,287,203,254.49,233443.01
2017-06-27,254.49,284,208.75,283.66,174778.25
2017-06-28,283.66,324.5,260,316.2,167137.57
2017-06-29,316.2,323.9,285,293,101718.59
2017-06-30,293,305,267.5,280,91097.72
2017-07-01,280,281.83,250.56,256,109886.07
2017-07-02,256,294.75,250,284,103395.54
2017-07-03,284,286.51,271,276.1,55459.2
2017-07-04,276.1,284.43,262.12,268.4,47278.59
2017-07-05,268.4,277.45,253.81,266.3,72121.78
2017-07-06,266.3,276,261,266.49,36947.23
2017-07-07,266.49,267,236.5,240.5,89999.49
2017-07-08,240.5,249,230,245,94114.01
2017-07-09,245,250.77,235,236.4,34995.47
2017-07-10,236.4,240.3,186,210,171401.37
2017-07-11,210,215.99,173.02,190.99,271070.53
2017-07-12,190.99,229,180.5,223,175644.42
2017-07-13,223,227.1,192.13,204.8,116976.37
2017-07-14,204.8,206.79,183.11,197,120489.3
2017-07-15,197,199,168.6,168.6,136601.77
2017-07-16,168.6,171.82,134.78,155.2,340756.71
2017-07-17,155.2,190,154,188.72,270336.8
2017-07-18,188.72,271.4,178,228,377173.68
2017-07-19,228,246,185.3,193.5,310524.61
2017-07-20,193.5,237,193,227.49,264730.51
2017-07-21,227.49,239,209.85,216,119546.88
2017-07-22,216,237,214.31,230.13,50982.84
2017-07-23,230.13,235,220.12,229.85,56957.24
2017-07-24,229.85,231.9,224.02,225.8,33964.97
2017-07-25,225.8,226.38,191.71,204,170948.23
2017-07-26,204,209,193.21,202.21,120771.32
2017-07-27,202.21,205.6,198.64,203.1,67893.2
2017-07-28,203.1,204.39,188.46,191.55,91931.22
2017-07-29,191.55,210.28,177.8,207.14,164962.43
2017-07-30,207.14,211,195.8,198.45,80371.06
2017-07-31,198.45,203,190.19,201.78,65345.8
2017-08-01,201.78,237.66,201.69,226.25,180684.04
2017-08-02,226.25,229.36,215.5,218.49,81174.44
2017-08-03,218.49,228,217.56,225.4,64845.04
2017-08-04,225.4,228.6,220.5,222.5,52894.53
2017-08-05,222.5,259.16,221,253.5,130343.29
2017-08-06,253.5,274,253,265.67,97028.7
2017-08-07,265.67,274.5,258.35,269.8,78721.56
2017-08-08,269.8,298.33,266.43,296.98,104580.69
2017-08-09,296.98,316.93,280.21,297.78,164461.68
2017-08-10,297.78,312.97,291,300.2,69653.3
2017-08-11,300.2,314.1,296.1,310,63484.36
2017-08-12,310,320,303.7,309.5,67084.93
2017-08-13,309.5,311,288.3,298,76474.95
2017-08-14,298,306.42,294,302.7,46662.66
2017-08-15,302.7,302.7,271,286.65,69627.73
2017-08-16,286.65,304.39,280.9,302.26,47631.84
2017-08-17,302.26,311.69,297,300.79,45831.49
2017-08-18,300.79,306.5,287.64,293,54047.66
2017-08-19,293,300.93,285.75,294.63,38630.23
2017-08-20,294.63,299.59,290,299.45,22834.94
2017-08-21,299.45,345.99,296.1,322,111440.27
2017-08-22,322,331,295.12,314.52,79317.08
2017-08-23,314.52,328,314.18,317.31,41796.91
2017-08-24,317.31,328,316,326.65,30186.2
2017-08-25,326.65,339.66,325.02,331.21,42018.62
2017-08-26,331.21,335.5,326.3,332.65,31119.83
2017-08-27,332.65,347.85,331.86,347.6,37819.33
2017-08-28,347.6,349.87,334.94,347.54,55868.04
2017-08-29,347.54,374.75,346.3,371.99,77126.2
2017-08-30,371.99,389.5,363.99,383.5,60008.77
2017-08-31,383.5,390,380.28,388,38187.15
2017-09-01,388,395,387,390.01,48104.42
2017-09-02,390.01,391,326.16,354.89,124432.76
2017-09-03,354.89,372,338,355,70503.49
2017-09-04,355,355,281.3,307.96,188048.07
2017-09-05,307.96,329.99,284.07,322.98,100757.54
2017-09-06,322.98,348.04,322.41,341.84,79000.94
2017-09-07,341.84,342.51,325,337.96,53978.89
2017-09-08,337.96,337.96,295.22,310.27,93254.47
2017-09-09,310.27,312,293.5,304.74,45482.73
2017-09-10,304.74,311.2,285.52,301.54,65428.03
2017-09-11,301.54,311.89,290,297.64,60055.03
2017-09-12,297.64,317.98,287.98,294,76744.16
2017-09-13,294,294.9,257,276.21,160755.28
2017-09-14,276.21,281,218.31,223.85,215214.15
2017-09-15,223.85,267.39,201.28,259.42,275669.31
2017-09-16,259.42,274.9,247,254.81,106212.14
2017-09-17,254.81,266,240,259.1,60903.65
2017-09-18,259.1,301.44,259,297.98,131352.26
2017-09-19,297.98,300,278.12,282.61,106158.72
2017-09-20,282.61,294.97,276.58,282.36,52826.95
2017-09-21,282.36,287.75,250.11,258.8,83236.56
2017-09-22,258.8,271.49,253.58,262.92,68051.37
2017-09-23,262.92,286.96,258.26,285.99,67810.33
2017-09-24,285.99,294.7,276.47,282.95,69752.73
2017-09-25,282.95,297,282.42,295,49815.55
2017-09-26,295,296,287,287.9,35127.51
2017-09-27,287.9,313,287.15,310.33,61430.98
2017-09-28,310.33,311,297.95,302.7,42804.17
2017-09-29,302.7,303.93,278,292.4,65559.7
2017-09-30,292.4,306.96,292,302.2,28207.5
2017-10-01,302.2,305,294.23,303.5,25940.47
2017-10-02,303.5,303.5,293.39,296.66,28809.59
2017-10-03,296.66,300.25,287,291.17,31690.94
2017-10-04,291.17,295.82,289.3,292,16094.56
2017-10-05,292,298,287.64,294.75,22018.47
2017-10-06,294.75,309,294,308.7,25028.35
2017-10-07,308.7,314.44,304.31,310.57,33071.41
2017-10-08,310.57,312.99,307.02,308.59,19529.24
2017-10-09,308.59,309.3,287,296.9,40842.72
2017-10-10,296.9,305,291.74,298.02,22925.18
2017-10-11,298.02,305,297,303,13630.34
2017-10-12,303,307.95,301.55,302.12,26409.65
2017-10-13,302.12,346.88,298.28,336.98,85269.77
2017-10-14,336.98,347.97,333.32,337.99,24217.94
2017-10-15,337.99,342,321,335.71,27260.03
2017-10-16,335.71,349.5,331,333.42,37836.54
2017-10-17,333.42,334,311.41,316.83,31951.17
2017-10-18,316.83,317.53,290.5,314.36,46082.47
2017-10-19,314.36,317.83,304.41,307.87,20508.62
2017-10-20,307.87,313.69,302.77,311.52,8833.04
2017-10-21,311.52,311.52,311.52,311.52,0.0
2017-10-22,311.52,311.52,311.52,311.52,0.0
2017-10-23,292.17,293.59,276,285.17,33261.72
2017-10-24,285.17,313.67,281,298.4,41941.3
2017-10-25,298.4,303.11,290.8,296.87,19813.75
2017-10-26,296.87,301.51,295,295.52,12170.5
2017-10-27,295.52,299.78,293,297.06,10064.64
2017-10-28,297.06,297.88,293.04,295.14,6295.39
2017-10-29,295.14,310,293.05,303.95,20662.71
2017-10-30,303.95,310,302.26,306.2,16338.5
2017-10-31,306.2,309.4,304.12,304.12,12219.63
2017-11-01,304.12,305.82,290,290.1,24390.31
2017-11-02,290.1,293,277.7,283.75,35493.75
2017-11-03,283.75,309,283.38,304.17,24465.09
2017-11-04,304.17,305,294,299.41,12783.1
2017-11-05,299.41,300.57,293.01,294.62,6788.63
2017-11-06,294.62,304.21,291.3,298.5,14262.95
2017-11-07,298.5,303.3,287.28,292.07,32660.42
2017-11-08,292.07,320.59,291.06,308.38,32675.33
2017-11-09,308.38,330,307.1,319.76,53407.39
2017-11-10,319.76,324.99,292,298,42442.83
2017-11-11,298,323,296.99,313.65,38534.8
2017-11-12,313.65,317.96,295,305.13,65204.09
2017-11-13,305.13,317,304.13,314.83,26952.91
2017-11-14,314.83,337,314.64,335,60784.37
2017-11-15,335,338.7,321.53,329.31,37304.88
2017-11-16,329.31,333.79,315.59,325.98,33976.81
2017-11-17,325.98,334.18,323.5,331,14422.51
2017-11-18,331,349.5,325.77,345.1,25307.36
2017-11-19,345.1,364.91,340.1,351.11,43554.2
2017-11-20,351.11,369.99,350.01,366.52,23574.07
2017-11-21,366.52,371.44,345.5,361.01,39129.11
2017-11-22,361.01,379.9,359,379.5,18927.44
2017-11-23,379.5,419.98,372.14,408.75,63757.44
2017-11-24,408.75,469.98,395.08,466.99,52947.93
2017-11-25,466.99,470,452.01,460.5,29887.52
2017-11-26,460.5,465,445,464.19,24431.52
2017-11-27,464.19,475,457,469.4,35070.36
2017-11-28,469.4,469.9,455.56,461.56,18145.87
2017-11-29,461.56,498.9,411,424,71672.21
2017-11-30,424,458.76,402.61,439.25,61820.27
2017-12-01,439.25,470,417.65,462,31132.46
2017-12-02,462,469,450.26,456.65,15615.05
2017-12-03,456.65,477.8,451,463.09,22471.75
2017-12-04,463.09,472,455.56,467,16287.98
2017-12-05,467,469.83,455.56,456,16926.4
2017-12-06,456,463.43,413.01,417.01,36354.66
2017-12-07,417.01,440.93,406.42,409,41001.39
2017-12-08,409,454.98,402,445.31,29653.31
2017-12-09,445.31,495,441.73,461.98,30578.42
2017-12-10,461.98,462.22,428.45,430.77,22863.53
2017-12-11,430.77,500,430.03,500,31330.68
2017-12-12,500,630,471.46,626.2,66984.03
2017-12-13,626.2,718.97,570.54,680,49667.1
2017-12-14,680,738.97,653,685,36396.65
2017-12-15,685,692.84,613.01,675,26896.69
2017-12-16,675,710,668.21,689,26869.0
2017-12-17,689,718.96,687.29,708,21684.47
2017-12-18,708,794,680,782.53,38144.31
2017-12-19,782.53,863,764,808,51694.73
2017-12-20,808,813.99,720,784.55,37145.36
2017-12-21,784.55,819.6,740,767.83,28997.08
2017-12-22,767.75,776.87,512,674.47,82774.73
2017-12-23,674.47,747.67,647.16,696.35,26385.32
2017-12-24,696.35,705.06,602.1,666.56,23221.26
2017-12-25,666.56,743.13,666,720.82,26450.66
2017-12-26,720.82,759.46,714.15,749.08,15703.14
2017-12-27,749.08,766.48,705,741.26,21211.21
2017-12-28,741.26,742.99,683.11,722.01,24314.78
2017-12-29,722.01,758.87,713.66,741.16,19234.04
2017-12-30,738,738.62,675.06,700,20443.95
2017-12-31,700,747.95,691.02,745.98,14708.57
2018-01-01,745.98,772.98,725.1,757.01,17683.54
2018-01-02,757.01,879.9,757.01,864,45471.73
2018-01-03,864,947.92,851,938,31537.14
2018-01-04,938,988.99,905.01,942.04,35267.12
2018-01-05,942.04,1009.84,900,958,34745.85
2018-01-06,958,1005,950.4,998.7,18043.68
2018-01-07,998.7,1098,997.87,1098,21446.74
2018-01-08,1098,1191,1003.67,1137.5,40562.06
2018-01-09,1137.5,1289,1126,1284.99,45155.36
2018-01-10,1284.99,1366.66,1202.74,1245.02,49176.04
2018-01-11,1245.02,1328,1111,1193,26841.94
2018-01-12,1193,1193,1193,1193,0.0
2018-01-13,1193,1193,1193,1193,0.0
2018-01-14,1398.99,1404.95,1221,1358.82,40151.7
2018-01-15,1358.82,1386,1266.55,1272.88,35293.52
2018-01-16,1272.88,1281.38,870,1063,103407.08
2018-01-17,1063,1116,755,1019.97,124711.1
2018-01-18,1019.97,1115,964,1023.43,55435.74
2018-01-19,1023.43,1105,995,1048,35978.83
2018-01-20,1048,1167.37,1042.15,1157.78,32240.74
2018-01-21,1157.78,1158,925.11,1049.1,33431.56
2018-01-22,1049.1,1090.99,913.24,1000.5,47938.98
2018-01-23,1000.5,1025,910,985.96,44162.7
2018-01-24,985.96,1067,957.9,1063.77,41554.95
2018-01-25,1063.77,1107.67,1000.01,1048,52299.91
2018-01-26,1048,1079.95,982,1051.07,70422.58
2018-01-27,1051.07,1120.5,1033.5,1105.5,37348.7
2018-01-28,1105.5,1228,1100.02,1221.94,59543.37
2018-01-29,1221.94,1234,1122.01,1166,39395.08
2018-01-30,1166,1172,1018.54,1055.14,71644.78
2018-01-31,1055.14,1119.6,1011,1105.3,46993.94
2018-02-01,1105.3,1149.5,941,1020.09,105413.28
2018-02-02,1020.09,1024.74,734.84,910,182716.63
2018-02-03,910,995.71,831.71,965.53,54819.46
2018-02-04,965.53,966.9,782,823.56,63520.04
2018-02-05,823.56,858.99,622.55,687.15,167430.21
2018-02-06,687.15,807.65,556,783.2,235423.44
2018-02-07,783.2,864,713.08,748.54,105721.75
2018-02-08,748.54,844.98,747,813,69589.17
2018-02-09,813,883.47,780,878.6,73241.57
2018-02-10,878.6,910,808.8,850,67660.12
2018-02-11,850,858.09,778.33,809.09,40188.4
2018-02-12,809.09,876.61,809.09,864.53,39874.75
2018-02-13,864.53,869.35,821.95,839.52,33521.89
2018-02-14,839.52,923.98,839.52,920.56,45026.76
2018-02-15,920.56,950.85,905.99,929.03,41344.84
2018-02-16,929.03,950,907.75,940.98,22756.6
2018-02-17,940.98,977.1,936.84,975.75,23599.56
2018-02-18,975.75,983.85,911.12,916,37672.95
2018-02-19,916,956.97,915,940.64,18687.1
2018-02-20,940.64,958.99,875.01,882.61,31607.42
2018-02-21,882.61,908.11,817,840.35,56008.09
2018-02-22,840.35,874.98,780,804.36,56937.8
2018-02-23,804.36,883.75,785,854.35,54085.83
2018-02-24,854.35,875.78,807.41,832.98,35240.51
2018-02-25,832.98,852.67,816.75,840,22771.15
2018-02-26,840,880.94,834.99,865.37,30961.2
2018-02-27,865.37,898.98,860.5,870.91,17717.71
2018-02-28,870.91,888,847.59,850.1,22942.45
2018-03-01,850.1,879.78,843.11,869.75,20071.1
2018-03-02,869.75,878,845,855.19,14116.05
2018-03-03,855.19,869.8,852,853.4,11865.36
2018-03-04,853.4,867.38,837.05,864.9,12667.96
2018-03-05,864.9,868.77,849.21,849.91,19575.36
2018-03-06,849.91,850.35,801.8,815.81,27404.3
2018-03-07,815.81,825.89,724.32,750,42363.99
2018-03-08,750,775,686.01,698.8,43357.24
2018-03-09,698.8,730.31,641.1,724.4,56793.54
2018-03-10,724.4,751.84,650.01,680.7,43006.24
2018-03-11,680.7,737.5,655.53,719.11,36494.07
2018-03-12,719.11,739.15,677,694.72,28686.63
2018-03-13,694.72,715.78,676.5,685.64,20238.75
2018-03-14,685.64,702.99,582.7,610.89,71297.17
2018-03-15,610.89,621.4,570,609,74990.05
2018-03-16,609,627.51,581.21,600.01,51929.61
2018-03-17,600.01,609.3,540.21,548,72021.46
2018-03-18,548,553.44,453.3,535.15,203572.56
2018-03-19,535.15,557.98,435,554.96,82462.8
2018-03-20,554.96,570.4,516.06,557.5,81902.44
2018-03-21,557.5,590.71,544.5,559.79,69614.47
2018-03-22,559.79,578.04,507.97,539.94,66083.61
2018-03-23,539.94,544.29,507,544.29,64348.52
2018-03-24,544.29,545.12,519.5,519.53,30202.42
2018-03-25,519.53,536,512.21,522.79,31744.69
2018-03-26,522.79,526.67,466.8,485.51,68107.83
2018-03-27,485.51,491.98,445.75,447.4,107521.06
2018-03-28,447.4,465.51,440.01,445.87,55047.58
2018-03-29,445.87,448.83,379.64,383.56,145513.65
2018-03-30,383.56,411,363.49,392.54,138434.36
2018-03-31,392.54,419.29,388.81,392.4,69847.26
2018-04-01,392.4,401,359.01,378.48,66023.83
2018-04-02,378.48,394.5,375.32,384.26,41704.66
2018-04-03,384.26,520.11,379.37,415.84,67708.75
2018-04-04,415.84,417.95,368.02,377.95,81814.42
2018-04-05,377.95,387.33,364,380.48,63598.76
2018-04-06,380.48,385,362.17,369.4,46188.4
2018-04-07,369.4,394.7,368.4,384.93,29722.68
2018-04-08,384.93,403.88,384.61,399.99,25687.46
2018-04-09,399.99,430,386.24,398.44,86789.18
2018-04-10,398.44,417.99,391.69,415.58,36807.18
2018-04-11,415.58,433.75,409.51,430.13,56383.81
2018-04-12,430.13,498.99,413.21,494.03,137878.78
2018-04-13,494.03,529.87,482,494.32,120559.41
2018-04-14,494.32,516.6,487.06,502.76,51967.01
2018-04-15,502.76,535,502.76,535,46067.99
2018-04-16,535,538.2,497.38,511.63,48301.65
2018-04-17,511.63,524.91,487,502.24,53809.56
2018-04-18,502.24,527.07,500.76,525.76,43100.2
2018-04-19,525.76,570.43,521.5,566.37,53372.33
2018-04-20,566.37,626.49,556.2,618.39,95830.22
2018-04-21,618.39,636.7,578.6,606,56668.27
2018-04-22,606,647.47,593,620.51,45185.93
2018-04-23,620.51,649.77,618.33,646.3,39838.12
2018-04-24,646.3,712,645,704,88350.4
2018-04-25,704,704,594.93,616.98,148719.07
2018-04-26,616.98,667.19,601,662.82,73750.35
2018-04-27,662.82,685.54,640.1,642,53947.43
2018-04-28,642,694,640.1,683.87,32395.23
2018-04-29,683.87,699.95,666,689.5,28754.6
2018-04-30,689.5,693.83,661.9,669.57,37131.98
2018-05-01,669.57,676.69,585,670.68,78521.26
2018-05-02,670.68,691,662.29,687.02,38229.52
2018-05-03,687.02,787.6,685.67,776.75,71765.29
2018-05-04,776.75,804.7,759,783.44,46435.59
2018-05-05,783.44,827.82,779.14,812.5,32320.83
2018-05-06,812.5,830,751.11,788.51,44195.14
2018-05-07,788.51,793.88,693.32,753.84,90421.94
2018-05-08,753.84,775.87,720,748.38,43990.89
2018-05-09,748.38,760.43,706.06,750.1,66490.66
2018-05-10,750.1,767.4,721.3,724,41120.22
2018-05-11,724,735,658.89,676.91,77992.41
2018-05-12,676.91,692.4,637.69,681.31,39514.71
2018-05-13,681.31,741.8,668.4,729.79,34081.83
2018-05-14,729.79,742.28,684.84,727.48,66568.53
2018-05-15,727.48,739.6,695,704.6,39897.66
2018-05-16,704.6,711.49,676.61,706.01,32659.87
2018-05-17,706.01,719.97,661.31,667.3,34040.21
2018-05-18,667.3,694.02,655.78,692.33,39860.84
2018-05-19,692.33,717,682.42,695.68,18871.9
2018-05-20,695.68,724.8,686.53,715.65,16927.22
2018-05-21,715.65,721.38,686.51,697.19,18880.7
2018-05-22,697.19,698.38,637.5,641.82,37137.47
2018-05-23,641.82,652.01,562.79,577.15,114744.22
2018-05-24,577.15,610.29,543.64,601.99,71165.04
2018-05-25,601.99,616.8,567,585.7,43719.94
2018-05-26,585.7,606.45,577.53,585.61,21689.29
2018-05-27,585.61,591.49,555,569.49,26914.85
2018-05-28,569.49,575.89,504.5,511.88,65162.57
2018-05-29,511.88,573,510.15,566.51,73099.81
2018-05-30,566.51,586.39,540.05,556.38,55524.73
2018-05-31,556.38,585.95,553,577.54,50105.42
2018-06-01,577.54,590.86,562,578.49,46032.1
2018-06-02,578.49,599.9,572.94,590.47,27106.26
2018-06-03,590.47,637.07,588.76,619,35936.76
2018-06-04,619,635.86,578.3,591.18,45798.05
2018-06-05,591.18,614.49,572.77,608.76,47251.69
2018-06-06,608.76,612.99,586.35,605.61,36327.89
2018-06-07,605.61,616.62,596.45,602.99,27863.99
2018-06-08,602.99,608,590.69,598.9,25273.45
2018-06-09,598.9,608,591,592.92,17137.21
2018-06-10,592.92,592.92,502.54,525.56,76773.35
2018-06-11,525.56,536.01,508.54,530.59,70329.17
2018-06-12,530.59,547,483.5,495,79822.88
2018-06-13,495,501.99,447.14,476,96979.64
2018-06-14,476,528.02,459.14,519.47,132792.4
2018-06-15,519.47,522,481.34,487.14,80372.32
2018-06-16,487.14,503.49,482.61,497,45046.38
2018-06-17,497,506.73,493.19,495.03,18968.58
2018-06-18,495.03,526.15,486.48,517.45,51997.65
2018-06-19,517.45,548.5,514.38,537.95,40394.96
2018-06-20,537.95,543.96,516.57,535.99,44138.79
2018-06-21,535.99,544.5,520.57,525.37,29040.39
2018-06-22,525.37,525.48,448.54,462.28,99664.61
2018-06-23,462.28,482.61,455.48,474.03,37054.11
2018-06-24,474.03,477.33,420,454.74,92249.87
2018-06-25,454.74,474,444.21,458.82,63332.03
2018-06-26,458.82,461,428.6,430.2,68945.66
2018-06-27,430.2,449.66,420,441.53,48559.39
2018-06-28,441.53,443.4,415.3,419.5,40361.71
2018-06-29,419.5,443,404.21,435,61881.14
2018-06-30,435,463.66,435,453.05,37921.41
2018-07-01,453.05,456.89,444.05,451.86,17936.45
2018-07-02,451.86,482,443.31,476.65,46873.05
2018-07-03,476.65,487.5,459.67,462.01,36740.04
2018-07-04,462.01,483.97,450.19,466.59,37259.5
2018-07-05,466.59,479,458.3,467.35,36865.48
2018-07-06,467.35,476.3,451.45,468.93,33200.23
2018-07-07,468.93,487.96,460.75,484.04,27400.7
2018-07-08,484.04,495.99,482.16,486.7,30520.08
2018-07-09,486.7,488.45,468.18,471.65,32512.54
2018-07-10,471.65,473.1,427.67,432.82,61289.36
2018-07-11,432.82,448,425.26,444.67,33364.64
2018-07-12,444.67,445.98,416.53,430.45,47824.84
2018-07-13,430.45,441.7,422.62,432.11,26914.93
2018-07-14,432.11,440.9,427.66,433.34,21402.52
2018-07-15,433.34,454.37,428.94,448.99,30156.01
2018-07-16,448.99,480,444,478.86,47846.29
2018-07-17,478.86,513.61,465,499.3,69062.49
2018-07-18,499.3,516.78,470.21,479.36,54330.1
2018-07-19,479.36,483.36,463.17,468.45,36045.45
2018-07-20,468.45,469.98,439.64,447.95,52083.12
2018-07-21,447.95,468.3,441.05,460.88,32369.89
2018-07-22,460.88,473.69,454.11,457.34,16614.19
2018-07-23,457.34,469.64,446,449.38,29993.08
2018-07-24,449.38,485.62,448.57,481.13,39585.38
2018-07-25,481.13,485,463.41,471.72,23562.93
2018-07-26,471.72,484.31,459.69,462.11,19887.36
2018-07-27,462.11,474.14,455.88,469.01,15939.29
2018-07-28,469.01,471.22,460.66,468.41,4500.47
2018-07-29,468.41,471.96,461.66,466.68,5932.4
2018-07-30,466.68,469.5,446,456.29,17437.02
2018-07-31,456.29,458,426.36,431.67,24622.28
2018-08-01,431.67,435.33,407.75,419.82,32558.28
2018-08-02,419.82,424,406.81,410.64,18602.85
2018-08-03,410.64,419.48,397.42,417.5,25769.89
2018-08-04,417.5,419.34,400,406.54,12768.56
2018-08-05,406.54,413.42,399.9,408.68,18541.23
2018-08-06,408.68,413.01,400.7,405.01,14222.03
2018-08-07,405.01,410.73,367.41,377.85,37583.12
2018-08-08,377.85,383.65,347.6,355.18,71382.96
2018-08-09,355.18,369.79,351,362.88,25967.05
2018-08-10,362.88,365.49,325.01,331.57,47395.85
2018-08-11,331.57,332.31,311.5,311.5,27305.63
2018-08-12,311.5,311.5,311.5,311.5,0.0
2018-08-13,318.12,322.47,280,283.88,74254.89
2018-08-14,283.88,288.84,250,278.1,153069.84
2018-08-15,278.1,305,275.64,281.2,118213.66
2018-08-16,281.2,299.98,277.59,286.68,46912.52
2018-08-17,286.68,318.54,284.9,317.96,64006.36
2018-08-18,317.96,321.73,282.32,294.76,58046.72
2018-08-19,294.76,306.74,288.53,299.47,28742.07
2018-08-20,299.47,304.63,268,270.59,65053.32
2018-08-21,270.59,286.25,269.75,280.48,40850.88
2018-08-22,280.48,300.85,258.87,270.02,76360.03
2018-08-23,270.02,281.2,268.22,275.72,41463.71
2018-08-24,275.72,283.4,270.2,281.56,27282.92
2018-08-25,281.56,283.3,276.34,278.01,12228.26
2018-08-26,278.01,278.01,269.21,274.07,17475.22
2018-08-27,274.07,288.57,271.9,288.12,28749.17
2018-08-28,288.12,298.27,282.5,295.91,38166.1
2018-08-29,295.91,297.74,283.85,288.07,31887.11
2018-08-30,288.07,291,270.44,283.94,48081.59
2018-08-31,283.94,284.91,276.18,281.6,38561.74
2018-09-01,281.6,302.59,281.59,295.2,51219.73
2018-09-02,295.2,299.3,288.12,294.99,33327.78
2018-09-03,294.99,296,284.88,288.64,35450.16
2018-09-04,288.64,291.8,237,285,63117.69
2018-09-05,285,287.42,226,227.92,99447.51
2018-09-06,227.92,233.12,208.92,229.01,140877.17
2018-09-07,229.01,234.61,212.74,214.96,61994.09
2018-09-08,214.96,219.69,188.4,196.13,128037.48
2018-09-09,196.13,208.5,185,195.52,73021.71
2018-09-10,195.52,202.53,186.44,196.98,53577.56
2018-09-11,196.98,199.34,176,185.1,97665.56
2018-09-12,185.1,185.1,166.76,183.02,136642.88
2018-09-13,183.02,216.06,183,211.78,210483.75
2018-09-14,211.78,223.86,202.05,208.52,174434.39
2018-09-15,208.52,227.92,207.88,221.76,77994.58
2018-09-16,221.76,223.66,205.52,219.79,69455.38
2018-09-17,219.79,225,191.68,195.76,148347.88
2018-09-18,195.76,214.92,193.53,208.22,110073.45
2018-09-19,208.22,214.95,197,209.83,102930.51
2018-09-20,209.83,230.13,205.82,223.82,85095.17
2018-09-21,223.82,255.66,220.47,247.4,158683.75
2018-09-22,247.4,254.59,232.64,240.48,74094.23
2018-09-23,240.48,249,236.46,244.61,38615.48
2018-09-24,244.61,246,224.3,228.05,93051.59
2018-09-25,228.05,228.05,203.11,219.1,158319.87
2018-09-26,219.1,223.05,207.11,213.9,81818.19
2018-09-27,213.9,235.3,209.79,229.07,102287.15
2018-09-28,229.07,233.9,214.53,221.34,88151.19
2018-09-29,221.34,236.08,213.13,230.82,73673.94
2018-09-30,230.82,239.48,224.37,231.96,47591.95
2018-10-01,231.96,235,223.52,230,41557.43
2018-10-02,230,230.92,221.2,224.59,30967.12
2018-10-03,224.59,225.03,214.22,219.02,64911.3
2018-10-04,219.02,225.07,218.3,221,45981.19
2018-10-05,221,230,218.5,226.66,43190.9
2018-10-06,226.66,227.22,222.51,223.75,28206.19
2018-10-07,223.75,225.32,220,224.5,25898.2
2018-10-08,224.5,230.69,222.59,227.92,51208.93
2018-10-09,227.92,228.66,224.51,226.3,23823.16
2018-10-10,226.3,226.31,221,223.33,39703.16
2018-10-11,223.33,223.33,184.11,188.2,193882.82
2018-10-12,188.2,197.96,186.62,193.79,53523.52
2018-10-13,193.79,199.5,192.68,196.71,30068.39
2018-10-14,196.71,199.37,189.11,191.83,31683.31
2018-10-15,191.83,220,190.02,204.29,181824.95
2018-10-16,204.29,204.29,203.62,203.62,0.0
2018-10-17,205.69,206.25,200.72,203.56,34254.05
2018-10-18,203.56,205.26,196.09,199.09,46191.63
2018-10-19,199.09,201.19,197.18,200.12,28152.3
2018-10-20,200.12,204.1,198.56,202.59,24659.65
2018-10-21,202.59,206.36,201.45,202.11,20007.88
2018-10-22,202.11,203.93,199.5,201.15,21355.67
2018-10-23,201.15,202.32,197.75,201.12,30553.61
2018-10-24,201.12,202.98,200.13,200.8,21967.56
2018-10-25,200.8,200.94,198.2,199.6,23448.63
2018-10-26,199.6,205.59,198.32,200.71,34853.72
2018-10-27,200.71,201.91,200.03,201.43,12405.57
2018-10-28,201.43,203.45,201,202.42,12596.93
2018-10-29,202.42,202.88,191,194.39,52306.55
2018-10-30,194.39,197.44,193.14,195.29,23132.62
2018-10-31,195.29,198.99,191.65,196.88,38256.03
2018-11-01,196.88,198.75,195.59,197.79,21259.94
2018-11-02,197.79,201.53,197.74,199.6,28807.11
2018-11-03,199.6,199.88,197.08,198.41,12026.76
2018-11-04,198.41,218.58,197.87,210.13,67665.75
2018-11-05,210.13,211.59,205.27,208.7,30666.21
2018-11-06,208.7,219.3,206.5,218.43,58387.37
2018-11-07,218.43,223.17,215.52,216.95,67841.54
2018-11-08,216.95,218.39,209.97,210.1,38439.21
2018-11-09,210.1,212.31,206.21,207.9,40045.25
2018-11-10,207.9,213.5,207.7,210.21,18947.33
2018-11-11,210.21,211.44,205.2,209.79,30520.61
2018-11-12,209.79,210.98,206.81,208.64,22024.88
2018-11-13,208.64,208.64,202.61,203.25,40853.96
2018-11-14,203.25,205.4,165,177.8,237631.96
2018-11-15,177.8,181.05,165,178.38,145678.58
2018-11-16,178.38,180.38,169.03,172.4,71993.37
2018-11-17,172.4,173.87,170.5,172.25,30721.94
2018-11-18,172.25,179.69,171.51,175.78,39168.67
2018-11-19,175.78,175.78,142.62,145.5,236187.15
2018-11-20,145.5,149.8,121.32,127.72,403665.01
2018-11-21,127.72,137.89,121.83,134.6,184193.88
2018-11-22,134.6,136.76,122.24,123.29,100252.86
2018-11-23,123.29,125.73,116.27,121.19,168204.14
2018-11-24,121.19,126.32,107.44,110.55,203853.97
2018-11-25,110.55,119.54,98.04,114.29,352706.27
2018-11-26,114.29,116.94,102.52,106.74,200609.0
2018-11-27,106.74,111.85,99,108.63,151069.2
2018-11-28,108.63,125.77,108.63,121.73,221648.18
2018-11-29,121.73,123,113.1,116.26,119829.78
2018-11-30,116.26,119.79,109.14,111.56,124294.66
2018-12-01,111.64,119.44,109.84,116.95,73623.09
2018-12-02,116.95,119.7,113.84,114.67,51930.52
2018-12-03,114.67,115.18,105,107.11,100352.29
2018-12-04,107.11,112,105,108.68,73321.44
2018-12-05,108.68,109.2,100.01,100.5,118821.98
2018-12-06,100.5,103.33,88.88,89.09,289585.98
2018-12-07,89.09,103.9,81,92.51,384587.18
2018-12-08,92.51,97.99,83.71,89.93,215911.86
2018-12-09,89.93,98.3,87.88,92.8,176887.91
2018-12-10,92.8,94.71,87.32,89.22,118439.7
2018-12-11,89.22,90.85,85.03,87.29,118930.98
2018-12-12,86.8,91.95,85.5,89.14,105075.55
2018-12-13,89.14,90.46,83,85.19,186872.11
2018-12-14,85.19,86.2,80.56,82.84,150180.49
2018-12-15,82.84,84.2,80.96,82.82,93819.73
2018-12-16,82.82,88.05,82.65,83.68,84654.9
2018-12-17,83.68,96.75,83.29,93.75,206322.39
2018-12-18,93.75,102,91.54,100.99,161356.62
2018-12-19,100.99,107.8,98.26,99.4,314693.59
2018-12-20,99.4,117.77,98.54,114.24,285712.74
2018-12-21,114.24,119,105.1,107.68,216610.01
2018-12-22,107.68,116.24,105.34,116.17,142928.49
2018-12-23,116.17,133,115.86,129.32,237059.08
2018-12-24,129.32,159.2,129.32,139.4,377138.31
2018-12-25,139.4,140.22,120.99,129.12,258828.94
2018-12-26,129.12,137.46,123.2,130.34,187093.82
2018-12-27,130.34,131.77,112.43,114.41,151255.53
2018-12-28,114.41,138.86,113.03,137.18,192436.57
2018-12-29,137.18,147,130.98,133.95,220508.51
2018-12-30,133.95,140.54,128.14,138.72,133297.13
2018-12-31,138.72,139.18,127.78,130.86,92597.19
2019-01-01,130.86,141.35,129.52,139.91,98863.54
2019-01-02,139.91,157.09,138.68,153.51,154873.1
2019-01-03,153.51,154.47,143.51,146.98,147381.83
2019-01-04,146.98,156.14,144.77,153.48,153293.53
2019-01-05,153.48,161,152.5,153.93,148367.38
2019-01-06,153.93,160,147.16,155.83,138603.01
2019-01-07,155.83,157.5,147.76,150.52,121199.21
2019-01-08,150.52,153,146.15,148.88,114086.89
2019-01-09,148.88,153.6,147.98,149.29,87901.61
2019-01-10,149.29,150.93,122,126.4,222963.98
2019-01-11,126.4,128.98,120.71,125.92,108298.3
2019-01-12,125.92,127.99,122.61,124.45,73585.33
2019-01-13,124.45,125.34,113.5,115.32,117274.14
2019-01-14,115.32,131.7,115.28,128.31,165189.14
2019-01-15,128.31,130.44,116.72,120,176984.66
2019-01-16,120,128.88,119.01,122.14,144746.68
2019-01-17,122.14,123.96,117.41,122.45,141733.9
2019-01-18,122.45,122.71,117.74,119.78,70739.12
2019-01-19,119.78,126.49,119.37,123.3,80541.06
2019-01-20,123.3,123.97,112.77,117.34,104040.41
2019-01-21,117.34,118.13,113.51,115.81,75987.17
2019-01-22,115.81,119.71,110.92,117.91,106846.87
2019-01-23,117.91,118.89,115,116.59,64153.66
2019-01-24,116.59,117.33,113.68,116.39,71592.99
2019-01-25,116.39,117.01,114.12,115.06,87655.04
2019-01-26,115.06,117.5,114.8,114.94,38158.71
2019-01-27,114.94,115.62,110.21,111.34,95921.68
2019-01-28,111.34,112.2,101,105.43,206203.64
2019-01-29,105.43,106,102,103.83,138560.94
2019-01-30,103.83,109.89,102.91,107.5,167376.79
2019-01-31,107.5,110.74,104.2,105.69,117028.8
2019-02-01,105.69,107.78,102.87,105.84,141758.62
2019-02-02,105.84,110.2,105.03,109.41,73268.51
2019-02-03,109.41,110.33,104.41,106,106140.64
2019-02-04,106,108.12,105.35,106.03,84238.54
2019-02-05,106.03,106.5,104.82,106.14,64150.65
2019-02-06,106.14,106.71,100.03,103.26,154731.99
2019-02-07,103.26,104.75,102.68,103.32,67882.27
2019-02-08,103.32,122.36,102.37,118.07,248434.16
2019-02-09,118.07,119.95,116.6,117.98,61448.83
2019-02-10,117.98,125.1,114.21,123.98,126454.92
2019-02-11,123.98,124.22,118.09,119.52,107888.03
2019-02-12,119.52,122.73,117,121.08,116850.31
2019-02-13,121.08,125.44,119.55,120.58,78762.9
2019-02-14,120.58,123.11,115,119.37,107537.89
2019-02-15,119.37,123.14,119.03,120.48,71984.75
2019-02-16,120.48,123.78,120.41,121.54,43959.2
2019-02-17,121.54,134.4,121.5,132.32,177876.8
2019-02-18,132.32,148.59,131.01,144.71,321893.09
2019-02-19,144.71,149.62,142.44,142.85,167609.03
2019-02-20,142.85,148.7,139.51,147.29,136316.46
2019-02-21,147.29,148.98,141.68,144.17,90960.38
2019-02-22,144.17,147.48,142.22,146.57,101538.62
2019-02-23,146.57,159.4,144.67,157.5,160003.66
2019-02-24,157.5,166.62,131.18,131.75,348738.93
2019-02-25,131.75,141.04,131.01,137.54,204217.17
2019-02-26,137.54,138.04,133.11,135.71,73515.19
2019-02-27,135.71,139.95,126.5,134.11,142267.13
2019-02-28,134.11,139.7,131.45,134.52,143473.6
2019-03-01,134.52,137.73,133.63,134.79,59319.14
2019-03-02,134.79,135.42,129.13,132.23,71538.74
2019-03-03,132.23,134.77,127,129.81,65440.22
2019-03-04,129.81,130.38,122.55,125.18,137473.24
2019-03-05,125.18,137.64,124.75,136.49,164951.93
2019-03-06,136.49,140.61,132.49,136.92,134097.39
2019-03-07,136.92,139.86,133.63,136.19,89546.53
2019-03-08,136.19,138.79,129.39,132.74,96297.38
2019-03-09,132.74,138.27,131.86,136.41,61749.37
2019-03-10,136.41,136.83,133.3,134.67,43176.64
2019-03-11,134.67,135.59,130.45,131.8,75084.44
2019-03-12,131.8,134.4,127.45,132.91,83807.55
2019-03-13,132.91,132.91,130.18,131.26,30210.15
2019-03-14,131.26,136.25,128,131.36,86569.0
2019-03-15,131.36,136.9,131.36,135.89,78640.04
2019-03-16,135.89,143.75,135.83,140.4,122594.47
2019-03-17,140.4,140.4,136.27,138.02,55050.45
2019-03-18,138.02,141.36,135.03,136.85,65393.71
2019-03-19,136.85,138.66,136.51,137.77,3798.25
2019-03-20,137.77,137.77,137.77,137.77,0
2019-03-21,137.77,137.77,137.77,137.77,0
2019-03-22,137.77,137.77,137.77,137.77,0
2019-03-23,137.77,137.77,137.77,137.77,0
2019-03-24,137.77,137.77,137.77,137.77,0
2019-03-25,137.77,137.77,137.77,137.77,0
2019-03-26,137.77,137.77,137.77,137.77,0
2019-03-27,137.77,137.77,137.77,137.77,0
2019-03-28,137.77,137.77,137.77,137.77,0
2019-03-29,137.77,137.77,137.77,137.77,0
2019-03-30,137.77,137.77,137.77,137.77,0
2019-03-31,137.77,137.77,137.77,137.77,0
2019-04-01,141.29,143,138.6,141.03,60677.81
2019-04-02,141.03,167.76,140.77,164.62,273121.27
2019-04-03,164.62,180,153.42,161.3,362639.51
2019-04-04,161.3,165.2,153.53,157.62,142612.68
2019-04-05,157.62,168.5,156.21,165.87,98496.56
2019-04-06,165.87,173.18,156,165.2,102177.77
2019-04-07,165.2,176.86,163.88,174.71,91128.6
2019-04-08,174.71,187.81,173.68,180.64,175999.67
2019-04-09,180.64,180.81,174.3,175.9,61784.59
2019-04-10,175.9,185,170.1,177.54,135804.12
2019-04-11,177.54,177.84,160.53,164.89,122016.61
2019-04-12,164.89,167.83,160.01,164.18,75987.32
2019-04-13,164.18,166.19,162.18,163.7,30843.33
2019-04-14,163.7,169.05,161.05,167.98,43667.03
2019-04-15,167.98,169.52,155,160.19,97585.39
2019-04-16,160.19,168.11,159.48,166.37,62923.52
2019-04-17,166.37,168.4,164.17,166.57,42780.87
2019-04-18,166.57,176.38,166.06,174.04,86273.73
2019-04-19,174.04,174.68,169.28,173.52,51625.46
2019-04-20,173.52,178,170.43,173.75,46505.02
2019-04-21,173.75,174.29,166.2,169.9,50224.96
2019-04-22,169.9,174.05,168.05,171.56,53062.29
2019-04-23,171.56,176.94,168.84,170.37,66825.81
2019-04-24,170.37,171.01,160.22,165.6,99525.89
2019-04-25,165.6,166.71,146.5,152.1,126409.31
2019-04-26,152.1,156,148.18,153.07,83329.58
2019-04-27,153.07,158.27,152.33,155.73,39484.73
2019-04-28,155.73,156.49,152.38,153.2,35538.62
2019-04-29,153.2,157.33,149,152.29,83161.7
2019-04-30,152.29,161,152.29,160.36,71433.09
2019-05-01,160.36,163.08,156.75,158.36,57447.71
2019-05-02,158.36,160.51,154.6,158.81,48346.36
2019-05-03,158.81,169,157.93,164.8,99077.48
2019-05-04,164.8,168.87,158.05,161.95,87578.46
2019-05-05,161.95,163.52,157.12,161.34,35749.31
2019-05-06,161.34,175.95,157,171.2,126618.72
2019-05-07,171.2,180.75,171.14,177.51,64772.15
2019-05-08,166.23,171.94,163.5,169.21,102783.03
2019-05-09,169.21,173.35,165.3,170,81730.41
2019-05-10,170,176.5,167.61,171.87,127150.95
2019-05-11,171.87,206.87,171.87,192.3,346210.32
2019-05-12,192.3,203.98,182.16,187.94,244931.27
2019-05-13,187.94,209.05,185.5,196,223600.94
2019-05-14,196,221,194.98,217,306277.57
2019-05-15,217,250,217,249.13,353337.25
2019-05-16,249.13,280,241.01,264.7,493377.12
2019-05-17,264.7,270.25,222.78,244.35,379839.71
2019-05-18,244.35,248.7,230.79,234.01,114985.41
2019-05-19,234.01,264.96,232.01,261.28,183792.37
2019-05-20,261.28,261.28,239,252.2,164249.38
2019-05-21,252.2,264.45,247.81,255,129307.02
2019-05-22,255,261.74,240,243.2,120088.2
2019-05-23,243.2,248.69,231.23,245.67,101554.24
2019-05-24,245.67,256.29,242.42,249.6,72567.22
2019-05-25,249.6,258.92,248.34,252.05,53719.15
2019-05-26,252.05,271,245.85,268.35,110329.73
2019-05-27,268.35,279.5,264.09,271.37,99654.69
2019-05-28,271.37,276.7,264.29,271.27,62693.75
2019-05-29,271.27,274.28,257.39,269.5,69759.35
2019-05-30,269.5,288.9,239.15,254.49,206573.66
2019-05-31,254.49,268.69,243.13,267.56,117982.28
2019-06-01,267.56,275,260.01,264.86,68260.99
2019-06-02,264.86,273.84,263.72,269.27,45137.23
2019-06-03,269.27,270.1,246.1,249.83,84732.67
2019-06-04,249.83,251.49,233.44,241.13,170895.49
2019-06-05,241.13,249.33,237.35,245.88,82193.26
2019-06-06,245.88,251.62,235.22,249.29,71800.13
2019-06-07,249.29,255,244.51,249.5,71270.28
2019-06-08,249.5,250.76,241.7,244.48,47656.81
2019-06-09,244.48,245,226.56,231.25,72846.23
2019-06-10,231.25,248.24,227.39,247.82,68466.44
2019-06-11,247.82,249,237.55,245.17,65477.3
2019-06-12,245.17,263.68,243.21,262.5,95109.55
2019-06-13,262.5,264.42,254.27,255.15,61284.67
2019-06-14,255.15,266.18,252,263.83,84917.83
2019-06-15,263.83,274,261.76,269.44,53303.0
2019-06-16,269.44,278.8,263.11,268.58,82865.44
2019-06-17,268.58,275.74,267.2,273.74,56198.45
2019-06-18,273.74,274.14,260.97,264.65,61254.62
2019-06-19,264.65,270,263.6,268.91,37467.05
2019-06-20,268.91,274.2,266.51,271.99,40589.04
2019-06-21,271.99,296.59,271.97,296.08,117230.37
2019-06-22,296.08,314.56,293.52,308.54,116845.95
2019-06-23,308.54,318.2,301,305.99,72651.19
2019-06-24,305.99,313.09,295,310.44,62963.05
2019-06-25,310.44,317.8,305.48,316.88,72356.03
2019-06-26,316.88,363.29,314.45,334.51,223096.65
2019-06-27,334.51,343.25,274.34,293.68,233918.78
2019-06-28,293.68,312.74,289.88,309.79,84987.39
2019-06-29,309.79,323.96,291,317,104992.62
2019-06-30,317,323.23,286,289.5,84104.62
2019-07-01,289.5,301.76,278.85,293.51,99327.66
2019-07-02,293.51,295.99,271.6,291.24,97796.74
2019-07-03,291.24,303.41,288.99,302.1,46721.28
2019-07-04,302.1,303.79,280,282.57,37837.56
2019-07-05,282.57,294.99,280.21,287.6,42960.96
2019-07-06,287.6,297.88,285.48,287.65,22473.65
2019-07-07,287.65,310.97,284.12,306.47,34106.66
2019-07-08,306.47,315,302.51,313.67,49551.6
2019-07-09,313.67,318.61,302.39,307.95,47378.91
2019-07-10,307.95,314.73,281.63,288.46,94178.76
2019-07-11,288.46,288.46,262.09,268.49,92395.91
2019-07-12,268.49,279.02,266.33,275.48,37677.55
2019-07-13,275.48,275.83,260.4,269.18,48568.51
2019-07-14,269.18,269.99,229.18,237.11,106578.68
2019-07-15,237.11,237.11,212.5,228.13,123742.37
2019-07-16,228.13,234.57,190.41,198.67,188377.82
2019-07-17,198.67,219.8,192.58,211.5,134744.22
2019-07-18,211.5,230.15,206.4,226.3,120867.97
2019-07-19,226.3,226.97,213.12,221.45,59990.45
2019-07-20,221.45,236.31,220.5,228.87,51823.79
2019-07-21,228.87,230,217.62,225.47,45332.13
2019-07-22,225.47,228.19,211.56,217.27,45178.2
2019-07-23,217.27,219,208.39,212.05,49935.81
2019-07-24,212.05,218.21,200.59,216.51,70895.74
2019-07-25,216.51,225.98,215.6,219.16,50627.74
2019-07-26,219.16,220.66,212.65,219.24,41938.37
2019-07-27,219.24,224.01,201.98,207.11,61446.44
2019-07-28,207.11,213.39,197.18,211.07,43047.98
2019-07-29,211.07,214.8,206.03,210.69,38392.99
2019-07-30,210.69,215.1,204.41,209.8,25528.74
2019-07-31,209.8,219,209.61,218.68,32480.97
2019-08-01,218.68,219.22,210.61,217.38,27836.05
2019-08-02,217.38,223.01,215,217.8,31926.16
2019-08-03,217.8,224.6,216.49,221.82,26118.56
2019-08-04,221.82,223.71,216.65,222.9,16166.67
2019-08-05,222.9,237,222.88,233,42590.88
2019-08-06,233,239.63,222,226.1,52206.33
2019-08-07,226.1,231.17,220,225.97,33597.52
2019-08-08,225.97,226.63,214.69,220.85,49755.86
2019-08-09,220.85,221.24,206.36,210.3,32685.46
2019-08-10,210.3,214.78,201,206.05,33982.6
2019-08-11,206.05,216.63,205.69,216.28,34133.16
2019-08-12,216.28,216.45,209.7,211.2,18071.08
2019-08-13,211.2,211.94,203,208.6,34703.52
2019-08-14,208.6,209,182,186.2,59141.02
2019-08-15,186.2,189.69,173.76,188.06,55951.29
2019-08-16,188.06,188.21,177.96,185.5,46487.79
2019-08-17,185.5,186.88,182.11,185.63,16283.11
2019-08-18,185.63,198,183.37,194.57,23133.15
2019-08-19,194.57,203.79,193.15,202.27,36219.05
2019-08-20,202.27,202.77,194.48,196.44,20299.25
2019-08-21,196.44,197.07,179.94,187.27,44414.07
2019-08-22,187.27,195,182.63,190.45,47153.66
2019-08-23,190.45,197.14,188.3,194.36,35562.19
2019-08-24,194.36,194.53,185.51,190.96,29449.11
2019-08-25,190.96,192.76,182.49,186.72,24299.06
2019-08-26,186.72,194.49,185.31,188.35,43187.05
2019-08-27,188.35,189,184.56,187.07,25289.93
2019-08-28,187.07,188.13,166,172.81,63629.97
2019-08-29,172.81,173.36,163.49,168.82,48129.72
2019-08-30,168.82,170.36,165.52,168.25,31248.02
2019-08-31,168.25,174.9,165.93,171.92,21737.34
2019-09-01,171.92,173.59,167.67,171.38,23621.09
2019-09-02,171.38,181.69,170.62,178.84,31738.65
2019-09-03,178.84,183.17,174.95,179.12,43081.42
2019-09-04,179.12,180.64,173.69,175.02,39033.66
2019-09-05,175.02,175.8,170.22,174,31719.49
2019-09-06,174,178.4,165.2,169.15,45157.53
2019-09-07,169.15,181.01,168.41,178.25,32115.15
2019-09-08,178.25,184.56,176.52,181.61,44202.95
2019-09-09,181.61,186.59,175.87,180.89,46754.81
2019-09-10,180.89,184.58,176.6,180.06,30349.99
2019-09-11,180.06,182.38,174.33,178.47,35899.75
2019-09-12,178.47,182.7,176.51,180.99,18368.05
2019-09-13,180.99,181.87,177.62,181.25,18111.76
2019-09-14,181.25,189.33,180.21,188.68,38821.3
2019-09-15,188.68,190.99,186.6,189.45,25734.52
2019-09-16,189.45,199.83,188.58,197.72,71386.45
2019-09-17,197.72,215.39,196.1,207.88,86984.84
2019-09-18,207.88,218.53,207.87,210.23,70503.47
2019-09-19,210.23,224.8,202.1,220.79,111853.26
2019-09-20,220.79,221.93,212.2,218.1,49725.84
2019-09-21,218.1,221.62,213.3,214.94,40639.14
2019-09-22,214.94,215.41,206.13,211.07,40565.65
2019-09-23,211.07,211.54,198.2,200.77,61461.66
2019-09-24,200.77,202.8,152.4,166.28,190344.44
2019-09-25,166.28,174.94,162.28,169.92,89526.4
2019-09-26,169.92,170.9,151.86,165.88,99789.68
2019-09-27,165.88,177.1,161.06,174.46,62241.95
2019-09-28,174.46,175.98,168.02,173.96,38470.37
2019-09-29,173.96,174.62,164.47,169.36,38764.34
2019-09-30,169.36,181.62,165.22,181.53,80976.94
2019-10-01,181.53,185.79,173.09,176.49,74417.13
2019-10-02,176.49,181.57,174.1,180.88,35357.78
2019-10-03,180.88,181.16,170,174.79,55307.31
2019-10-04,174.79,179.35,171.15,175.82,32228.53
2019-10-05,175.82,177.19,171.58,176.58,25429.16
2019-10-06,176.58,177.17,167.75,170.33,50525.6
2019-10-07,170.33,182.93,168.64,180.42,54200.59
2019-10-08,180.35,185.34,177.54,181,39275.11
2019-10-09,181,196.2,179.3,193.5,66121.96
2019-10-10,193.5,194.38,187.95,191.56,33579.41
2019-10-11,191.56,197.45,179.61,180.83,67001.65
2019-10-12,180.83,184.71,177.68,179.93,29536.21
2019-10-13,179.93,184.98,178.79,181.09,20650.57
2019-10-14,181.09,187.71,180.54,186.78,35519.63
2019-10-15,186.78,188.66,177,180.52,53928.9
2019-10-16,180.52,181.19,171.62,174.39,41333.82
2019-10-17,174.39,179.21,172.77,177.42,34198.62
2019-10-18,177.42,177.42,167.59,173,53136.77
2019-10-19,173,175.41,169.76,171.83,23703.61
2019-10-20,171.83,176.6,169.45,175.55,26383.72
2019-10-21,175.55,178.34,171.53,174.48,31088.08
2019-10-22,174.48,175.4,170.52,171.29,19941.29
2019-10-23,171.29,171.41,153,162.37,87170.46
2019-10-24,162.37,163.89,158.4,160.79,38159.96
2019-10-25,160.79,188.17,160.58,181.83,83632.0
2019-10-26,181.83,199,174.01,180.22,110395.07
2019-10-27,180.22,189.14,177.07,184,39571.81
2019-10-28,184,189.9,180.82,182,31560.68
2019-10-29,182,193.45,181.79,191.13,46929.87
2019-10-30,191.13,192.93,179.22,183.54,47602.59
2019-10-31,183.54,185.55,177.47,182.45,37759.32
2019-11-01,182.45,184.7,177.44,183.23,22256.56
2019-11-02,183.23,186.07,182.08,183,15284.59
2019-11-03,183,184.93,179.01,181.56,15138.96
2019-11-04,181.56,189.39,180.32,186.19,29054.99
2019-11-05,186.19,192.54,182.62,188.7,42865.2
2019-11-06,188.7,194.71,188,191.06,24004.1
2019-11-07,191.06,192.08,184.28,186.34,24647.19
2019-11-08,186.34,188.16,180.75,183.64,34484.59
2019-11-09,183.64,185.78,182.71,184.85,10000.59
2019-11-10,184.85,191.8,183.41,188.9,20371.05
2019-11-11,188.9,189.96,183.82,184.68,17253.94
2019-11-12,184.68,187.37,182,186.93,29097.25
2019-11-13,186.93,189.81,185.12,187.68,21661.5
2019-11-14,187.68,188.39,182.42,184.5,15383.64
2019-11-15,184.5,186.6,176.95,179.86,39219.8
2019-11-16,179.86,183.16,179.17,182.16,10332.4
2019-11-17,182.16,186.25,179.85,183.77,13876.86
2019-11-18,183.77,183.84,174.38,177.9,26413.32
2019-11-19,177.9,178.07,172.52,175.64,27369.68
2019-11-20,175.64,177.32,173.27,174.26,14433.48
2019-11-21,174.26,175.5,156,161.01,59277.25
2019-11-22,161.01,162.82,138,149.79,102149.99
2019-11-23,149.79,154.25,146.5,151.94,31431.35
2019-11-24,151.94,153.16,138.34,140.08,40047.96
2019-11-25,140.08,151.77,132,146.35,105290.17
2019-11-26,146.35,149.82,143.49,147.75,29593.96
2019-11-27,147.75,155.96,141.1,152.85,47037.13
2019-11-28,152.85,154.82,149.44,151.22,31165.06
2019-11-29,151.22,157.98,150.69,154.78,30056.15
2019-11-30,154.78,155.34,150.01,151.74,14873.79
2019-12-01,151.74,152.49,146,150.76,24838.46
2019-12-02,150.76,151.49,146.96,148.85,15592.45
2019-12-03,148.85,149.95,145.08,147.37,18640.63
2019-12-04,147.37,153.12,143.25,145.3,42277.67
2019-12-05,145.3,148.85,143.91,147.99,19184.24
2019-12-06,147.99,149.8,145.94,148.9,15708.92
2019-12-07,148.9,149.8,147.12,147.37,13528.96
2019-12-08,147.37,151.9,146.45,150.72,19525.03
2019-12-09,150.72,151.35,146.42,147.32,20466.78
2019-12-10,147.32,148.19,143.41,145.58,23633.62
2019-12-11,145.58,146.22,142,143.09,15315.65
2019-12-12,143.09,145.73,140.49,144.88,10678.57
2019-12-13,144.88,145.1,142.73,144.48,3997.11
2019-12-14,144.48,145.02,141.06,141.77,14563.11
2019-12-15,141.77,143.85,139.65,142.28,18787.78
2019-12-16,142.28,142.49,130,132.41,65474.66
2019-12-17,132.41,132.74,119.62,121.75,78294.31
2019-12-18,121.75,134.86,115.44,132.88,95833.63
2019-12-19,126.88,133.99,125.77,128.12,50912.03
2019-12-20,128.12,129.37,125.97,128.26,25080.1
2019-12-21,128.26,128.44,126.68,127.02,12441.34
2019-12-22,127.02,133.2,127,132.3,36072.49
2019-12-23,132.3,135.1,126.1,128,34183.83
2019-12-24,128,129.46,126.64,127.74,16689.91
2019-12-25,127.74,127.79,122.96,124.87,28284.1
2019-12-26,124.87,131.96,124.19,125.51,28189.67
2019-12-27,125.51,126.7,122.22,126.25,25132.3
2019-12-28,126.25,129.79,125.91,127.83,16336.62
2019-12-29,127.83,137.81,127.37,134.31,34606.12
2019-12-30,134.31,136.02,129.86,131.1,30602.48
2019-12-31,131.1,133.28,127.79,128.6,24567.97
2020-01-01,128.66,132.86,128.19,130.33,13374.45
2020-01-02,130.33,130.33,126,126.72,25761.75
2020-01-03,126.72,134.72,125.4,134,50257.32
2020-01-04,134,135.91,132.58,134.14,16218.07
2020-01-05,134.14,138.3,133.83,135.27,28960.24
2020-01-06,135.27,144.57,134.86,144.34,67256.59
2020-01-07,144.34,145.32,138.98,143.2,50304.25
2020-01-08,143.2,147.95,137.03,140.7,93275.55
2020-01-09,140.7,141.57,135.33,137.91,33229.04
2020-01-10,137.91,145.32,135.14,144.92,47164.0
2020-01-11,144.92,147.92,141.28,142.62,43161.3
2020-01-12,142.62,146.5,141.53,146.5,21408.86
2020-01-13,146.5,146.99,142,143.58,27611.3
2020-01-14,143.58,170,143.45,166.19,138641.14
2020-01-15,166.19,171.61,159.05,166.31,72365.54
2020-01-16,166.31,167.27,158.42,164.17,55839.8
2020-01-17,164.17,174,161.98,169.59,106510.44
2020-01-18,169.59,179,164.87,174.03,83960.37
2020-01-19,174.03,178.06,161.77,166.84,76137.29
2020-01-20,166.84,169.2,160.9,166.61,65225.61
2020-01-21,166.61,170.01,164.61,169.3,36296.82
2020-01-22,169.3,170.92,165.61,167.66,40214.34
2020-01-23,167.66,167.67,159,162.5,48633.45
2020-01-24,162.5,164.3,155.25,162.32,75972.15
2020-01-25,162.32,162.48,157.43,160.12,39910.63
2020-01-26,160.12,167.65,159.06,167.4,62459.33
2020-01-27,167.4,171.77,164.94,169.88,43008.98
2020-01-28,169.88,176.89,169.88,176.41,63423.42
2020-01-29,176.41,179,172.95,173.48,53187.5
2020-01-30,173.48,186.6,170.5,184.34,119344.94
2020-01-31,184.34,185.47,175,179.68,48483.42
2020-02-01,179.68,184,178.92,183.41,28479.34
2020-02-02,183.41,193.3,178.9,188.25,58669.58
2020-02-03,188.25,195.14,186.43,189.78,46623.28
2020-02-04,189.78,191.28,184,188.35,49686.45
2020-02-05,188.35,207.95,187.71,203.76,83027.95
2020-02-06,203.76,216.4,201.19,212.92,99624.9
2020-02-07,212.92,224.77,212.92,222.91,96336.79
2020-02-08,222.91,228,213.41,223.27,101765.84
2020-02-09,223.27,230.8,222.98,228.64,70207.47
2020-02-10,228.64,229.4,216.6,223,73388.54
2020-02-11,223,239.89,217.7,237.83,96819.09
2020-02-12,237.83,275.88,237.83,266.4,180387.18
2020-02-13,266.4,278,254.22,268.64,138634.23
2020-02-14,268.64,287.71,259.63,285.96,97567.12
2020-02-15,285.96,288.98,261,264.92,115030.84
2020-02-16,264.92,274.03,237,258.82,125657.05
2020-02-17,258.82,268.99,242.51,268.22,108506.16
2020-02-18,268.22,286.49,259.46,282.82,117607.23
2020-02-19,282.82,287,251.25,258.85,110872.7
2020-02-20,258.85,264.24,244.24,257.96,89256.42
2020-02-21,257.96,268.5,254.24,265.58,58126.81
2020-02-22,265.58,267.01,256.1,262.48,37604.64
2020-02-23,262.48,276.58,261.75,275.73,33443.64
2020-02-24,275.73,278.26,256.83,265.81,77319.35
2020-02-25,265.81,266.25,244,246.7,92993.85
2020-02-26,246.7,249.89,215.67,223.71,173000.05
2020-02-27,223.71,238.13,208,227.5,115939.47
2020-02-28,227.5,234.39,213.68,227.09,93767.54
2020-02-29,227.09,233.31,216.91,217.78,43963.85
2020-03-01,217.78,228,212.02,217.5,77113.13
2020-03-02,217.5,235.52,215.69,232,78810.69
2020-03-03,232,232.99,220.25,223.53,59957.57
2020-03-04,223.53,228.89,220.47,224.48,33641.54
2020-03-05,224.48,234.6,224.48,228.66,74780.1
2020-03-06,228.66,246.27,227.67,245.74,69930.43
2020-03-07,245.74,252.5,236.22,237.6,59102.89
2020-03-08,237.6,237.6,196,199.89,132698.27
2020-03-09,199.89,208.68,189.07,203.38,152931.11
2020-03-10,203.38,206.42,194.77,200.15,70719.09
2020-03-11,200.15,203,182,194.81,105637.2
2020-03-12,194.81,195.58,101.52,108.78,770373.77
2020-03-13,108.78,145.1,89.8,135.45,612321.64
2020-03-14,135.45,135.45,120.34,122.28,82320.23
2020-03-15,122.28,133.97,119.86,123.24,144856.81
2020-03-16,123.24,123.76,100.63,110.97,231028.14
2020-03-17,110.97,121.45,109.68,116.11,120623.82
2020-03-18,116.11,118.72,110.19,118.61,114240.47
2020-03-19,118.61,143.34,115.84,136.75,185300.51
2020-03-20,136.75,153.49,115,133.5,244186.1
2020-03-21,133.5,138.33,125.79,132.64,99714.9
2020-03-22,132.64,137.38,108.1,122.38,153223.97
2020-03-23,122.38,138.25,119.26,136.58,132757.66
2020-03-24,136.58,144.3,133.19,139.22,113260.94
2020-03-25,139.22,143.43,132.68,136.35,73478.72
2020-03-26,136.35,140.04,133.57,139.01,57934.48
2020-03-27,139.01,141.83,129.19,131.59,58110.59
2020-03-28,131.59,133.3,125,131.38,62702.42
2020-03-29,131.38,131.99,123.94,124.36,52230.5
2020-03-30,124.36,135.47,124.02,132.28,64033.03
2020-03-31,132.28,135.36,130.35,133.1,39718.42
2020-04-01,133.1,137.41,128.85,135.88,58258.27
2020-04-02,135.88,150.7,135.65,141.48,93176.67
2020-04-03,141.48,146.9,137.1,141.32,65329.44
2020-04-04,141.32,146.63,139.09,144.4,34593.67
2020-04-05,144.4,145.96,140.8,142.88,24457.35
2020-04-06,142.88,172.4,142.85,171.64,136778.41
2020-04-07,171.64,176.55,162.15,164.6,125731.66
2020-04-08,164.6,174.62,163.52,173.78,102350.58
2020-04-09,173.78,174.04,165.25,169.92,70517.13
2020-04-10,169.92,170.33,152.46,158.17,113600.59
2020-04-11,158.17,161.53,154.2,158.58,38376.58
2020-04-12,158.58,165.84,155.45,158.72,89900.13
2020-04-13,158.72,159.47,150,156.77,91556.15
2020-04-14,156.77,162.26,155.55,158.59,45030.57
2020-04-15,158.59,161.47,151.82,152.62,59681.37
2020-04-16,152.62,175.41,147,172.73,176544.14
2020-04-17,172.73,175,168.38,170.92,69101.8
2020-04-18,170.92,189.89,170.8,187.65,107239.99
2020-04-19,187.65,188.66,176,180.22,86192.84
2020-04-20,180.22,186.76,166.13,170.49,172460.39
2020-04-21,170.49,174.79,168.32,170.99,59116.87
2020-04-22,170.99,184.69,170.09,183.16,86876.79
2020-04-23,183.16,194.38,178.52,185.68,138979.94
2020-04-24,185.68,190.24,184.2,187.72,110637.17
2020-04-25,187.72,198,185.81,194.52,86641.54
2020-04-26,194.52,200,192.5,197.83,77207.7
2020-04-27,197.83,199.33,187.3,196.84,79852.05
2020-04-28,196.84,198.1,192.42,196.71,68849.26
2020-04-29,196.71,219.09,196.71,215.45,143120.56
2020-04-30,215.45,227.53,202.4,206.2,153701.68
2020-05-01,206.2,217.42,206.14,211.88,69836.73
2020-05-02,211.88,215.71,210.54,214.11,41004.81
2020-05-03,214.11,219.32,203.8,209.9,69177.42
2020-05-04,209.9,210.8,195.15,206.99,117104.07
2020-05-05,206.99,212.19,200.82,205.62,53264.64
2020-05-06,205.62,211.31,197,199.48,70187.76
2020-05-07,199.48,215.18,196.99,212.34,115544.02
2020-05-08,212.34,217.08,207.21,211.62,52790.49
2020-05-09,211.62,214.72,208.4,210.03,35238.62
2020-05-10,210.03,210.03,180.4,188.02,154580.46
2020-05-11,188.02,194.85,176.56,185.89,93152.02
2020-05-12,185.89,192.42,185.73,189.72,35301.7
2020-05-13,189.72,201.41,188.55,200.07,48897.73
2020-05-14,200.07,206.16,195.53,203.43,73143.86
2020-05-15,203.43,204.23,191.3,194.76,51150.16
2020-05-16,194.76,203.33,193.21,200.5,46092.5
2020-05-17,200.5,209.92,199.44,206.94,31289.55
2020-05-18,206.94,216.98,206.94,214.91,69841.39
2020-05-19,214.91,215.99,209.31,214.76,45468.95
2020-05-20,214.76,215.45,205.57,209.87,49278.12
2020-05-21,209.87,211.41,191.31,198.35,67339.71
2020-05-22,198.35,209.33,196.21,207.23,50783.43
2020-05-23,207.23,211.5,204.68,206.71,26502.52
2020-05-24,206.71,210.68,199.5,199.53,50612.89
2020-05-25,199.53,205.57,198.03,204.11,23039.49
2020-05-26,204.11,204.9,196.51,200.85,35893.53
2020-05-27,200.85,208.35,200.81,208.28,30770.26
2020-05-28,208.28,220.7,204.66,220.26,64356.14
2020-05-29,220.26,224.7,217.67,220.65,61255.11
2020-05-30,220.65,247.28,218.7,243.7,87855.47
2020-05-31,243.7,245.48,229.5,231.76,69072.62
2020-06-01,231.76,251.29,230.56,248.45,104055.22
2020-06-02,248.45,253.54,218.48,237.55,104118.65
2020-06-03,237.55,245.02,233.47,244.54,60196.28
2020-06-04,244.54,246.66,235.54,243.4,59523.49
2020-06-05,243.4,247.89,239.04,240.03,37568.41
2020-06-06,240.03,244.5,237.67,242.01,24819.2
2020-06-07,242.01,245.93,234.37,244.9,73516.78
2020-06-08,244.9,247.77,241.2,246.62,31951.44
2020-06-09,246.62,249.9,237.78,244,43739.99
2020-06-10,244,250.49,242.22,247.96,47892.14
2020-06-11,247.96,250.15,225.71,230.11,86325.0
2020-06-12,230.11,239.22,228.01,237.57,36553.58
2020-06-13,237.57,238.64,234.62,237.92,18365.9
2020-06-14,237.92,238.69,230,231.68,33590.31
2020-06-15,231.68,233.8,218.1,230.97,79331.61
2020-06-16,230.97,236.25,228.78,235.33,37198.88
2020-06-17,235.33,237.38,227.71,233.61,36766.12
2020-06-18,233.61,234.45,227.55,231.38,20495.64
2020-06-19,231.38,232.09,226.26,228.62,30780.67
2020-06-20,228.62,230.66,224.6,228.78,20758.86
2020-06-21,228.78,231,227.1,227.85,15266.16
2020-06-22,227.85,246.99,227.27,243.22,75131.0
2020-06-23,243.22,245.09,240.85,243.03,41693.42
2020-06-24,243.03,249.28,230.73,234.54,79729.68
2020-06-25,234.54,235.12,227.33,232.32,46290.41
2020-06-26,232.32,233.19,226.86,229.36,44305.66
2020-06-27,229.36,230.89,215.9,220.63,60078.76
2020-06-28,220.63,227.57,217.8,224.99,37603.33
2020-06-29,224.99,229.82,221.19,227.8,45111.47
2020-06-30,227.8,228.78,222.8,225.68,32825.64
2020-07-01,225.68,233,224.16,231.11,39744.94
2020-07-02,231.11,232.07,223,226.41,49477.15
2020-07-03,226.41,228.27,224.3,225.01,16970.44
2020-07-04,225.01,230.68,224.52,229.25,19134.31
2020-07-05,229.25,229.97,223.57,227.96,23550.48
2020-07-06,227.96,242.3,227,241.84,80191.82
2020-07-07,241.84,243.7,234.54,239.34,60652.59
2020-07-08,239.34,248.9,237.87,246.97,51488.85
2020-07-09,246.97,247.85,237.81,241.89,53383.08
2020-07-10,241.89,242.02,235.33,241.12,34480.3
2020-07-11,241.12,241.52,237.61,239.24,16886.03
2020-07-12,239.24,243.98,236.75,243,37886.54
2020-07-13,243,245.26,237.46,239.42,57063.37
2020-07-14,239.42,241.9,236.89,240.35,25030.4
2020-07-15,240.35,241.28,236.58,238.37,30354.89
2020-07-16,238.37,239.11,229.75,233.73,42144.57
2020-07-17,233.73,234.4,231.54,232.79,23918.19
2020-07-18,232.79,237.01,232.29,235.8,18441.92
2020-07-19,235.8,240.11,233.41,239.25,19368.86
2020-07-20,239.25,239.88,234.3,236.19,28616.32
2020-07-21,236.19,247,235.74,246.01,60144.42
2020-07-22,246.01,269.5,242.18,264.53,63931.61
2020-07-23,264.53,281.43,260.37,275.59,110724.23
2020-07-24,275.59,287.91,268.57,279.42,85501.7
2020-07-25,279.42,309.94,279.42,305.89,97505.64
2020-07-26,305.89,319.83,300.48,311.52,101689.72
2020-07-27,311.52,334.28,307.7,322.44,183440.17
2020-07-28,322.44,327.23,306.35,317.43,96728.73
2020-07-29,317.43,325.5,313.31,318.18,58271.03
2020-07-30,318.18,343,314.68,335.25,83409.87
2020-07-31,335.25,349.74,328.77,347,74692.39
2020-08-01,347,394.07,343.9,387.57,115978.81
2020-08-02,387.57,416.39,300,372.17,225549.51
2020-08-03,372.17,398.29,367,386.21,92318.17
2020-08-04,386.21,403.52,381.1,389.91,90678.56
2020-08-05,389.91,407.89,384.24,401.25,71784.56
2020-08-06,401.25,403.77,391.5,395.17,42415.06
2020-08-07,395.17,399,363.22,379.67,86725.3
2020-08-08,379.67,397.4,376.04,397.4,46663.63
2020-08-09,397.4,400.35,381.06,390.33,44561.73
2020-08-10,390.33,400,384.97,395.9,53652.14
2020-08-11,395.9,398.38,367,378.97,109253.64
2020-08-12,378.97,389.47,364.25,387.15,62909.8
2020-08-13,387.15,432.22,376.78,424.87,154367.66
2020-08-14,424.87,445.08,418.1,438.68,92451.04
2020-08-15,438.68,443.54,427,432.39,46133.48
2020-08-16,432.39,437.49,412.48,433.67,64246.02
2020-08-17,433.67,447.44,420.51,431.35,70593.78
2020-08-18,431.35,434.2,412.11,422.62,77628.97
2020-08-19,422.62,426.5,393.33,407.57,91227.61
2020-08-20,407.57,419.54,402.48,416.2,58454.61
2020-08-21,416.2,419.08,385,387.83,85385.53
2020-08-22,387.83,396.9,378.98,395.52,57008.74
2020-08-23,395.52,397.09,383.73,390.64,28001.41
2020-08-24,390.64,410.98,387.61,407.92,66322.99
2020-08-25,407.92,409.15,370.05,383.01,112725.15
2020-08-26,383.01,393.56,377.18,385.71,72131.19
2020-08-27,385.71,396.85,371.6,383.16,61708.65
2020-08-28,383.16,398.32,380.01,395.56,45660.18
2020-08-29,395.56,405.87,392.3,398.69,46298.22
2020-08-30,398.69,429.5,398.39,428.72,62024.76
2020-08-31,428.72,439,417.77,433.98,61101.49
2020-09-01,433.98,489.57,428.68,475.81,133872.91
2020-09-02,475.81,481,422,439.81,171821.4
2020-09-03,439.81,450,371.21,382.43,227343.47
2020-09-04,382.43,400.79,360.9,385.82,139522.49
2020-09-05,385.82,394.8,311.04,335.38,279136.2
2020-09-06,335.38,359.9,316.6,352.51,123832.61
2020-09-07,352.51,358.5,323.4,353.39,91143.03
2020-09-08,353.39,356.41,325.64,337.25,92714.01
2020-09-09,337.25,359,330.77,351.29,67169.89
2020-09-10,351.29,377.77,350.8,368.23,100417.37
2020-09-11,368.23,375.29,355.64,373.88,59017.28
2020-09-12,373.88,388,365.31,387.91,48281.89
2020-09-13,387.91,390,353.5,366.41,87789.55
2020-09-14,366.41,384.15,356.15,377.14,75629.62
2020-09-15,377.14,382.48,362.5,364.09,73932.67
2020-09-16,364.09,373.78,355.11,364.99,70775.94
2020-09-17,364.99,394.68,363.29,389.39,83100.62
2020-09-18,389.39,392.39,375.66,384.45,45931.79
2020-09-19,384.45,388.41,377.31,385.11,20264.54
2020-09-20,385.11,385.11,365.12,371,40537.18
2020-09-21,371,376.74,331,339.87,109265.9
2020-09-22,339.87,346.9,335.33,344.18,52243.79
2020-09-23,344.18,344.5,313.42,320.12,101885.55
2020-09-24,320.12,353.4,317,349.22,85074.11
2020-09-25,349.22,358,337.59,351.9,56495.47
2020-09-26,351.9,356.17,346.25,354.17,20431.22
2020-09-27,354.17,362.28,347.46,357.3,44496.3
2020-09-28,357.3,369.08,351.52,353.85,52341.01
2020-09-29,353.85,360.59,350.4,359.94,44365.24
2020-09-30,359.94,361.23,351.34,359.69,37139.56
2020-10-01,359.69,371.32,345.3,353,60515.85
2020-10-02,353,354.22,334.56,345.68,54209.4
2020-10-03,345.68,351.09,344.01,346.18,16827.42
2020-10-04,346.18,354.45,344,352.54,18281.11
2020-10-05,352.54,355.99,348.83,353.77,18231.29
2020-10-06,353.77,355.19,336.51,340.79,58492.92
2020-10-07,340.79,342.98,333.01,341.8,131152.4
2020-10-08,341.8,353.4,334.1,351.05,50146.33
2020-10-09,351.05,368.42,347.5,365.6,49846.09
2020-10-10,365.6,379,365.15,371.12,38666.1
2020-10-11,371.12,377.4,369.3,374.61,17295.08
2020-10-12,374.61,395.81,365.3,387,56730.98
2020-10-13,387,387.86,374.1,381.48,36548.18
2020-10-14,381.48,387.59,373.22,379.08,40672.33
2020-10-15,379.08,382.15,370.24,377.79,36492.68
2020-10-16,377.79,379.85,360.74,365.39,46475.79
2020-10-17,365.39,370.62,363.5,368.4,12237.9
2020-10-18,368.4,378.47,367.8,378.45,17579.23
2020-10-19,378.45,384.98,372.9,379.5,32999.02
2020-10-20,379.5,381,365.43,368.81,34897.86
2020-10-21,368.81,402.23,368.19,391.51,82236.83
2020-10-22,391.51,421.42,391.3,414.44,65140.44
2020-10-23,414.44,419.52,402.04,409.92,39620.87
2020-10-24,409.92,416.61,407.55,412.38,18458.14
2020-10-25,412.38,417.84,403.25,406.35,27190.69
2020-10-26,406.35,411.31,382.8,393.48,73020.46
2020-10-27,393.48,410.48,390.52,403.65,39937.76
2020-10-28,403.65,409.18,381.1,388.63,53447.35
2020-10-29,388.63,394.11,380.69,387.67,53507.56
2020-10-30,387.67,392,373.52,382.83,58405.63
2020-10-31,382.83,393.76,380.77,386.81,26877.05
2020-11-01,386.81,397.47,385.07,396.8,25999.38
2020-11-02,396.8,404.56,378.16,383.78,80286.54
2020-11-03,383.78,390.41,371,388.01,50087.13
2020-11-04,388.01,408.7,377.01,402.68,81685.23
2020-11-05,402.68,421.64,396.5,417.04,93762.47
2020-11-06,417.04,458.7,415.52,456.43,131858.3
2020-11-07,456.43,468.83,425,435.81,128871.46
2020-11-08,435.81,460.89,432.67,454.6,55147.8
2020-11-09,454.6,459.63,434.63,444.33,88683.19
2020-11-10,444.33,455.16,439,451.35,56256.84
2020-11-11,451.35,476.57,450.02,464.39,80321.71
2020-11-12,464.39,470,451.1,462.86,66834.94
2020-11-13,462.86,478.48,458.0,477.06,75582.04
2020-11-14,477.26,477.98,451.95,461.18,45791.82579323
2020-11-15,461.38,463.14,440.44,448.49,46902.42886507
2020-11-16,448.22,466.0,445.95,460.3,52599.71693786
2020-11-17,460.73,484.9,460.29,482.89,90310.06964491
2020-11-18,482.79,495.4,454.56,479.11,141538.26627282
2020-11-19,479.26,481.99,465.2,471.97,48357.17613413
2020-11-20,472.05,514.77,471.5,510.38,108562.06245637
2020-11-21,510.37,553.5,502.72,552.55,102160.70823348
2020-11-22,552.57,581.82,512.0,561.48,130655.99116526
2020-11-23,560.88,611.58,550.62,609.09,152818.24088851
2020-11-24,609.01,623.47,590.0,605.28,142957.42365857
2020-11-25,605.28,606.63,554.0,569.52,96865.19190828
2020-11-26,569.3,577.43,478.38,520.0,260262.0580718
2020-11-27,520.29,530.99,493.44,518.8,85762.2647947
2020-11-28,518.81,548.5,507.1,538.27,71826.71678382
2020-11-29,538.01,576.9,530.75,576.22,71937.12858139
2020-11-30,576.45,617.37,571.23,616.65,143580.36233871
2020-12-01,616.84,636.58,555.71,586.38,192132.40413581
2020-12-02,586.01,605.34,575.2,597.74,61798.09686065
2020-12-03,597.5,624.53,586.24,616.57,65570.49432186
2020-12-04,616.57,620.57,565.62,567.79,89002.06494963
2020-12-05,567.57,597.69,561.34,597.0,48755.08207449
2020-12-06,596.99,607.68,582.77,602.64,56437.78782055
2020-12-07,602.65,602.99,584.6,591.26,32957.85018806
2020-12-08,591.25,595.0,548.14,554.65,76992.95913216
2020-12-09,554.65,577.97,530.0,573.21,94064.17737227
2020-12-10,573.16,575.28,548.29,558.33,45306.07356259
2020-12-11,558.9,560.35,535.1,544.24,65090.62184688
2020-12-12,544.38,574.0,543.07,568.09,47210.56447939
2020-12-13,567.94,595.0,563.45,590.35,59837.04867915
2020-12-14,590.25,591.65,576.06,586.27,39433.52639877
2020-12-15,586.28,596.9,576.72,589.41,43995.02356601
2020-12-16,589.41,639.1,581.5,638.28,88744.56233394
2020-12-17,638.01,676.61,628.05,643.43,154159.14707953
2020-12-18,644.01,664.02,630.0,654.67,68630.81059908
2020-12-19,654.58,669.0,645.6,658.83,65782.65483748
2020-12-20,658.57,660.6,622.0,638.28,86577.83459697
2020-12-21,638.0,648.0,597.0,608.01,108823.62418088
2020-12-22,608.0,637.47,587.84,637.46,58163.93210002
2020-12-23,637.46,638.34,550.0,585.5,96223.33745158
2020-12-24,585.03,615.14,565.9,612.49,58137.20654204
2020-12-25,612.31,633.33,603.92,626.83,49171.1877611
2020-12-26,626.77,651.99,615.5,635.95,76505.57758732
2020-12-27,636.33,715.09,623.68,683.03,189210.42533624
2020-12-28,683.49,746.71,680.39,729.12,178049.37113408
2020-12-29,729.12,738.97,686.76,731.84,131331.08284668
2020-12-30,731.84,758.0,716.23,752.5,129621.21075442
2020-12-31,752.9,756.11,721.0,737.45,84351.63264722
2021-01-01,737.35,750.0,717.0,730.85,44230.209858
2021-01-02,730.95,788.0,717.5,775.01,149416.82512879
2021-01-03,775.05,1012.7,769.49,979.86,300555.74823493
2021-01-04,980.0,1166.0,888.88,1042.52,395811.50863932
2021-01-05,1043.52,1134.0,975.0,1103.41,272632.4965551
2021-01-06,1103.48,1215.09,1058.97,1211.85,231794.91612556
2021-01-07,1211.73,1289.88,1161.0,1226.18,218838.45107018
2021-01-08,1226.47,1273.4,1065.0,1217.33,253343.50211589
2021-01-09,1218.86,1307.0,1172.79,1280.43,128230.82429453
2021-01-10,1280.68,1350.0,1152.0,1255.15,212133.57380106
2021-01-11,1255.15,1259.97,910.82,1088.94,442942.5208625
2021-01-12,1088.55,1152.78,1001.49,1049.98,201765.86901013
2021-01-13,1050.1,1136.7,985.01,1129.9,144114.80841455
2021-01-14,1130.11,1246.12,1087.24,1231.08,175493.14858902
2021-01-15,1231.08,1257.8,1065.0,1168.24,204856.76269959
2021-01-16,1169.93,1292.01,1152.02,1228.89,152040.54384135
2021-01-17,1227.71,1268.41,1166.0,1233.24,114011.46880161
2021-01-18,1233.24,1260.12,1184.21,1258.27,77758.58108443
2021-01-19,1258.4,1439.55,1252.02,1367.94,257676.3505199
2021-01-20,1367.65,1407.52,1234.71,1378.0,203364.41168835
2021-01-21,1377.99,1389.59,1081.56,1111.76,257626.05933581
2021-01-22,1111.59,1275.0,1040.46,1234.03,218367.13022356
2021-01-23,1234.0,1273.17,1198.12,1233.89,85833.91171202
2021-01-24,1234.27,1400.0,1222.13,1392.01,151154.77789149
2021-01-25,1393.35,1475.0,1291.32,1318.69,231751.21601991
2021-01-26,1318.3,1379.07,1246.0,1367.15,187548.73712274
2021-01-27,1367.61,1374.56,1206.0,1240.68,174723.72309114
2021-01-28,1240.31,1362.76,1220.0,1332.12,136652.52906709
2021-01-29,1332.3,1440.0,1288.95,1379.38,172062.46289631
2021-01-30,1379.38,1402.57,1327.92,1377.99,67237.19948721
2021-01-31,1378.99,1381.0,1282.67,1313.7,70188.67177848
2021-02-01,1313.02,1377.75,1271.03,1374.05,79490.44313367
2021-02-02,1374.89,1549.0,1362.34,1513.12,220413.01387191
2021-02-03,1513.58,1670.98,1509.31,1667.78,142434.44313603
2021-02-04,1669.1,1698.0,1557.41,1598.23,169746.63486751
2021-02-05,1598.22,1763.98,1593.07,1722.0,136821.06089927
2021-02-06,1722.0,1744.58,1648.5,1678.92,103793.42131763
2021-02-07,1678.69,1694.0,1487.27,1615.99,139689.27563387
2021-02-08,1615.46,1777.17,1566.32,1752.18,137478.30143469
2021-02-09,1752.18,1823.99,1709.16,1771.14,101087.51290273
2021-02-10,1772.02,1838.71,1681.0,1743.48,120445.89591542
2021-02-11,1742.55,1818.0,1706.3,1786.31,70469.15110982
2021-02-12,1786.31,1867.58,1739.87,1845.31,92310.16638678
2021-02-13,1844.09,1873.28,1761.77,1818.01,62021.82774418
2021-02-14,1818.01,1851.88,1786.0,1804.34,45768.08000658
2021-02-15,1804.33,1835.23,1666.26,1778.99,155254.72754084
2021-02-16,1779.55,1825.16,1725.0,1781.69,81863.38641757
2021-02-17,1782.0,1856.96,1733.5,1850.95,72397.67230213
2021-02-18,1851.31,1949.73,1851.31,1939.57,88629.36770882
2021-02-19,1939.37,1975.67,1891.57,1957.68,88873.30183439
2021-02-20,1957.73,2038.84,1810.0,1916.01,144509.03261137
2021-02-21,1915.01,1975.0,1886.04,1935.44,60937.58066845
2021-02-22,1935.44,1937.67,700.0,1778.82,232472.07104812
2021-02-23,1778.93,1782.81,1358.0,1579.16,311472.08242014
2021-02-24,1579.0,1716.0,1498.44,1625.01,157749.78248227
2021-02-25,1625.55,1671.9,1458.76,1481.68,103915.86599256
2021-02-26,1480.82,1563.16,1401.0,1445.33,137274.39231725
2021-02-27,1445.23,1526.98,1426.52,1460.13,89749.06168123
2021-02-28,1460.0,1469.27,1295.0,1422.7,173849.72607465
2021-03-01,1422.47,1573.83,1414.0,1570.99,104778.76964392
2021-03-02,1571.0,1616.17,1455.8,1489.22,127169.20496276
2021-03-03,1488.56,1656.3,1478.04,1566.41,99872.15212302
2021-03-04,1567.9,1624.68,1505.69,1537.52,90708.82904413
2021-03-05,1539.76,1549.42,1442.86,1528.76,109879.00345673
2021-03-06,1529.07,1671.1,1513.53,1650.56,72729.44595398
2021-03-07,1651.08,1734.78,1631.19,1727.49,64850.56020209
2021-03-08,1726.83,1842.92,1650.0,1833.68,94445.58476891
2021-03-09,1834.19,1872.34,1796.34,1872.34,72160.27179686
2021-03-10,1872.33,1879.37,1758.12,1795.79,82155.32353417
2021-03-11,1795.44,1847.73,1724.65,1826.87,71185.38407176
2021-03-12,1826.92,1840.64,1722.02,1767.06,60538.00794603
2021-03-13,1767.77,1942.71,1727.7,1920.17,85219.27581306
2021-03-14,1920.98,1930.85,1838.25,1847.8,56996.94311728
2021-03-15,1847.8,1890.99,1735.72,1793.23,72686.99002779
2021-03-16,1794.11,1818.0,1712.03,1805.14,49192.41490951
2021-03-17,1805.69,1839.54,1743.01,1823.76,47484.9695159
2021-03-18,1824.4,1849.0,1759.79,1776.57,44571.04879466
2021-03-19,1776.57,1839.98,1731.4,1810.38,39611.81086877
2021-03-20,1810.38,1868.48,1801.38,1805.0,33257.71400199
2021-03-21,1804.11,1816.48,1747.95,1784.29,33175.76844371
2021-03-22,1784.42,1807.97,1657.26,1681.63,62468.51722298
2021-03-23,1681.21,1720.9,1652.0,1668.4,43768.02657968
2021-03-24,1668.26,1740.91,1544.8,1582.0,71432.09191483
2021-03-25,1582.0,1620.82,1550.0,1586.77,42423.53517339
2021-03-26,1586.8,1699.96,1586.8,1699.89,31573.65031122
2021-03-27,1699.62,1731.7,1668.0,1713.31,31540.21878948
2021-03-28,1715.0,1724.63,1661.9,1685.98,30498.19572262
2021-03-29,1685.98,1841.8,1677.0,1816.31,69522.59451
2021-03-30,1816.4,1859.0,1787.0,1841.69,42076.67905523
2021-03-31,1841.75,1947.96,1771.12,1918.89,85079.79330855
2021-04-01,1919.47,1982.75,1885.47,1968.04,55882.25667852
2021-04-02,1968.29,2143.99,1950.12,2134.29,78982.28557849
2021-04-03,2134.65,2138.87,2002.46,2010.78,53221.65467075
2021-04-04,2010.77,2091.55,1981.0,2076.53,37623.64355363
2021-04-05,2076.18,2129.92,2003.55,2107.51,57381.0985842
2021-04-06,2108.02,2150.0,2045.67,2112.59,54514.39809166
2021-04-07,2112.59,2128.0,1930.18,1961.94,73957.70188507
2021-04-08,1962.81,2084.46,1950.0,2081.15,46783.80794969
2021-04-09,2080.63,2100.65,2050.0,2066.36,29939.68909338
2021-04-10,2066.64,2195.46,2057.35,2134.14,59346.1106693
2021-04-11,2133.99,2163.94,2113.32,2148.99,28665.07954839
2021-04-12,2149.0,2200.0,2102.0,2137.61,44459.0537495
2021-04-13,2137.11,2315.1,2136.35,2299.66,65680.67013392
2021-04-14,2299.91,2445.0,2283.16,2432.04,75210.69407211
2021-04-15,2432.03,2545.0,2401.14,2517.58,72650.34010379
2021-04-16,2517.11,2548.53,2308.0,2426.14,94809.86739435
2021-04-17,2425.99,2496.82,2315.55,2318.27,55680.76905993
2021-04-18,2319.15,2339.78,1950.0,2119.86,135800.62497619
