2019-12-23,0.905,0.905,0.899,0.8998,193563.05158413
2019-12-24,0.8998,0.9055,0.898,0.9038,176051.23022621
2019-12-25,0.9038,0.9045,0.898,0.9,241536.99392423
2019-12-26,0.9,0.9022,0.898,0.899,49470.99531568
2019-12-27,0.899,0.902,0.89,0.8936,596705.19019128
2019-12-28,0.8936,0.8991,0.8911,0.8953,321012.05036612
2019-12-29,0.8953,0.896,0.889,0.895,139928.08398055
2019-12-30,0.895,0.8962,0.889,0.8904,253150.09967246
2019-12-31,0.8904,0.895,0.8818,0.89,181384.02531843
2020-01-01,0.89,0.895,0.8865,0.8874,75006.37313241
2020-01-02,0.8874,0.8954,0.887,0.8936,148645.4738363
2020-01-03,0.8936,0.8972,0.86,0.8946,556635.05213367
2020-01-04,0.8946,0.8972,0.8602,0.895,92462.75852532
2020-01-05,0.895,0.8985,0.88,0.8956,296286.0656483
2020-01-06,0.8956,0.8976,0.8912,0.8946,405693.53105758
2020-01-07,0.8946,0.9007,0.889,0.8966,646738.45834999
2020-01-08,0.8966,0.9,0.8938,0.9,263936.98952828
2020-01-09,0.9,0.9026,0.895,0.898,531109.89786474
2020-01-10,0.898,0.9026,0.8951,0.9,305033.18053945
2020-01-11,0.9,0.9009,0.8963,0.8999,42746.50874592
2020-01-12,0.8999,0.8999,0.8962,0.8992,162279.10515331
2020-01-13,0.8992,0.9005,0.8964,0.9002,306120.76061906
2020-01-14,0.9002,0.9016,0.896,0.8987,712313.3498442
2020-01-15,0.8987,0.902,0.892,0.899,1117533.25589938
2020-01-16,0.8991,0.8998,0.8937,0.8964,165580.22399275
2020-01-17,0.8964,0.9006,0.89,0.9006,854251.15312651
2020-01-18,0.9006,0.902,0.8953,0.9013,248475.54763278
2020-01-19,0.9013,0.9039,0.8918,0.9001,551901.85489236
2020-01-20,0.9001,0.9032,0.89,0.9019,1063132.52745655
2020-01-21,0.9019,0.9019,0.8922,0.9012,650315.19306868
2020-01-22,0.9012,0.9014,0.8926,0.8986,252576.89085593
2020-01-23,0.8986,0.9024,0.8949,0.9024,487499.41094876
2020-01-24,0.9024,0.907,0.901,0.9067,394300.1845169
2020-01-25,0.9067,0.908,0.9022,0.9075,256953.636425
2020-01-26,0.9075,0.9075,0.9011,0.9046,286528.19193204
2020-01-27,0.9046,0.9078,0.9023,0.9058,287415.05995309
2020-01-28,0.9058,0.9094,0.901,0.9074,908671.01076772
2020-01-29,0.9074,0.909,0.902,0.9081,455097.34008909
2020-01-30,0.9081,0.9081,0.9025,0.9055,660907.17236998
2020-01-31,0.9055,0.9072,0.8999,0.9012,343392.32570284
2020-02-01,0.9012,0.9026,0.899,0.8997,157805.0016494
2020-02-02,0.8997,0.9024,0.899,0.9015,472927.27870555
2020-02-03,0.9015,0.9051,0.899,0.9046,658466.59312799
2020-02-04,0.9046,0.907,0.9,0.904,659839.02933942
2020-02-05,0.904,0.9096,0.9,0.9076,996898.14324404
2020-02-06,0.9076,0.9126,0.9037,0.9099,1123410.15542751
2020-02-07,0.9099,0.9149,0.901,0.9131,846430.30811895
2020-02-08,0.9131,0.9151,0.9122,0.9143,858736.12415231
2020-02-09,0.9149,0.9166,0.9107,0.914,697701.66650829
2020-02-10,0.914,0.9193,0.908,0.916,1363157.86548135
2020-02-11,0.916,0.931,0.9113,0.9196,1852085.98048372
2020-02-12,0.9196,0.9247,0.9156,0.9227,1810071.88974309
2020-02-13,0.9227,0.9265,0.9155,0.9232,1249079.29961766
2020-02-14,0.9232,1.048,0.89,0.9246,1766707.47079961
2020-02-15,0.9246,0.928,0.9188,0.9253,968687.26678392
2020-02-16,0.9253,0.9278,0.9202,0.9238,927708.07342565
2020-02-17,0.9238,0.9276,0.922,0.9245,1263800.30192361
2020-02-18,0.9245,0.931,0.9213,0.9297,1286263.28485284
2020-02-19,0.9297,0.9313,0.9259,0.9274,1410850.40520766
2020-02-20,0.9274,0.9302,0.9251,0.9286,1098020.28325784
2020-02-21,0.9286,0.931,0.9227,0.9242,1145065.2459149
2020-02-22,0.9242,0.9257,0.9219,0.9245,512958.93014169
2020-02-23,0.9245,0.926,0.9192,0.9253,804678.98912222
2020-02-24,0.9253,0.9275,0.9201,0.9232,805384.82946201
2020-02-25,0.9232,0.9247,0.9177,0.9188,1143512.40683616
2020-02-26,0.9196,0.9231,0.9153,0.9195,2050328.54523566
2020-02-27,0.9195,0.9204,0.9076,0.9091,2164929.69303133
2020-02-28,0.9091,0.9138,0.9035,0.9078,1737340.34340009
2020-02-29,0.9078,0.91,0.9071,0.9083,636572.05205271
2020-03-01,0.9086,0.909,0.9022,0.9043,757189.30958276
2020-03-02,0.9037,0.9085,0.8964,0.8988,1782283.86799933
2020-03-03,0.8986,0.91,0.8946,0.8978,1204084.47964415
2020-03-04,0.8978,0.9064,0.8947,0.8992,962697.02103745
2020-03-05,0.8992,0.9008,0.8908,0.8926,1740190.73010352
2020-03-06,0.8926,0.8964,0.8841,0.8888,1006078.68608296
2020-03-07,0.8888,0.8904,0.8866,0.8883,314959.91322536
2020-03-08,0.8883,0.8935,0.879,0.8798,1216272.05694031
2020-03-09,0.8798,0.8835,0.8611,0.8765,2517764.78929603
2020-03-10,0.8765,0.8882,0.8752,0.885,1136391.21578094
2020-03-11,0.885,0.8897,0.866,0.8879,1901586.94210477
2020-03-12,0.8879,0.9112,0.8813,0.9079,5194509.40314041
2020-03-13,0.9078,0.9831,0.8791,0.9137,3790217.31629541
2020-03-14,0.9137,0.9236,0.9032,0.9153,528440.47407181
2020-03-15,0.9153,1.0011,0.8951,0.9,664586.31866695
2020-03-16,0.9,0.9075,0.8909,0.8991,2417181.19373218
2020-03-17,0.8991,0.929,0.8911,0.916,1883500.03056398
2020-03-18,0.916,0.9435,0.9118,0.9171,1402198.55372037
2020-03-19,0.9171,0.95,0.9168,0.9453,1721345.86358993
2020-03-20,0.9453,0.9463,0.926,0.9373,1584159.9568698
2020-03-21,0.9373,0.9444,0.9358,0.943,460635.32115646
2020-03-22,0.943,0.945,0.9366,0.9385,444453.82839653
2020-03-23,0.9385,0.946,0.9271,0.9348,1515886.42872207
2020-03-24,0.9348,0.9361,0.926,0.9293,1718586.15798265
2020-03-25,0.9293,0.949,0.9217,0.9228,1729691.20377333
2020-03-26,0.9228,0.9234,0.9061,0.909,1000751.93016443
2020-03-27,0.909,0.9166,0.9,0.9025,1359459.76242423
2020-03-28,0.9025,0.9065,0.9002,0.9024,536307.45306312
2020-03-29,0.9024,0.903,0.8955,0.8994,406388.39374311
2020-03-30,0.8994,0.9121,0.8989,0.9083,1125697.50589086
2020-03-31,0.9083,0.9192,0.9073,0.9094,818211.64335209
2020-04-01,0.9106,0.9201,0.908,0.9159,867708.7261833
2020-04-02,0.9159,0.949,0.9125,0.922,1541094.90252864
2020-04-03,0.922,0.9295,0.9209,0.928,1108053.48912517
2020-04-04,0.928,0.9299,0.9263,0.9289,356871.67807337
2020-04-05,0.9289,0.929,0.9263,0.927,216227.53837956
2020-04-06,0.927,0.9309,0.9219,0.9276,976218.43460954
2020-04-07,0.9276,0.929,0.9174,0.9188,1083738.3590348
2020-04-08,0.9188,0.9241,0.9181,0.9228,996780.17955494
2020-04-09,0.9228,0.9243,0.9154,0.918,861561.82106688
2020-04-10,0.918,0.9191,0.9144,0.916,612071.72747604
2020-04-11,0.916,0.9192,0.9124,0.9182,245258.7198336
2020-04-12,0.9182,0.92,0.9147,0.9178,416032.6584194
2020-04-13,0.9178,0.9206,0.9121,0.9177,591822.57612722
2020-04-14,0.9177,0.9199,0.9113,0.9128,879562.61639682
2020-04-15,0.9128,0.9232,0.9118,0.919,1368494.66683622
2020-04-16,0.919,0.9244,0.9175,0.9224,1817363.52046819
2020-04-17,0.9224,0.929,0.919,0.9216,1330802.68223413
2020-04-18,0.9216,0.926,0.918,0.9219,1059463.98385797
2020-04-19,0.9219,0.924,0.9203,0.9222,373501.63164279
2020-04-20,0.9222,0.9258,0.92,0.9241,1451612.85644651
2020-04-21,0.9241,0.9324,0.9214,0.9229,1479209.21098743
2020-04-22,0.9229,0.9269,0.9215,0.9249,1734623.76271289
2020-04-23,0.9249,0.932,0.9208,0.9265,1224234.0832903
2020-04-24,0.9265,0.9337,0.9242,0.9262,1186586.4111872
2020-04-25,0.9262,0.9283,0.922,0.9262,585467.15083464
2020-04-26,0.9262,0.9289,0.9248,0.9257,391397.10606095
2020-04-27,0.9257,0.928,0.895,0.9258,1865536.3906664
2020-04-28,0.926,0.9278,0.9193,0.9266,1658772.80052013
2020-04-29,0.9266,0.9276,0.92,0.9209,2398516.78281851
2020-04-30,0.9209,0.9262,0.9116,0.9171,2344597.10848765
2020-05-01,0.9171,0.93,0.9094,0.911,854135.97288923
2020-05-02,0.911,0.9152,0.91,0.9124,717334.48327056
2020-05-03,0.9124,0.9154,0.91,0.9143,937857.93483072
2020-05-04,0.9143,0.921,0.9079,0.9179,1816935.92878731
2020-05-05,0.9179,0.949,0.9169,0.9241,1435618.40277393
2020-05-06,0.9241,0.9309,0.9233,0.9279,1220024.40500453
2020-05-07,0.9279,0.9328,0.9205,0.9244,1223661.25566999
2020-05-08,0.9234,0.9303,0.92,0.9243,1713809.72749296
2020-05-09,0.9243,0.9254,0.9208,0.9243,686426.59591875
2020-05-10,0.9243,0.935,0.922,0.9255,2418460.84009813
2020-05-11,0.9255,0.9298,0.9221,0.9274,1283730.01968014
2020-05-12,0.9274,0.9287,0.922,0.9241,1441779.01776067
2020-05-13,0.9241,0.929,0.92,0.9264,2507280.05368662
2020-05-14,0.9264,0.934,0.9239,0.9252,1396886.12999608
2020-05-15,0.9252,0.9286,0.9179,0.9239,1137366.79198191
2020-05-16,0.9239,0.9264,0.9229,0.924,318824.6250491
2020-05-17,0.924,0.9255,0.9177,0.9225,693845.4105311
2020-05-18,0.9225,0.9285,0.9126,0.9163,906891.31728167
2020-05-19,0.9163,0.9222,0.9106,0.9157,1056074.10008821
2020-05-20,0.9157,0.92,0.9105,0.9122,1665695.50561786
2020-05-21,0.9122,0.919,0.9076,0.9142,1540102.75351534
2020-05-22,0.9142,0.9204,0.9132,0.9173,1196353.6345136
2020-05-23,0.9173,0.9203,0.9168,0.9182,266798.53227421
2020-05-24,0.9173,0.9199,0.9164,0.9172,443142.34503765
2020-05-25,0.9172,0.9217,0.9169,0.918,699454.20178855
2020-05-26,0.918,0.919,0.9112,0.9126,884171.71414596
2020-05-27,0.9126,0.916,0.9074,0.909,840781.81106946
2020-05-28,0.909,0.9117,0.9009,0.9018,729442.89982685
2020-05-29,0.9018,0.9177,0.8965,0.902,3297847.90496684
2020-05-30,0.902,0.902,0.8978,0.8981,422546.90809823
2020-05-31,0.8981,0.9023,0.8975,0.9006,510837.03290546
2020-06-01,0.9006,0.9021,0.8918,0.8929,2031802.31276087
2020-06-02,0.8929,0.9045,0.89,0.8957,2170894.73460533
2020-06-03,0.8957,0.8971,0.8898,0.8903,1235663.99386356
2020-06-04,0.8903,0.8975,0.8802,0.8818,1792246.16635285
2020-06-05,0.8818,0.889,0.8797,0.8873,1563127.27394757
2020-06-06,0.8873,0.8888,0.8851,0.8867,783694.81364081
2020-06-07,0.8867,0.8907,0.8527,0.8843,1385103.39718632
2020-06-08,0.8845,0.888,0.8838,0.8842,821137.96336222
2020-06-09,0.8842,0.8905,0.881,0.8836,1531645.95552557
2020-06-10,0.8835,0.887,0.876,0.8806,1484765.09550174
2020-06-11,0.8806,0.8866,0.8764,0.8857,2343982.18687084
2020-06-12,0.8857,0.8912,0.8833,0.8891,1850824.8153782
2020-06-13,0.8891,0.8896,0.8872,0.8886,230770.36411582
2020-06-14,0.8887,0.89,0.8872,0.8879,297186.09906504
2020-06-15,0.8879,0.8959,0.8823,0.8829,2709658.55892267
2020-06-16,0.8829,0.8907,0.8802,0.888,4683347.37904947
2020-06-17,0.8871,0.8932,0.8855,0.8895,3534478.59478964
2020-06-18,0.8896,0.8977,0.8879,0.8922,4177512.24249932
2020-06-19,0.8922,0.8966,0.8888,0.8942,3331134.18096184
2020-06-20,0.8942,0.8974,0.8926,0.8942,705931.65715819
2020-06-21,0.8942,0.8953,0.893,0.8941,745791.7620568
2020-06-22,0.8941,0.895,0.8845,0.8868,3340536.2363049
2020-06-23,0.8868,0.8902,0.8828,0.8849,3266760.38822096
2020-06-24,0.8844,0.893,0.8832,0.8892,4439043.92204103
2020-06-25,0.8888,0.8945,0.8879,0.8914,3530824.95330371
2020-06-26,0.8914,0.8945,0.89,0.8917,2777812.33934364
2020-06-27,0.8918,0.8965,0.8911,0.8927,1603580.43603643
2020-06-28,0.8927,0.8942,0.8904,0.8908,746869.05461743
2020-06-29,0.8908,0.8925,0.8865,0.889,3865362.90256954
2020-06-30,0.8887,0.8973,0.8882,0.891,3555238.26836077
2020-07-01,0.891,0.8949,0.8885,0.8899,2908679.50898699
2020-07-02,0.8899,0.8979,0.8867,0.8915,3956615.19831417
2020-07-03,0.8915,0.8937,0.8897,0.8909,2974295.41552154
2020-07-04,0.8905,0.8918,0.8883,0.8898,838675.33457799
2020-07-05,0.8898,0.8919,0.889,0.8905,1022462.1514902
2020-07-06,0.8905,0.8905,0.8809,0.8842,2873705.18304626
2020-07-07,0.8842,0.89,0.8825,0.8887,2851048.06686742
2020-07-08,0.8887,1.024,0.8815,0.8843,5216595.81686873
2020-07-09,0.8839,0.8924,0.881,0.8877,3444311.29231044
2020-07-10,0.8877,0.8898,0.8848,0.8858,61265.33651729
2020-07-11,0.8856,0.8879,0.885,0.8872,702351.53747013
2020-07-12,0.8866,0.8876,0.8845,0.8853,1368783.72541477
2020-07-13,0.8853,0.8864,0.8798,0.8819,5315857.2043228
2020-07-14,0.8821,0.8846,0.8765,0.8778,5671156.76800072
2020-07-15,0.8778,0.8789,0.8731,0.8755,3702703.63575231
2020-07-16,0.8755,0.88,0.8721,0.878,5233626.31331003
2020-07-17,0.878,0.879,0.8751,0.8759,4334944.1185227
2020-07-18,0.8759,0.8782,0.8751,0.8775,2320010.24198628
2020-07-19,0.8775,0.878,0.874,0.8757,1627137.45521155
2020-07-20,0.8757,0.8786,0.873,0.8745,3708101.38581752
2020-07-21,0.8745,0.8772,0.8625,0.8688,5225199.01209298
2020-07-22,0.8691,0.8727,0.8613,0.8655,4930312.14179821
2020-07-23,0.8655,0.8709,0.8627,0.8646,4576503.89672606
2020-07-24,0.8636,0.87,0.86,0.8609,3772939.99385755
2020-07-25,0.8609,0.9045,0.8588,0.86,3099757.64241523
2020-07-26,0.86,0.8612,0.8546,0.8588,3720743.31051978
2020-07-27,0.8588,0.8588,0.851,0.8517,6865946.66263665
2020-07-28,0.852,0.8591,0.851,0.8547,6722698.10610351
2020-07-29,0.8547,0.8556,0.8487,0.8505,6751693.33953414
2020-07-30,0.8505,0.8572,0.844,0.8446,4227236.54989644
2020-07-31,0.8446,0.8544,0.8419,0.8501,2601625.54785456
2020-08-01,0.8504,0.8536,0.8478,0.851,4123780.7433634
2020-08-02,0.8507,0.87,0.8481,0.8492,6371481.39739713
2020-08-03,0.8491,0.8564,0.8431,0.852,5791066.56250215
2020-08-04,0.852,0.8584,0.8461,0.8479,6708394.04505915
2020-08-05,0.8479,0.8496,0.8405,0.8438,5930108.92493345
2020-08-06,0.8438,0.8491,0.8402,0.8437,8383415.10320046
2020-08-07,0.8437,0.8543,0.8428,0.8505,6532159.6522317
2020-08-08,0.8505,0.8524,0.8474,0.8486,4587076.65301179
2020-08-09,0.8486,0.8519,0.848,0.85,3892762.59450587
2020-08-10,0.8496,0.8552,0.8428,0.853,13474668.31597169
2020-08-11,0.8527,0.8549,0.849,0.8531,10092078.18521377
2020-08-12,0.8531,0.855,0.8481,0.8493,8473179.90816347
2020-08-13,0.8493,0.8497,0.8425,0.8464,9211388.11952106
2020-08-14,0.8464,0.8519,0.844,0.8469,9051214.23843207
2020-08-15,0.8468,0.8479,0.8444,0.8453,4803691.8861171
2020-08-16,0.8453,0.8475,0.8416,0.8446,5421148.09170775
2020-08-17,0.8448,0.85,0.84,0.8436,9607684.31818969
2020-08-18,0.8436,0.845,0.8379,0.8392,11854834.33139154
2020-08-19,0.8393,0.8473,0.8363,0.8463,9981347.64276429
2020-08-20,0.8462,0.8495,0.8366,0.844,8104377.32691498
2020-08-21,0.844,0.8564,0.8427,0.85,10707073.70166821
2020-08-22,0.85,0.8523,0.8481,0.8494,6084123.80328219
2020-08-23,0.8493,0.851,0.8484,0.8492,4291066.5126493
2020-08-24,0.8492,0.8506,0.8405,0.8489,7582604.21302372
2020-08-25,0.8489,0.8528,0.845,0.8466,8964505.83597846
2020-08-26,0.8466,0.8512,0.8425,0.8456,9720342.7409294
2020-08-27,0.8456,0.851,0.8431,0.848,11158113.41735666
2020-08-28,0.848,0.8488,0.8413,0.8418,7784401.42513827
2020-08-29,0.8418,0.844,0.841,0.8422,3744427.50318041
2020-08-30,0.8422,0.8434,0.8394,0.8397,4660788.88936566
2020-08-31,0.8397,0.843,0.836,0.8389,8751973.19335794
2020-09-01,0.8389,0.8414,0.8311,0.8385,10105771.26821504
2020-09-02,0.8385,0.851,0.8385,0.8464,12577147.97365912
2020-09-03,0.8463,0.8525,0.8451,0.8474,14438680.12445593
2020-09-04,0.8474,0.8526,0.8422,0.8471,13671467.02807759
2020-09-05,0.8471,0.8503,0.8453,0.8462,7681831.0386794
2020-09-06,0.8462,0.8484,0.8423,0.8463,4467264.94483852
2020-09-07,0.8463,0.8504,0.8453,0.8474,8474234.39558228
2020-09-08,0.8474,0.8533,0.8472,0.8515,11413903.67321007
2020-09-09,0.8513,0.854,0.847,0.8485,8405528.73546422
2020-09-10,0.8485,0.8497,0.8418,0.8473,8823578.55365929
2020-09-11,0.8473,0.8488,0.8442,0.846,7438081.78026008
2020-09-12,0.846,0.8479,0.8446,0.8456,2158063.31117053
2020-09-13,0.8456,0.8483,0.8431,0.846,3679501.75780476
2020-09-14,0.8462,0.8474,0.8422,0.8446,7261456.0899788
2020-09-15,0.8446,0.8464,0.835,0.8454,5860746.33772643
2020-09-16,0.8454,0.8495,0.84,0.8484,11094363.25269275
2020-09-17,0.8482,0.8522,0.8446,0.8453,6723265.30184688
2020-09-18,0.8454,0.848,0.8392,0.846,8143785.61294949
2020-09-19,0.846,0.848,0.8445,0.8453,2060487.19296826
2020-09-20,0.8453,0.8482,0.8445,0.8456,2312868.02071615
2020-09-21,0.8456,0.8538,0.8429,0.8513,8635673.79451827
2020-09-22,0.8513,0.8587,0.85,0.8552,7376891.45287741
2020-09-23,0.8552,0.8601,0.8525,0.8585,7020417.96930723
2020-09-24,0.8583,0.8628,0.8552,0.8562,6798507.58855171
2020-09-25,0.8562,0.8631,0.8555,0.8601,7267642.8744867
2020-09-26,0.8604,0.8628,0.8593,0.8605,1566640.38191489
2020-09-27,0.8605,0.8628,0.8588,0.8602,1821475.77796278
2020-09-28,0.8602,0.8628,0.855,0.8568,8758232.61596689
2020-09-29,0.8568,0.8599,0.85,0.8521,8981843.96456778
2020-09-30,0.8521,0.8575,0.8508,0.8531,7359004.97028992
2020-10-01,0.8533,0.8573,0.8501,0.8527,8214097.12428067
2020-10-02,0.8525,0.856,0.8522,0.8551,7591972.96846777
2020-10-03,0.8551,0.858,0.8523,0.856,2629667.9500427
2020-10-04,0.8559,0.8565,0.853,0.854,1387253.41184524
2020-10-05,0.8538,0.8559,0.8476,0.8481,6096811.40632336
2020-10-06,0.8478,0.8526,0.8398,0.8516,7555201.1054171
2020-10-07,0.8518,0.8535,0.8483,0.8499,6964671.38680038
2020-10-08,0.85,0.855,0.8461,0.8507,8032871.90355871
2020-10-09,0.8506,0.8518,0.8435,0.8458,8838856.61294147
2020-10-10,0.8458,0.8459,0.8423,0.8429,2088225.49141808
2020-10-11,0.8427,0.8467,0.8423,0.8467,1882663.68028465
2020-10-12,0.8466,0.8515,0.8448,0.8457,7401414.12345426
2020-10-13,0.8458,0.8537,0.8457,0.8525,8561206.87634914
2020-10-14,0.8524,0.8555,0.8487,0.8532,8515303.90814099
2020-10-15,0.8532,0.8568,0.8509,0.8546,7277545.01816673
2020-10-16,0.8544,0.8577,0.8525,0.8547,7886060.22315628
2020-10-17,0.8547,0.8571,0.8515,0.8544,1973229.17175269
2020-10-18,0.8543,0.8565,0.8525,0.8545,1604108.29111471
2020-10-19,0.8544,0.8553,0.8464,0.8491,7786730.83821377
2020-10-20,0.849,0.8516,0.8426,0.846,7713885.8644126
2020-10-21,0.8462,0.847,0.8406,0.8423,8330699.10091053
2020-10-22,0.8419,0.8497,0.8406,0.8463,10507525.26344286
2020-10-23,0.8464,0.8498,0.8413,0.8416,5883026.70026134
2020-10-24,0.8418,0.846,0.8401,0.8409,1749360.61116125
2020-10-25,0.8409,0.8458,0.8394,0.8437,2889390.75047747
2020-10-26,0.8437,0.8505,0.8431,0.8475,6002994.67245654
2020-10-27,0.8477,0.8507,0.8454,0.8491,8567605.91794869
2020-10-28,0.8494,0.8548,0.8454,0.8521,9472471.44401186
2020-10-29,0.8521,0.8596,0.8509,0.8569,8428021.34572888
2020-10-30,0.8568,0.8598,0.8524,0.8583,7489224.48310527
2020-10-31,0.8583,0.8598,0.8562,0.8586,3305254.92077988
2020-11-01,0.8584,0.8598,0.8578,0.859,1625669.60346042
2020-11-02,0.859,0.8642,0.8582,0.8598,7435289.68978952
2020-11-03,0.8598,0.8603,0.8505,0.8508,8293365.72845515
2020-11-04,0.8507,0.86,0.8502,0.8529,10988989.44124558
2020-11-05,0.8531,0.8538,0.844,0.8458,12837669.03031067
2020-11-06,0.8459,0.8481,0.842,0.8445,9731782.61135328
2020-11-07,0.8445,0.846,0.8329,0.8395,7767980.4637246
2020-11-08,0.8397,0.8435,0.8387,0.8394,5014649.01909724
2020-11-09,0.8395,0.848,0.8385,0.8455,10251210.15484765
2020-11-10,0.8452,0.851,0.8446,0.8479,9146196.15848731
2020-11-11,0.8477,0.8525,0.8462,0.8492,10889829.41547262
2020-11-12,0.8491,0.98,0.8469,0.8479,14350847.67884476
2020-11-13,0.848,0.855,0.8448,0.8454,11551828.73240686
2020-11-14,0.8453,0.8507,0.8451,0.8462,4106272.36176857
2020-11-15,0.8461,0.8543,0.8457,0.8458,3428515.55257311
2020-11-16,0.8458,0.8518,0.8433,0.8437,10600020.95521252
2020-11-17,0.8438,0.8458,0.842,0.8428,12785218.30557456
2020-11-18,0.8426,0.8472,0.8387,0.8439,18243895.72882021
2020-11-19,0.844,0.8485,0.8421,0.8443,12499774.73409943
2020-11-20,0.8443,0.98,0.8419,0.8434,14900855.16135102
2020-11-21,0.8434,0.8463,0.8404,0.8413,9550600.92335238
2020-11-22,0.8415,0.8443,0.8362,0.8412,12261511.15371321
2020-11-23,0.8416,0.8491,0.8378,0.8443,16887965.10722537
2020-11-24,0.8442,0.8468,0.8381,0.8411,26217143.92180666
2020-11-25,0.841,0.8451,0.8389,0.8398,22426335.99634028
2020-11-26,0.8397,0.846,0.835,0.84,30944008.37649855
2020-11-27,0.8402,0.8448,0.835,0.8369,15282410.79403725
2020-11-28,0.8369,0.8412,0.8361,0.8372,9690576.99441368
2020-11-29,0.8372,0.8391,0.8365,0.8365,7021745.88205668
2020-11-30,0.8365,0.8408,0.8174,0.8348,22093062.19045078
2020-12-01,0.8348,0.84,0.829,0.8298,23727441.24820832
2020-12-02,0.83,0.8317,0.8253,0.826,13814381.32805426
2020-12-03,0.8261,0.8295,0.8214,0.8243,18330569.96040483
2020-12-04,0.8244,0.8265,0.715,0.826,23076852.10832734
2020-12-05,0.8258,0.8288,0.8202,0.8257,6758645.78540064
2020-12-06,0.8257,0.827,0.8222,0.8251,3568826.62344399
2020-12-07,0.8253,0.83,0.8215,0.8257,12780666.1688279
2020-12-08,0.8258,0.828,0.8248,0.8259,14938698.68657658
2020-12-09,0.8259,0.8297,0.823,0.8292,26498396.20926505
2020-12-10,0.829,0.8297,0.8228,0.8242,24891911.23957894
2020-12-11,0.8239,0.8275,0.8228,0.826,24610577.2455348
2020-12-12,0.826,0.8282,0.8233,0.8266,4719740.92409933
2020-12-13,0.8267,0.829,0.8213,0.8232,4746463.74618852
2020-12-14,0.8232,0.8244,0.8168,0.8223,10031683.18671459
2020-12-15,0.8226,0.8252,0.8189,0.8228,16718269.50833252
2020-12-16,0.8227,0.8241,0.8175,0.8195,18269061.50929679
2020-12-17,0.8195,0.8197,0.8101,0.8149,37975756.80856971
2020-12-18,0.8148,0.8179,0.8118,0.8158,15220680.59428804
2020-12-19,0.8159,0.817,0.8118,0.8132,6658721.01117943
2020-12-20,0.8128,0.8169,0.8101,0.8166,9401101.60447764
2020-12-21,0.8166,0.8243,0.8129,0.8179,22796474.95289775
2020-12-22,0.8177,0.8233,0.8161,0.8188,31016305.9251883
2020-12-23,0.819,0.8272,0.8179,0.8214,27656775.16798019
2020-12-24,0.8214,0.8246,0.8149,0.8204,21434356.52752634
2020-12-25,0.8204,0.822,0.8172,0.8195,11726841.9722814
2020-12-26,0.8195,0.8216,0.8161,0.8176,12489939.31223431
2020-12-27,0.8173,0.8182,0.8004,0.812,23593420.64652986
2020-12-28,0.8122,0.8202,0.8085,0.8168,30808691.93391176
2020-12-29,0.8168,0.8185,0.8134,0.8155,35118958.15646312
2020-12-30,0.8156,0.8177,0.8112,0.8133,32390587.29844018
2020-12-31,0.8135,0.8211,0.8101,0.8176,16532237.60612116
2021-01-01,0.8176,0.8224,0.8099,0.8181,18219364.99715818
2021-01-02,0.8184,0.819,0.74,0.8057,30491154.36397195
2021-01-03,0.8057,0.8068,0.78,0.7858,48900533.28754657
2021-01-04,0.7862,0.819,0.7701,0.8148,63009765.02375177
2021-01-05,0.8148,0.8178,0.8114,0.8135,41036947.76709573
2021-01-06,0.8135,0.8175,0.8099,0.8102,45852640.46436109
2021-01-07,0.8102,0.8186,0.7851,0.811,60225020.57791311
2021-01-08,0.811,0.8221,0.8074,0.8127,69446582.25188662
2021-01-09,0.8126,0.818,0.7984,0.8013,33543924.30168147
2021-01-10,0.8013,0.8143,0.79,0.8085,40098012.21157384
2021-01-11,0.8084,0.8451,0.8024,0.8222,68723966.43391614
2021-01-12,0.8222,0.8309,0.815,0.8197,56579546.88428785
2021-01-13,0.8198,0.8243,0.8167,0.8224,42470293.44618098
2021-01-14,0.8223,0.8315,0.8155,0.8216,42563110.80885693
2021-01-15,0.8217,0.83,0.8194,0.828,35429734.65802775
2021-01-16,0.828,0.83,0.8255,0.8278,30918638.83005981
2021-01-17,0.8278,0.839,0.8132,0.8274,30810495.17950857
2021-01-18,0.8274,0.8313,0.8237,0.8271,43106359.97125363
2021-01-19,0.8269,0.829,0.8235,0.8246,46623556.04206363
2021-01-20,0.8245,0.829,0.8227,0.825,60003006.59182354
2021-01-21,0.825,0.827,0.8169,0.8222,76591902.4855919
2021-01-22,0.8223,0.826,0.8194,0.8219,65783856.42006006
2021-01-23,0.8218,0.8255,0.8202,0.8224,15449732.89435937
2021-01-24,0.8225,0.8248,0.8197,0.8226,17205172.81968696
2021-01-25,0.8225,0.8283,0.8191,0.8249,44179211.77231733
2021-01-26,0.825,0.8289,0.8222,0.8224,53406798.41785088
2021-01-27,0.8223,0.83,0.8146,0.8279,48573684.73758353
2021-01-28,0.8278,0.8373,0.8241,0.8264,36505187.73863743
2021-01-29,0.8264,0.8295,0.8178,0.8247,65384090.6100424
2021-01-30,0.8247,0.8267,0.815,0.8245,36525703.28826949
2021-01-31,0.8244,0.9698,0.823,0.8262,32610440.2690655
2021-02-01,0.8263,0.8302,0.8202,0.829,48612196.79756504
2021-02-02,0.829,0.8332,0.8254,0.8311,35850663.10403052
2021-02-03,0.8309,0.8345,0.8285,0.8307,51793132.09456621
2021-02-04,0.8309,0.8379,0.8302,0.8364,40120461.85851233
2021-02-05,0.8365,0.8379,0.8297,0.8311,30390602.01616604
2021-02-06,0.8311,0.8337,0.8283,0.8319,27348250.81179387
2021-02-07,0.8317,0.8337,0.8299,0.832,39038882.72676034
2021-02-08,0.8319,0.8344,0.8269,0.8304,83834747.61965413
2021-02-09,0.8304,0.8307,0.8067,0.827,54322507.57441095
2021-02-10,0.827,0.8365,0.706,0.8268,70372506.70359886
2021-02-11,0.8268,0.828,0.8222,0.8253,76737671.74631368
2021-02-12,0.8252,0.8372,0.8219,0.8268,54587341.12795877
2021-02-13,0.8267,0.8309,0.8252,0.8282,33861828.57625399
2021-02-14,0.828,0.8299,0.82,0.8265,37223642.98690512
2021-02-15,0.8266,0.833,0.765,0.8253,92739949.38867514
2021-02-16,0.8254,0.831,0.8225,0.827,64574765.83436962
2021-02-17,0.827,0.8323,0.8262,0.8313,43020311.90525348
2021-02-18,0.8313,0.832,0.8262,0.8283,65745560.75880565
2021-02-19,0.8283,0.83,0.7501,0.8242,63061692.72081359
2021-02-20,0.8244,0.8283,0.817,0.8262,59864083.24564332
2021-02-21,0.8263,0.8269,0.8231,0.8253,31341350.5597397
2021-02-22,0.8252,0.83,0.8183,0.8237,83363815.96634628
2021-02-23,0.8235,0.829,0.82,0.8229,117058797.17114294
2021-02-24,0.8228,0.8295,0.8215,0.8236,112421046.98565482
2021-02-25,0.8238,0.825,0.8166,0.8238,63090645.8458239
2021-02-26,0.8239,0.83,0.822,0.8296,85181036.9186771
2021-02-27,0.8296,0.8334,0.8285,0.8321,37632909.37185887
2021-02-28,0.8321,0.836,0.7964,0.8286,72801025.4164628
2021-03-01,0.8288,0.834,0.801,0.8305,64877890.65314556
2021-03-02,0.8305,0.836,0.8275,0.8293,58061134.56628078
2021-03-03,0.8293,0.8329,0.8268,0.8314,45337574.05091416
2021-03-04,0.8314,0.8379,0.8252,0.8372,79622337.35742418
2021-03-05,0.8371,0.8429,0.8328,0.8392,73492510.76689805
2021-03-06,0.8392,0.85,0.8386,0.8393,13607455.32090684
2021-03-07,0.8394,0.8403,0.8366,0.8374,18757281.4726821
2021-03-08,0.8374,0.8459,0.8354,0.8424,45626296.26142007
2021-03-09,0.8424,0.8439,0.838,0.8406,66055945.41031395
2021-03-10,0.8406,0.8452,0.8372,0.8392,52456161.74504817
2021-03-11,0.8392,0.841,0.8312,0.834,53395700.00424757
2021-03-12,0.834,0.8409,0.8335,0.8352,43814873.05633559
2021-03-13,0.8352,0.8373,0.8173,0.821,56791728.30697193
2021-03-14,0.8213,0.8354,0.8198,0.8352,44084382.52894028
2021-03-15,0.8352,0.841,0.8339,0.8407,87496112.655301
2021-03-16,0.8405,0.8419,0.815,0.8403,74601905.91863424
2021-03-17,0.8404,0.8439,0.8332,0.8339,93860970.13165799
2021-03-18,0.8341,0.8412,0.8329,0.84,55926186.9922127
2021-03-19,0.84,0.8429,0.839,0.8413,66450716.74652975
2021-03-20,0.8413,0.8428,0.835,0.8405,27032805.87628859
2021-03-21,0.8405,0.8467,0.8405,0.8425,38162532.72117711
2021-03-22,0.8425,0.844,0.8373,0.8403,76922397.64219002
2021-03-23,0.8403,0.8455,0.8394,0.8453,82309965.42833184
2021-03-24,0.8453,0.8499,0.84,0.848,139998405.11040342
2021-03-25,0.8478,0.8513,0.7276,0.8508,117588959.83935887
2021-03-26,0.8507,0.8515,0.8463,0.8482,55675815.87780296
2021-03-27,0.8482,0.8507,0.846,0.8477,19420387.67247413
2021-03-28,0.8477,0.8498,0.8458,0.8485,22740641.39077797
2021-03-29,0.8485,0.851,0.8456,0.848,55259302.04782748
2021-03-30,0.8479,0.8543,0.8453,0.853,86893899.55740769
2021-03-31,0.853,0.8567,0.8498,0.8513,62894710.63625467
2021-04-01,0.8511,0.8538,0.8481,0.8493,69767766.46647543
2021-04-02,0.8493,0.8517,0.8461,0.8492,42429116.82998223
2021-04-03,0.849,0.8551,0.8452,0.8546,37783629.0454875
2021-04-04,0.8544,0.8572,0.8511,0.8511,30222830.11861803
2021-04-05,0.8513,0.8539,0.8451,0.8457,51115099.87783372
2021-04-06,0.8457,0.8486,0.8436,0.844,79083582.67370607
2021-04-07,0.8439,0.848,0.8406,0.844,113963078.08798479
2021-04-08,0.844,0.8454,0.8392,0.8396,100133013.6300755
2021-04-09,0.8398,0.8501,0.839,0.8415,53309312.98609037
2021-04-10,0.8415,0.8429,0.8287,0.8389,76671793.85611896
2021-04-11,0.8389,0.8404,0.8241,0.8395,27537700.74799229
2021-04-12,0.8395,0.842,0.8357,0.8379,101451290.4908005
2021-04-13,0.8378,0.8421,0.836,0.8367,108272900.7685387
2021-04-14,0.8367,0.8395,0.8342,0.8352,112822408.45836976
2021-04-15,0.8352,0.8385,0.8341,0.8367,81405622.7186536
2021-04-16,0.8367,0.842,0.8349,0.8367,144542058.3864244
2021-04-17,0.8367,0.8428,0.834,0.8426,62161881.26826733
2021-04-18,0.8426,0.87,0.8365,0.8398,176338676.48708332
2021-04-19,0.8398,0.8445,0.8317,0.8334,178159917.71631622
2021-04-20,0.8334,0.8412,0.8292,0.8326,124139952.94672292
2021-04-21,0.8327,0.8366,0.816,0.832,96221854.23395973
2021-04-22,0.8321,0.841,0.8284,0.8326,92152212.51986153
2021-04-23,0.8327,0.839,0.8267,0.8292,151073895.96198353
2021-04-24,0.8292,0.8376,0.8287,0.831,39598527.59292464
2021-04-25,0.831,0.8353,0.8215,0.8288,33071805.19745095
2021-04-26,0.8288,0.8316,0.8263,0.8284,119809852.20076609
2021-04-27,0.8284,0.833,0.8271,0.8284,98537235.88368116
2021-04-28,0.8284,0.8328,0.825,0.8252,74925282.99498637
2021-04-29,0.8252,0.828,0.824,0.8259,99659931.20065811
2021-04-30,0.8259,0.8332,0.821,0.8313,64488123.6211483
2021-05-01,0.8312,0.8333,0.8273,0.8305,35432533.75680432
2021-05-02,0.8305,0.8351,0.824,0.8325,24897312.9257735
2021-05-03,0.8325,0.8355,0.8222,0.8297,72174187.03830124
2021-05-04,0.8297,0.836,0.8292,0.8338,118833231.23191226
2021-05-05,0.8339,0.8365,0.8304,0.8313,129677992.98455928
2021-05-06,0.8314,0.8339,0.8,0.8295,130105388.20132948
2021-05-07,0.8296,0.8316,0.8225,0.8252,113108478.57100728
2021-05-08,0.8252,0.8308,0.8178,0.8241,57050717.69227702
2021-05-09,0.824,0.8284,0.8226,0.8229,57134085.88346114
2021-05-10,0.8229,0.83,0.8196,0.8257,130802955.27698463
2021-05-11,0.8257,0.8299,0.8209,0.8252,113183206.00890806
2021-05-12,0.8252,0.839,0.8241,0.8336,110733008.25923076
2021-05-13,0.8326,0.84,0.8271,0.8298,143516989.88577676
2021-05-14,0.8299,0.8315,0.8226,0.8264,140110506.23739317
2021-05-15,0.8263,0.8291,0.822,0.8255,37608430.61402413
2021-05-16,0.8255,0.8266,0.8136,0.8224,42372355.72114831
2021-05-17,0.8226,0.8282,0.8207,0.8232,160656169.16146266
2021-05-18,0.8232,0.8264,0.8168,0.821,125576168.99167444
2021-05-19,0.821,0.83,0.815,0.8257,215687266.19445804
2021-05-20,0.8259,0.83,0.817,0.8228,215720170.5882061
2021-05-21,0.8228,0.83,0.8185,0.8241,141272106.52652162
2021-05-22,0.8241,0.8277,0.8207,0.8237,48699215.28241676
2021-05-23,0.8237,0.8284,0.8198,0.8232,94793996.33996914
2021-05-24,0.8231,0.8268,0.8164,0.8216,125687567.48409481
2021-05-25,0.8216,0.8255,0.8139,0.8174,132704535.25614013
2021-05-26,0.8174,0.823,0.8164,0.8219,122167466.64413115
2021-05-27,0.8219,0.8242,0.819,0.8218,67524196.50707752
2021-05-28,0.8219,0.8259,0.82,0.8218,84983644.57236852
2021-05-29,0.8217,0.8259,0.8211,0.8237,22194461.86489696
2021-05-30,0.8235,0.8258,0.8213,0.8219,19585702.51180646
2021-05-31,0.8219,0.824,0.8178,0.8179,93458149.40206641
2021-06-01,0.818,0.82,0.8163,0.8183,93948532.47799647
2021-06-02,0.8185,0.8236,0.8176,0.8191,77532011.58370644
2021-06-03,0.8191,0.8268,0.8177,0.8247,53810599.79325429
2021-06-04,0.8247,0.828,0.8215,0.8242,69080539.66464075
2021-06-05,0.8241,0.8264,0.8237,0.825,16643948.41916981
2021-06-06,0.8249,0.8256,0.8228,0.8232,15988398.86816259
2021-06-07,0.8232,0.825,0.8188,0.8221,68258751.53273675
2021-06-08,0.8221,0.8245,0.8207,0.8226,97371164.63179208
2021-06-09,0.8226,0.8232,0.8195,0.8218,65393613.80931277
2021-06-10,0.8218,0.8245,0.8132,0.8222,70117388.91447468
2021-06-11,0.8222,0.829,0.8191,0.8258,59822976.97144759
2021-06-12,0.8259,0.8302,0.8253,0.8276,19237865.1107631
2021-06-13,0.8276,0.8294,0.8249,0.8256,29947745.13904363
2021-06-14,0.8256,0.8277,0.8238,0.8253,67954287.20410182
2021-06-15,0.8253,0.8266,0.8236,0.8251,44324358.62965663
2021-06-16,0.8251,0.8342,0.8223,0.8337,94891553.97359829
2021-06-17,0.8336,0.8545,0.8331,0.8401,49200356.5154162
2021-06-18,0.84,0.8456,0.8388,0.8449,58717310.4565489
2021-06-19,0.8449,0.8469,0.8436,0.8454,17464926.01968777
2021-06-20,0.8454,0.8478,0.8421,0.843,25746482.57175213
2021-06-21,0.843,0.8455,0.8359,0.8389,106014942.14097069
2021-06-22,0.8389,0.8423,0.8368,0.8394,93280291.55518933
2021-06-23,0.8394,0.8414,0.8365,0.8384,86424895.5855414
2021-06-24,0.8383,0.8484,0.8369,0.8377,60045527.85400783
2021-06-25,0.8377,0.8399,0.8354,0.8388,58729545.74085548
2021-06-26,0.8388,0.8416,0.8384,0.8384,14184871.77509469
2021-06-27,0.8384,0.8403,0.8361,0.8377,10925080.80723473
2021-06-28,0.8378,0.8407,0.8371,0.8379,47662857.48212288
2021-06-29,0.8379,0.8428,0.8378,0.8403,57461614.83703839
2021-06-30,0.8404,0.8449,0.8397,0.8437,54911410.16884262
2021-07-01,0.8437,0.8461,0.8411,0.8444,48868788.2920713
2021-07-02,0.8445,0.847,0.8422,0.8431,49611988.33708518
2021-07-03,0.8431,0.8454,0.8423,0.8425,11217894.99326133
2021-07-04,0.8425,0.844,0.841,0.8426,16582761.38419085
2021-07-05,0.8426,0.8446,0.8417,0.8433,40193650.58609822
2021-07-06,0.8434,0.8476,0.8411,0.8459,40012329.32179776
2021-07-07,0.8459,0.85,0.8447,0.8487,50955233.01234529
2021-07-08,0.8489,0.8497,0.8429,0.8443,68014243.36931026
2021-07-09,0.8442,0.8474,0.8415,0.8425,54564290.07627042
2021-07-10,0.8427,0.8443,0.8418,0.8428,18600166.37166397
2021-07-11,0.8427,0.8441,0.8416,0.8425,17566450.4015851
