2019-01-21,1.0011,1.0025,1.0,1.0016,340862.8276888
2019-01-22,1.0016,1.0026,1.0,1.0007,584049.23141602
2019-01-23,1.0014,1.0018,0.9997,1.0007,875078.39857533
2019-01-24,1.0007,1.0017,0.998,0.999,633471.49198073
2019-01-25,1.0,1.0008,0.9963,0.9963,91961.1446633
2019-01-26,0.9963,0.9963,0.9963,0.9963,0.0
2019-01-27,0.9956,0.9975,0.9936,0.9944,111014.79234105
2019-01-28,0.9942,1.0,0.993,0.999,931112.26007755
2019-01-29,0.999,1.0,0.9944,0.9959,604506.18965352
2019-01-30,0.9955,0.9998,0.9926,0.9937,909900.57989187
2019-01-31,0.9937,0.9965,0.9918,0.9934,474724.4853545
2019-02-01,0.9934,0.9938,0.9862,0.9922,453731.69983405
2019-02-02,0.9919,0.995,0.9894,0.9912,267069.54432936
2019-02-03,0.9915,0.992,0.9869,0.9884,184968.91168235
2019-02-04,0.9878,0.9891,0.9849,0.985,467135.18103777
2019-02-05,0.9855,0.99,0.9845,0.9883,737090.13137711
2019-02-06,0.9883,0.9883,0.9883,0.9883,0.0
2019-02-07,0.9884,0.9896,0.9867,0.9886,172679.78426177
2019-02-08,0.9886,0.9936,0.986,0.9892,793434.36604163
2019-02-09,0.9894,0.9906,0.988,0.9882,348875.31578495
2019-02-10,0.9891,0.9911,0.9889,0.9901,60876.92408293
2019-02-11,0.9919,0.9929,0.987,0.987,432347.01673531
2019-02-12,0.9879,0.9917,0.9861,0.9881,236558.34752348
2019-02-13,0.9883,0.9909,0.9877,0.9891,475238.12887987
2019-02-14,0.9897,0.9917,0.9885,0.9909,480201.44548598
2019-02-15,0.9909,0.9909,0.9909,0.9909,0.0
2019-02-16,0.9901,0.9921,0.9899,0.99,161414.8121835
2019-02-17,0.9899,0.9904,0.9875,0.9876,376865.71230101
2019-02-18,0.9873,0.9965,0.9861,0.994,342811.43721483
2019-02-19,0.9925,0.997,0.991,0.9921,402278.53983499
2019-02-20,0.9953,0.9965,0.9906,0.991,560747.19359495
2019-02-21,0.9917,0.9926,0.9895,0.9895,250229.02442373
2019-02-22,0.9896,0.9938,0.9895,0.9928,467837.75840754
2019-02-23,0.993,0.9982,0.992,0.9975,484933.20158067
2019-02-24,0.9962,0.9986,0.9926,0.9968,1019294.66023833
2019-02-25,0.9953,0.9976,0.9922,0.996,518478.14171509
2019-02-26,0.9962,0.9981,0.9938,0.996,335899.41245344
2019-02-27,0.9963,0.998,0.994,0.9941,472761.3546759
2019-02-28,0.9941,0.9941,0.9941,0.9941,0.0
2019-03-01,0.995,0.9961,0.9926,0.9956,249146.05934306
2019-03-02,0.9947,0.9968,0.9946,0.9967,80192.76136156
2019-03-03,0.996,0.9968,0.9939,0.994,77545.656426
2019-03-04,0.9943,0.9978,0.9935,0.9957,242431.06330754
2019-03-05,0.9954,0.9975,0.9945,0.9965,233542.6182919
2019-03-06,0.9968,0.9975,0.995,0.9958,289045.61793941
2019-03-07,0.996,0.9973,0.995,0.9955,321615.33957828
2019-03-08,0.9955,0.9966,0.993,0.9938,266603.24366489
2019-03-09,0.9938,0.9959,0.9932,0.9939,109347.23343417
2019-03-10,0.995,0.9965,0.9933,0.9949,59958.24315575
2019-03-11,0.995,0.9965,0.9934,0.9945,174263.23251908
2019-03-12,0.9958,0.9959,0.993,0.9941,313184.46880537
2019-03-13,0.9944,0.9965,0.993,0.9955,233973.9203092
2019-03-14,0.9958,0.9974,0.9932,0.9948,562290.09849743
2019-03-15,0.9944,0.9955,0.9915,0.9947,372257.9003613
2019-03-16,0.9936,0.997,0.9927,0.9961,171797.23397785
2019-03-17,0.9958,0.997,0.9941,0.9953,172210.74514424
2019-03-18,0.9945,0.9968,0.9936,0.9952,309147.4462468
2019-03-19,0.9954,0.9969,0.9935,0.9951,311499.38878035
2019-03-20,0.9957,0.9973,0.9942,0.9964,255815.89224498
2019-03-21,0.9971,0.9994,0.996,0.9978,392866.62474468
2019-03-22,0.9975,1.0,0.9963,0.9973,90323.85431437
2019-03-23,0.9978,0.999,0.9956,0.9956,293676.98910511
2019-03-24,0.9956,0.996,0.995,0.9953,98218.87804626
2019-03-25,0.995,0.997,0.993,0.9935,251923.39470065
2019-03-26,0.9931,0.9957,0.993,0.9949,199071.13057526
2019-03-27,0.9943,0.9982,0.9943,0.9964,250601.80790361
2019-03-28,0.9969,0.9974,0.9953,0.9972,97552.25686109
2019-03-29,0.9962,0.9972,0.9927,0.9964,295604.88915857
2019-03-30,0.9967,0.9986,0.9942,0.998,232641.12218214
2019-03-31,0.9969,0.998,0.9943,0.9975,150131.12853294
2019-04-01,0.9974,0.998,0.9953,0.9975,491222.42022726
2019-04-02,0.9985,1.014,0.997,1.0059,1424702.96497407
2019-04-03,1.0074,1.017,1.0025,1.0025,1517313.63142994
2019-04-04,1.0066,1.0073,1.0001,1.002,984982.4538388
2019-04-05,1.002,1.0059,1.0,1.005,292594.47616577
2019-04-06,1.0051,1.0059,1.0001,1.0001,323138.11063477
2019-04-07,1.0001,1.005,1.0001,1.0035,344272.75457722
2019-04-08,1.0007,1.01,1.0001,1.0064,380058.57899671
2019-04-09,1.0064,1.0064,1.0064,1.0064,0.0
2019-04-10,1.0068,1.0068,1.0013,1.0013,818693.80655469
2019-04-11,1.0024,1.0067,1.0016,1.0037,884027.75249955
2019-04-12,1.004,1.0058,1.0017,1.003,927526.21040179
2019-04-13,1.0026,1.0041,1.0022,1.0034,318520.71723043
2019-04-14,1.0032,1.0037,1.0025,1.0035,529242.11637976
2019-04-15,1.0035,1.0048,1.0005,1.0005,1006051.73091085
2019-04-16,1.0006,1.005,1.0,1.0038,266016.65380148
2019-04-17,1.0034,1.0052,1.0026,1.0026,935299.48947464
2019-04-18,1.0025,1.0041,1.002,1.0032,585426.45065236
2019-04-19,1.0032,1.0032,1.0032,1.0032,0.0
2019-04-20,1.0043,1.0044,1.0027,1.0031,99172.48335271
2019-04-21,1.003,1.0054,1.003,1.004,214787.98244
2019-04-22,1.0042,1.006,1.0032,1.004,714911.60745095
2019-04-23,1.004,1.0054,1.0027,1.0048,1153760.48668902
2019-04-24,1.0047,1.006,1.003,1.0032,949960.14774239
2019-04-25,1.0032,1.0034,0.9744,0.9807,3264349.03761256
2019-04-26,0.9809,0.9813,0.9551,0.9708,4614745.87256959
2019-04-27,0.9708,0.9772,0.96,0.976,198181.98296552
2019-04-28,0.976,0.9769,0.9701,0.9702,676719.11343022
2019-04-29,0.9702,0.9872,0.9702,0.9842,1596693.511003
2019-04-30,0.984,0.9948,0.9832,0.9896,2566543.87505958
2019-05-01,0.991,0.995,0.9856,0.9861,1953406.44139354
2019-05-02,0.9877,0.9895,0.98,0.9807,528661.80195139
2019-05-03,0.9805,0.9929,0.978,0.9831,973973.74559416
2019-05-04,0.9831,0.9949,0.9813,0.9905,787180.51408119
2019-05-05,0.9903,0.9937,0.9891,0.9908,430216.69826762
2019-05-06,0.9908,0.9916,0.9874,0.99,1273274.9297813
2019-05-07,0.9902,0.9932,0.985,0.985,1422648.15141449
2019-05-08,0.985,0.9931,0.983,0.9917,613710.93600006
2019-05-09,0.9931,0.997,0.9917,0.9946,1065802.43356803
2019-05-10,0.9953,1.0025,0.9939,0.9951,1844729.8922933
2019-05-11,0.9948,1000.0,0.9946,1.0053,910106.12031181
2019-05-12,1.0046,1.008,0.9969,0.9996,446667.50314695
2019-05-13,0.9999,1.0079,0.9951,1.0019,1462621.89644121
2019-05-14,1.0013,1.0038,0.9948,0.9987,1388333.10643842
2019-05-15,0.9984,1.0049,0.998,1.003,1612574.64945486
2019-05-16,1.003,1.0069,0.996,0.9999,2503328.63208005
2019-05-17,1.0001,1.0033,0.989,1.0015,2534509.4463572
2019-05-18,1.0013,1.004,1.0001,1.0036,840406.9910692
2019-05-19,1.0018,1.0078,1.0012,1.0053,675920.82547096
2019-05-20,1.0057,1.006,0.999,1.006,1248518.98348917
2019-05-21,1.006,1.0081,1.003,1.0044,942634.86652702
2019-05-22,1.0045,1.0046,1.0001,1.0001,945216.69949172
2019-05-23,1.0001,1.0041,1.0,1.0037,1126040.33008048
2019-05-24,1.0036,1.007,1.0025,1.003,396577.83027945
2019-05-25,1.003,1.007,1.0,1.0046,980791.98582012
2019-05-26,1.0036,1.0157,1.0023,1.0095,974144.64160832
2019-05-27,1.0095,1.0107,1.0006,1.0019,1807406.39387169
2019-05-28,1.002,1.005,1.0003,1.0012,892127.22798333
2019-05-29,1.0008,1.0029,0.9983,1.0016,2055586.07343209
2019-05-30,1.0016,1.0026,1.0,1.001,1670635.56772109
2019-05-31,1.001,1.001,1.001,1.001,0.0
2019-06-01,1.0002,1.0021,0.9985,1.0012,253866.78943369
2019-06-02,1.0007,1.0033,1.0004,1.0005,863827.44875959
2019-06-03,1.0009,1.0025,0.9976,0.9994,5892504.95500519
2019-06-04,0.9993,1.0006,0.9942,0.998,8443436.78069962
2019-06-05,0.998,1.0029,0.9976,1.0016,4052240.1813824
2019-06-06,1.0016,1.035,1.0004,1.0024,3324927.35104184
2019-06-07,1.002,1.0045,1.0013,1.0024,2904626.93813182
2019-06-08,1.0019,1.0041,1.0019,1.0038,899427.969605
2019-06-09,1.0034,1.004,1.001,1.0016,2245659.75735689
2019-06-10,1.0014,1.0049,1.0011,1.0039,2963521.47687621
2019-06-11,1.0039,1.005,1.0016,1.0033,4788755.76991511
2019-06-12,1.0031,1.007,1.0025,1.0035,8408126.88995614
2019-06-13,1.0035,1.0037,1.0015,1.0021,4691563.40527115
2019-06-14,1.0021,1.0048,1.0014,1.0047,5947363.52407693
2019-06-15,1.0047,1.0056,1.0034,1.0043,2123369.66986156
2019-06-16,1.0043,1.0068,1.0,1.0016,3874446.40069175
2019-06-17,1.0016,1.0044,1.0,1.0028,5344463.61722794
2019-06-18,1.0028,1.003,0.9989,0.9997,3633653.30721888
2019-06-19,0.9997,1.0025,0.9993,1.0022,2173025.638344
2019-06-20,1.0018,1.0025,1.0013,1.002,3138974.83055082
2019-06-21,1.0022,1.003,1.0,1.0028,3069168.01487413
2019-06-22,1.003,1.0042,0.9941,0.995,5867149.10677958
2019-06-23,0.995,0.998,0.99,0.9922,3145165.98776797
2019-06-24,0.9927,1.001,0.991,0.9964,1568689.31671358
2019-06-25,0.9969,0.9999,0.9921,0.995,2188270.84637126
2019-06-26,0.995,0.9999,0.99,0.99,7380673.98860854
2019-06-27,0.99,0.9999,0.973,0.9852,6672707.7879517
2019-06-28,0.9853,0.9998,0.9751,0.996,3091298.58417862
2019-06-29,0.9959,0.9994,0.9754,0.9967,2977532.77855883
2019-06-30,0.997,0.9997,0.9862,0.99,2596208.42969248
2019-07-01,0.99,0.998,0.985,0.9968,2249692.99325109
2019-07-02,0.997,1.0,0.991,0.9993,4455494.4814015
2019-07-03,0.9995,1.0046,0.99,1.0021,7668068.98905407
2019-07-04,1.0027,1.0046,0.999,0.999,2909837.78779181
2019-07-05,1.0003,1.0035,0.997,1.0014,1897750.17046558
2019-07-06,1.0008,1.005,0.9996,0.9996,2239609.15840824
2019-07-07,0.9995,1.0058,0.999,1.0049,1874422.37093938
2019-07-08,1.0053,1.0075,1.0,1.0036,2172553.80612717
2019-07-09,1.0034,1.0067,0.9999,1.0019,3257744.57896646
2019-07-10,1.0018,1.0035,0.9965,0.9989,2344717.00105246
2019-07-11,0.9989,1.004,0.9985,1.0004,2990025.68019675
2019-07-12,1.0004,1.004,0.998,1.0036,1476198.19163005
2019-07-13,1.0033,1.0045,0.9967,1.0018,2340778.81467677
2019-07-14,1.0014,1.005,0.995,1.001,2121589.77193542
2019-07-15,1.0013,1.005,0.9994,1.0005,2068331.82362451
2019-07-16,1.0005,1.003,0.996,1.0002,4665469.10352304
2019-07-17,1.0003,1.003,0.9971,1.0029,2514052.20988891
2019-07-18,1.0029,1.0029,1.0029,1.0029,0.0
2019-07-19,1.0029,1.0045,0.9986,1.0021,2528772.54441776
2019-07-20,1.0021,1.0036,1.0009,1.0019,2811499.64002296
2019-07-21,1.0019,1.0024,0.9993,1.0005,1556792.48285667
2019-07-22,1.0001,1.003,0.9971,0.9985,1370363.43536367
2019-07-23,0.9985,1.0012,0.998,1.0,1321203.60480516
2019-07-24,1.0,1.0009,0.9977,1.0003,1672076.64201771
2019-07-25,1.0009,1.0029,0.9991,1.0,1995870.68800081
2019-07-26,0.9996,1.0029,0.9991,1.0012,2151968.06977505
2019-07-27,1.0012,1.004,0.9963,0.9989,3053190.64619958
2019-07-28,0.9989,1.0,0.995,0.9999,1630857.87146486
2019-07-29,0.9999,1.0,0.9947,0.9977,1713602.46954363
2019-07-30,0.9977,1.0029,0.9976,1.0008,1471131.06292433
2019-07-31,1.0007,1.0026,0.9991,1.0003,1053742.98679948
2019-08-01,1.0004,1.0029,0.9992,1.0016,1060814.52126986
2019-08-02,1.0018,1.0021,0.9997,1.0006,2276147.63318203
2019-08-03,1.0006,1.0006,1.0006,1.0006,0.0
2019-08-04,1.0008,1.003,1.0006,1.0028,738096.63823933
2019-08-05,1.0028,1.003,0.9994,1.0,3262777.79641298
2019-08-06,1.0,1.003,0.998,0.9991,4258955.2338472
2019-08-07,0.9991,1.0005,0.9976,0.9988,2477702.41847281
2019-08-08,0.9989,1.0006,0.9965,0.999,2296805.55616258
2019-08-09,0.999,1.0014,0.996,0.9987,3011857.99902962
2019-08-10,0.9986,1.0021,0.9955,0.9969,1750178.37714863
2019-08-11,0.997,0.999,0.9967,0.9989,780535.99827147
2019-08-12,0.999,0.9999,0.997,0.9986,1349083.99828694
2019-08-13,0.9986,1.0,0.9955,0.9969,1415934.489381
2019-08-14,0.9968,0.9984,0.9936,0.9969,1363210.40936663
2019-08-15,0.9969,1.0018,0.9949,0.9997,2290323.820338
2019-08-16,0.9995,1.005,0.9972,1.0013,2509058.73505995
2019-08-17,1.0013,1.0017,0.9989,1.0004,259099.23281922
2019-08-18,1.0,1.0013,0.9998,1.0005,352020.13611741
2019-08-19,1.0006,1.0045,1.0002,1.0003,1125746.85005588
2019-08-20,1.0002,1.0036,0.9998,1.0006,1505580.77646258
2019-08-21,1.0006,1.0006,0.9968,0.9981,1781860.44844524
2019-08-22,0.9984,1.002,0.998,1.0,2211509.3732791
2019-08-23,1.0005,1.0028,1.0003,1.0015,1849619.49557491
2019-08-24,1.0014,1.0019,0.9995,1.0007,1367772.75033788
2019-08-25,1.0008,1.002,0.9992,1.0002,1519545.17667291
2019-08-26,1.0002,1.003,0.998,0.9991,2516149.10338762
2019-08-27,0.9993,1.0001,0.998,0.9987,1073907.56437225
2019-08-28,0.9989,1.003,0.9955,0.9997,3001625.90567381
2019-08-29,0.9996,1.0003,0.9981,0.9991,3849716.77900751
2019-08-30,0.9991,1.0008,0.9986,1.0001,2135638.92919275
2019-08-31,0.9997,1.0013,0.9995,1.0002,2777943.89664528
2019-09-01,1.0003,1.0027,1.0002,1.0024,3103866.44836866
2019-09-02,1.0027,1.0029,1.0002,1.0026,2029735.27882987
2019-09-03,1.0026,1.0028,0.9999,1.0016,1249108.78396115
2019-09-04,1.0016,1.0038,0.9999,1.0014,1927353.62844109
2019-09-05,1.0014,1.003,1.0004,1.0006,800312.63629049
2019-09-06,1.0005,1.0031,0.9995,1.0009,1556950.58069834
2019-09-07,1.0008,1.0025,1.0004,1.0018,328046.1027364
2019-09-08,1.0018,1.004,1.0015,1.002,890958.648746
2019-09-09,1.002,1.0021,0.9993,1.0008,935504.05756821
2019-09-10,1.0007,1.0009,0.999,0.9991,897162.50542843
2019-09-11,0.9992,1.002,0.9989,1.0008,1333901.04424378
2019-09-12,1.0008,1.0029,1.0001,1.0014,2314773.76136685
2019-09-13,1.0016,1.0073,1.0002,1.0021,3255134.14683052
2019-09-14,1.0021,1.0027,1.0006,1.0024,844633.86978916
2019-09-15,1.0024,1.0029,1.001,1.001,387175.20392403
2019-09-16,1.0011,4.0,1.0006,1.0017,3803305.40417731
2019-09-17,1.0017,1.0026,0.9996,1.0006,1909117.48018519
2019-09-18,1.0005,1.0045,0.9994,1.0002,2057113.26958635
2019-09-19,1.0002,1.004,0.9985,1.0025,3224689.63070662
2019-09-20,1.0027,1.004,0.9991,1.0,1496478.52042922
2019-09-21,1.0,1.0007,0.999,0.9998,463348.71821889
2019-09-22,0.9997,1.0003,0.9986,0.9999,681827.19929515
2019-09-23,1.0,1.0013,0.9981,0.9993,1959604.42034543
2019-09-24,0.9989,1.009,0.996,1.0028,5684446.21828738
2019-09-25,1.0028,1.003,0.999,1.0005,2595766.00013376
2019-09-26,1.0004,1.0008,0.9987,0.9999,1344766.0175995
2019-09-27,1.0001,1.006,0.999,1.002,3078562.33172343
2019-09-28,1.0017,1.0025,0.999,1.0013,1015840.67358247
2019-09-29,1.0013,1.0025,1.0002,1.0009,1151057.77579651
2019-09-30,1.001,1.0033,0.9997,1.0022,1901535.02809352
2019-10-01,1.002,1.005,1.0004,1.0027,2382269.26994917
2019-10-02,1.0028,1.003,1.0006,1.0023,889768.57725927
2019-10-03,1.0024,1.0025,1.0003,1.0022,1294159.05160567
2019-10-04,1.0022,1.0022,1.0022,1.0022,0.0
2019-10-05,1.0015,1.0031,1.0011,1.0021,802783.5764783
2019-10-06,1.0025,1.0028,1.0002,1.001,751132.05666791
2019-10-07,1.001,1.0025,0.9996,1.002,1912497.36445602
2019-10-08,1.002,1.0024,1.0001,1.0008,1253484.97196653
2019-10-09,1.001,1.0024,0.9984,1.0015,3410776.19280549
2019-10-10,1.0015,1.003,1.0012,1.003,3200136.63310357
2019-10-11,1.003,1.003,0.9987,1.0006,3035730.70248763
2019-10-12,1.0003,1.0013,0.9998,1.0006,773688.35482889
2019-10-13,1.0003,1.0019,1.0001,1.0001,1889528.94585804
2019-10-14,1.0001,1.0008,0.9994,1.0005,2064546.21800115
2019-10-15,1.0006,1.0011,0.9999,1.0003,1275610.20825644
2019-10-16,1.0003,1.0008,0.9988,1.0,1703775.42473588
2019-10-17,1.0001,1.0015,0.9996,1.0004,1755380.74772225
2019-10-18,1.0007,1.0014,0.9995,1.0008,1242307.92361433
2019-10-19,1.0008,1.002,1.0003,1.0007,1037162.0413281
2019-10-20,1.0009,1.0017,1.0004,1.0013,303334.99420077
2019-10-21,1.0013,1.0026,1.0007,1.0017,1513769.37890906
2019-10-22,1.0018,1.0027,1.0003,1.0007,1678414.19326454
2019-10-23,1.0007,1.0024,0.999,1.0003,2026002.32701055
2019-10-24,1.0002,1.0024,0.9998,1.0014,1530202.49354424
2019-10-25,1.0015,1.003,1.0004,1.0009,2224884.73000924
2019-10-26,1.0011,1.005,0.9987,1.0031,4011636.40211422
2019-10-27,1.0028,1.0036,1.0015,1.0025,2540272.08111632
2019-10-28,1.0023,1.004,1.0005,1.0018,1896014.31887651
2019-10-29,1.0017,1.0029,1.0001,1.0019,1050399.83610883
2019-10-30,1.0023,1.003,1.0,1.0011,1494016.14789075
2019-10-31,1.0012,1.0022,1.0,1.0007,1796079.58377381
2019-11-01,1.0011,1.0014,1.0,1.001,1706210.01095153
2019-11-02,1.001,1.0013,1.0007,1.0011,1197277.92232797
2019-11-03,1.0011,1.0014,1.0005,1.0008,669458.89059335
2019-11-04,1.0008,1.0017,1.0,1.0017,2917871.29184105
2019-11-05,1.0017,1.0019,0.9999,1.001,2275716.72656395
2019-11-06,1.0011,1.0015,0.9995,0.9998,1053482.71117915
2019-11-07,0.9998,1.0002,0.9984,0.9992,1624451.18758584
2019-11-08,0.999,0.9995,0.997,0.9988,3696743.59158483
2019-11-09,0.999,1.0003,0.9985,0.9995,808113.60942132
2019-11-10,0.9996,1.0004,0.9992,0.9998,574925.22384488
2019-11-11,0.9996,1.0,0.998,0.9985,626286.630733
2019-11-12,0.9987,0.9998,0.997,0.9992,1606462.80005175
2019-11-13,0.9992,1.0,0.9973,0.998,2373468.41357555
2019-11-14,0.9978,0.9999,0.9965,0.9986,2185280.99641086
2019-11-15,0.9984,1.0,0.9971,0.999,1703718.18184767
2019-11-16,0.9986,1.0,0.998,0.9994,751616.05016329
2019-11-17,0.9994,1.0,0.9988,0.9999,456948.89888025
2019-11-18,0.9997,1.0,0.997,0.998,3199822.85718404
2019-11-19,0.9981,1.0,0.9974,0.9988,1332322.0545186
2019-11-20,0.9989,0.9998,0.9975,0.9982,1909750.47137256
2019-11-21,0.9982,0.9995,0.9967,0.9984,2030404.91243833
2019-11-22,0.9988,1.0019,0.9975,1.0011,3140550.65102514
2019-11-23,1.0011,1.0019,1.0,1.0012,1650528.37590552
2019-11-24,1.0011,1.0019,1.0008,1.0008,472428.91270101
2019-11-25,1.0008,1.0019,0.999,1.001,2972806.33797146
2019-11-26,1.001,1.001,1.001,1.001,0.0
2019-11-27,1.001,1.0019,0.999,1.0007,2336445.16462455
2019-11-28,1.0007,1.0015,1.0,1.0014,2005300.88857334
2019-11-29,1.0014,1.0015,1.0,1.0009,1275137.35178475
2019-11-30,1.0009,1.0009,1.0009,1.0009,0.0
2019-12-01,1.001,1.0013,1.0,1.0012,717243.75167562
2019-12-02,1.0011,1.0019,0.9995,1.0014,950229.14815086
2019-12-03,1.0012,1.0019,0.9997,1.0011,1800440.06328701
2019-12-04,1.0009,1.002,0.9996,1.0,2116031.55947052
2019-12-05,1.0001,1.0011,0.9991,1.0004,2645004.72989508
2019-12-06,1.0005,1.0018,0.999,1.0014,2797398.71938729
2019-12-07,1.0014,1.002,1.0009,1.0015,429214.23233259
2019-12-08,1.0014,1.0027,1.0005,1.0017,594678.57427524
2019-12-09,1.0017,1.0026,0.999,0.9992,2229324.51167154
2019-12-10,0.9992,1.0003,0.998,0.9996,3200531.98613938
2019-12-11,0.9996,1.0004,0.9975,0.9991,3625905.4811556
2019-12-12,0.9991,1.0006,0.9981,0.9987,3051258.70310822
2019-12-13,0.9987,0.9999,0.9981,0.9993,854450.02562445
2019-12-14,0.9994,1.0013,0.9989,0.9996,776382.28405053
2019-12-15,0.9995,0.9998,0.9988,0.9993,490844.53181898
2019-12-16,0.9993,0.9999,0.9975,0.9983,3216123.08252556
2019-12-17,0.9982,1.0008,0.9977,0.9989,2450038.70276429
2019-12-18,0.9988,1.0011,0.997,1.0011,2736638.60368818
2019-12-19,1.001,1.0014,0.997,0.9997,2379522.79206635
2019-12-20,0.9997,1.0008,0.9985,1.0003,2174583.14213931
2019-12-21,1.0003,1.0014,0.9999,1.0004,1365453.6420326
2019-12-22,1.0003,1.0009,0.9998,1.0006,448618.02243309
2019-12-23,1.0007,1.0015,0.9988,0.9996,1750558.90694771
2019-12-24,0.9995,1.0001,0.9975,0.9992,1424710.55924197
2019-12-25,0.9992,0.9997,0.9982,0.9986,894407.30123392
2019-12-26,0.9986,0.9986,0.9986,0.9986,0.0
2019-12-27,0.9983,0.9988,0.996,0.9987,2275376.2629804
2019-12-28,0.9988,0.9995,0.9971,0.9979,1558816.41525151
2019-12-29,0.9979,0.9994,0.9974,0.9988,1012672.21555088
2019-12-30,0.9987,0.9988,0.9964,0.9966,2065804.47911148
2019-12-31,0.9966,0.998,0.996,0.9963,783172.6586432
2020-01-01,0.9962,0.9978,0.996,0.997,270418.39537218
2020-01-02,0.997,0.997,0.997,0.997,0.0
2020-01-03,0.997,0.9995,0.996,0.9984,1989927.70345335
2020-01-04,0.9984,0.9994,0.9976,0.9979,741408.69033083
2020-01-05,0.9983,0.9998,0.998,0.9991,806316.9220841
2020-01-06,0.9991,1.0004,0.9973,1.0004,1203934.60675021
2020-01-07,1.0004,1.0015,0.9985,1.0005,1733662.97661809
2020-01-08,1.0004,1.0015,0.9989,0.9993,1734558.11410094
2020-01-09,0.9994,1.0003,0.9984,0.9986,1733409.05115028
2020-01-10,0.9986,1.0007,0.9973,0.9996,1369975.91974029
2020-01-11,0.9997,1.001,0.999,0.9994,584309.33640942
2020-01-12,0.9995,1.0001,0.9982,0.9994,722326.19763434
2020-01-13,0.9995,1.0,0.9972,0.9998,1113629.3534518
2020-01-14,0.9998,0.9998,0.9998,0.9998,0.0
2020-01-15,0.9998,1.0,0.9945,0.999,3082554.35894513
2020-01-16,0.999,0.9998,0.9972,0.9991,3307485.84737715
2020-01-17,0.9989,1.0,0.9974,0.9983,3373571.44873597
2020-01-18,0.9979,1.0,0.9979,0.9994,1331539.84669546
2020-01-19,0.999,0.9999,0.9966,0.9991,1648344.29022448
2020-01-20,0.9991,0.9999,0.9975,0.998,1129581.62747478
2020-01-21,0.998,0.9991,0.9972,0.9982,1451937.79535348
2020-01-22,0.9983,0.9999,0.9962,0.9972,1263119.94045999
2020-01-23,0.9972,0.9985,0.9957,0.9971,1831469.57830122
2020-01-24,0.9972,0.9991,0.997,0.9982,1885134.24603923
2020-01-25,0.9982,0.9987,0.997,0.9978,1045475.30207288
2020-01-26,0.9975,0.9984,0.9965,0.9979,1217008.56896456
2020-01-27,0.9978,1.0,0.996,0.9976,4061385.73620903
2020-01-28,0.9979,1.0005,0.9973,1.0004,2853361.64610193
2020-01-29,1.0005,1.0007,0.9973,0.9979,1550644.65211342
2020-01-30,0.998,1.0008,0.9965,0.9985,3063066.11802627
2020-01-31,0.9985,1.0004,0.997,0.9983,2283871.26425329
2020-02-01,0.9983,0.9996,0.9982,0.999,682499.15752466
2020-02-02,0.9986,1.0,0.9979,0.9987,1130173.50309127
2020-02-03,0.9987,1.0,0.9975,0.9986,2421149.81573133
2020-02-04,0.9985,1.0,0.996,0.9969,2478510.75502717
2020-02-05,0.9964,1.0015,0.9955,0.9993,3440996.37173511
2020-02-06,0.9993,1.0009,0.9975,0.9981,2055901.96274735
2020-02-07,0.9981,0.9988,0.9962,0.9984,2213638.97272082
2020-02-08,0.9987,1.0045,0.9979,1.0007,2554280.31253012
2020-02-09,1.0003,1.0024,0.9994,1.0006,1903142.00014875
2020-02-10,1.0006,1.002,0.9983,0.9998,3298571.77335048
2020-02-11,0.9998,1.005,0.9987,1.004,5714749.32352491
2020-02-12,1.004,1.0049,1.0008,1.0021,3921735.4692886
2020-02-13,1.0021,1.0031,0.9986,1.0,2663867.97692927
2020-02-14,1.0,1.0031,0.9987,1.0017,3654526.01962791
2020-02-15,1.002,1.004,0.9987,0.9995,3155506.37467015
2020-02-16,0.9997,1.0015,0.999,1.0006,2305306.17067374
2020-02-17,1.0009,1.0045,1.0002,1.0005,2908670.40842017
2020-02-18,1.0005,1.0035,1.0001,1.0022,2382551.29634623
2020-02-19,1.0022,1.0035,1.0,1.0004,3766890.22536827
2020-02-20,1.0004,1.0015,0.9985,1.0008,2831971.41011152
2020-02-21,1.0008,1.0022,1.0004,1.001,1371652.86139121
2020-02-22,1.001,1.0021,1.0006,1.0017,671583.13374771
2020-02-23,1.002,1.0039,1.0012,1.003,1244504.92287771
2020-02-24,1.003,1.0035,0.9992,1.0001,2390160.37225258
2020-02-25,1.0001,1.0035,0.9991,0.9993,2153263.52744553
2020-02-26,0.9992,1.0012,0.9972,0.9996,3089322.24022767
2020-02-27,0.9996,1.001,0.9986,0.9994,3478768.39396348
2020-02-28,0.9996,1.0024,0.9986,1.0014,2414008.81072404
2020-02-29,1.0018,1.0024,1.0,1.0002,1122919.41862102
2020-03-01,1.0002,1.0009,0.9986,0.9988,1090515.54552086
2020-03-02,0.999,1.001,0.9986,1.0007,4198931.40071259
2020-03-03,1.0004,1.0018,1.0,1.0006,1619155.89666019
2020-03-04,1.0006,1.0035,0.9999,1.0005,2253801.46510849
2020-03-05,1.0007,1.0023,1.0003,1.0015,2938377.29073937
2020-03-06,1.0015,1.003,1.0006,1.0023,2059652.93336095
2020-03-07,1.0024,1.003,1.0008,1.001,1235443.1260773
2020-03-08,1.0011,1.002,0.997,1.0004,3711751.80069921
2020-03-09,1.0004,1.003,0.9996,1.0002,3987656.76586448
2020-03-10,1.0002,1.002,0.9995,1.0,3099567.32618139
2020-03-11,1.0,1.0033,0.9998,1.0004,3250495.24509914
2020-03-12,1.0006,1.0064,0.9955,1.0044,12844046.82404192
2020-03-13,1.0044,1.051,0.9971,1.0099,9850980.46787234
2020-03-14,1.0099,1.0148,1.0002,1.0119,2653021.33875301
2020-03-15,1.0111,1.29,0.997,0.9971,9808914.59336117
2020-03-16,0.9977,1.015,0.997,1.0023,7648788.75840593
2020-03-17,1.0024,1.0057,1.0016,1.0044,4774853.0205592
2020-03-18,1.0044,1.0057,1.0016,1.0034,3613404.94561132
2020-03-19,1.0035,1.0129,1.0022,1.0034,6944811.68699712
2020-03-20,1.0034,1.0065,0.998,1.0001,7227414.14119363
2020-03-21,1.0001,1.0028,0.9997,1.001,2148993.22863748
2020-03-22,1.0011,1.0027,1.0005,1.0005,2293448.86216379
2020-03-23,1.0005,1.0052,1.0002,1.004,5055467.62138469
2020-03-24,1.0042,1.0052,1.0024,1.0033,4074735.78428058
2020-03-25,1.0033,1.004,1.0008,1.0018,4308094.76041383
2020-03-26,1.002,1.0038,1.0009,1.0038,3751299.99986922
2020-03-27,1.0038,1.0048,1.0008,1.0011,3124007.27516928
2020-03-28,1.0012,1.0028,1.0008,1.0023,4605908.72214586
2020-03-29,1.0019,1.0024,0.9995,0.9998,2510879.74034811
2020-03-30,0.9998,1.0048,0.9997,1.002,3994828.16968562
2020-03-31,1.0022,1.0026,1.001,1.0017,4229517.64739227
2020-04-01,1.0018,1.003,1.001,1.0027,5065810.8153858
2020-04-02,1.0026,1.0034,1.0005,1.0005,5942183.1061246
2020-04-03,1.0005,1.0005,1.0005,1.0005,0.0
2020-04-04,1.0009,1.0022,1.0007,1.0017,2116838.25783943
2020-04-05,1.002,1.0022,1.0004,1.0012,2658859.85934736
2020-04-06,1.0012,1.0025,1.0008,1.0016,6799484.13070983
2020-04-07,1.0016,1.0026,1.0001,1.0001,5931205.37353582
2020-04-08,1.0005,1.0017,1.0,1.0014,3807405.66516181
2020-04-09,1.0014,1.0021,1.0006,1.0013,4399666.83130656
2020-04-10,1.0013,1.0022,1.0006,1.0014,7150372.14721115
2020-04-11,1.0014,1.0019,1.0011,1.0017,2718145.62786083
2020-04-12,1.0014,1.0034,1.0011,1.0013,5490983.82498233
2020-04-13,1.0013,1.0026,1.0008,1.0025,6183328.2912035
2020-04-14,1.0025,1.0029,1.0005,1.0011,6385151.2495
2020-04-15,1.0015,1.0016,1.0003,1.0005,4053731.03806358
2020-04-16,1.0005,1.0022,1.0003,1.0016,5428590.92151815
2020-04-17,1.0016,1.002,1.0,1.0013,4615689.56459684
2020-04-18,1.001,1.002,1.0008,1.0012,3716704.50481785
2020-04-19,1.0012,1.0017,1.0009,1.0015,3365161.50435697
2020-04-20,1.0015,1.0018,1.0006,1.0013,8166015.82238389
2020-04-21,1.0012,1.0019,1.0011,1.0015,5384383.23643215
2020-04-22,1.0016,1.0019,1.0011,1.0014,4584811.41537053
2020-04-23,1.0012,1.002,1.0006,1.0007,6375498.60135687
2020-04-24,1.0009,1.0015,0.9999,1.0015,5700021.69046693
2020-04-25,1.0013,1.0015,1.0001,1.0009,4516868.50515921
2020-04-26,1.001,1.0013,0.9999,1.0009,3347494.97275815
2020-04-27,1.0009,1.0017,1.0007,1.0015,4642459.95146169
2020-04-28,1.0015,1.0019,1.0008,1.0016,5444346.37378903
2020-04-29,1.0016,1.003,1.0009,1.0009,9386554.80877857
2020-04-30,1.001,1.0015,0.9885,1.0005,11563695.67390906
2020-05-01,1.0003,1.0016,0.9994,1.0004,6473961.77455314
2020-05-02,1.0004,1.0013,1.0001,1.0012,4372549.03244738
2020-05-03,1.0009,1.0015,1.0,1.0008,6012640.00928984
2020-05-04,1.0009,1.0019,1.0003,1.0017,6898733.77059008
2020-05-05,1.0016,1.0018,1.0006,1.0009,4952028.79064461
2020-05-06,1.001,1.0019,1.0007,1.0013,5524108.9460537
2020-05-07,1.0012,1.0017,1.0002,1.0016,8365141.97430578
2020-05-08,1.0016,1.0021,1.0009,1.0011,7569121.17160822
2020-05-09,1.001,1.0012,0.9999,1.0,6353185.47092459
2020-05-10,0.9999,1.0012,0.9992,1.0003,15421474.12793103
2020-05-11,1.0003,1.0013,1.0,1.0007,9737042.39912601
2020-05-12,1.0007,1.0007,1.0007,1.0007,0.0
2020-05-13,1.0007,1.0016,1.0002,1.0012,10297396.88864007
2020-05-14,1.0012,1.0012,0.9994,1.0002,9827955.06549719
2020-05-15,1.0003,1.0006,0.9982,0.9993,5015013.77779904
2020-05-16,0.9993,1.0,0.9987,0.9997,3269299.14626243
2020-05-17,0.9997,1.0006,0.9994,0.9999,2715151.01051917
2020-05-18,0.9999,1.0001,0.9986,0.9996,4205649.62797009
2020-05-19,0.9996,1.0005,0.9985,1.0002,5116600.16984028
2020-05-20,1.0005,1.0005,0.9986,0.9994,6027133.02446103
2020-05-21,0.9995,0.9996,0.9978,0.9988,6504662.25137545
2020-05-22,0.999,1.0004,0.9984,1.0,6482835.06840678
2020-05-23,0.9999,1.0005,0.9997,1.0001,3566102.09490853
2020-05-24,1.0001,1.0005,0.999,0.9994,5213446.47807369
2020-05-25,0.9994,1.0002,0.999,0.9999,5038195.6485878
2020-05-26,0.9999,0.9999,0.9999,0.9999,0.0
2020-05-27,0.9999,0.9999,0.9999,0.9999,0.0
2020-05-28,0.9999,1.0006,0.9994,1.0002,6441394.89447166
2020-05-29,1.0001,1.0005,0.9992,0.9996,6867193.650307
2020-05-30,0.9996,1.0002,0.9993,1.0,7904379.86439322
2020-05-31,1.0,1.0003,0.9991,0.9994,8652502.16202041
2020-06-01,0.9994,1.0039,0.9984,1.0012,12079010.94093159
2020-06-02,1.0012,1.0016,0.9992,0.9998,15229120.21617272
2020-06-03,0.9998,1.0007,0.9993,0.9999,7660002.55492571
2020-06-04,0.9999,0.9999,0.9999,0.9999,0.0
2020-06-05,0.9999,1.0002,0.9993,0.9995,4760937.69921743
2020-06-06,0.9995,1.0001,0.9992,0.9998,2915902.23647172
2020-06-07,0.9999,1.0005,0.9994,1.0005,4465145.35793251
2020-06-08,1.0004,1.0007,0.9999,1.0006,5750015.1002397
2020-06-09,1.0006,1.0006,1.0006,1.0006,0.0
2020-06-10,1.0006,1.0009,0.9998,1.0005,6041538.24155558
2020-06-11,1.0005,1.0007,0.9973,0.9986,7208997.60455342
2020-06-12,0.9986,0.9998,0.9983,0.9995,4679671.01035789
2020-06-13,0.9995,1.0,0.9994,0.9998,1474752.92567992
2020-06-14,0.9999,0.9999,0.999,0.9994,2239281.16127609
2020-06-15,0.9993,1.0005,0.9981,1.0003,8088112.97172803
2020-06-16,1.0002,1.0006,0.9993,0.9999,4750404.04054203
2020-06-17,0.9999,0.9999,0.9986,0.9989,4960288.01398886
2020-06-18,0.9989,0.9995,0.9987,0.9988,4931239.62344199
2020-06-19,0.9988,0.9996,0.9977,0.9986,7320881.32503254
2020-06-20,0.9986,0.9995,0.9986,0.9994,2482991.47908247
2020-06-21,0.9994,0.9996,0.9987,0.999,2300334.65723853
2020-06-22,0.999,1.0006,0.9986,1.0002,7779864.1277459
2020-06-23,1.0003,1.0003,0.9992,0.9997,5297847.65104947
2020-06-24,0.9998,0.9998,0.998,0.9988,4601371.04932431
2020-06-25,0.9988,0.9995,0.9975,0.9989,6470928.9110902
2020-06-26,0.9987,0.9992,0.9982,0.9992,3411732.44719935
2020-06-27,0.9991,0.9993,0.9982,0.999,4392144.23675648
2020-06-28,0.9991,0.9995,0.9988,0.9994,2584194.40804714
2020-06-29,0.9994,0.9994,0.9994,0.9994,0.0
2020-06-30,0.9995,1.0001,0.9991,0.9998,5818317.26458624
2020-07-01,0.9998,1.0006,0.9992,1.0005,6500539.47682589
2020-07-02,1.0004,1.0007,0.9992,1.0001,5561922.45495643
2020-07-03,1.0001,1.0002,0.9991,1.0,4904455.40404784
2020-07-04,1.0,1.0004,0.9998,1.0003,1709141.41449445
2020-07-05,1.0003,1.0004,0.9998,1.0004,2162389.56568211
2020-07-06,1.0004,1.0004,0.9997,1.0002,5297737.43603677
2020-07-07,1.0002,1.0005,0.9998,1.0001,4158980.20331693
2020-07-08,1.0001,1.0007,0.9993,1.0003,8025545.92720514
2020-07-09,1.0003,1.0006,0.9994,0.9997,6073072.54778262
2020-07-10,0.9998,1.0002,0.9988,0.9999,7469960.50936708
2020-07-11,0.9998,1.0,0.9996,0.9997,1950367.36099909
2020-07-12,0.9997,1.0004,0.9997,1.0001,3017074.33574643
2020-07-13,1.0001,1.0002,0.9991,0.9992,6677427.92735627
2020-07-14,0.9994,1.0,0.9991,0.9998,4924208.84705764
2020-07-15,0.9998,0.9999,0.9986,0.9989,5613999.58448886
2020-07-16,0.9989,0.9996,0.9984,0.9995,6408853.1238688
2020-07-17,0.9996,0.9998,0.9981,0.9998,5503328.65549481
2020-07-18,0.9998,1.0005,0.9995,1.0003,2901612.54784302
2020-07-19,1.0003,1.0007,0.9998,1.0005,1935781.40113731
2020-07-20,1.0005,1.0007,0.9998,1.0,5766462.75875128
2020-07-21,1.0,1.001,0.9994,1.0005,7656314.74368868
2020-07-22,1.0005,1.002,1.0003,1.0013,6836550.67983124
2020-07-23,1.0013,1.0021,1.0006,1.001,10036617.22616178
2020-07-24,1.001,1.0016,1.0003,1.0013,7006939.41715043
2020-07-25,1.0013,1.0013,1.0013,1.0013,0.0
2020-07-26,1.0012,1.0044,1.0003,1.0008,5868144.68959897
2020-07-27,1.0008,1.0025,1.0002,1.0019,12805041.15544368
2020-07-28,1.002,1.002,1.0,1.0018,11682730.39046906
2020-07-29,1.0018,1.0019,1.0003,1.0009,9726659.33066822
2020-07-30,1.0008,1.0016,1.0002,1.0012,9001745.5814962
2020-07-31,1.0012,1.002,1.0005,1.0015,6616719.13862427
2020-08-01,1.0015,1.0015,1.0015,1.0015,0.0
2020-08-02,1.0015,1.002,1.0,1.0003,13066726.66763201
2020-08-03,1.0003,1.0014,1.0,1.0007,7752551.87566159
2020-08-04,1.0007,1.0009,1.0,1.0006,8251316.00994421
2020-08-05,1.0006,1.0018,0.9999,1.0012,7788156.66925506
2020-08-06,1.0011,1.0014,1.0003,1.0009,6621571.38721482
2020-08-07,1.0008,1.0014,1.0,1.0009,8601570.90780556
2020-08-08,1.0009,1.0015,1.0003,1.0007,5638523.9297865
2020-08-09,1.0007,1.0013,1.0004,1.0005,6150596.27740689
2020-08-10,1.0006,1.0025,1.0002,1.0008,13321169.35357219
2020-08-11,1.0008,1.0013,0.9997,0.9999,12623624.54313673
2020-08-12,0.9998,1.001,0.9997,1.0003,10180784.95770944
2020-08-13,1.0001,1.0016,0.9999,1.0011,13842629.33953982
2020-08-14,1.0012,1.0022,1.0006,1.0013,12267352.20287109
2020-08-15,1.0014,1.0014,1.0001,1.0004,8317359.61024091
2020-08-16,1.0004,1.0004,1.0004,1.0004,0.0
2020-08-17,1.0003,1.0029,1.0,1.0011,15740706.99816024
2020-08-18,1.0011,1.0015,1.0,1.001,15521279.18636533
2020-08-19,1.0009,1.001,0.9998,1.0002,14496298.08308178
2020-08-20,1.0002,1.0015,0.9999,1.0009,13155810.22573652
2020-08-21,1.0008,1.0013,0.9998,1.0,18769790.67757519
2020-08-22,1.0,1.0007,0.9994,1.0002,11392229.61023171
2020-08-23,1.0003,1.0008,0.9998,1.0004,6548597.65862154
2020-08-24,1.0004,1.0004,1.0004,1.0004,0.0
2020-08-25,1.0004,1.0007,0.9996,1.0003,16467114.65440544
2020-08-26,1.0003,1.0003,1.0003,1.0003,0.0
2020-08-27,1.0003,1.0016,0.9998,1.0004,17546072.83784307
2020-08-28,1.0004,1.0012,1.0,1.0006,12810607.75888277
2020-08-29,1.0006,1.0012,1.0,1.0003,7577925.73906084
2020-08-30,1.0004,1.0007,0.9997,1.0001,6992666.38731013
2020-08-31,1.0001,1.002,0.9997,1.0002,17922140.19959552
2020-09-01,1.0002,1.0018,1.0002,1.0004,17856422.96141873
2020-09-02,1.0005,1.0018,1.0,1.001,24315255.86098995
2020-09-03,1.0009,1.0023,1.0001,1.0015,24910115.35999957
2020-09-04,1.0015,1.0017,1.0004,1.0008,17850058.08771501
2020-09-05,1.0008,1.0008,1.0,1.0002,15666058.41148001
2020-09-06,1.0002,1.0007,0.9997,0.9998,8279927.41407423
2020-09-07,0.9998,1.0005,0.9996,1.0,12310835.45351981
2020-09-08,1.0,1.0007,0.9998,1.0001,17211530.09844328
2020-09-09,1.0001,1.0001,1.0001,1.0001,0.0
2020-09-10,1.0001,1.0009,1.0,1.0003,19936143.65101926
2020-09-11,1.0003,1.0006,1.0,1.0005,13641324.60737681
2020-09-12,1.0005,1.0005,0.9999,1.0002,6097535.37156544
2020-09-13,1.0002,1.0007,0.9999,1.0,9801849.92823631
2020-09-14,1.0,1.0012,0.9999,1.0003,14176740.83168086
2020-09-15,1.0004,1.0011,1.0,1.0002,17320320.66301088
2020-09-16,1.0002,1.0009,0.9998,1.0004,18629208.91693111
2020-09-17,1.0004,1.0009,0.9998,1.0001,11231473.29663814
2020-09-18,1.0001,1.0001,1.0001,1.0001,0.0
2020-09-19,1.0001,1.0006,0.9999,1.0,6289044.71671988
2020-09-20,1.0,1.0,1.0,1.0,0.0
2020-09-21,1.0,1.0005,0.9991,0.9999,21955614.54114345
2020-09-22,0.9999,0.9999,0.9999,0.9999,0.0
2020-09-23,1.0001,1.0009,0.9993,0.9995,18035614.39783464
2020-09-24,0.9995,1.0007,0.9992,1.0002,13782196.44851752
2020-09-25,1.0002,1.0124,0.9996,1.0005,12725902.70692599
2020-09-26,1.0005,1.0005,1.0005,1.0005,0.0
2020-09-27,1.0005,1.0005,1.0005,1.0005,0.0
2020-09-28,1.0005,1.0005,1.0005,1.0005,0.0
2020-09-29,1.0005,1.0005,1.0005,1.0005,0.0
2020-09-30,1.0,1.0006,0.9994,1.0,12784227.48049497
2020-10-01,0.9999,1.0009,0.9995,0.9999,15250893.13475919
2020-10-02,0.9999,1.0008,0.9997,1.0003,14202682.19512204
2020-10-03,1.0001,1.0009,1.0001,1.0004,3154382.55928219
2020-10-04,1.0005,1.0008,1.0001,1.0004,3100895.68512589
2020-10-05,1.0003,1.002,0.9994,1.0004,21556830.64250635
2020-10-06,1.0003,1.0005,0.9995,0.9998,15224496.59322078
2020-10-07,0.9998,1.0012,0.9992,0.9999,18316670.29837073
2020-10-08,0.9999,1.001,0.9995,1.0006,13082354.36902511
2020-10-09,1.0006,1.0016,1.0002,1.0007,15356319.81404493
2020-10-10,1.0007,1.0012,1.0004,1.0007,4566138.41874972
2020-10-11,1.0007,1.0009,0.9999,1.0002,4830820.99594206
2020-10-12,1.0002,1.0009,0.9999,1.0006,10859784.29749191
2020-10-13,1.0006,1.0015,1.0,1.0007,14849415.54691552
2020-10-14,1.0007,1.0011,1.0003,1.0008,14922114.31979659
2020-10-15,1.0008,1.0009,1.0,1.0008,15637963.47126791
2020-10-16,1.0007,1.0016,1.0003,1.0008,15800839.68982896
2020-10-17,1.0008,1.0009,1.0004,1.0004,3568773.58109397
2020-10-18,1.0005,1.0008,1.0004,1.0005,2697401.85979001
2020-10-19,1.0004,1.001,0.9999,1.0006,19458617.2852829
2020-10-20,1.0007,1.0012,1.0003,1.001,13278371.29876002
2020-10-21,1.001,1.0025,1.0005,1.0018,20282913.32936516
2020-10-22,1.0012,1.0016,1.0007,1.0009,2046987.13735003
2020-10-23,1.001,1.0014,1.0003,1.001,13885611.77728078
2020-10-24,1.001,1.0014,1.0006,1.0009,4822057.34928927
2020-10-25,1.0009,1.0015,1.0005,1.0007,5504107.49469432
2020-10-26,1.0007,1.0014,1.0004,1.0012,11829730.09790912
2020-10-27,1.0013,1.0013,1.0001,1.0007,17070992.75722387
2020-10-28,1.0006,1.0009,1.0,1.0006,14439232.12481918
2020-10-29,1.0007,1.0011,1.0,1.0005,14182352.32425618
2020-10-30,1.0004,1.0012,1.0,1.0007,17741348.85178308
2020-10-31,1.0007,1.001,1.0002,1.0009,6740012.45511136
2020-11-01,1.0009,1.001,1.0004,1.0008,3771208.96014837
2020-11-02,1.0008,1.001,1.0002,1.0009,17134335.06649304
2020-11-03,1.0008,1.001,0.9992,1.0005,17210966.65569222
2020-11-04,1.0005,1.0015,1.0,1.0015,18942482.31558968
2020-11-05,1.0014,1.0019,1.0005,1.0013,33495942.54516777
2020-11-06,1.0013,1.0017,1.0004,1.0014,24574491.17426981
2020-11-07,1.0014,1.0016,0.9997,1.0012,16487700.79081155
2020-11-08,1.0012,1.0016,0.9999,1.0004,12845580.53366456
2020-11-09,1.0004,1.0013,1.0,1.0005,17302881.62168152
2020-11-10,1.0005,1.0015,1.0003,1.0014,20632755.78030507
2020-11-11,1.0015,1.0016,1.0007,1.0011,20847417.17823764
2020-11-12,1.0011,1.0018,1.0005,1.0008,29595290.02982755
2020-11-13,1.0008,1.0014,1.0004,1.001,26679884.85260539
2020-11-14,1.001,1.0011,1.0004,1.0009,10282629.18503965
2020-11-15,1.0009,1.0011,1.0,1.0008,9027607.46122591
2020-11-16,1.0007,1.001,1.0,1.0007,23437280.48072075
2020-11-17,1.0007,1.0014,0.9999,1.0011,27727671.52014576
2020-11-18,1.0012,1.12,1.0,1.001,32448161.86935074
2020-11-19,1.001,1.0013,1.0001,1.0011,21694205.66648443
2020-11-20,1.0011,1.0013,1.0,1.001,27756452.37373208
2020-11-21,1.0009,1.0013,1.0004,1.0006,16891276.01235052
2020-11-22,1.0006,1.002,0.9999,1.001,20077896.27157395
2020-11-23,1.0011,1.0012,1.0002,1.0007,39188282.34425957
2020-11-24,1.0007,1.009,1.0,1.0007,48400760.44713075
2020-11-25,1.0007,1.05,0.9998,1.0001,40943967.50931899
2020-11-26,1.0001,1.0042,0.9981,1.0008,43350613.78432365
2020-11-27,1.0008,1.0013,0.9992,1.0004,29569299.55351963
2020-11-28,1.0004,1.0018,1.0003,1.0007,18365468.37995274
2020-11-29,1.0007,1.0013,1.0003,1.0009,13199316.29582003
2020-11-30,1.0009,1.0012,0.9988,1.0005,45302700.60977977
2020-12-01,1.0007,1.0022,0.9995,1.0008,48142370.62834678
2020-12-02,1.0009,1.0009,0.9997,1.0007,46748843.38630075
2020-12-03,1.0006,1.0012,1.0001,1.0007,55082993.71100185
2020-12-04,1.0007,1.0012,0.9999,1.0002,47002643.37076355
2020-12-05,1.0002,1.0012,1.0001,1.0004,14415390.77995751
2020-12-06,1.0004,1.0009,1.0002,1.0006,9451363.60818178
2020-12-07,1.0006,1.0011,0.9996,1.0003,38613436.11745018
2020-12-08,1.0004,1.0004,0.998,0.9993,49839739.13041226
2020-12-09,0.9992,1.002,0.9989,1.0003,64926424.6876625
2020-12-10,1.0002,1.0004,0.999,1.0001,47624837.76513257
2020-12-11,1.0,1.0005,0.999,1.0,54838071.93096935
2020-12-12,1.0,1.0009,0.9997,1.0004,12532791.49181096
2020-12-13,1.0005,1.0009,0.9993,0.9993,16720255.98771748
2020-12-14,0.9993,1.0,0.9991,0.9997,29361017.16696065
2020-12-15,0.9997,1.0007,0.9995,1.0003,35544158.96258947
2020-12-16,1.0004,1.003,0.9998,1.001,64590142.32104292
2020-12-17,1.001,1.0012,0.9986,1.0004,116121744.38656753
2020-12-18,1.0003,1.0012,0.9989,1.001,46595691.25208189
2020-12-19,1.001,1.0018,1.0004,1.001,26196658.65045908
2020-12-20,1.0011,1.0015,1.0,1.0007,32291960.87136093
2020-12-21,1.0007,1.0075,0.9987,1.0,75629345.32840127
2020-12-22,1.0001,1.0007,0.999,1.0001,56582707.69519341
2020-12-23,1.0001,1.0007,0.9982,0.9999,51541546.29002265
2020-12-24,0.9999,1.0016,0.999,0.9998,40575297.5597203
2020-12-25,0.9998,1.0004,0.999,0.9998,24941891.6579721
2020-12-26,0.9998,1.0004,0.9987,0.9992,25848906.66944798
2020-12-27,0.9993,0.9997,0.9969,0.9987,36957178.02134858
2020-12-28,0.9988,1.0,0.9976,0.9982,48506822.10432722
2020-12-29,0.9982,0.9999,0.9916,0.9991,58715740.15172785
2020-12-30,0.9991,1.0007,0.9982,1.0005,56507446.2317903
2020-12-31,1.0005,1.0013,0.9989,1.001,68153893.17734575
2021-01-01,1.0011,1.0067,0.9997,1.0024,103011391.30108684
2021-01-02,1.0024,1.0028,0.9975,1.0009,79863942.70945229
2021-01-03,1.0009,1.0039,0.9997,1.0013,73363044.83392157
2021-01-04,1.0013,1.0066,0.9985,1.0007,103405764.51638053
2021-01-05,1.0007,1.004,1.0,1.0028,66599773.06764031
2021-01-06,1.0029,1.004,1.0,1.0022,125649935.14128166
2021-01-07,1.0022,1.004,1.0,1.0012,99445574.52240708
2021-01-08,1.0012,1.008,0.9996,1.0011,99164907.07948834
2021-01-09,1.0011,1.0042,0.999,1.0038,81140223.7573094
2021-01-10,1.0038,1.0038,0.998,1.0,92092756.34999025
2021-01-11,1.0,1.002,0.995,1.0008,106042294.58536
2021-01-12,1.0008,1.0019,0.996,0.9998,91710377.41565391
2021-01-13,0.9997,1.0006,0.9961,1.0003,66359867.96635793
2021-01-14,1.0004,1.001,0.9983,0.9989,57064607.74709495
2021-01-15,0.9988,1.0005,0.9978,1.0,60131926.36032643
2021-01-16,1.0001,1.0015,0.9994,0.9998,42340136.27236929
2021-01-17,0.9998,1.0022,0.995,0.9997,44622874.32602197
2021-01-18,0.9997,1.0009,0.9992,1.0001,44019308.04056872
2021-01-19,1.0001,1.0035,0.9994,1.0005,77704151.1576866
2021-01-20,1.0006,1.0042,0.9992,1.0007,68609362.64026473
2021-01-21,1.0007,1.0007,0.9967,0.9991,80133706.46705817
2021-01-22,0.9993,1.0021,0.9954,1.0007,89467924.10140853
2021-01-23,1.0008,1.0015,1.0004,1.0008,28725872.39530067
2021-01-24,1.0008,1.0014,1.0001,1.001,27440228.48135349
2021-01-25,1.0011,1.0046,0.9993,1.0001,64696875.533103
2021-01-26,1.0001,1.0017,0.9991,1.0012,75175709.98439471
2021-01-27,1.0011,1.0023,0.999,1.0018,78902549.27169825
2021-01-28,1.0018,1.0057,1.0002,1.0027,98249601.42744309
2021-01-29,1.0027,1.005,0.9997,1.0004,108773655.5435919
2021-01-30,1.0004,1.003,0.9996,1.001,40251500.02419988
2021-01-31,1.0011,1.0012,1.0002,1.0008,37032642.56887822
2021-02-01,1.0008,1.0015,0.9983,1.0003,87672610.94390471
2021-02-02,1.0003,1.0012,0.9998,1.0008,61851639.22211662
2021-02-03,1.0009,1.0019,1.0001,1.0014,78076563.61510183
2021-02-04,1.0014,1.005,1.0003,1.0011,71381213.78481065
2021-02-05,1.0012,1.0018,1.0,1.0008,73696928.12310043
2021-02-06,1.0008,1.0024,1.0003,1.0015,45143913.52634739
2021-02-07,1.0015,1.0022,1.0004,1.0017,58532485.20390562
2021-02-08,1.0018,1.0041,1.0003,1.0012,112996627.00078668
2021-02-09,1.0013,1.0024,1.0,1.0015,77026903.59487867
2021-02-10,1.0014,1.0034,1.0001,1.0008,87140959.64535893
2021-02-11,1.0008,1.003,1.0001,1.0004,95848057.64202347
2021-02-12,1.0003,1.0025,1.0,1.0022,93973665.84424394
2021-02-13,1.0022,1.0023,1.0003,1.0013,51012173.61475171
2021-02-14,1.0013,1.0019,1.0,1.0012,62444476.85854341
2021-02-15,1.0012,1.003,1.0,1.0003,102216065.11158277
2021-02-16,1.0003,1.0015,0.9993,1.0002,74156836.05466369
2021-02-17,1.0002,1.0011,0.9996,1.0009,76462312.63319303
2021-02-18,1.0008,1.0009,0.9992,1.0002,87257559.01250474
2021-02-19,1.0002,1.0009,0.9989,1.0007,75980752.15486656
2021-02-20,1.0006,1.0018,0.9996,1.0008,81256576.62188195
2021-02-21,1.0008,1.0012,0.9999,1.0012,39465831.62332504
2021-02-22,1.0011,1.0022,0.9982,1.0007,127045620.44662559
2021-02-23,1.0008,1.003,0.998,1.0003,177513042.39829177
2021-02-24,1.0003,1.003,0.9998,1.001,152573541.6010908
2021-02-25,1.0009,1.0019,0.9997,1.0,110774737.69296204
2021-02-26,1.0001,1.001,0.9992,1.0001,144769723.66941378
2021-02-27,1.0001,1.0013,0.9991,1.001,56010986.06009399
2021-02-28,1.001,1.0024,1.0,1.0016,52524959.64075477
2021-03-01,1.0016,1.0024,1.0,1.0007,98239540.74340637
2021-03-02,1.0007,1.0018,1.0001,1.001,133906105.40923224
2021-03-03,1.001,1.0011,1.0,1.0004,71181703.56301346
2021-03-04,1.0004,1.0009,0.999,0.9998,99110668.93407167
2021-03-05,0.9998,1.0008,0.9987,1.0004,87540540.96138304
2021-03-06,1.0004,1.0006,0.9991,1.0005,60534518.12987942
2021-03-07,1.0005,1.0008,0.9998,1.0003,55722375.28732473
2021-03-08,1.0003,1.0008,0.9993,1.0005,98039980.1084399
2021-03-09,1.0003,1.0008,0.9999,1.0006,100391603.1620668
2021-03-10,1.0005,1.0008,0.9998,1.0002,112897825.17442374
2021-03-11,1.0002,1.0005,0.9994,1.0003,113713622.64829
2021-03-12,1.0003,1.0004,0.9995,1.0,85878142.99609783
2021-03-13,1.0,1.0002,0.998,0.9996,110066611.66995744
2021-03-14,0.9997,1.0004,0.9993,1.0,61730498.56469566
2021-03-15,1.0001,1.0009,0.9975,1.0001,145453892.33723512
2021-03-16,1.0001,1.0004,0.999,1.0002,139031389.2844528
2021-03-17,1.0002,1.0011,0.9999,1.0,150660866.5518572
2021-03-18,1.0,1.0002,0.9965,0.9999,115529409.14085256
2021-03-19,0.9999,1.0003,0.9995,1.0001,86989039.55213834
2021-03-20,1.0001,1.0005,0.9999,1.0,66242685.40889076
2021-03-21,1.0001,1.0009,0.9999,1.0004,55254858.21612051
2021-03-22,1.0004,1.0008,0.9997,1.0004,152456240.42929763
2021-03-23,1.0004,1.0008,0.9995,1.0,178270726.4234107
2021-03-24,1.0,1.0003,0.999,0.9999,113708416.59609419
2021-03-25,0.9999,1.0006,0.9993,1.0002,110636752.38444908
2021-03-26,1.0002,1.0012,1.0,1.0006,90231085.78382364
2021-03-27,1.0005,1.0008,0.9999,1.0002,74092999.28672807
2021-03-28,1.0002,1.0003,0.9994,0.9997,70263903.42313476
2021-03-29,0.9998,1.0004,0.9993,0.9998,116245770.51059002
2021-03-30,0.9999,1.002,0.9993,1.0003,108345847.1331231
2021-03-31,1.0003,1.0007,0.9995,1.0004,128013803.98068552
2021-04-01,1.0003,1.0006,0.9992,0.9997,144617081.10046962
2021-04-02,0.9997,1.0003,0.9989,1.0001,77173511.55593482
2021-04-03,1.0002,1.0004,0.9997,1.0004,45726983.84914188
2021-04-04,1.0004,1.0005,1.0,1.0003,32957194.01375987
2021-04-05,1.0001,1.0005,0.9996,1.0,95268445.16305578
2021-04-06,1.0,1.004,0.9992,1.0002,108137295.33460893
2021-04-07,1.0002,1.0007,0.9993,0.9998,157655994.52734908
2021-04-08,0.9998,1.0003,0.9994,0.9998,142322267.77856892
2021-04-09,0.9999,1.0017,0.9996,0.9996,114250558.81992652
2021-04-10,0.9996,1.0001,0.9987,0.9995,82661292.24086085
2021-04-11,0.9995,0.9996,0.9989,0.9993,40435024.64318122
2021-04-12,0.9992,1.0001,0.9989,0.9996,170952797.7338022
2021-04-13,0.9996,1.0009,0.9993,1.0001,155278891.49374238
2021-04-14,1.0002,1.0012,0.9994,1.0001,199751914.60521233
2021-04-15,1.0001,1.0016,0.9999,1.001,139346369.09396175
2021-04-16,1.001,1.0027,1.0002,1.0013,315290468.62442994
2021-04-17,1.0013,1.0014,1.0003,1.001,126447615.90627004
2021-04-18,1.0009,1.01,1.0005,1.0019,276245193.2189529
2021-04-19,1.0019,1.0028,1.0007,1.001,275902784.0281425
2021-04-20,1.001,1.0023,1.0006,1.0011,235296076.87461558
2021-04-21,1.001,1.0013,1.0,1.0003,149778460.86461705
2021-04-22,1.0004,1.0008,0.9995,1.0002,209135847.08334333
2021-04-23,1.0003,1.0019,0.9995,1.001,296919934.5446029
2021-04-24,1.001,1.0014,1.0007,1.0013,73672074.45205739
2021-04-25,1.0013,1.0013,1.0002,1.0011,61826153.00169222
2021-04-26,1.0011,1.0017,1.0005,1.0007,169522408.77168712
2021-04-27,1.0007,1.0017,1.0007,1.0011,132668008.94493666
2021-04-28,1.0011,1.0025,1.0005,1.0009,130646412.14622352
2021-04-29,1.0009,1.0012,1.0001,1.0005,119514903.75664847
2021-04-30,1.0005,1.0012,1.0004,1.0011,94630177.69181535
2021-05-01,1.0011,1.0013,1.0004,1.001,82678112.15721902
2021-05-02,1.001,1.0011,1.0,1.0007,37177747.98934211
2021-05-03,1.0007,1.001,1.0001,1.0009,117185463.5377393
2021-05-04,1.0009,1.0012,1.0,1.0005,234783601.03540477
2021-05-05,1.0005,1.0018,0.9997,1.001,279619081.656203
2021-05-06,1.0011,1.0017,1.0005,1.0006,236470556.2862898
2021-05-07,1.0006,1.0015,1.0002,1.0009,184332767.79049486
2021-05-08,1.0009,1.006,1.0008,1.0014,140360156.1279434
2021-05-09,1.0015,1.0023,0.9994,1.001,169000009.09714997
2021-05-10,1.001,1.0059,1.0002,1.001,277830498.36931914
2021-05-11,1.001,1.0051,1.0005,1.0013,203802798.795238
2021-05-12,1.0014,1.0071,0.9997,0.9997,237886105.44542727
2021-05-13,0.9999,1.0024,0.9997,1.0002,264017569.2682899
2021-05-14,1.0002,1.002,1.0001,1.0009,277189303.39628017
2021-05-15,1.001,1.0013,1.0004,1.0004,107758485.69024158
2021-05-16,1.0004,1.0009,0.9997,1.0006,132025425.03591657
2021-05-17,1.0006,1.0013,0.9997,1.0005,270920038.7866844
2021-05-18,1.0006,1.0015,1.0001,1.0006,200782458.25924358
2021-05-19,1.0007,1.0056,0.9987,1.0021,449377179.76092774
2021-05-20,1.002,1.0028,1.001,1.002,394032177.55679876
2021-05-21,1.002,1.003,1.0006,1.0016,293175198.8525538
2021-05-22,1.0016,1.0018,1.0005,1.0008,103544817.8178568
2021-05-23,1.0009,1.002,1.0002,1.0015,247223298.5844359
2021-05-24,1.0015,1.002,1.0009,1.0013,193109292.56836227
2021-05-25,1.0013,1.0021,1.0008,1.0011,234878714.71816048
2021-05-26,1.0011,1.0018,1.0009,1.0015,208265048.22124952
2021-05-27,1.0015,1.0018,1.0007,1.001,157929362.2793661
2021-05-28,1.001,1.0014,1.0001,1.0004,257505674.47996494
2021-05-29,1.0005,1.0009,1.0001,1.0007,122078249.9714035
2021-05-30,1.0007,1.0009,1.0003,1.0006,123881208.38003536
2021-05-31,1.0005,1.0011,1.0001,1.0003,187915995.01278695
2021-06-01,1.0003,1.0005,0.9997,0.9998,179691917.0952332
2021-06-02,0.9998,1.0005,0.9996,1.0,188769851.4726855
2021-06-03,1.0,1.0007,0.9998,1.0002,148266815.4436579
2021-06-04,1.0002,1.001,1.0,1.0005,149960041.58589005
2021-06-05,1.0005,1.0008,0.9999,1.0004,91519852.9335765
2021-06-06,1.0004,1.0006,1.0002,1.0003,49984541.29238553
2021-06-07,1.0003,1.0008,0.9999,1.0003,159934495.83040512
2021-06-08,1.0003,1.0011,1.0001,1.0008,174101454.25397414
2021-06-09,1.0007,1.0011,1.0003,1.0005,190970230.2419337
2021-06-10,1.0005,1.0011,1.0002,1.0004,125386034.02660331
2021-06-11,1.0003,1.0008,0.9999,1.0,113753048.91753718
2021-06-12,1.0,1.0004,1.0,1.0002,72521976.25057791
2021-06-13,1.0002,1.0005,1.0,1.0001,89530388.48567063
2021-06-14,1.0001,1.0006,1.0,1.0004,157257493.96133146
2021-06-15,1.0003,1.0005,0.9997,1.0001,116381199.49668904
2021-06-16,1.0001,1.0004,0.9997,0.9998,120428788.7300602
2021-06-17,0.9998,1.0001,0.9997,1.0,92834684.45124093
2021-06-18,1.0001,1.0006,0.9999,1.0005,136548178.527083
2021-06-19,1.0004,1.0006,1.0001,1.0001,64822595.80277126
2021-06-20,1.0002,1.0004,0.9997,0.9999,84908472.05316217
2021-06-21,0.9998,1.0006,0.9996,0.9998,211559014.6555623
2021-06-22,0.9998,1.0009,0.9997,1.0004,274429924.1646757
2021-06-23,1.0004,1.001,1.0,1.0002,164402421.73464572
2021-06-24,1.0002,1.0005,0.9998,0.9999,159847026.89837176
2021-06-25,0.9999,1.0001,0.9987,1.0,289771754.9238974
2021-06-26,1.0,1.0005,0.9997,1.0,152915905.9706709
2021-06-27,0.9999,1.0004,0.9999,1.0002,89407840.78342038
2021-06-28,1.0002,1.0005,0.9999,1.0002,101113723.00708576
2021-06-29,1.0002,1.0006,1.0,1.0001,130770558.70431781
2021-06-30,1.0,1.0005,0.9999,1.0002,207817408.40861684
2021-07-01,1.0002,1.0003,0.9998,1.0002,97170997.80960463
2021-07-02,1.0001,1.0003,0.9997,1.0001,89650570.57490292
2021-07-03,1.0001,1.0003,1.0,1.0002,29190196.37138828
2021-07-04,1.0002,1.0003,0.9998,1.0001,40597135.89196064
2021-07-05,1.0001,1.0004,0.9999,1.0003,99135995.62320244
2021-07-06,1.0002,1.002,0.9999,1.0,132334238.32149185
2021-07-07,1.0,1.0009,0.9996,1.0003,108050236.48361287
2021-07-08,1.0003,1.0005,0.998,1.0,254221841.40155107
2021-07-09,1.0,1.0002,0.9995,0.9999,214721381.61732504
2021-07-10,0.9999,1.0,0.9997,1.0,48063648.63671011
2021-07-11,0.9999,1.0001,0.9997,0.9999,22332703.66479475
2021-07-12,1.0,1.0001,0.9997,1.0,85272078.33226217
2021-07-13,1.0,1.0002,0.9997,1.0,87928920.14995858
2021-07-14,1.0,1.0004,0.9999,1.0,116117248.94891147
2021-07-15,1.0001,1.0003,0.9996,0.9999,134337427.61466
2021-07-16,0.9999,1.0004,0.9999,1.0003,97271808.13652284
2021-07-17,1.0003,1.0005,1.0001,1.0002,56356533.06270713
2021-07-18,1.0002,1.0004,1.0001,1.0002,43232374.12703989
2021-07-19,1.0001,1.0002,0.9996,1.0,184845264.17798448
2021-07-20,1.0,1.0003,0.9998,1.0001,179273009.20384738
2021-07-21,1.0002,1.0003,0.9999,1.0,126363293.1250113
2021-07-22,1.0,1.0003,0.9999,1.0001,119750253.14924675
2021-07-23,1.0001,1.0004,1.0,1.0003,80773853.80092435
2021-07-24,1.0002,1.0009,1.0002,1.0005,42721764.09090406
2021-07-25,1.0006,1.0009,1.0004,1.0007,23001371.69508998
2021-07-26,1.0007,1.0008,0.9995,1.0003,191528018.91955602
2021-07-27,1.0002,1.0006,1.0,1.0003,122066141.712441
2021-07-28,1.0003,1.0006,1.0001,1.0003,118424737.7751716
2021-07-29,1.0002,1.0004,1.0001,1.0002,64573442.17181446
2021-07-30,1.0003,1.0007,1.0002,1.0005,81028054.45524886
2021-07-31,1.0006,1.0008,1.0002,1.0007,55163098.46758927
2021-08-01,1.0008,1.0008,1.0002,1.0003,75037161.06528582
2021-08-02,1.0003,1.0004,0.9999,1.0002,159426429.684352
2021-08-03,1.0002,1.0003,0.9998,1.0,106858383.34307466
2021-08-04,0.9999,1.0001,0.9997,1.0,128931800.97454649
2021-08-05,0.9999,1.0007,0.9996,1.0004,186155258.0539014
2021-08-06,1.0005,1.0006,1.0001,1.0004,115026850.46773076
2021-08-07,1.0005,1.001,1.0003,1.0008,102274418.91746639
2021-08-08,1.0008,1.001,1.0004,1.0006,147182782.0756753
2021-08-09,1.0006,1.0008,0.9999,1.0002,256319165.68862242
2021-08-10,1.0002,1.0007,1.0,1.0003,155991552.1602167
2021-08-11,1.0003,1.0007,1.0001,1.0005,186361094.6592304
2021-08-12,1.0005,1.0007,1.0001,1.0004,145331284.54640913
2021-08-13,1.0004,1.0008,1.0001,1.0004,140175971.4343871
2021-08-14,1.0004,1.0009,1.0002,1.0007,102408970.35039917
2021-08-15,1.0007,1.0009,1.0005,1.0008,28666624.49256969
