2017-06-26,0.2266,0.2386,0.1886,0.2183,15647312.1
2017-06-27,0.2183,0.2278,0.191,0.2278,11258697.12
2017-06-28,0.2278,0.2362,0.217,0.235,9808420.7
2017-06-29,0.235,0.2369,0.211,0.2225,7177830.34
2017-06-30,0.2225,0.2289,0.2055,0.218,5966356.97
2017-07-01,0.218,0.2202,0.203,0.2087,5286172.39
2017-07-02,0.2087,0.224,0.205,0.2216,6380608.49
2017-07-03,0.2216,0.2263,0.2153,0.2222,6756861.42
2017-07-04,0.2222,0.227,0.2155,0.219,6513473.12
2017-07-05,0.219,0.227,0.2153,0.2215,4316070.84
2017-07-06,0.2215,0.223,0.218,0.22,4502237.19
2017-07-07,0.22,0.2209,0.2006,0.2031,6781988.63
2017-07-08,0.2031,0.2054,0.186,0.2021,7112922.96
2017-07-09,0.2021,0.2139,0.1954,0.1994,5951244.95
2017-07-10,0.1994,0.1994,0.15,0.1666,10466552.48
2017-07-11,0.1666,0.18,0.12,0.1538,24477510.57
2017-07-12,0.1538,0.1725,0.146,0.1724,14658111.19
2017-07-13,0.1724,0.19,0.159,0.1681,10584249.58
2017-07-14,0.1681,0.1686,0.151,0.16,7543664.45
2017-07-15,0.16,0.1627,0.15,0.1501,6543862.18
2017-07-16,0.1501,0.151,0.1111,0.1284,22312486.23
2017-07-17,0.1284,0.151,0.1265,0.151,17383828.86
2017-07-18,0.151,0.1635,0.14,0.1566,16963480.98
2017-07-19,0.1566,0.1615,0.1253,0.1418,13489041.43
2017-07-20,0.1418,0.1685,0.141,0.1627,12205454.96
2017-07-21,0.1627,0.168,0.1557,0.158,11342162.82
2017-07-22,0.158,0.1748,0.1571,0.17,7697154.16
2017-07-23,0.17,0.1772,0.161,0.1694,7237639.37
2017-07-24,0.1694,0.1705,0.1634,0.1655,10073123.03
2017-07-25,0.1655,0.1665,0.1446,0.1499,13665468.72
2017-07-26,0.1499,0.1538,0.1427,0.149,7870898.42
2017-07-27,0.149,0.1519,0.1469,0.1482,5045204.71
2017-07-28,0.1482,0.1499,0.138,0.14,7752294.89
2017-07-29,0.14,0.149,0.133,0.149,5424095.13
2017-07-30,0.149,0.149,0.1401,0.1403,3287991.36
2017-07-31,0.1403,0.1533,0.1364,0.1415,7092466.46
2017-08-01,0.1415,0.1574,0.14,0.1514,11139026.3
2017-08-02,0.1514,0.1533,0.142,0.1447,9360263.9
2017-08-03,0.1447,0.15,0.1431,0.1491,6005843.24
2017-08-04,0.1491,0.15,0.1458,0.1473,6059894.09
2017-08-05,0.1473,0.1614,0.1441,0.156,12485558.15
2017-08-06,0.156,0.1608,0.1504,0.1531,6253285.84
2017-08-07,0.1531,0.155,0.1499,0.1509,8687611.24
2017-08-08,0.1509,0.17,0.15,0.1647,14567884.82
2017-08-09,0.1647,0.168,0.155,0.159,8738404.93
2017-08-10,0.159,0.1603,0.1548,0.155,6318279.74
2017-08-11,0.155,0.1581,0.15,0.1519,10340924.2
2017-08-12,0.1519,0.1559,0.1451,0.1457,11416792.41
2017-08-13,0.1457,0.146,0.135,0.142,13988857.25
2017-08-14,0.142,0.1536,0.1411,0.143,8518668.01
2017-08-15,0.143,0.1435,0.13,0.134,13297801.49
2017-08-16,0.134,0.1374,0.125,0.1373,11003351.33
2017-08-17,0.1373,0.1385,0.1325,0.135,7291461.03
2017-08-18,0.135,0.1475,0.1301,0.1346,12680560.29
2017-08-19,0.1346,0.148,0.127,0.1317,8399114.28
2017-08-20,0.1317,0.138,0.13,0.1361,7655936.52
2017-08-21,0.1361,0.177,0.1312,0.166,31148911.93
2017-08-22,0.166,0.225,0.148,0.2061,48302878.89
2017-08-23,0.2061,0.2616,0.1855,0.2104,61173354.95
2017-08-24,0.2104,0.245,0.181,0.184,45714656.92
2017-08-25,0.184,0.199,0.173,0.183,26109950.48
2017-08-26,0.183,0.195,0.1752,0.176,19446268.37
2017-08-27,0.176,0.178,0.1621,0.1686,16392654.25
2017-08-28,0.1686,0.2075,0.1625,0.1884,36301527.27
2017-08-29,0.1884,0.19,0.1777,0.1838,16771191.92
2017-08-30,0.1838,0.199,0.182,0.1946,13499894.09
2017-08-31,0.1946,0.2248,0.191,0.2182,28131471.96
2017-09-01,0.2182,0.2208,0.2011,0.213,22054286.38
2017-09-02,0.213,0.2141,0.1722,0.1919,24079302.21
2017-09-03,0.1919,0.2029,0.1851,0.1979,11913720.31
2017-09-04,0.1979,0.198,0.165,0.179,21299615.85
2017-09-05,0.179,0.194,0.1701,0.1884,14077537.65
2017-09-06,0.1884,0.1991,0.1877,0.1973,11858138.79
2017-09-07,0.1973,0.1973,0.1885,0.1908,10422542.78
2017-09-08,0.1908,0.1927,0.174,0.1813,11878658.3
2017-09-09,0.1813,0.1862,0.174,0.1781,5860141.24
2017-09-10,0.1781,0.1899,0.17,0.1832,9487082.18
2017-09-11,0.1832,0.1897,0.177,0.1805,7189851.35
2017-09-12,0.1805,0.1893,0.174,0.176,13485523.65
2017-09-13,0.176,0.176,0.1551,0.1662,22802098.1
2017-09-14,0.1662,0.1692,0.1424,0.1438,21242325.65
2017-09-15,0.1438,0.166,0.121,0.157,27444863.62
2017-09-16,0.157,0.164,0.1472,0.1549,10754361.49
2017-09-17,0.1549,0.1588,0.145,0.155,8794050.6
2017-09-18,0.155,0.1644,0.1522,0.164,14869795.29
2017-09-19,0.164,0.164,0.1541,0.1551,9321926.07
2017-09-20,0.1551,0.158,0.1465,0.1524,12083264.79
2017-09-21,0.1524,0.155,0.1425,0.1437,8141903.97
2017-09-22,0.1437,0.149,0.1402,0.146,6023484.75
2017-09-23,0.146,0.155,0.144,0.1502,6435030.1
2017-09-24,0.1502,0.151,0.1455,0.1484,2835751.66
2017-09-25,0.1484,0.1577,0.147,0.1552,5701401.71
2017-09-26,0.1552,0.1629,0.1523,0.159,6356098.36
2017-09-27,0.159,0.1827,0.1582,0.178,18085906.83
2017-09-28,0.178,0.178,0.166,0.1709,10830135.0
2017-09-29,0.1709,0.171,0.159,0.1657,9743716.21
2017-09-30,0.1657,0.1723,0.165,0.1678,4122666.17
2017-10-01,0.1678,0.175,0.1651,0.175,4034121.39
2017-10-02,0.175,0.1756,0.17,0.1725,8061948.85
2017-10-03,0.1725,0.175,0.1681,0.1726,6583036.85
2017-10-04,0.1726,0.185,0.1716,0.1811,11332139.38
2017-10-05,0.1811,0.209,0.1809,0.2029,26756764.7
2017-10-06,0.2029,0.209,0.1981,0.1984,14904302.07
2017-10-07,0.1984,0.205,0.197,0.2034,5901575.3
2017-10-08,0.2034,0.2375,0.2027,0.2361,24826991.98
2017-10-09,0.2361,0.2364,0.2018,0.2114,24876923.95
2017-10-10,0.2114,0.227,0.2023,0.2182,17924245.45
2017-10-11,0.2182,0.225,0.2154,0.2218,8684755.09
2017-10-12,0.2218,0.2229,0.2059,0.2059,15268794.09
2017-10-13,0.2059,0.2242,0.1955,0.2176,17353354.4
2017-10-14,0.2176,0.2238,0.212,0.2154,7563763.89
2017-10-15,0.2154,0.2285,0.2101,0.223,11576286.71
2017-10-16,0.223,0.2499,0.2138,0.2179,35216343.8
2017-10-17,0.2179,0.2246,0.185,0.1945,28385750.58
2017-10-18,0.1945,0.2008,0.1706,0.1852,21197682.51
2017-10-19,0.1852,0.195,0.175,0.1824,15651807.29
2017-10-20,0.1824,0.1896,0.1746,0.1765,12705796.34
2017-10-21,0.1765,0.178,0.168,0.178,8790904.3
2017-10-22,0.178,0.1799,0.168,0.1708,4690457.3
2017-10-23,0.1708,0.1716,0.16,0.164,13568406.07
2017-10-24,0.164,0.1855,0.1571,0.1748,19601921.38
2017-10-25,0.1748,0.177,0.17,0.1722,7441907.59
2017-10-26,0.1722,0.1759,0.1707,0.174,4460957.38
2017-10-27,0.174,0.175,0.1722,0.1736,3991785.13
2017-10-28,0.1736,0.1748,0.171,0.1717,3852755.55
2017-10-29,0.1717,0.1745,0.1692,0.1724,4967105.11
2017-10-30,0.1724,0.1754,0.172,0.1743,5020565.29
2017-10-31,0.1743,0.1748,0.1712,0.1712,5582616.52
2017-11-01,0.1712,0.1728,0.1643,0.1643,8635907.99
2017-11-02,0.1643,0.1738,0.1546,0.1721,11710990.29
2017-11-03,0.1721,0.1866,0.1675,0.1785,15355353.41
2017-11-04,0.1785,0.179,0.172,0.1732,5005965.26
2017-11-05,0.1732,0.1751,0.171,0.1729,2874073.08
2017-11-06,0.1729,0.18,0.1715,0.1758,7501337.2
2017-11-07,0.1758,0.1794,0.173,0.1765,4714180.84
2017-11-08,0.1765,0.194,0.1757,0.1883,13148140.55
2017-11-09,0.1883,0.194,0.185,0.1879,16688529.77
2017-11-10,0.1879,0.1893,0.171,0.1747,15859749.4
2017-11-11,0.1747,0.1814,0.167,0.1767,11214435.24
2017-11-12,0.1767,0.1777,0.161,0.1695,20049743.94
2017-11-13,0.1695,0.175,0.165,0.1735,8070668.23
2017-11-14,0.1735,0.179,0.172,0.1758,8232632.0
2017-11-15,0.1758,0.18,0.175,0.1778,8839504.77
2017-11-16,0.1778,0.22,0.1756,0.1903,48047622.52
2017-11-17,0.1903,0.2,0.185,0.1931,14499858.37
2017-11-18,0.1931,0.2,0.1872,0.193,6677517.37
2017-11-19,0.193,0.199,0.19,0.195,7241206.46
2017-11-20,0.195,0.2079,0.1949,0.2,15791336.01
2017-11-21,0.2,0.206,0.197,0.1983,11760310.1
2017-11-22,0.1983,0.205,0.1976,0.2033,9668627.98
2017-11-23,0.2033,0.21,0.2004,0.2053,14096928.38
2017-11-24,0.2053,0.208,0.198,0.2029,11689026.35
2017-11-25,0.2029,0.209,0.2,0.2076,9368447.98
2017-11-26,0.2076,0.2076,0.201,0.2032,6454468.41
2017-11-27,0.2032,0.2075,0.2013,0.205,9759563.27
2017-11-28,0.205,0.235,0.205,0.2337,29056143.86
2017-11-29,0.2337,0.235,0.191,0.2011,32311881.25
2017-11-30,0.2011,0.2109,0.19,0.2026,16756979.14
2017-12-01,0.2035,0.2169,0.196,0.2126,13799325.83
2017-12-02,0.2126,0.2126,0.2043,0.206,7046003.02
2017-12-03,0.206,0.213,0.201,0.2032,9591452.0
2017-12-04,0.2032,0.2088,0.2022,0.2083,7142279.89
2017-12-05,0.2083,0.2083,0.203,0.2036,12692146.6
2017-12-06,0.2036,0.2064,0.189,0.189,20683866.49
2017-12-07,0.189,0.1929,0.18,0.182,18013517.65
2017-12-08,0.182,0.21,0.18,0.2,21278629.26
2017-12-09,0.2,0.203,0.1949,0.1993,8608831.52
2017-12-10,0.1993,0.2,0.1895,0.1895,8405917.42
2017-12-11,0.1895,0.2077,0.1895,0.2018,13320995.17
2017-12-12,0.2018,0.3296,0.1961,0.276,45832272.18
2017-12-13,0.276,0.43,0.27,0.393,45924380.16
2017-12-14,0.393,0.76,0.379,0.73,33550885.33
2017-12-15,0.73,0.74,0.525,0.63,29443207.33
2017-12-16,0.63,0.689,0.61,0.623,21931856.57
2017-12-17,0.623,0.65,0.58,0.5871,18575555.88
2017-12-18,0.5888,0.668,0.55,0.6301,23989360.02
2017-12-19,0.6301,0.7,0.62,0.6419,28767257.55
2017-12-20,0.6419,0.6484,0.58,0.615,23235188.01
2017-12-21,0.615,0.95,0.6111,0.9,63065785.87
2017-12-22,0.9,0.9999,0.55,0.86,45455993.75
2017-12-23,0.86,0.9438,0.8019,0.8721,18650473.44
2017-12-24,0.8721,0.88,0.712,0.845,21237522.86
2017-12-25,0.845,0.8799,0.8,0.8376,9792424.64
2017-12-26,0.8376,0.9,0.83,0.8901,13020347.3
2017-12-27,0.8901,1.1,0.8802,1.03,38089250.76
2017-12-28,1.03,1.1,0.9661,1.08,29559674.96
2017-12-29,1.08,1.72,1.08,1.67,53270569.19
2017-12-30,1.67,2.2,1.53,1.59,61850883.88
2017-12-31,1.59,1.75,1.4,1.72,20863374.9
2018-01-01,1.72,1.79,1.56,1.75,11804808.59
2018-01-02,1.75,1.86,1.6,1.83,11435777.39
2018-01-03,1.83,2.4,1.81,2.31,19799985.96
2018-01-04,2.31,2.86,2.23,2.28,22577346.4
2018-01-05,2.28,2.5,1.84,2.07,23585918.88
2018-01-06,2.07,2.38,2.07,2.19,13483945.77
2018-01-07,2.19,2.3,2.1,2.27,10422273.24
2018-01-08,2.27,2.27,1.8,2.01,21376778.38
2018-01-09,2.01,2.07,1.6,1.7,22065051.17
2018-01-10,1.7,1.78,1.25,1.62,36735920.51
2018-01-11,1.62,1.62,1.31,1.39,6438216.63
2018-01-12,1.39,1.39,1.39,1.39,0.0
2018-01-13,1.39,1.39,1.39,1.39,0.0
2018-01-14,1.65,1.66,1.46,1.54,19773098.72
2018-01-15,1.54,1.64,1.34,1.35,19886115.02
2018-01-16,1.35,1.39,0.7,0.9629,128284632.2
2018-01-17,0.9629,1.2,0.71,1.08,130479361.42
2018-01-18,1.08,1.45,1.02,1.31,101839150.43
2018-01-19,1.31,1.42,1.22,1.27,49471667.63
2018-01-20,1.27,1.36,1.22,1.29,30646532.33
2018-01-21,1.29,1.29,1.07,1.13,57385103.69
2018-01-22,1.13,1.17,0.92,1.1,62035616.42
2018-01-23,1.1,1.19,0.965,1.09,55933473.79
2018-01-24,1.09,1.16,1.05,1.1,29400555.76
2018-01-25,1.1,1.12,1.03,1.05,18412018.32
2018-01-26,1.05,1.06,0.901,0.98,39842569.31
2018-01-27,0.98,0.998,0.9501,0.977,13666188.47
2018-01-28,0.977,1.11,0.9749,1.09,29188394.07
2018-01-29,1.09,1.09,1,1.02,20930742.95
2018-01-30,1.02,1.02,0.863,0.8884,37269007.6
2018-01-31,0.8884,0.9176,0.81,0.9014,32885879.92
2018-02-01,0.9014,0.907,0.685,0.7449,54950387.92
2018-02-02,0.7449,0.7999,0.5,0.7186,113073589.13
2018-02-03,0.7186,0.8198,0.6206,0.772,42419593.04
2018-02-04,0.772,0.777,0.6161,0.6516,36123177.45
2018-02-05,0.6516,0.6676,0.505,0.5302,64569823.73
2018-02-06,0.5302,0.631,0.45,0.613,99177858.56
2018-02-07,0.613,0.6686,0.5571,0.5786,41817255.83
2018-02-08,0.5786,0.646,0.5723,0.6402,22519182.59
2018-02-09,0.6402,0.76,0.606,0.75,40001001.5
2018-02-10,0.75,1.01,0.736,0.8399,76160116.66
2018-02-11,0.8399,0.858,0.73,0.786,40302875.63
2018-02-12,0.786,0.885,0.782,0.8471,25359351.8
2018-02-13,0.8471,0.8504,0.788,0.7961,16959047.35
2018-02-14,0.7961,0.9375,0.792,0.9094,28277023.99
2018-02-15,0.9094,0.935,0.8626,0.8918,23366801.13
2018-02-16,0.8918,0.899,0.86,0.8985,9378677.56
2018-02-17,0.8985,0.977,0.89,0.9538,17831912.25
2018-02-18,0.9538,0.958,0.85,0.866,14833891.05
2018-02-19,0.866,0.92,0.863,0.8952,9540575.34
2018-02-20,0.8952,0.919,0.821,0.8334,16411751.51
2018-02-21,0.8334,0.8476,0.7605,0.7794,24487383.28
2018-02-22,0.7794,0.82,0.7002,0.7223,24717926.75
2018-02-23,0.7223,0.8,0.6901,0.765,19922871.61
2018-02-24,0.765,0.7897,0.709,0.7328,10025666.63
2018-02-25,0.7328,0.7526,0.717,0.7333,5711977.83
2018-02-26,0.7333,0.7676,0.7132,0.7513,11919254.82
2018-02-27,0.7513,0.7766,0.745,0.757,6160954.36
2018-02-28,0.757,0.7718,0.72,0.724,6082230.96
2018-03-01,0.724,0.775,0.718,0.743,6274623.89
2018-03-02,0.743,0.7479,0.721,0.7283,4677221.74
2018-03-03,0.7283,0.741,0.72,0.7254,3410467.71
2018-03-04,0.7254,0.8317,0.715,0.8135,14361442.72
2018-03-05,0.8135,0.88,0.7581,0.763,28435215.99
2018-03-06,0.763,0.7941,0.716,0.7256,17759854.51
2018-03-07,0.7256,0.743,0.6338,0.6922,23322433.58
2018-03-08,0.6922,0.71,0.648,0.6555,13914765.76
2018-03-09,0.6555,0.687,0.5947,0.6739,22429363.77
2018-03-10,0.6739,0.6843,0.6251,0.63,8640635.38
2018-03-11,0.63,0.674,0.61,0.663,7778352.71
2018-03-12,0.663,0.6722,0.6201,0.6372,9606397.65
2018-03-13,0.6372,0.6496,0.6158,0.6281,6681425.69
2018-03-14,0.6281,0.639,0.5266,0.5565,17912631.97
2018-03-15,0.5565,0.5882,0.505,0.5554,23112345.34
2018-03-16,0.5554,0.5787,0.5377,0.5516,10761382.3
2018-03-17,0.5516,0.5585,0.4932,0.5112,12873540.88
2018-03-18,0.5112,0.548,0.4325,0.5286,32392158.42
2018-03-19,0.5286,0.5874,0.5101,0.585,25484793.39
2018-03-20,0.585,0.5898,0.5315,0.5721,19525920.09
2018-03-21,0.5721,0.58,0.54,0.5504,13594005.83
2018-03-22,0.5504,0.575,0.49,0.53,17742191.6
2018-03-23,0.53,0.5309,0.4972,0.5183,10850371.85
2018-03-24,0.5183,0.55,0.51,0.5111,10599452.05
2018-03-25,0.5111,0.5319,0.5072,0.5146,5080215.88
2018-03-26,0.5146,0.519,0.4611,0.4731,11814723.01
2018-03-27,0.4731,0.5164,0.451,0.4612,16384310.24
2018-03-28,0.4612,0.477,0.4576,0.4644,6506827.27
2018-03-29,0.4644,0.4668,0.4028,0.407,21306219.95
2018-03-30,0.407,0.4273,0.3823,0.404,25455340.67
2018-03-31,0.404,0.4237,0.3996,0.4055,8587983.75
2018-04-01,0.4055,0.411,0.369,0.3886,14324154.44
2018-04-02,0.3886,0.4079,0.3811,0.4011,7843354.87
2018-04-03,0.4011,0.4526,0.4005,0.4476,14804038.68
2018-04-04,0.4476,0.4511,0.395,0.3994,15839013.44
2018-04-05,0.3994,0.407,0.3862,0.3998,8164657.23
2018-04-06,0.3998,0.4028,0.3761,0.385,7496361.89
2018-04-07,0.385,0.403,0.3844,0.3943,5382385.75
2018-04-08,0.3943,0.4084,0.3937,0.4064,3790186.18
2018-04-09,0.4064,0.4161,0.3851,0.3944,10507246.78
2018-04-10,0.3944,0.3992,0.3881,0.3974,2930438.71
2018-04-11,0.3974,0.4495,0.3941,0.4358,9017899.66
2018-04-12,0.4358,0.5381,0.4056,0.5201,25662550.32
2018-04-13,0.5201,0.577,0.4977,0.5211,32901591.62
2018-04-14,0.5211,0.5458,0.5044,0.52,13688002.57
2018-04-15,0.52,0.5672,0.5196,0.5629,12703991.23
2018-04-16,0.5629,0.5638,0.5128,0.536,11962487.29
2018-04-17,0.536,0.552,0.5212,0.5279,9377573.44
2018-04-18,0.5279,0.5888,0.5279,0.574,12716784.56
2018-04-19,0.574,0.6383,0.5672,0.635,11563221.56
2018-04-20,0.635,0.7675,0.6346,0.7539,30123460.85
2018-04-21,0.7539,0.758,0.65,0.7052,27064079.41
2018-04-22,0.7052,0.75,0.6829,0.7006,14062160.08
2018-04-23,0.7006,0.7212,0.6912,0.7116,12400430.99
2018-04-24,0.7116,0.7889,0.7084,0.7546,19308305.65
2018-04-25,0.7546,0.7591,0.625,0.6505,36120110.65
2018-04-26,0.6505,0.7005,0.625,0.7005,16390959.27
2018-04-27,0.7005,0.7153,0.6613,0.664,12098038.23
2018-04-28,0.664,0.7377,0.662,0.7108,11407807.55
2018-04-29,0.7108,0.7443,0.68,0.7145,10851924.54
2018-04-30,0.7145,0.7228,0.676,0.6862,7185076.69
2018-05-01,0.6862,0.7,0.6478,0.694,10315543.74
2018-05-02,0.694,0.721,0.686,0.7165,6813466.85
2018-05-03,0.7165,0.742,0.7,0.731,10529039.82
2018-05-04,0.731,0.7729,0.7122,0.742,15126610.16
2018-05-05,0.742,0.77,0.74,0.7496,7758629.32
2018-05-06,0.7496,0.7639,0.7,0.7165,10048931.58
2018-05-07,0.7165,0.719,0.6701,0.6917,11106375.89
2018-05-08,0.6917,0.7075,0.6662,0.6789,5839853.21
2018-05-09,0.6789,0.6902,0.641,0.67,9996011.76
2018-05-10,0.67,0.6776,0.626,0.6278,7469615.59
2018-05-11,0.6278,0.6338,0.544,0.5655,30966587.84
2018-05-12,0.5655,0.5925,0.5292,0.573,13249734.05
2018-05-13,0.573,0.626,0.558,0.6102,9829240.03
2018-05-14,0.6102,0.6289,0.576,0.6111,14470303.7
2018-05-15,0.6111,0.6315,0.5782,0.5836,9820214.52
2018-05-16,0.5836,0.6,0.5601,0.5995,8714019.64
2018-05-17,0.5995,0.6028,0.5521,0.56,6121955.95
2018-05-18,0.56,0.5806,0.55,0.574,5814976.4
2018-05-19,0.574,0.5998,0.5634,0.5722,4036734.93
2018-05-20,0.5722,0.5998,0.5683,0.5927,3952624.63
2018-05-21,0.5927,0.5978,0.57,0.5744,4683114.28
2018-05-22,0.5744,0.5754,0.5401,0.5418,5145352.67
2018-05-23,0.5418,0.5473,0.4929,0.5038,16084827.93
2018-05-24,0.5038,0.545,0.4921,0.5373,12299354.63
2018-05-25,0.5373,0.5416,0.5109,0.5211,6224316.89
2018-05-26,0.5211,0.5386,0.5139,0.5228,3184308.62
2018-05-27,0.5228,0.524,0.5124,0.5175,2555236.86
2018-05-28,0.5175,0.5185,0.471,0.471,8324905.46
2018-05-29,0.471,0.527,0.469,0.5196,9312945.31
2018-05-30,0.5196,0.543,0.5012,0.5159,6837844.65
2018-05-31,0.5159,0.5318,0.5065,0.5213,3971036.25
2018-06-01,0.5213,0.535,0.516,0.533,6000900.04
2018-06-02,0.533,0.5579,0.5268,0.5504,4994162.11
2018-06-03,0.5504,0.591,0.5464,0.591,6363583.69
2018-06-04,0.591,0.603,0.5403,0.5613,11886579.57
2018-06-05,0.5613,0.5857,0.5413,0.5748,6940235.6
2018-06-06,0.5748,0.5784,0.5568,0.571,5160248.54
2018-06-07,0.571,0.5828,0.5675,0.5735,3407463.44
2018-06-08,0.5735,0.5786,0.5611,0.5734,5573143.44
2018-06-09,0.5734,0.579,0.5598,0.56,2371271.46
2018-06-10,0.56,0.56,0.472,0.4955,17669266.77
2018-06-11,0.4955,0.51,0.4776,0.51,10045444.2
2018-06-12,0.51,0.51,0.462,0.4744,11206762.59
2018-06-13,0.4744,0.478,0.43,0.4493,12551700.47
2018-06-14,0.4493,0.492,0.4412,0.4826,14307100.48
2018-06-15,0.4826,0.4845,0.4539,0.4594,5179004.6
2018-06-16,0.4594,0.465,0.4463,0.4592,3985442.05
2018-06-17,0.4592,0.4656,0.4508,0.4525,1799514.5
2018-06-18,0.4525,0.4765,0.4382,0.4636,6405401.16
2018-06-19,0.4636,0.4875,0.4608,0.474,5773838.49
2018-06-20,0.474,0.476,0.4525,0.466,3400373.97
2018-06-21,0.466,0.4738,0.4567,0.4606,2593044.54
2018-06-22,0.4606,0.4615,0.405,0.4156,14014803.7
2018-06-23,0.4156,0.4248,0.4077,0.4213,2364154.38
2018-06-24,0.4213,0.425,0.3792,0.4079,14242311.69
2018-06-25,0.4079,0.4223,0.405,0.4108,7559353.77
2018-06-26,0.4108,0.4131,0.3875,0.3875,3949279.8
2018-06-27,0.3875,0.4102,0.385,0.4075,4693087.83
2018-06-28,0.4075,0.409,0.3833,0.3868,5478121.08
2018-06-29,0.3868,0.3945,0.3646,0.3884,7675686.37
2018-06-30,0.3884,0.412,0.3884,0.4,4582084.66
2018-07-01,0.4,0.4017,0.3852,0.3944,3659928.7
2018-07-02,0.3944,0.4263,0.3893,0.42,6064509.7
2018-07-03,0.42,0.4468,0.4102,0.4158,9293268.18
2018-07-04,0.4158,0.4342,0.4064,0.4216,5464655.62
2018-07-05,0.4216,0.4297,0.402,0.409,6063545.75
2018-07-06,0.409,0.4105,0.3917,0.407,3787521.23
2018-07-07,0.407,0.4135,0.3951,0.4134,1987710.96
2018-07-08,0.4134,0.4157,0.4039,0.4074,3308047.79
2018-07-09,0.4074,0.4094,0.3991,0.4017,2608898.72
2018-07-10,0.4017,0.4019,0.374,0.378,5992860.57
2018-07-11,0.378,0.3851,0.3753,0.3841,3630385.1
2018-07-12,0.3841,0.3842,0.3642,0.375,5961703.9
2018-07-13,0.375,0.3822,0.3692,0.3743,3869441.67
2018-07-14,0.3743,0.3791,0.3695,0.3759,1367425.43
2018-07-15,0.3759,0.3856,0.3734,0.382,3196899.75
2018-07-16,0.382,0.4133,0.379,0.4109,5470025.66
2018-07-17,0.4109,0.47,0.3995,0.4346,9508847.06
2018-07-18,0.4346,0.448,0.3966,0.4194,11615052.16
2018-07-19,0.4194,0.4255,0.4065,0.4092,4763490.19
2018-07-20,0.4092,0.4092,0.367,0.379,8757958.67
2018-07-21,0.379,0.3919,0.37,0.387,2241632.76
2018-07-22,0.387,0.3952,0.375,0.3822,4301431.37
2018-07-23,0.3822,0.3943,0.3782,0.3815,3254342.91
2018-07-24,0.3815,0.4023,0.3742,0.391,6871135.28
2018-07-25,0.391,0.4,0.3843,0.391,5110233.23
2018-07-26,0.391,0.4007,0.3826,0.3857,4565790.76
2018-07-27,0.3857,0.3939,0.3814,0.3908,3213178.16
2018-07-28,0.3908,0.3919,0.3842,0.3919,1054632.35
2018-07-29,0.3919,0.3924,0.3852,0.3896,1259332.36
2018-07-30,0.3896,0.3914,0.371,0.381,4435606.48
2018-07-31,0.381,0.381,0.3646,0.3717,5583818.35
2018-08-01,0.3717,0.3953,0.3655,0.3818,4084116.1
2018-08-02,0.3818,0.383,0.3702,0.3717,2183690.2
2018-08-03,0.3717,0.384,0.368,0.38,3123771.55
2018-08-04,0.38,0.3834,0.3695,0.3715,1611913.28
2018-08-05,0.3715,0.3775,0.3685,0.3759,1018777.4
2018-08-06,0.3759,0.3773,0.3475,0.3562,4100308.37
2018-08-07,0.3562,0.3588,0.3226,0.3266,5395421.04
2018-08-08,0.3266,0.3266,0.276,0.2858,13768621.46
2018-08-09,0.2858,0.309,0.2834,0.2986,8741376.87
2018-08-10,0.2986,0.3009,0.2732,0.2796,7327021.53
2018-08-11,0.2796,0.2799,0.2522,0.258,3926335.16
2018-08-12,0.258,0.258,0.258,0.258,0.0
2018-08-13,0.2594,0.2721,0.2376,0.2405,8182524.21
2018-08-14,0.2405,0.3099,0.2175,0.2413,14338246.47
2018-08-15,0.2413,0.2672,0.2411,0.2474,12677800.24
2018-08-16,0.2474,0.2655,0.2427,0.2577,6870910.04
2018-08-17,0.2577,0.3273,0.2566,0.321,16688077.68
2018-08-18,0.321,0.3277,0.2743,0.2882,10947520.18
2018-08-19,0.2882,0.3085,0.2787,0.2998,6199366.99
2018-08-20,0.2998,0.3066,0.2731,0.274,7727860.85
2018-08-21,0.274,0.294,0.2732,0.2882,5045449.03
2018-08-22,0.2882,0.305,0.268,0.2745,9126696.9
2018-08-23,0.2745,0.285,0.2735,0.2826,4247772.93
2018-08-24,0.2826,0.2842,0.2711,0.2824,4476841.17
2018-08-25,0.2824,0.286,0.2772,0.2816,2212480.73
2018-08-26,0.2816,0.2818,0.2743,0.2786,1658450.21
2018-08-27,0.2786,0.2914,0.2769,0.2899,5258315.01
2018-08-28,0.2899,0.3067,0.2865,0.2999,8811754.52
2018-08-29,0.2999,0.3044,0.2884,0.2946,6475445.7
2018-08-30,0.2946,0.296,0.277,0.2872,7417717.16
2018-08-31,0.2872,0.2937,0.2818,0.2875,5781938.12
2018-09-01,0.2875,0.3032,0.2875,0.2972,5351694.58
2018-09-02,0.2972,0.2994,0.29,0.2942,5466359.68
2018-09-03,0.2942,0.2955,0.2865,0.2881,4841492.84
2018-09-04,0.2881,0.294,0.2835,0.2854,5405763.4
2018-09-05,0.2854,0.2874,0.238,0.2398,15805039.56
2018-09-06,0.2398,0.272,0.2301,0.2591,15119257.86
2018-09-07,0.2591,0.2618,0.2415,0.2486,6430307.44
2018-09-08,0.2486,0.2544,0.2331,0.2393,6637425.79
2018-09-09,0.2393,0.2518,0.235,0.2387,5731811.11
2018-09-10,0.2387,0.244,0.2241,0.2326,8586233.34
2018-09-11,0.2326,0.2377,0.2183,0.2269,10391222.18
2018-09-12,0.2269,0.2349,0.2185,0.2316,10182064.59
2018-09-13,0.2316,0.2455,0.23,0.2392,10011827.95
2018-09-14,0.2392,0.244,0.2336,0.2386,6525180.05
2018-09-15,0.2386,0.2442,0.2372,0.2424,2413431.67
2018-09-16,0.2424,0.2427,0.2351,0.2423,2914324.73
2018-09-17,0.2423,0.244,0.2284,0.2318,6674070.62
2018-09-18,0.2318,0.2867,0.2311,0.2725,22136976.64
2018-09-19,0.2725,0.287,0.2654,0.2789,14140106.67
2018-09-20,0.2789,0.4176,0.276,0.38,37954226.34
2018-09-21,0.38,0.6675,0.3621,0.4796,111121544.34
2018-09-22,0.4796,0.5315,0.418,0.4868,35823995.89
2018-09-23,0.4868,0.51,0.472,0.4854,14972378.99
2018-09-24,0.4854,0.494,0.41,0.4191,23600670.22
2018-09-25,0.4191,0.465,0.3704,0.4467,39999891.51
2018-09-26,0.4467,0.489,0.4106,0.4348,40365270.3
2018-09-27,0.4348,0.476,0.4325,0.4664,15433109.21
2018-09-28,0.4664,0.475,0.444,0.4656,12266125.65
2018-09-29,0.4656,0.5183,0.4522,0.4903,17590520.09
2018-09-30,0.4903,0.5371,0.479,0.5,26703897.44
2018-10-01,0.5,0.5197,0.4571,0.4973,21294563.6
2018-10-02,0.4973,0.4985,0.4418,0.4455,14668300.8
2018-10-03,0.4455,0.4638,0.434,0.4575,14521374.75
2018-10-04,0.4575,0.4758,0.4534,0.4565,7026081.52
2018-10-05,0.4565,0.4616,0.441,0.449,7296628.92
2018-10-06,0.449,0.4518,0.401,0.4227,12067272.2
2018-10-07,0.4227,0.4235,0.4032,0.4165,6931310.93
2018-10-08,0.4165,0.4352,0.4142,0.4246,7459462.13
2018-10-09,0.4246,0.4268,0.409,0.4151,6001482.53
2018-10-10,0.4151,0.4151,0.3925,0.3978,8200300.39
2018-10-11,0.3978,0.3978,0.32,0.3245,29768478.45
2018-10-12,0.3245,0.3805,0.3213,0.3588,14204027.21
2018-10-13,0.3588,0.3665,0.355,0.359,4236257.01
2018-10-14,0.359,0.3656,0.3401,0.3459,4640400.27
2018-10-15,0.3459,0.4068,0.337,0.38,26927161.99
2018-10-16,0.38,0.38,0.3782,0.3782,0.0
2018-10-17,0.4008,0.41,0.392,0.4028,9414030.25
2018-10-18,0.4028,0.4101,0.3822,0.3954,8518889.09
2018-10-19,0.3954,0.4019,0.3876,0.3916,5386051.75
2018-10-20,0.3916,0.4011,0.388,0.3961,3680006.8
2018-10-21,0.3961,0.4036,0.3923,0.3929,2126990.92
2018-10-22,0.3929,0.3967,0.3865,0.3925,5084761.44
2018-10-23,0.3925,0.416,0.3773,0.4003,8801008.26
2018-10-24,0.4003,0.4068,0.395,0.3992,6052546.99
2018-10-25,0.3992,0.407,0.3883,0.3993,6512673.34
2018-10-26,0.3993,0.4042,0.395,0.4017,4165930.01
2018-10-27,0.4017,0.4019,0.3952,0.3986,2750048.42
2018-10-28,0.3986,0.4047,0.3974,0.4032,3040710.13
2018-10-29,0.4032,0.404,0.3752,0.387,9681300.86
2018-10-30,0.387,0.3932,0.3861,0.3906,3553321.77
2018-10-31,0.3906,0.4029,0.3829,0.3982,4547105.96
2018-11-01,0.3982,0.401,0.394,0.3995,2304700.93
2018-11-02,0.3995,0.405,0.3965,0.4014,5079234.1
2018-11-03,0.4014,0.4027,0.394,0.3972,2194162.33
2018-11-04,0.3972,0.416,0.3901,0.4081,6879555.91
2018-11-05,0.4081,0.437,0.4022,0.4341,8097684.59
2018-11-06,0.4341,0.495,0.4341,0.4808,24655604.49
2018-11-07,0.4808,0.482,0.4565,0.4681,6769048.91
2018-11-08,0.4681,0.4726,0.43,0.4325,9349408.0
2018-11-09,0.4325,0.454,0.4304,0.4395,7535459.07
2018-11-10,0.4395,0.45,0.4376,0.4415,2615216.1
2018-11-11,0.4415,0.4458,0.4345,0.4436,3524245.12
2018-11-12,0.4436,0.4687,0.4416,0.458,8092612.08
2018-11-13,0.458,0.464,0.4427,0.4445,9703173.58
2018-11-14,0.4445,0.4475,0.355,0.408,32751750.9
2018-11-15,0.408,0.423,0.3671,0.4186,35780395.36
2018-11-16,0.4186,0.4233,0.4006,0.4079,15405960.35
2018-11-17,0.4079,0.4317,0.4028,0.427,7869692.31
2018-11-18,0.427,0.4545,0.425,0.4434,15089768.03
2018-11-19,0.4434,0.4434,0.3938,0.3973,27440953.25
2018-11-20,0.3973,0.4241,0.3401,0.3718,32654645.22
2018-11-21,0.3718,0.3995,0.354,0.3881,12356758.57
2018-11-22,0.3881,0.3901,0.3633,0.3653,9748100.13
2018-11-23,0.3653,0.3698,0.341,0.355,16330795.2
2018-11-24,0.355,0.3655,0.3122,0.3214,15044524.04
2018-11-25,0.3214,0.3375,0.2739,0.3254,31302082.91
2018-11-26,0.3254,0.3389,0.292,0.3083,19112807.1
2018-11-27,0.3083,0.3233,0.2961,0.3155,8742289.33
2018-11-28,0.3155,0.3539,0.3151,0.343,15536784.81
2018-11-29,0.343,0.3472,0.3231,0.3316,9755619.09
2018-11-30,0.3316,0.3346,0.307,0.3175,8051235.21
2018-12-01,0.3182,0.3334,0.3121,0.326,4545997.52
2018-12-02,0.326,0.3321,0.3192,0.3217,3556194.41
2018-12-03,0.3217,0.3224,0.301,0.3029,8765359.49
2018-12-04,0.3029,0.316,0.2943,0.3067,6642854.35
2018-12-05,0.3067,0.3082,0.2913,0.2938,7581739.44
2018-12-06,0.2938,0.3,0.265,0.2679,15159683.87
2018-12-07,0.2679,0.2767,0.2521,0.2631,18759384.43
2018-12-08,0.2631,0.282,0.2543,0.2648,8683150.59
2018-12-09,0.2648,0.279,0.2611,0.2706,5521687.84
2018-12-10,0.2706,0.2735,0.2572,0.2625,6269342.54
2018-12-11,0.2625,0.271,0.2572,0.2633,4414549.59
2018-12-12,0.2623,0.2721,0.2601,0.2672,4662156.72
2018-12-13,0.2672,0.2687,0.257,0.2608,5965947.65
2018-12-14,0.2608,0.2619,0.2476,0.2531,7510534.62
2018-12-15,0.2531,0.2549,0.246,0.2492,3301949.84
2018-12-16,0.2492,0.2595,0.2491,0.2505,3122891.18
2018-12-17,0.2505,0.2975,0.2499,0.2882,14377403.89
2018-12-18,0.2882,0.3094,0.2821,0.3094,11994795.19
2018-12-19,0.3094,0.35,0.3003,0.3056,20805862.4
2018-12-20,0.3056,0.34,0.3006,0.3273,15009599.73
2018-12-21,0.3273,0.3344,0.3077,0.3129,10548625.38
2018-12-22,0.3129,0.3196,0.3034,0.3176,5068900.77
2018-12-23,0.3176,0.3374,0.3149,0.3248,6411622.82
2018-12-24,0.3248,0.3986,0.3248,0.3535,24509196.86
2018-12-25,0.3535,0.3565,0.32,0.3336,11303553.23
2018-12-26,0.3336,0.3443,0.3138,0.3312,8353674.52
2018-12-27,0.3312,0.3317,0.288,0.294,11147956.61
2018-12-28,0.294,0.334,0.2907,0.3288,12990615.14
2018-12-29,0.3288,0.3368,0.313,0.3152,6521814.73
2018-12-30,0.3152,0.324,0.311,0.3228,4251491.82
2018-12-31,0.3228,0.3274,0.3018,0.3052,6617371.95
2019-01-01,0.3052,0.319,0.3034,0.319,3740395.65
2019-01-02,0.319,0.3332,0.3097,0.3282,6615101.66
2019-01-03,0.3282,0.3282,0.3085,0.312,6001393.25
2019-01-04,0.312,0.3168,0.306,0.3136,4110277.55
2019-01-05,0.3136,0.3191,0.3065,0.3096,3231370.84
2019-01-06,0.3096,0.3242,0.3053,0.3202,5974746.67
2019-01-07,0.3202,0.3291,0.3141,0.3162,3975791.0
2019-01-08,0.3162,0.3247,0.313,0.3181,5344218.2
2019-01-09,0.3181,0.323,0.314,0.3188,4486125.69
2019-01-10,0.3188,0.3313,0.2775,0.287,14426321.25
2019-01-11,0.287,0.2933,0.282,0.2878,8268207.32
2019-01-12,0.2878,0.2916,0.2845,0.2873,3103023.04
2019-01-13,0.2873,0.291,0.2723,0.2754,6336189.0
2019-01-14,0.2754,0.2962,0.2753,0.2899,7278035.43
2019-01-15,0.2899,0.2924,0.28,0.285,5016677.82
2019-01-16,0.285,0.2942,0.2835,0.2871,5111434.55
2019-01-17,0.2871,0.2903,0.2816,0.2873,5565005.77
2019-01-18,0.2873,0.2875,0.28,0.2828,2696673.71
2019-01-19,0.2828,0.2955,0.2828,0.2891,3846077.82
2019-01-20,0.2891,0.2909,0.2743,0.2796,4410717.4
2019-01-21,0.2796,0.284,0.2761,0.28,3640948.62
2019-01-22,0.28,0.2829,0.2705,0.2802,4147827.07
2019-01-23,0.2802,0.2819,0.2751,0.2768,2584956.26
2019-01-24,0.2768,0.2818,0.2746,0.2795,2051176.22
2019-01-25,0.2795,0.2806,0.2733,0.2749,2407644.95
2019-01-26,0.2749,0.279,0.2737,0.2742,2190423.85
2019-01-27,0.2742,0.2744,0.2652,0.2676,3628121.97
2019-01-28,0.2676,0.2681,0.246,0.2555,9211526.0
2019-01-29,0.2555,0.2573,0.2457,0.2502,5036608.0
2019-01-30,0.2502,0.2847,0.2479,0.2785,12693862.12
2019-01-31,0.2785,0.2908,0.2632,0.2683,7524297.03
2019-02-01,0.2683,0.2696,0.2567,0.2651,4683310.05
2019-02-02,0.2651,0.2702,0.2637,0.2676,2229693.35
2019-02-03,0.2676,0.2693,0.257,0.2604,2014389.21
2019-02-04,0.2604,0.264,0.2571,0.258,3002023.16
2019-02-05,0.258,0.262,0.2559,0.2597,1756917.48
2019-02-06,0.2597,0.261,0.2505,0.252,5203217.9
2019-02-07,0.252,0.2568,0.2518,0.2542,2272217.27
2019-02-08,0.2542,0.281,0.253,0.2728,9571589.2
2019-02-09,0.2728,0.2768,0.269,0.2723,4297617.64
2019-02-10,0.2723,0.2727,0.2621,0.2714,3919826.5
2019-02-11,0.2714,0.2718,0.264,0.2657,3221734.33
2019-02-12,0.2657,0.2697,0.261,0.2664,4136458.43
2019-02-13,0.2664,0.2732,0.2636,0.2671,2938535.38
2019-02-14,0.2671,0.2682,0.2641,0.2644,3455340.69
2019-02-15,0.2644,0.2697,0.2625,0.2654,1985009.47
2019-02-16,0.2654,0.2665,0.2635,0.2641,914812.29
2019-02-17,0.2641,0.269,0.2611,0.265,2789578.67
2019-02-18,0.265,0.2892,0.2647,0.2825,12009895.97
2019-02-19,0.2825,0.3059,0.2813,0.2846,18253995.44
2019-02-20,0.2846,0.2939,0.2798,0.2904,7645399.42
2019-02-21,0.2904,0.2917,0.2774,0.2796,6275768.53
2019-02-22,0.2796,0.2836,0.2752,0.282,3293811.94
2019-02-23,0.282,0.2958,0.279,0.293,7612340.57
2019-02-24,0.293,0.3019,0.26,0.2611,13447019.99
2019-02-25,0.2611,0.2987,0.2611,0.2873,17925526.54
2019-02-26,0.2873,0.2936,0.2751,0.2778,9952414.64
2019-02-27,0.2778,0.2796,0.2635,0.2722,6015175.64
2019-02-28,0.2722,0.278,0.2684,0.2754,4299009.25
2019-03-01,0.2754,0.2848,0.2731,0.2774,4669341.2
2019-03-02,0.2774,0.279,0.2725,0.2765,2717409.42
2019-03-03,0.2765,0.2773,0.2701,0.2724,2397457.14
2019-03-04,0.2724,0.2739,0.263,0.266,6966916.83
2019-03-05,0.266,0.2805,0.2653,0.2778,7061235.44
2019-03-06,0.2778,0.2828,0.2735,0.2791,6095661.37
2019-03-07,0.2791,0.2813,0.2755,0.2785,3149894.0
2019-03-08,0.2785,0.281,0.27,0.2728,3623760.56
2019-03-09,0.2728,0.282,0.2724,0.2777,2949436.74
2019-03-10,0.2777,0.281,0.2742,0.2776,2655359.62
2019-03-11,0.2776,0.2782,0.2725,0.2746,3340269.22
2019-03-12,0.2746,0.2752,0.2705,0.2738,2958413.46
2019-03-13,0.2738,0.2879,0.2713,0.2763,6691204.05
2019-03-14,0.2763,0.2777,0.27,0.2743,4854975.36
2019-03-15,0.2743,0.2781,0.2728,0.2763,2570606.87
2019-03-16,0.2763,0.2825,0.2761,0.2792,4399632.67
2019-03-17,0.2792,0.2798,0.2763,0.2773,1741580.24
2019-03-18,0.2773,0.2808,0.274,0.2767,3160826.64
2019-03-19,0.2767,0.2775,0.2761,0.2761,86106.07
2019-03-20,0.2761,0.2761,0.2761,0.2761,0
2019-03-21,0.2761,0.2761,0.2761,0.2761,0
2019-03-22,0.2761,0.2761,0.2761,0.2761,0
2019-03-23,0.2761,0.2761,0.2761,0.2761,0
2019-03-24,0.2761,0.2761,0.2761,0.2761,0
2019-03-25,0.2761,0.2761,0.2761,0.2761,0
2019-03-26,0.2761,0.2761,0.2761,0.2761,0
2019-03-27,0.2761,0.2761,0.2761,0.2761,0
2019-03-28,0.2761,0.2761,0.2761,0.2761,0
2019-03-29,0.2761,0.2761,0.2761,0.2761,0
2019-03-30,0.2761,0.2761,0.2761,0.2761,0
2019-03-31,0.2761,0.2761,0.2761,0.2761,0
2019-04-01,0.2742,0.2814,0.2735,0.279,5248020.24
2019-04-02,0.279,0.32,0.2781,0.3155,27622249.62
2019-04-03,0.3155,0.334,0.29,0.3049,35500701.69
2019-04-04,0.3049,0.31,0.29,0.2944,15042342.87
2019-04-05,0.2944,0.3377,0.2944,0.3239,22866430.17
2019-04-06,0.3239,0.3239,0.3101,0.3155,6538350.31
2019-04-07,0.3155,0.3266,0.3135,0.3236,8028516.39
2019-04-08,0.3236,0.3299,0.3114,0.3191,14008694.19
2019-04-09,0.3191,0.3194,0.31,0.3109,5657283.11
2019-04-10,0.3109,0.3207,0.3102,0.3153,6946605.92
2019-04-11,0.3153,0.3153,0.2863,0.2925,13421598.77
2019-04-12,0.2925,0.2932,0.283,0.2888,5837841.57
2019-04-13,0.2888,0.2985,0.2866,0.2898,3121602.93
2019-04-14,0.2898,0.294,0.2867,0.2919,2520144.14
2019-04-15,0.2919,0.2947,0.278,0.2827,7236146.52
2019-04-16,0.2827,0.2902,0.2802,0.2889,5197951.82
2019-04-17,0.2889,0.3031,0.2845,0.2971,8628356.26
2019-04-18,0.2971,0.308,0.297,0.3003,6282206.67
2019-04-19,0.3003,0.3003,0.292,0.296,2928754.73
2019-04-20,0.296,0.2975,0.288,0.2924,3309150.34
2019-04-21,0.2924,0.2937,0.2832,0.2872,3578304.58
2019-04-22,0.2872,0.296,0.2843,0.2883,4420396.94
2019-04-23,0.2883,0.2927,0.2855,0.2857,5474755.61
2019-04-24,0.2857,0.2867,0.2594,0.2705,17645615.45
2019-04-25,0.2705,0.2771,0.2524,0.258,8968327.36
2019-04-26,0.258,0.2649,0.2549,0.2642,7759663.64
2019-04-27,0.2642,0.2658,0.261,0.2633,2230667.85
2019-04-28,0.2633,0.2657,0.258,0.2613,2404686.28
2019-04-29,0.2613,0.2629,0.2544,0.2577,5571808.16
2019-04-30,0.2577,0.275,0.2568,0.2721,8454709.55
2019-05-01,0.2721,0.275,0.2643,0.2675,5011019.93
2019-05-02,0.2675,0.2689,0.2642,0.2654,2813821.38
2019-05-03,0.2654,0.2757,0.2646,0.27,7515735.54
2019-05-04,0.27,0.2783,0.2631,0.2679,4621414.64
2019-05-05,0.2679,0.2685,0.263,0.2655,2249046.2
2019-05-06,0.2655,0.2711,0.261,0.2677,4574886.15
2019-05-07,0.2677,0.271,0.2676,0.2693,1473783.78
2019-05-08,0.2631,0.267,0.2605,0.2653,2496851.18
2019-05-09,0.2653,0.268,0.259,0.2616,4267151.88
2019-05-10,0.2616,0.2689,0.259,0.2648,4676400.68
2019-05-11,0.2648,0.3,0.2644,0.2833,22259373.2
2019-05-12,0.2833,0.2945,0.2694,0.2757,17162090.34
2019-05-13,0.2757,0.2946,0.2736,0.2885,16321862.47
2019-05-14,0.2885,0.3788,0.2869,0.3649,86201601.08
2019-05-15,0.3649,0.4184,0.3607,0.4071,40202807.7
2019-05-16,0.4071,0.4271,0.345,0.3752,49897811.06
2019-05-17,0.3752,0.3798,0.321,0.3498,34653845.78
2019-05-18,0.3498,0.3552,0.329,0.3355,12958265.91
2019-05-19,0.3355,0.3854,0.3334,0.3756,26018943.95
2019-05-20,0.3756,0.3756,0.34,0.358,19259327.58
2019-05-21,0.358,0.368,0.3473,0.3566,10222407.35
2019-05-22,0.3566,0.3705,0.3296,0.3345,15672975.4
2019-05-23,0.3345,0.3444,0.325,0.3416,10456827.79
2019-05-24,0.3416,0.354,0.3325,0.3431,9973960.37
2019-05-25,0.3431,0.3558,0.3418,0.3474,9009519.46
2019-05-26,0.3474,0.3736,0.3373,0.3664,14927692.07
2019-05-27,0.3664,0.4,0.3618,0.3876,25894410.85
2019-05-28,0.3876,0.4125,0.3714,0.4023,25693350.8
2019-05-29,0.4023,0.41,0.3763,0.3993,19844372.22
2019-05-30,0.3993,0.4269,0.361,0.3768,37447340.43
2019-05-31,0.3768,0.395,0.3662,0.3928,16824947.2
2019-06-01,0.3928,0.3966,0.375,0.3856,7769715.94
2019-06-02,0.3856,0.3998,0.3844,0.399,8158018.18
2019-06-03,0.399,0.4144,0.3714,0.3714,18465239.97
2019-06-04,0.3714,0.3725,0.341,0.3538,26107021.24
2019-06-05,0.3538,0.3619,0.3452,0.3575,7942088.41
2019-06-06,0.3575,0.3786,0.3476,0.3729,14459383.71
2019-06-07,0.3729,0.3834,0.3675,0.3719,12090909.44
2019-06-08,0.3719,0.3734,0.3578,0.3625,8956395.68
2019-06-09,0.3625,0.364,0.328,0.3419,11773707.0
2019-06-10,0.3419,0.3586,0.3367,0.355,8956905.29
2019-06-11,0.355,0.3565,0.3381,0.3478,6065516.68
2019-06-12,0.3478,0.359,0.3438,0.3565,6742724.69
2019-06-13,0.3565,0.3636,0.3525,0.3548,5090380.94
2019-06-14,0.3548,0.3622,0.3479,0.3619,6385536.63
2019-06-15,0.3619,0.3689,0.3582,0.3661,5773769.62
2019-06-16,0.3661,0.3925,0.3637,0.3825,17307792.31
2019-06-17,0.3825,0.412,0.379,0.4,21171646.38
2019-06-18,0.4,0.4059,0.3743,0.3816,12979763.41
2019-06-19,0.3816,0.3906,0.3784,0.3873,5313470.22
2019-06-20,0.3873,0.3873,0.3715,0.3817,11902697.52
2019-06-21,0.3817,0.401,0.3817,0.3915,12402011.31
2019-06-22,0.3915,0.4484,0.3818,0.417,36009229.55
2019-06-23,0.417,0.4289,0.4053,0.4093,11531520.19
2019-06-24,0.4093,0.416,0.3904,0.4146,12409432.44
2019-06-25,0.4146,0.4177,0.4001,0.4093,15485098.01
2019-06-26,0.4093,0.4343,0.3895,0.3978,35672556.55
2019-06-27,0.3978,0.3999,0.3413,0.3558,40426167.67
2019-06-28,0.3558,0.3733,0.3408,0.3732,17404368.28
2019-06-29,0.3732,0.376,0.3521,0.3741,9998119.96
2019-06-30,0.3741,0.3749,0.345,0.3452,9231113.15
2019-07-01,0.3452,0.3693,0.3412,0.3588,12469710.96
2019-07-02,0.3588,0.3624,0.3381,0.3521,10767680.26
2019-07-03,0.3521,0.3614,0.3501,0.3596,6942441.07
2019-07-04,0.3596,0.3596,0.343,0.344,6542434.26
2019-07-05,0.344,0.3451,0.3329,0.3389,8381357.57
2019-07-06,0.3389,0.3663,0.3389,0.3468,9208565.18
2019-07-07,0.3468,0.3573,0.3446,0.3555,4754898.86
2019-07-08,0.3555,0.361,0.3505,0.3594,7252662.59
2019-07-09,0.3594,0.3636,0.3487,0.3521,7946542.11
2019-07-10,0.3521,0.3543,0.3074,0.3214,20603883.79
2019-07-11,0.3214,0.3216,0.283,0.2924,21214706.23
2019-07-12,0.2924,0.3124,0.2841,0.3061,12041257.72
2019-07-13,0.3061,0.3069,0.2878,0.2984,7402705.73
2019-07-14,0.2984,0.2984,0.2667,0.2807,11013866.09
2019-07-15,0.2807,0.2893,0.2625,0.2784,12229134.2
2019-07-16,0.2784,0.2844,0.2545,0.2633,18482129.32
2019-07-17,0.2633,0.2902,0.2621,0.2772,13387491.6
2019-07-18,0.2772,0.2917,0.271,0.2855,10731437.22
2019-07-19,0.2855,0.2872,0.277,0.2854,5518886.44
2019-07-20,0.2854,0.3053,0.2843,0.2979,7931618.7
2019-07-21,0.2979,0.2993,0.2871,0.2954,4087382.85
2019-07-22,0.2954,0.2971,0.2818,0.2867,5359794.41
2019-07-23,0.2867,0.2867,0.2745,0.2766,4618807.44
2019-07-24,0.2766,0.2863,0.272,0.2837,4999928.84
2019-07-25,0.2837,0.2906,0.2802,0.2815,5372072.27
2019-07-26,0.2815,0.2923,0.2764,0.2912,5947368.24
2019-07-27,0.2912,0.294,0.275,0.2786,5256034.93
2019-07-28,0.2786,0.2827,0.2689,0.2801,4393278.04
2019-07-29,0.2801,0.2826,0.2745,0.2778,3144781.83
2019-07-30,0.2778,0.2888,0.2753,0.2856,5904823.67
2019-07-31,0.2856,0.2904,0.2825,0.2892,7727341.89
2019-08-01,0.2892,0.2892,0.2821,0.2852,3620636.75
2019-08-02,0.2852,0.2868,0.2775,0.2807,3440040.44
2019-08-03,0.2807,0.2862,0.2803,0.2843,2539853.77
2019-08-04,0.2843,0.2907,0.281,0.288,5093913.89
2019-08-05,0.288,0.2965,0.2854,0.2854,9432926.21
2019-08-06,0.2854,0.29,0.2747,0.2775,10030473.6
2019-08-07,0.2775,0.282,0.2737,0.2773,5608580.33
2019-08-08,0.2773,0.2778,0.2713,0.2755,3969500.74
2019-08-09,0.2755,0.276,0.2588,0.2641,6253430.11
2019-08-10,0.2641,0.2725,0.2585,0.2668,5048025.1
2019-08-11,0.2668,0.2739,0.2638,0.2706,4420485.81
2019-08-12,0.2706,0.2723,0.2661,0.2681,2311239.42
2019-08-13,0.2681,0.2685,0.2607,0.2655,5328273.8
2019-08-14,0.2655,0.2661,0.212,0.2356,23890435.74
2019-08-15,0.2356,0.2421,0.2239,0.2384,17351673.27
2019-08-16,0.2384,0.239,0.2297,0.236,5971167.45
2019-08-17,0.236,0.2433,0.2331,0.2398,4968722.58
2019-08-18,0.2398,0.2634,0.238,0.2557,8051081.28
2019-08-19,0.2557,0.262,0.2493,0.2553,5566401.24
2019-08-20,0.2553,0.2553,0.2443,0.2473,4036390.32
2019-08-21,0.2473,0.2818,0.2328,0.2396,7893644.76
2019-08-22,0.2396,0.2477,0.2352,0.2442,4528826.38
2019-08-23,0.2442,0.251,0.2417,0.2492,3657845.07
2019-08-24,0.2492,0.2492,0.2372,0.2437,2639005.91
2019-08-25,0.2437,0.2481,0.2379,0.2422,2757828.38
2019-08-26,0.2422,0.252,0.2404,0.2433,4483936.06
2019-08-27,0.2433,0.2434,0.2387,0.2429,4025552.77
2019-08-28,0.2429,0.2429,0.2216,0.2314,7548749.72
2019-08-29,0.2314,0.2377,0.2238,0.2322,6824571.88
2019-08-30,0.2322,0.2339,0.2289,0.2327,3395923.22
2019-08-31,0.2327,0.2369,0.2308,0.2351,1993224.04
2019-09-01,0.2351,0.2359,0.2289,0.2335,1930704.58
2019-09-02,0.2335,0.2414,0.231,0.2385,4303921.62
2019-09-03,0.2385,0.2442,0.236,0.2399,3804022.93
2019-09-04,0.2399,0.2399,0.233,0.2345,3708054.45
2019-09-05,0.2345,0.2352,0.23,0.2324,2765507.52
2019-09-06,0.2324,0.2351,0.2247,0.228,5526007.77
2019-09-07,0.228,0.239,0.2271,0.2364,3624901.51
2019-09-08,0.2364,0.2411,0.233,0.2385,5939004.37
2019-09-09,0.2385,0.2399,0.2327,0.2346,3030713.12
2019-09-10,0.2346,0.2389,0.2302,0.2341,3073834.64
2019-09-11,0.2341,0.235,0.229,0.2322,4156588.53
2019-09-12,0.2322,0.2336,0.228,0.2301,4377707.2
2019-09-13,0.2301,0.2318,0.2276,0.2307,3021879.97
2019-09-14,0.2307,0.2398,0.2302,0.2368,3620858.9
2019-09-15,0.2368,0.2389,0.2342,0.2354,1763108.63
2019-09-16,0.2354,0.239,0.2332,0.2376,3250593.08
2019-09-17,0.2376,0.2699,0.2361,0.258,21981584.42
2019-09-18,0.258,0.2954,0.258,0.2843,21837242.36
2019-09-19,0.2843,0.2843,0.255,0.2728,23486974.1
2019-09-20,0.2728,0.2734,0.2577,0.2668,9580187.54
2019-09-21,0.2668,0.27,0.2596,0.2626,7562543.01
2019-09-22,0.2626,0.263,0.2431,0.2509,6307169.92
2019-09-23,0.2509,0.261,0.2423,0.2431,15795824.36
2019-09-24,0.2431,0.2483,0.1951,0.213,38324179.99
2019-09-25,0.213,0.2285,0.2117,0.2247,15545341.83
2019-09-26,0.2247,0.2297,0.2082,0.2221,17581311.13
2019-09-27,0.2221,0.2266,0.2133,0.2221,7823056.78
2019-09-28,0.2221,0.224,0.2181,0.2218,3128153.06
2019-09-29,0.2218,0.222,0.215,0.2202,3586109.98
2019-09-30,0.2202,0.2403,0.2157,0.236,10543791.24
2019-10-01,0.236,0.2398,0.2245,0.2269,5752308.79
2019-10-02,0.2269,0.2335,0.2248,0.2318,5070616.77
2019-10-03,0.2318,0.2319,0.221,0.2255,4444156.56
2019-10-04,0.2255,0.2345,0.2235,0.2312,3655105.32
2019-10-05,0.2312,0.234,0.2251,0.2315,2764006.75
2019-10-06,0.2315,0.2342,0.229,0.2333,9832985.7
2019-10-07,0.2333,0.2563,0.2313,0.2518,15083058.85
2019-10-08,0.2518,0.2601,0.2452,0.2539,10963114.41
2019-10-09,0.2539,0.2627,0.2497,0.2566,9491301.53
2019-10-10,0.2566,0.2572,0.2409,0.2464,6611909.79
2019-10-11,0.2464,0.2503,0.2407,0.2424,6207362.38
2019-10-12,0.2424,0.2513,0.2424,0.2473,3254140.55
2019-10-13,0.2473,0.2556,0.2466,0.2522,4207125.38
2019-10-14,0.2522,0.2702,0.2515,0.27,9781467.51
2019-10-15,0.27,0.2714,0.257,0.2612,9620247.02
2019-10-16,0.2612,0.2645,0.2527,0.2562,6207889.6
2019-10-17,0.2562,0.2733,0.2532,0.2719,7642605.6
2019-10-18,0.2719,0.2719,0.2561,0.2637,6509711.93
2019-10-19,0.2637,0.2684,0.258,0.2614,4944385.69
2019-10-20,0.2614,0.2661,0.2516,0.2636,5054221.71
2019-10-21,0.2636,0.2642,0.2586,0.2624,3195094.88
2019-10-22,0.2624,0.272,0.2595,0.2613,4437714.63
2019-10-23,0.2613,0.2627,0.2246,0.2458,15942331.24
2019-10-24,0.2458,0.2529,0.2399,0.2494,4867916.1
2019-10-25,0.2494,0.2771,0.2483,0.2692,12174152.48
2019-10-26,0.2692,0.2823,0.2556,0.2642,15156137.43
2019-10-27,0.2642,0.2723,0.2615,0.2694,5788059.3
2019-10-28,0.2694,0.2753,0.2649,0.2657,5197662.7
2019-10-29,0.2657,0.2796,0.2656,0.272,6891120.61
2019-10-30,0.272,0.2757,0.2617,0.265,6019302.55
2019-10-31,0.265,0.2678,0.258,0.2644,5739248.34
2019-11-01,0.2644,0.2645,0.2557,0.2617,3793168.65
2019-11-02,0.2617,0.267,0.2617,0.2643,1882413.87
2019-11-03,0.2643,0.2656,0.259,0.2604,2484030.17
2019-11-04,0.2604,0.2702,0.2596,0.2692,4537756.66
2019-11-05,0.2692,0.2751,0.2646,0.2717,8160035.06
2019-11-06,0.2717,0.2832,0.2683,0.2807,6521260.86
2019-11-07,0.2807,0.2849,0.2491,0.2629,14626224.34
2019-11-08,0.2629,0.263,0.246,0.25,11227332.93
2019-11-09,0.25,0.2554,0.2492,0.2544,1870479.71
2019-11-10,0.2544,0.258,0.2516,0.2531,4128388.88
2019-11-11,0.2531,0.2552,0.244,0.2488,4793532.62
2019-11-12,0.2488,0.2506,0.2427,0.2468,4272194.58
2019-11-13,0.2468,0.25,0.246,0.247,2434324.93
2019-11-14,0.247,0.2479,0.2387,0.2431,4135768.04
2019-11-15,0.2431,0.2442,0.2291,0.236,6819183.75
2019-11-16,0.236,0.2396,0.2334,0.2372,1934079.55
2019-11-17,0.2372,0.241,0.2348,0.2381,1996677.96
2019-11-18,0.2381,0.2381,0.2159,0.2275,9253553.62
2019-11-19,0.2275,0.2311,0.2198,0.2286,5398040.99
2019-11-20,0.2286,0.2332,0.224,0.2255,4334029.66
2019-11-21,0.2255,0.2284,0.2122,0.2196,6209263.89
2019-11-22,0.2196,0.2226,0.201,0.2096,12514814.3
2019-11-23,0.2096,0.214,0.2058,0.2134,3301591.74
2019-11-24,0.2134,0.2134,0.1985,0.2001,4707288.39
2019-11-25,0.2001,0.205,0.182,0.1984,19157147.3
2019-11-26,0.1984,0.202,0.194,0.2008,6097710.06
2019-11-27,0.2008,0.2089,0.194,0.204,9722482.47
2019-11-28,0.204,0.2092,0.2028,0.2041,4817414.72
2019-11-29,0.2041,0.212,0.203,0.2092,2607719.78
2019-11-30,0.2092,0.211,0.2035,0.2055,2307946.0
2019-12-01,0.2055,0.2055,0.1992,0.2047,3734663.72
2019-12-02,0.2047,0.2058,0.1967,0.1983,4154627.14
2019-12-03,0.1983,0.2008,0.1971,0.1984,3220831.72
2019-12-04,0.1984,0.2039,0.1896,0.1939,6578108.22
2019-12-05,0.1939,0.204,0.1915,0.1993,3656199.72
2019-12-06,0.1993,0.2056,0.1978,0.2045,3126376.2
2019-12-07,0.2045,0.2067,0.2023,0.206,3277076.89
2019-12-08,0.206,0.2106,0.2027,0.2076,2455813.9
2019-12-09,0.2076,0.2087,0.2,0.203,3764204.72
2019-12-10,0.203,0.2036,0.1973,0.2007,2664879.32
2019-12-11,0.2007,0.2015,0.1981,0.1988,2509217.77
2019-12-12,0.1988,0.1995,0.1951,0.1956,1012756.57
2019-12-13,0.1956,0.1981,0.1927,0.198,755315.82
2019-12-14,0.198,0.1986,0.193,0.1943,2811790.44
2019-12-15,0.1943,0.1973,0.1926,0.1954,1786200.27
2019-12-16,0.1954,0.1954,0.1816,0.1846,7395215.07
2019-12-17,0.1846,0.1846,0.1595,0.164,17027359.18
2019-12-18,0.164,0.1809,0.1563,0.1764,14463517.47
2019-12-19,0.1764,0.1773,0.166,0.1696,4955957.27
2019-12-20,0.1696,0.1788,0.1653,0.1762,5842109.88
2019-12-21,0.1762,0.1774,0.172,0.1732,1649295.95
2019-12-22,0.1732,0.178,0.1724,0.1777,3150910.83
2019-12-23,0.1777,0.1798,0.17,0.1711,6130954.51
2019-12-24,0.1711,0.1753,0.1693,0.172,3608117.55
2019-12-25,0.172,0.1727,0.1673,0.1698,3956021.07
2019-12-26,0.1698,0.1747,0.1688,0.1705,3603299.88
2019-12-27,0.1705,0.171,0.1657,0.1698,4020495.39
2019-12-28,0.1698,0.1739,0.1698,0.1726,2179942.77
2019-12-29,0.1726,0.1774,0.171,0.1758,2594619.21
2019-12-30,0.1758,0.1762,0.171,0.1719,3919041.26
2019-12-31,0.1719,0.1728,0.1688,0.1718,5458890.66
2020-01-01,0.1716,0.1749,0.171,0.1713,2686562.59
2020-01-02,0.1713,0.1715,0.1662,0.1675,3330250.46
2020-01-03,0.1675,0.1737,0.1651,0.1732,3654543.5
2020-01-04,0.1732,0.1733,0.1713,0.173,958406.65
2020-01-05,0.173,0.177,0.173,0.174,3846523.43
2020-01-06,0.174,0.2,0.1739,0.1993,16645569.48
2020-01-07,0.1993,0.2027,0.1854,0.1917,14727309.19
2020-01-08,0.1917,0.1957,0.1828,0.1869,11823239.23
2020-01-09,0.1869,0.1874,0.1813,0.184,5057588.69
2020-01-10,0.184,0.1913,0.1808,0.191,10747936.45
2020-01-11,0.191,0.1977,0.1876,0.1898,11144955.12
2020-01-12,0.1898,0.1951,0.188,0.1934,3142761.81
2020-01-13,0.1934,0.1942,0.1875,0.1902,5546923.91
2020-01-14,0.1902,0.22,0.1902,0.2115,21870256.84
2020-01-15,0.2115,0.2182,0.2034,0.2097,13992409.22
2020-01-16,0.2097,0.2106,0.1999,0.206,7674999.44
2020-01-17,0.206,0.22,0.2036,0.2153,13705393.13
2020-01-18,0.2153,0.229,0.2092,0.219,11729809.04
2020-01-19,0.219,0.2262,0.2051,0.2128,14388703.67
2020-01-20,0.2128,0.2129,0.2024,0.2099,8164485.73
2020-01-21,0.2099,0.2175,0.2074,0.2143,9534242.08
2020-01-22,0.2143,0.216,0.2097,0.2134,2543561.2
2020-01-23,0.2134,0.2134,0.1994,0.2041,8170098.57
2020-01-24,0.2041,0.2044,0.1935,0.2011,8093014.98
2020-01-25,0.2011,0.2014,0.1966,0.1991,3713944.58
2020-01-26,0.1991,0.2101,0.1976,0.2096,6048668.64
2020-01-27,0.2096,0.2118,0.2048,0.2093,7042567.15
2020-01-28,0.2093,0.2188,0.2089,0.2171,13327240.7
2020-01-29,0.2171,0.2195,0.2127,0.2135,6633073.22
2020-01-30,0.2135,0.2236,0.2092,0.2204,15107159.74
2020-01-31,0.2204,0.2218,0.2109,0.2156,8708389.93
2020-02-01,0.2156,0.2186,0.2133,0.2175,3524026.98
2020-02-02,0.2175,0.2353,0.2125,0.2263,14314496.72
2020-02-03,0.2263,0.2342,0.2232,0.2304,8547805.59
2020-02-04,0.2304,0.2447,0.224,0.2411,17795656.35
2020-02-05,0.2411,0.2548,0.2411,0.2527,23045771.13
2020-02-06,0.2527,0.2626,0.2441,0.258,16818132.39
2020-02-07,0.258,0.2619,0.2531,0.2553,10521545.07
2020-02-08,0.2553,0.2575,0.241,0.2544,9984433.8
2020-02-09,0.2544,0.2646,0.2528,0.2585,8948311.42
2020-02-10,0.2585,0.2588,0.243,0.2509,10946291.75
2020-02-11,0.2509,0.2601,0.245,0.2586,10746572.84
2020-02-12,0.2586,0.285,0.2577,0.2805,27671091.61
2020-02-13,0.2805,0.3134,0.276,0.302,43348984.8
2020-02-14,0.302,0.3137,0.2866,0.3109,22995019.03
2020-02-15,0.3109,0.3208,0.2723,0.2843,29472533.67
2020-02-16,0.2843,0.2948,0.2482,0.2706,23609033.79
2020-02-17,0.2706,0.2725,0.249,0.2653,21705065.97
2020-02-18,0.2653,0.2811,0.2557,0.2768,23917339.89
2020-02-19,0.2768,0.2869,0.2502,0.2549,24144744.85
2020-02-20,0.2549,0.2607,0.2427,0.2519,20081195.87
2020-02-21,0.2519,0.2588,0.2477,0.2531,8295412.11
2020-02-22,0.2531,0.2571,0.2497,0.2547,3766398.95
2020-02-23,0.2547,0.2635,0.2538,0.2625,6686341.14
2020-02-24,0.2625,0.2648,0.243,0.2497,13430615.2
2020-02-25,0.2497,0.2499,0.2308,0.2318,17394008.8
2020-02-26,0.2318,0.2344,0.205,0.2099,27007687.78
2020-02-27,0.2099,0.226,0.2056,0.2166,19546884.06
2020-02-28,0.2166,0.2222,0.2073,0.2147,11768986.93
2020-02-29,0.2147,0.22,0.2078,0.208,5907140.08
2020-03-01,0.208,0.2142,0.2028,0.2058,8051348.01
2020-03-02,0.2058,0.2175,0.2044,0.2155,8636490.1
2020-03-03,0.2155,0.2155,0.2063,0.2099,11481881.79
2020-03-04,0.2099,0.214,0.2075,0.2112,5509938.82
2020-03-05,0.2112,0.2175,0.2112,0.2132,5678490.64
2020-03-06,0.2132,0.2179,0.2128,0.2175,4741340.36
2020-03-07,0.2175,0.2177,0.2085,0.2102,4523677.79
2020-03-08,0.2102,0.2102,0.177,0.1795,26589415.88
2020-03-09,0.1795,0.1861,0.1733,0.1837,22868546.7
2020-03-10,0.1837,0.1899,0.1807,0.1871,12492542.11
2020-03-11,0.1871,0.1888,0.1767,0.1851,9364858.15
2020-03-12,0.1851,0.1864,0.1166,0.1235,114752856.4
2020-03-13,0.1235,0.1525,0.1005,0.145,87353533.05
2020-03-14,0.145,0.1456,0.1298,0.1315,11589246.13
2020-03-15,0.1315,0.1475,0.1307,0.1374,16319986.13
2020-03-16,0.1374,0.138,0.115,0.1266,44171902.57
2020-03-17,0.1266,0.138,0.1253,0.1346,18020002.84
2020-03-18,0.1346,0.1366,0.1296,0.1356,14381522.83
2020-03-19,0.1356,0.163,0.1333,0.1555,29525997.69
2020-03-20,0.1555,0.165,0.1363,0.1472,39922698.58
2020-03-21,0.1472,0.1522,0.1424,0.1488,10654685.85
2020-03-22,0.1488,0.1521,0.1376,0.1388,18081703.99
2020-03-23,0.1388,0.1511,0.1366,0.1481,20690419.37
2020-03-24,0.1481,0.1526,0.1463,0.1511,14826893.96
2020-03-25,0.1511,0.1536,0.1461,0.1492,15406269.98
2020-03-26,0.1492,0.1613,0.1467,0.1606,17850623.96
2020-03-27,0.1606,0.1689,0.1502,0.1559,37670622.37
2020-03-28,0.1559,0.1623,0.1503,0.1583,30093236.4
2020-03-29,0.1583,0.1591,0.1458,0.1462,23194286.52
2020-03-30,0.1462,0.1594,0.1462,0.1554,15813153.1
2020-03-31,0.1554,0.1626,0.1551,0.158,12681784.61
2020-04-01,0.158,0.1614,0.1537,0.1603,15203122.81
2020-04-02,0.1603,0.1718,0.1595,0.1644,20750671.91
2020-04-03,0.1644,0.1696,0.1632,0.1663,13334275.08
2020-04-04,0.1663,0.17,0.165,0.1682,5881821.36
2020-04-05,0.1682,0.1689,0.164,0.1663,5445498.18
2020-04-06,0.1663,0.184,0.1662,0.1838,23639865.41
2020-04-07,0.1838,0.1905,0.1743,0.1771,21640666.89
2020-04-08,0.1771,0.1867,0.1762,0.1862,11739031.24
2020-04-09,0.1862,0.1864,0.1792,0.1819,10050230.4
2020-04-10,0.1819,0.1822,0.166,0.172,13738029.04
2020-04-11,0.172,0.1763,0.1696,0.1727,4781595.1
2020-04-12,0.1727,0.1798,0.1709,0.1736,9477682.21
2020-04-13,0.1736,0.174,0.1652,0.1721,15980853.51
2020-04-14,0.1721,0.1731,0.1684,0.1696,6109938.68
2020-04-15,0.1696,0.1736,0.1655,0.1661,12910305.52
2020-04-16,0.1661,0.178,0.1602,0.1754,17721218.71
2020-04-17,0.1754,0.1767,0.1716,0.1739,9240584.66
2020-04-18,0.1739,0.1816,0.1739,0.18,6213612.14
2020-04-19,0.18,0.1809,0.1735,0.1745,4679988.57
2020-04-20,0.1745,0.1794,0.1648,0.168,15373978.75
2020-04-21,0.168,0.1723,0.1675,0.1692,8464618.16
2020-04-22,0.1692,0.1755,0.1682,0.1739,7874940.61
2020-04-23,0.1739,0.1845,0.1715,0.1784,18205136.26
2020-04-24,0.1784,0.1834,0.1778,0.1786,10433909.67
2020-04-25,0.1786,0.183,0.1772,0.18,6072380.43
2020-04-26,0.18,0.1828,0.178,0.1819,4866341.0
2020-04-27,0.1819,0.1847,0.1797,0.1829,7172053.26
2020-04-28,0.1829,0.2019,0.1804,0.199,24669024.18
2020-04-29,0.199,0.2133,0.1978,0.2083,27621104.02
2020-04-30,0.2083,0.2175,0.1906,0.1936,30950816.97
2020-05-01,0.1936,0.205,0.1936,0.1984,9615405.03
2020-05-02,0.1984,0.2055,0.1967,0.2041,13334837.72
2020-05-03,0.2041,0.2065,0.1968,0.2006,10846088.53
2020-05-04,0.2006,0.2019,0.1901,0.1997,14801265.31
2020-05-05,0.1997,0.2037,0.1972,0.2002,8344722.75
2020-05-06,0.2002,0.207,0.1956,0.1963,9650741.16
2020-05-07,0.1963,0.2042,0.1949,0.202,14454212.31
2020-05-08,0.202,0.2047,0.198,0.2018,9129527.29
2020-05-09,0.2018,0.2078,0.1991,0.2,9485242.96
2020-05-10,0.2,0.2001,0.165,0.1824,28156713.37
2020-05-11,0.1824,0.1854,0.1712,0.1787,11664181.88
2020-05-12,0.1787,0.1846,0.1777,0.182,6430455.53
2020-05-13,0.182,0.1891,0.1808,0.1869,6358972.45
2020-05-14,0.1869,0.1913,0.184,0.1886,7266588.34
2020-05-15,0.1886,0.1892,0.1806,0.183,7113925.45
2020-05-16,0.183,0.1868,0.1819,0.1845,3635775.65
2020-05-17,0.1845,0.1886,0.184,0.1856,5098077.97
2020-05-18,0.1856,0.1912,0.1856,0.1882,8341022.19
2020-05-19,0.1882,0.1884,0.1843,0.1875,3979107.04
2020-05-20,0.1875,0.1883,0.1805,0.1841,6886365.35
2020-05-21,0.1841,0.1852,0.1725,0.1775,9265872.39
2020-05-22,0.1775,0.186,0.1762,0.184,8320488.69
2020-05-23,0.184,0.1856,0.1822,0.1824,2055882.28
2020-05-24,0.1824,0.1848,0.1767,0.1767,3234467.16
2020-05-25,0.1767,0.181,0.1742,0.18,5982500.74
2020-05-26,0.18,0.1809,0.1746,0.1767,5205438.82
2020-05-27,0.1767,0.1819,0.1766,0.1797,5003734.8
2020-05-28,0.1797,0.1812,0.1775,0.1808,5573345.92
2020-05-29,0.1808,0.1828,0.1766,0.178,4568347.69
2020-05-30,0.178,0.1868,0.1768,0.186,6636037.44
2020-05-31,0.186,0.192,0.1806,0.1828,8863207.57
2020-06-01,0.1828,0.1902,0.1815,0.1883,8077548.26
2020-06-02,0.1883,0.1919,0.1765,0.1818,19985058.92
2020-06-03,0.1818,0.1827,0.1797,0.1817,5397547.17
2020-06-04,0.1817,0.1848,0.1785,0.1803,9005211.42
2020-06-05,0.1803,0.1817,0.1783,0.1801,6186106.98
2020-06-06,0.1801,0.1817,0.1788,0.1808,2572908.51
2020-06-07,0.1808,0.1815,0.1766,0.1797,4425486.04
2020-06-08,0.1797,0.1809,0.1782,0.1806,2674082.86
2020-06-09,0.1806,0.1813,0.1769,0.1777,7460119.93
2020-06-10,0.1777,0.1789,0.176,0.1785,5441340.22
2020-06-11,0.1785,0.1789,0.1623,0.167,12012052.04
2020-06-12,0.167,0.1728,0.1658,0.1716,4307849.17
2020-06-13,0.1716,0.1722,0.1696,0.171,2409732.31
2020-06-14,0.171,0.171,0.168,0.1689,2128182.18
2020-06-15,0.1689,0.1709,0.1619,0.1698,7785798.17
2020-06-16,0.1698,0.1709,0.1685,0.1707,3347161.4
2020-06-17,0.1707,0.1767,0.1678,0.172,4985040.34
2020-06-18,0.172,0.172,0.1681,0.1694,2460329.2
2020-06-19,0.1694,0.1697,0.167,0.1675,2432741.91
2020-06-20,0.1675,0.1688,0.1657,0.168,1597763.17
2020-06-21,0.168,0.1684,0.1661,0.1662,1547482.01
2020-06-22,0.1662,0.1689,0.1661,0.168,5363854.93
2020-06-23,0.168,0.1689,0.1667,0.1671,3026667.12
2020-06-24,0.1671,0.168,0.1613,0.1631,7617204.28
2020-06-25,0.1631,0.1638,0.159,0.1618,4974258.05
2020-06-26,0.1618,0.1666,0.1591,0.1628,4848619.39
2020-06-27,0.1628,0.1635,0.1513,0.1563,6592797.03
2020-06-28,0.1563,0.1604,0.155,0.1576,4956384.17
2020-06-29,0.1576,0.1593,0.1555,0.1575,5915451.45
2020-06-30,0.1575,0.1583,0.156,0.1562,2960715.08
2020-07-01,0.1562,0.1585,0.1549,0.1572,4171213.57
2020-07-02,0.1572,0.158,0.1537,0.1559,8057713.0
2020-07-03,0.1559,0.1593,0.1556,0.1571,3231249.96
2020-07-04,0.1571,0.1597,0.1569,0.1585,2361276.55
2020-07-05,0.1585,0.159,0.1548,0.1576,2251553.68
2020-07-06,0.1576,0.1671,0.157,0.1671,6414949.45
2020-07-07,0.1671,0.1673,0.1629,0.1645,4760509.28
2020-07-08,0.1645,0.1827,0.1635,0.1813,14550069.11
2020-07-09,0.1813,0.187,0.1743,0.1798,17510014.37
2020-07-10,0.1798,0.1799,0.1714,0.1763,7935768.5
2020-07-11,0.1763,0.1812,0.1758,0.1783,4211342.16
2020-07-12,0.1783,0.1805,0.1756,0.1778,3191767.33
2020-07-13,0.1778,0.1826,0.17,0.1753,10102613.05
2020-07-14,0.1753,0.1757,0.1723,0.1746,3406607.68
2020-07-15,0.1746,0.1752,0.1721,0.1729,3007380.93
2020-07-16,0.1729,0.1732,0.1658,0.1705,7878417.58
2020-07-17,0.1705,0.1735,0.168,0.1704,4682088.46
2020-07-18,0.1704,0.177,0.1701,0.1751,3704120.0
2020-07-19,0.1751,0.1771,0.1717,0.1746,3693223.42
2020-07-20,0.1746,0.1751,0.1683,0.1704,6430742.08
2020-07-21,0.1704,0.176,0.1699,0.1733,5142188.97
2020-07-22,0.1733,0.177,0.1704,0.1764,7561506.41
2020-07-23,0.1764,0.1813,0.1743,0.1802,10413102.76
2020-07-24,0.1802,0.1802,0.1746,0.1756,7098523.71
2020-07-25,0.1756,0.1868,0.1753,0.1842,7473918.32
2020-07-26,0.1842,0.1932,0.1795,0.1848,14763677.69
2020-07-27,0.1848,0.1949,0.1783,0.1909,22233129.99
2020-07-28,0.1909,0.2006,0.1855,0.1972,21464083.59
2020-07-29,0.1972,0.2124,0.1961,0.2068,21056300.48
2020-07-30,0.2068,0.2115,0.1994,0.2061,15411709.59
2020-07-31,0.2061,0.2216,0.2039,0.2206,12422763.72
2020-08-01,0.2206,0.2536,0.2178,0.2474,35939221.49
2020-08-02,0.2474,0.2765,0.2122,0.2449,56721983.84
2020-08-03,0.2449,0.2726,0.2413,0.2642,35054898.59
2020-08-04,0.2642,0.2719,0.2479,0.2555,24143826.83
2020-08-05,0.2555,0.2599,0.2464,0.2553,18847958.71
2020-08-06,0.2553,0.263,0.251,0.2556,14717095.39
2020-08-07,0.2556,0.263,0.2395,0.2504,21257146.74
2020-08-08,0.2504,0.2537,0.2465,0.2508,6505576.03
2020-08-09,0.2508,0.2531,0.2399,0.2446,8613568.77
2020-08-10,0.2446,0.2555,0.2429,0.2512,12404368.5
2020-08-11,0.2512,0.262,0.2291,0.2415,21033373.26
2020-08-12,0.2415,0.2449,0.2323,0.2399,16964967.89
2020-08-13,0.2399,0.25,0.2308,0.2495,18291808.69
2020-08-14,0.2495,0.26,0.2457,0.254,19222344.61
2020-08-15,0.254,0.2578,0.2469,0.2533,9684521.15
2020-08-16,0.2533,0.2574,0.2472,0.257,6993689.44
2020-08-17,0.257,0.2759,0.2513,0.2658,27086903.7
2020-08-18,0.2658,0.2704,0.2501,0.254,18463672.92
2020-08-19,0.254,0.2564,0.2357,0.245,19854594.8
2020-08-20,0.245,0.249,0.2411,0.2469,5219388.5
2020-08-21,0.2469,0.2494,0.2363,0.2371,10575228.7
2020-08-22,0.2371,0.2435,0.2329,0.2434,7669142.09
2020-08-23,0.2434,0.2446,0.236,0.2417,4044438.4
2020-08-24,0.2417,0.2471,0.2395,0.2452,5676463.09
2020-08-25,0.2452,0.2457,0.2292,0.2345,10528758.26
2020-08-26,0.2345,0.2376,0.2324,0.2337,6889053.58
2020-08-27,0.2337,0.2352,0.2163,0.2239,16010412.66
2020-08-28,0.2239,0.23,0.2205,0.2287,8304838.09
2020-08-29,0.2287,0.2335,0.2265,0.2307,5831680.36
2020-08-30,0.2307,0.2387,0.2306,0.2376,5628485.09
2020-08-31,0.2376,0.2392,0.2335,0.236,5891378.6
2020-09-01,0.236,0.2507,0.2315,0.2479,12662361.87
2020-09-02,0.2479,0.255,0.224,0.2334,17925016.4
2020-09-03,0.2334,0.234,0.2028,0.2074,22654028.75
2020-09-04,0.2074,0.2253,0.204,0.2152,16534084.27
2020-09-05,0.2152,0.2195,0.196,0.2005,16696221.36
2020-09-06,0.2005,0.2062,0.1944,0.2028,10750324.75
2020-09-07,0.2028,0.2059,0.195,0.2049,7795714.69
2020-09-08,0.2049,0.2065,0.1969,0.2008,7906615.9
2020-09-09,0.2008,0.2061,0.1985,0.2029,5627470.89
2020-09-10,0.2029,0.21,0.2029,0.2062,4306997.9
2020-09-11,0.2062,0.2071,0.2008,0.2054,2480077.08
2020-09-12,0.2054,0.2103,0.2036,0.2094,2584949.69
2020-09-13,0.2094,0.214,0.2014,0.2046,7707891.01
2020-09-14,0.2046,0.2093,0.2025,0.2073,4501450.2
2020-09-15,0.2073,0.2098,0.2046,0.2056,3094791.08
2020-09-16,0.2056,0.2128,0.1984,0.2095,6648660.22
2020-09-17,0.2095,0.2195,0.2091,0.2132,5607663.03
2020-09-18,0.2132,0.2156,0.2085,0.2121,3711985.18
2020-09-19,0.2121,0.2154,0.2097,0.2125,2626157.31
2020-09-20,0.2125,0.2125,0.2051,0.2082,2169724.99
2020-09-21,0.2082,0.2092,0.1955,0.1965,8789663.62
2020-09-22,0.1965,0.2004,0.1954,0.1993,6583360.63
2020-09-23,0.1993,0.2014,0.1894,0.19,6719289.71
2020-09-24,0.19,0.2003,0.1885,0.1992,5658756.5
2020-09-25,0.1992,0.2106,0.1974,0.2075,5099648.92
2020-09-26,0.2075,0.2113,0.2049,0.2081,2307376.39
2020-09-27,0.2081,0.2102,0.2044,0.2091,1571606.76
2020-09-28,0.2091,0.213,0.2057,0.2069,4538619.68
2020-09-29,0.2069,0.2107,0.2034,0.2071,2750674.54
2020-09-30,0.2071,0.2071,0.2031,0.2062,2098657.62
2020-10-01,0.2062,0.2083,0.1996,0.2029,4988700.18
2020-10-02,0.2029,0.2044,0.1955,0.2001,3589089.97
2020-10-03,0.2001,0.2011,0.1991,0.1991,1755508.54
2020-10-04,0.1991,0.2137,0.1983,0.2115,5360072.41
2020-10-05,0.2115,0.2168,0.21,0.2125,6589362.91
2020-10-06,0.2125,0.2198,0.205,0.209,10930220.91
2020-10-07,0.209,0.2135,0.2054,0.2114,3829783.27
2020-10-08,0.2114,0.215,0.2062,0.214,3366892.28
2020-10-09,0.214,0.2176,0.2114,0.2142,3647541.11
2020-10-10,0.2142,0.2192,0.2134,0.2142,3876556.38
2020-10-11,0.2142,0.2178,0.2137,0.2164,2576430.64
2020-10-12,0.2164,0.2185,0.2113,0.2167,5356175.74
2020-10-13,0.2167,0.2207,0.2152,0.2184,5507801.15
2020-10-14,0.2184,0.2201,0.21,0.2127,3265932.93
2020-10-15,0.2127,0.2134,0.2081,0.21,3783639.44
2020-10-16,0.21,0.2116,0.2036,0.2053,4504804.53
2020-10-17,0.2053,0.2076,0.2042,0.2055,897742.33
2020-10-18,0.2055,0.2079,0.2053,0.2068,1190380.87
2020-10-19,0.2068,0.2117,0.2053,0.2087,3397659.46
2020-10-20,0.2087,0.2127,0.2048,0.2058,4131305.95
2020-10-21,0.2058,0.2143,0.2055,0.2118,5774783.66
2020-10-22,0.2118,0.2231,0.2118,0.2177,10389688.56
2020-10-23,0.2177,0.22,0.2111,0.2145,4798022.21
2020-10-24,0.2145,0.2184,0.2126,0.2155,2143282.75
2020-10-25,0.2155,0.2162,0.2112,0.2136,1906892.79
2020-10-26,0.2136,0.2187,0.2067,0.2105,3923826.02
2020-10-27,0.2105,0.2151,0.2097,0.2146,5754790.75
2020-10-28,0.2146,0.2177,0.2083,0.2093,5596023.33
2020-10-29,0.2093,0.2122,0.2051,0.2076,3386490.18
2020-10-30,0.2076,0.209,0.198,0.2053,5997331.27
2020-10-31,0.2053,0.2088,0.204,0.2058,8885615.18
2020-11-01,0.2058,0.207,0.2032,0.2061,3078578.19
2020-11-02,0.2061,0.2103,0.2005,0.2024,5859301.25
2020-11-03,0.2024,0.2089,0.1962,0.2037,7985054.95
2020-11-04,0.2037,0.2051,0.1996,0.2027,7676880.34
2020-11-05,0.2027,0.2092,0.2008,0.2077,9633851.38
2020-11-06,0.2077,0.2203,0.2073,0.2182,12463021.06
2020-11-07,0.2182,0.225,0.2045,0.2092,13022723.65
2020-11-08,0.2092,0.2163,0.2079,0.213,3538230.13
2020-11-09,0.213,0.2149,0.2073,0.2119,5694300.45
2020-11-10,0.2119,0.2239,0.2102,0.2152,10705932.99
2020-11-11,0.2152,0.2211,0.2138,0.2172,9111763.81
2020-11-12,0.2172,0.2195,0.2142,0.2161,6223448.33
2020-11-13,0.2161,0.2249,0.2155,0.2245,8058331.87
2020-11-14,0.22465,0.2347,0.2177,0.22697,10358361.09816331
2020-11-15,0.22696,0.234,0.22375,0.22812,10589392.96441925
2020-11-16,0.22798,0.24777,0.22579,0.24319,21634201.08092312
2020-11-17,0.24297,0.25718,0.24256,0.25492,26528970.19844028
2020-11-18,0.25479,0.25923,0.237,0.24774,24186778.18574257
2020-11-19,0.24756,0.2592,0.2405,0.25631,17699111.39458736
2020-11-20,0.25625,0.2787,0.25018,0.27826,25296851.89430055
2020-11-21,0.27826,0.3948,0.19,0.38975,120321755.47692111
2020-11-22,0.38978,0.4188,0.34065,0.37604,113040253.76077151
2020-11-23,0.3756,0.52831,0.36306,0.51968,143016114.92640233
2020-11-24,0.5194,0.66599,0.47,0.58318,233021090.81866124
2020-11-25,0.58335,0.6075,0.48534,0.53,109837479.89385083
2020-11-26,0.52901,0.54641,0.385,0.4505,184523791.06341603
2020-11-27,0.4505,0.49323,0.42354,0.47005,68572472.05786692
2020-11-28,0.47037,0.545,0.4512,0.52385,71169581.53256348
2020-11-29,0.52392,0.5339,0.48912,0.50644,40086534.65882243
2020-11-30,0.5065,0.56798,0.50042,0.55401,55427021.47314205
2020-12-01,0.55404,0.56915,0.49,0.5071,60586910.91974981
2020-12-02,0.50682,0.52642,0.49421,0.52008,26136362.12717451
2020-12-03,0.5202,0.52868,0.50901,0.5196,17800705.3734673
2020-12-04,0.51946,0.52178,0.44697,0.45738,51919629.95905097
2020-12-05,0.4573,0.49354,0.45331,0.48336,19949059.14542668
2020-12-06,0.48336,0.518,0.47976,0.51357,28530314.54902259
2020-12-07,0.5124,0.51454,0.48835,0.5021,16803864.7092617
2020-12-08,0.50281,0.50385,0.454,0.46203,26970582.28769278
2020-12-09,0.46153,0.50159,0.415,0.48349,49957903.0292958
2020-12-10,0.48316,0.48677,0.45631,0.47128,23270032.83120066
2020-12-11,0.47184,0.49,0.4375,0.45628,50044112.5436861
2020-12-12,0.45609,0.45639,0.4,0.41822,55335571.83284006
2020-12-13,0.41886,0.43548,0.40178,0.42287,24919159.8265872
2020-12-14,0.42265,0.42698,0.40285,0.40968,15252991.90607927
2020-12-15,0.40981,0.41644,0.3737,0.38525,27390525.5369986
2020-12-16,0.38529,0.47,0.36,0.46642,71157676.6875621
2020-12-17,0.46629,0.537,0.44101,0.47079,103057849.10022067
2020-12-18,0.47015,0.5008,0.44861,0.47559,37739543.27594576
2020-12-19,0.47595,0.48861,0.46102,0.46893,17552104.54045098
2020-12-20,0.46891,0.47621,0.42723,0.45357,23521566.33701471
2020-12-21,0.45325,0.4645,0.41,0.42077,38928565.18503471
2020-12-22,0.42117,0.42645,0.33065,0.36662,118923945.85498852
2020-12-23,0.36578,0.36675,0.167,0.2138,304937070.17291063
2020-12-24,0.21371,0.3098,0.19761,0.27801,163577956.65300465
2020-12-25,0.27833,0.31627,0.22985,0.26051,182362184.7450177
2020-12-26,0.26041,0.26837,0.2323,0.24064,75915921.51264404
2020-12-27,0.24081,0.252,0.2169,0.22996,78357401.96705975
2020-12-28,0.23036,0.253,0.192,0.20327,90205370.00984164
2020-12-29,0.20308,0.2066,0.14,0.18026,252058279.4107527
2020-12-30,0.18043,0.19273,0.15581,0.17198,112413361.97672288
2020-12-31,0.17196,0.18796,0.167,0.17952,59954812.80846062
2021-01-01,0.17939,0.205,0.17677,0.194,69101568.8918277
2021-01-02,0.19418,0.19473,0.15612,0.17798,70683540.83539343
2021-01-03,0.17799,0.18877,0.16944,0.17706,73146530.30647112
2021-01-04,0.17704,0.205,0.17501,0.1921,77500015.90774833
2021-01-05,0.192,0.19767,0.178,0.18354,56343551.66014129
2021-01-06,0.18365,0.22594,0.1804,0.20165,114276721.4927102
2021-01-07,0.20172,0.3,0.199,0.2619,243792961.5374929
2021-01-08,0.26202,0.28,0.23289,0.26086,105699875.58474955
2021-01-09,0.26032,0.27441,0.2488,0.26055,47670847.61896194
2021-01-10,0.26015,0.295,0.2276,0.2556,81038942.50943765
2021-01-11,0.25462,0.25497,0.20777,0.23649,96436067.54789536
2021-01-12,0.23618,0.25498,0.22861,0.23987,54686323.58813073
2021-01-13,0.2392,0.25474,0.23345,0.25148,41126870.95635088
2021-01-14,0.25163,0.25359,0.23301,0.2436,40014509.41683397
2021-01-15,0.2436,0.249,0.21632,0.23238,43101952.91516599
2021-01-16,0.23156,0.245,0.22789,0.2312,28503296.65267814
2021-01-17,0.23118,0.236,0.2227,0.2295,23897382.99768142
2021-01-18,0.2295,0.23939,0.22536,0.23571,24911806.86208249
2021-01-19,0.23598,0.272,0.23477,0.2427,64826402.197257
2021-01-20,0.24244,0.25663,0.2317,0.24358,51550924.80922468
2021-01-21,0.24402,0.25399,0.21374,0.22037,53621358.59076787
2021-01-22,0.22035,0.229,0.19688,0.22474,48374865.24887641
2021-01-23,0.22382,0.23389,0.21875,0.22327,13824584.65840374
2021-01-24,0.22339,0.22783,0.22065,0.22487,9437715.44159321
2021-01-25,0.22484,0.23456,0.22046,0.22068,20184227.09298287
2021-01-26,0.22062,0.22354,0.21281,0.2207,21574403.11004583
2021-01-27,0.2207,0.22089,0.20077,0.20759,24497378.74526377
2021-01-28,0.20748,0.22279,0.20485,0.21823,25780829.82406768
2021-01-29,0.21827,0.2618,0.21544,0.23323,67429777.6117458
2021-01-30,0.23337,0.42855,0.22938,0.36653,370949012.80615443
2021-01-31,0.36626,0.42,0.32001,0.40901,276267569.7883393
2021-02-01,0.40906,0.62715,0.29802,0.30844,621832111.539719
2021-02-02,0.30769,0.34217,0.28225,0.30972,120166682.60402423
2021-02-03,0.30963,0.34933,0.30963,0.33002,58169994.93767063
2021-02-04,0.33009,0.40253,0.31666,0.37198,136987593.2282071
2021-02-05,0.37253,0.3945,0.35531,0.37574,65402622.59809039
2021-02-06,0.37596,0.37927,0.35501,0.36834,35729209.98726636
2021-02-07,0.36875,0.37482,0.32246,0.34836,57492496.10900321
2021-02-08,0.34809,0.39841,0.34321,0.37437,67050636.20972606
2021-02-09,0.37451,0.406,0.37276,0.3939,58308697.46346257
2021-02-10,0.39408,0.448,0.37458,0.4172,116892626.65277416
2021-02-11,0.41693,0.44121,0.41301,0.43538,60673967.25817308
2021-02-12,0.43551,0.51197,0.42837,0.50334,86035075.04175603
2021-02-13,0.5037,0.53071,0.4508,0.52396,74514805.56607723
2021-02-14,0.52425,0.52929,0.46436,0.48937,51677813.24002716
2021-02-15,0.49,0.499,0.4202,0.45354,85699943.68967368
2021-02-16,0.45374,0.47765,0.39512,0.42992,85133739.57577492
2021-02-17,0.43015,0.46251,0.40896,0.44354,48015909.28492746
2021-02-18,0.44419,0.46476,0.431,0.44027,35952076.54203518
2021-02-19,0.44077,0.47911,0.42649,0.46507,50985857.93135124
2021-02-20,0.46525,0.47848,0.395,0.42349,58448591.77959114
2021-02-21,0.42292,0.4599,0.41616,0.44903,30467314.40597815
2021-02-22,0.44934,0.53846,0.42005,0.46623,177796613.20219922
2021-02-23,0.46606,0.47003,0.3,0.39201,188472123.5817675
2021-02-24,0.3918,0.41241,0.37211,0.3858,62859821.9398432
2021-02-25,0.38577,0.39624,0.35,0.35877,30614608.24992269
2021-02-26,0.35893,0.37229,0.34,0.35507,48142014.46106091
2021-02-27,0.35543,0.38256,0.35476,0.3629,28337804.14725997
2021-02-28,0.3625,0.36453,0.32636,0.34417,29294506.5468478
2021-03-01,0.34451,0.37711,0.34157,0.3699,26948510.38069645
2021-03-02,0.36994,0.37842,0.34961,0.36098,29397650.66016893
2021-03-03,0.36131,0.38749,0.35738,0.37282,23137628.35672719
2021-03-04,0.37266,0.41069,0.36194,0.40288,50826872.57385878
2021-03-05,0.40268,0.40564,0.3739,0.38165,22786244.61699694
2021-03-06,0.38191,0.39519,0.37862,0.3886,11160302.11219191
2021-03-07,0.38938,0.39299,0.38334,0.38979,7482528.83119792
2021-03-08,0.38994,0.41295,0.3844,0.39886,24266136.90070818
2021-03-09,0.39941,0.40917,0.39797,0.40791,15537220.50083274
2021-03-10,0.40833,0.41045,0.38254,0.38717,19203575.39676941
2021-03-11,0.38744,0.38947,0.369,0.37693,18629141.24149975
2021-03-12,0.37714,0.38724,0.35539,0.36698,16259185.14502051
2021-03-13,0.36679,0.386,0.36161,0.37625,16827963.50705435
2021-03-14,0.37628,0.3787,0.36655,0.36677,10113993.08210843
2021-03-15,0.36663,0.37386,0.35565,0.36622,15396050.57340082
2021-03-16,0.36604,0.43623,0.35914,0.3871,56859347.43054722
2021-03-17,0.38693,0.40514,0.38143,0.39212,15576089.31715683
2021-03-18,0.39211,0.4106,0.38853,0.39405,15525343.35813312
2021-03-19,0.394,0.39976,0.38591,0.39274,9862618.90581433
2021-03-20,0.39252,0.4621,0.39095,0.44163,44934353.36027412
2021-03-21,0.44256,0.45944,0.41777,0.43546,22565361.36325399
2021-03-22,0.43524,0.503,0.42251,0.45732,74614323.1724961
2021-03-23,0.45725,0.50098,0.454,0.46432,38123031.0798759
2021-03-24,0.46435,0.47638,0.38238,0.40749,38836715.4760577
2021-03-25,0.40718,0.44562,0.38763,0.435,41378083.140717
2021-03-26,0.43439,0.48963,0.43439,0.47805,33639070.59795052
2021-03-27,0.47814,0.48684,0.45273,0.46423,18537997.78699617
2021-03-28,0.46403,0.47499,0.45798,0.46337,9908732.54587224
2021-03-29,0.46283,0.48379,0.46166,0.4794,15273389.24845692
2021-03-30,0.4793,0.498,0.47431,0.47982,21270047.62360311
2021-03-31,0.47982,0.49,0.45222,0.48471,23567948.46377673
2021-04-01,0.4848,0.50528,0.4678,0.48457,22509779.53267289
2021-04-02,0.4847,0.51845,0.47993,0.51462,23427443.47899388
2021-04-03,0.51556,0.54412,0.48951,0.49455,33945692.49311007
2021-04-04,0.49423,0.54096,0.485,0.54004,16910689.08723503
2021-04-05,0.54011,0.79489,0.52773,0.77349,133203071.40957044
2021-04-06,0.77499,0.94486,0.68011,0.92324,138993691.3492301
2021-04-07,0.92637,0.93635,0.722,0.77296,91702140.89979897
2021-04-08,0.77401,0.89999,0.76199,0.88799,44284013.41810258
2021-04-09,0.88778,0.912,0.82503,0.85615,29901042.35961057
2021-04-10,0.85618,1.16795,0.84792,1.15132,111338771.84615281
2021-04-11,1.15078,1.249,1.09184,1.13613,65768223.42344393
2021-04-12,1.1352,1.23423,1.106,1.23189,41020656.85334756
2021-04-13,1.22955,1.5789,1.18909,1.50352,131479465.43167436
2021-04-14,1.50355,1.64299,1.3116,1.53577,119588947.31073932
2021-04-15,1.53324,1.5745,1.3789,1.47171,47839477.11052069
2021-04-16,1.4726,1.51448,1.18211,1.29597,97509039.18528406
2021-04-17,1.2961,1.4565,1.28479,1.297,35346775.51826548
2021-04-18,1.29661,1.31686,0.95562,1.18456,132355828.68917432
2021-04-19,1.18135,1.28756,1.04484,1.09137,57650270.00552785
2021-04-20,1.091,1.205,0.982,1.1547,62550672.97165328
2021-04-21,1.15323,1.2176,1.06342,1.07274,40687871.33461097
2021-04-22,1.07338,1.18816,0.9,0.963,70394553.44103926
2021-04-23,0.963,0.99637,0.74,0.9703,98163551.8606563
2021-04-24,0.97111,0.97162,0.853,0.87201,28051046.02325311
2021-04-25,0.87165,0.961,0.78501,0.85764,40262805.1111787
2021-04-26,0.85823,1.1366,0.83931,1.13,75434298.93226048
2021-04-27,1.12923,1.2117,1.10286,1.16166,57123642.40764132
2021-04-28,1.16198,1.1988,1.066,1.12,39271246.33929959
2021-04-29,1.12081,1.17224,1.09527,1.15498,27457706.04714078
2021-04-30,1.15387,1.35767,1.13433,1.33006,60163596.00950202
2021-05-01,1.33002,1.38474,1.266,1.37179,30221847.75548817
2021-05-02,1.37187,1.37612,1.27072,1.30043,20155538.25838567
2021-05-03,1.30001,1.3495,1.21,1.28921,30689671.82551324
2021-05-04,1.29026,1.29156,1.102,1.15668,57572350.96206788
2021-05-05,1.1567,1.34748,1.14,1.3409,49048667.80637854
2021-05-06,1.34101,1.46638,1.28654,1.32947,59325874.86630942
2021-05-07,1.32959,1.4,1.25,1.30378,33789681.48370154
2021-05-08,1.30396,1.34285,1.26634,1.28684,13463126.64645901
2021-05-09,1.28725,1.31557,1.19209,1.26183,31010689.76152204
2021-05-10,1.26299,1.34,1.0,1.14773,41414754.23832273
2021-05-11,1.14809,1.22724,1.12317,1.219,29176902.03576094
2021-05-12,1.22028,1.28241,1.05,1.057,42615165.9288885
2021-05-13,1.05,1.1538,1.01418,1.13256,54766117.07812579
2021-05-14,1.13243,1.19586,1.09815,1.15914,28038151.3555946
2021-05-15,1.15706,1.3,1.0896,1.23147,52431854.39227127
2021-05-16,1.22979,1.32921,1.10369,1.19204,39735223.27805357
2021-05-17,1.1925,1.28747,1.09541,1.23009,44407242.51779551
2021-05-18,1.23122,1.39728,1.2132,1.30493,65024692.06061279
2021-05-19,1.30493,1.347,0.8177,0.87445,122044866.91641136
2021-05-20,0.87391,1.0429,0.76187,0.97029,71114259.55681239
2021-05-21,0.97119,0.99768,0.7155,0.82951,66541717.38967001
2021-05-22,0.82874,0.83558,0.67626,0.74513,62046727.40995968
2021-05-23,0.74599,0.79643,0.635,0.65438,33718971.83324644
