2021-11-05,120.106,121.168,115.687,116.971,1553.97846796
2021-11-06,116.201,116.766,114.71,115.944,1170.2730665
2021-11-07,115.59,116.75,115.0,115.509,537.32935168
2021-11-08,115.402,119.659,113.616,115.733,2148.61329905
2021-11-09,115.646,127.005,115.539,120.738,2601.1923488
2021-11-10,121.245,121.245,112.737,113.599,3553.76610816
2021-11-11,113.367,115.473,112.457,114.456,1099.7589871
2021-11-12,114.809,116.22,109.703,112.505,2913.6205093
2021-11-13,112.545,115.49,112.544,114.4,623.07289792
2021-11-14,114.4,114.78,111.562,112.795,690.08103676
2021-11-15,112.921,115.504,111.614,113.443,1975.37561947
2021-11-16,113.098,113.098,100.877,103.33,3192.17229904
2021-11-17,103.054,104.783,99.268,100.232,1498.99510191
2021-11-18,101.028,104.902,91.581,92.259,2787.95959406
2021-11-19,92.623,105.05,91.1,100.19,3241.55144711
2021-11-20,100.352,114.984,99.873,103.743,3385.73409833
2021-11-21,103.414,104.623,102.006,102.569,820.11776612
2021-11-22,101.019,101.351,96.433,97.0,1798.69063531
2021-11-23,97.0,98.996,95.5,98.115,1312.54799718
2021-11-24,98.154,98.332,92.569,93.424,1366.38120467
2021-11-25,93.659,98.904,92.799,98.569,1772.8817054
2021-11-26,98.746,100.087,86.901,89.1,4999.27172667
2021-11-27,89.156,93.969,88.799,89.978,2144.88444256
2021-11-28,89.687,91.962,85.998,91.554,1553.74156934
2021-11-29,91.953,106.518,90.21,97.067,4283.29890415
2021-11-30,96.624,96.85,92.021,92.269,1449.46345171
2021-12-01,92.0,95.809,91.741,92.18,864.94828332
2021-12-02,92.098,92.098,87.7,90.064,639.48550956
2021-12-03,89.4,92.004,85.0,85.903,1282.05365111
2021-12-04,85.651,97.438,76.016,79.397,4921.92566018
2021-12-05,79.941,92.354,79.395,86.005,6175.62971633
2021-12-06,86.346,86.346,76.557,83.381,2214.15300529
2021-12-07,83.587,91.299,82.622,82.76,3584.61805393
2021-12-08,82.36,90.0,78.267,81.422,4351.95173531
2021-12-09,81.025,86.202,74.1,74.1,2066.79839919
2021-12-10,74.1,76.247,71.672,71.865,736.43349802
2021-12-11,71.53,83.034,70.925,75.826,6173.64158275
2021-12-12,75.919,80.156,73.934,76.387,2657.77357278
2021-12-13,76.537,76.538,71.562,74.82,912.24986346
2021-12-14,73.715,92.494,72.326,74.128,9831.35924145
2021-12-15,74.271,77.334,72.51,75.285,1129.56304411
2021-12-16,75.675,76.904,74.313,74.313,762.40663163
2021-12-17,74.0,76.707,72.51,75.692,2261.14333062
2021-12-18,75.499,81.94,74.227,75.999,3333.57053561
2021-12-19,75.525,76.067,73.831,73.831,776.00620918
2021-12-20,73.48,73.668,68.116,70.794,2926.56601091
2021-12-21,70.62,73.765,70.62,73.264,774.99651459
2021-12-22,73.124,75.416,71.716,72.333,1317.00955651
2021-12-23,72.242,76.688,71.43,74.308,1387.6123499
2021-12-24,74.629,75.231,73.038,73.038,632.76870466
2021-12-25,72.8,75.054,72.791,74.573,1594.68188934
2021-12-26,74.529,76.573,73.19,76.569,1284.79761608
2021-12-27,76.57,79.6,75.885,76.914,1202.85380858
2021-12-28,76.665,115.0,74.82,109.853,33313.01765583
2021-12-29,109.642,112.33,81.568,82.154,12288.24485473
2021-12-30,82.408,88.581,78.69,78.948,4085.17467346
2021-12-31,79.019,85.029,78.038,78.298,5448.18593796
2022-01-01,78.356,100.974,78.356,86.804,14901.41520668
2022-01-02,85.931,88.013,83.098,84.703,4553.35082855
2022-01-03,84.549,84.549,80.825,82.037,1925.03797242
2022-01-04,82.448,83.307,80.424,80.522,2024.53339277
2022-01-05,80.34,86.398,75.869,76.731,5985.4846318
2022-01-06,76.221,76.758,71.035,74.067,4616.27867456
2022-01-07,73.932,73.932,68.5,68.58,2551.8285895
2022-01-08,68.756,71.427,64.126,66.0,5420.21154845
2022-01-09,65.77,69.162,65.387,66.666,1571.29366128
2022-01-10,66.833,67.826,61.222,64.085,2705.77976258
2022-01-11,64.126,67.452,63.763,66.277,1902.84177127
2022-01-12,66.578,68.677,65.34,67.677,1800.67657208
2022-01-13,67.733,69.584,64.904,65.845,2005.88623878
2022-01-14,65.71,74.88,64.573,68.516,3885.57865646
2022-01-15,68.198,70.358,67.617,67.619,792.3846355
2022-01-16,67.616,68.537,66.906,67.362,656.61123708
2022-01-17,67.325,72.0,65.469,66.968,3563.3069169
2022-01-18,67.042,67.042,64.452,64.636,669.13705063
2022-01-19,64.934,64.934,63.1,63.402,903.31600029
2022-01-20,63.208,66.199,61.483,61.815,1717.51249192
2022-01-21,61.643,62.154,53.046,53.353,4276.62969975
2022-01-22,53.824,56.903,45.631,46.876,6108.55076855
2022-01-23,47.149,49.99,46.751,49.733,2356.44246956
2022-01-24,49.489,54.721,44.0,47.188,7010.0692336
2022-01-25,47.14,48.815,46.065,47.396,2023.74617884
2022-01-26,47.244,50.469,46.572,48.029,3359.03644868
2022-01-27,47.644,49.35,46.307,47.722,2439.40158967
2022-01-28,47.975,50.665,47.154,50.556,3518.68246494
2022-01-29,50.685,53.71,49.306,52.262,2271.89420005
2022-01-30,52.322,52.602,49.737,50.122,528.04702644
2022-01-31,49.927,50.675,48.112,50.49,2069.79032773
2022-02-01,50.294,56.239,49.946,50.079,2637.47108138
2022-02-02,50.003,50.617,48.014,48.783,1746.00089335
2022-02-03,48.493,50.145,48.069,50.107,1450.32729586
2022-02-04,50.105,52.673,49.359,52.434,2367.15903712
2022-02-05,52.373,54.338,51.765,53.27,1026.69455948
2022-02-06,53.376,58.332,53.234,54.888,1848.94395839
2022-02-07,54.505,57.192,53.907,55.672,1181.1280708
2022-02-08,55.558,56.333,53.3,54.602,1363.59003597
2022-02-09,54.534,60.577,53.813,57.512,2258.16104245
2022-02-10,57.389,57.863,53.7,53.7,986.98963956
2022-02-11,53.65,55.869,50.784,50.921,1664.92604537
2022-02-12,50.862,51.628,50.136,50.882,775.70406875
2022-02-13,51.134,62.5,49.786,49.87,3469.17446496
2022-02-14,49.748,52.778,48.182,49.513,1962.12930359
2022-02-15,49.515,54.0,49.48,53.588,1468.40909964
2022-02-16,53.068,58.993,52.87,54.132,3537.45787572
2022-02-17,54.164,54.269,48.713,49.844,2147.47674006
2022-02-18,49.729,51.749,49.024,49.358,1569.47882279
2022-02-19,49.622,49.929,47.564,48.103,526.81150472
2022-02-20,48.365,52.0,45.077,47.793,3458.68700376
2022-02-21,47.73,49.538,46.36,46.906,1671.98853853
2022-02-22,46.54,48.233,44.324,48.08,2429.66073686
2022-02-23,47.986,48.921,44.87,45.215,1540.29151758
2022-02-24,45.082,45.149,39.463,43.783,4902.93226437
2022-02-25,43.852,47.393,43.701,46.762,2075.62963309
2022-02-26,46.841,47.917,45.972,46.829,1039.86783952
2022-02-27,46.577,48.336,45.018,45.757,1357.8332571
2022-02-28,45.984,51.28,45.276,51.28,2597.66507823
2022-03-01,51.551,54.306,50.713,52.856,3641.74556867
2022-03-02,53.059,56.0,51.815,54.189,3838.43881972
2022-03-03,54.271,55.081,50.74,51.679,1804.56800939
2022-03-04,51.557,65.813,47.005,47.192,10847.22731211
2022-03-05,47.094,51.436,46.493,48.441,4411.18057576
2022-03-06,48.491,61.212,47.147,48.502,12306.95668899
2022-03-07,48.52,52.194,44.959,46.894,8858.00807178
2022-03-08,46.837,48.928,46.507,47.373,2609.81577444
2022-03-09,47.417,49.656,47.283,47.346,2479.37991105
2022-03-10,47.528,47.893,45.4,47.116,2111.41127723
2022-03-11,47.001,47.926,46.095,47.054,2181.90348541
2022-03-12,47.227,49.063,47.227,47.608,1211.39956943
2022-03-13,47.549,50.03,46.362,46.614,2938.8649223
2022-03-14,46.598,47.658,46.217,47.461,1908.34054764
2022-03-15,47.417,48.929,46.04,48.01,1448.44962489
2022-03-16,47.7,49.475,47.0,49.029,801.62274132
2022-03-17,48.918,49.034,47.961,48.47,723.67574193
2022-03-18,48.559,50.164,47.911,49.924,948.67254344
2022-03-19,49.949,57.29,49.949,52.842,2596.13274166
2022-03-20,53.03,70.998,50.7,50.7,12847.71844191
2022-03-21,50.59,54.412,50.044,52.083,2023.28116275
2022-03-22,52.456,53.752,52.376,52.586,1226.63424438
2022-03-23,52.989,53.45,51.732,52.378,377.94470883
2022-03-24,52.479,53.874,52.479,53.295,1137.47715778
2022-03-25,53.274,54.2,52.788,52.914,998.01162404
2022-03-26,52.837,53.471,52.641,53.113,284.74692649
2022-03-27,53.171,54.662,53.171,54.358,1872.71781229
2022-03-28,54.423,57.2,54.423,55.357,1507.28323535
2022-03-29,55.476,56.837,54.653,55.147,962.63852322
2022-03-30,54.695,56.301,53.266,55.31,929.67319928
2022-03-31,55.253,57.223,53.871,53.88,997.78764526
2022-04-01,53.887,65.42,53.01,56.058,3833.00408592
2022-04-02,56.254,57.6,55.437,56.393,1409.93949871
2022-04-03,56.539,57.887,55.423,57.697,804.44158662
2022-04-04,57.15,57.183,54.551,56.111,2161.03777448
2022-04-05,56.258,59.712,55.994,56.131,1276.29029025
2022-04-06,55.787,55.798,52.292,52.958,1634.16206216
2022-04-07,52.351,53.397,51.631,53.397,236.70759572
2022-04-08,53.225,56.365,51.433,51.597,640.9907447
2022-04-09,51.592,52.99,51.591,52.99,248.66473486
2022-04-10,52.866,55.799,52.078,52.078,1188.6082419
2022-04-11,52.001,52.292,47.597,47.988,1479.78969323
2022-04-12,48.149,50.623,47.942,50.306,1396.86723346
2022-04-13,50.49,51.88,50.083,51.555,276.00849841
2022-04-14,51.722,51.792,49.484,49.782,301.18139967
2022-04-15,49.811,56.0,49.811,50.424,1152.65629415
2022-04-16,50.453,51.09,49.933,51.09,379.27686111
2022-04-17,51.117,53.485,50.569,51.356,742.28186254
2022-04-18,50.622,52.64,50.051,51.075,449.71096744
2022-04-19,51.342,53.048,51.227,52.09,591.86644343
2022-04-20,52.049,52.982,51.253,52.292,2467.15171343
2022-04-21,52.3,56.0,52.069,52.649,2189.10917874
2022-04-22,52.56,52.927,50.964,51.092,994.55448472
2022-04-23,51.245,54.85,50.933,52.274,561.01611618
2022-04-24,52.362,61.0,49.8,50.039,5964.29248218
2022-04-25,49.937,50.9,48.126,50.878,1856.88109885
2022-04-26,50.998,51.323,47.72,48.984,2136.51049316
2022-04-27,49.066,51.199,49.033,50.49,1156.86502417
2022-04-28,50.9,51.928,50.341,51.269,894.53375637
2022-04-29,51.484,52.555,46.825,46.825,2528.5248032
2022-04-30,46.903,49.498,46.781,46.865,2173.21273401
2022-05-01,46.97,50.438,46.488,47.082,1677.04210296
2022-05-02,47.703,47.853,46.373,46.827,241.45112292
2022-05-03,46.694,47.789,46.041,46.934,902.17729944
2022-05-04,46.972,47.712,45.7,47.366,1313.58265712
2022-05-05,47.677,47.888,42.373,42.847,499.52431008
2022-05-06,42.768,43.89,42.132,43.057,1073.68230175
2022-05-07,42.858,46.067,42.622,43.209,230.63964226
2022-05-08,42.718,42.718,41.138,42.044,94.18748429
2022-05-09,41.409,41.409,35.0,35.0,1669.71544407
2022-05-10,35.147,38.516,34.433,34.904,4088.20982622
2022-05-11,34.963,35.63,24.694,24.694,2371.85912858
2022-05-12,25.267,25.852,20.54,22.365,4278.93308624
2022-05-13,22.082,26.5,22.082,24.698,1517.87421779
2022-05-14,24.788,28.046,24.788,27.104,1550.58770325
2022-05-15,27.122,60.999,26.211,35.035,18151.33391383
2022-05-16,34.564,35.511,27.35,27.865,6523.11324886
2022-05-17,27.865,41.568,27.771,30.544,10298.89378748
2022-05-18,31.15,32.45,27.9,27.984,7252.27788539
2022-05-19,27.9,31.048,27.68,29.405,3156.98600872
2022-05-20,29.495,30.523,28.03,28.282,1272.27227078
2022-05-21,28.211,28.794,27.863,28.565,1009.4480131
2022-05-22,28.943,29.591,28.573,28.972,1483.92259963
2022-05-23,29.309,29.766,28.187,28.286,1114.14488706
2022-05-24,28.06,28.245,26.62,27.772,1285.55060918
2022-05-25,27.716,28.775,27.112,27.425,694.39737099
2022-05-26,27.413,27.413,24.53,25.439,2374.44862488
2022-05-27,25.25,25.6,23.942,24.899,3197.17452196
2022-05-28,24.973,25.7,24.717,25.37,774.36905063
2022-05-29,25.352,30.5,25.041,25.74,3563.38073858
2022-05-30,25.526,27.248,25.074,26.792,2464.27744883
2022-05-31,26.979,27.668,26.437,26.545,5690.03186842
2022-06-01,26.734,26.81,24.43,25.179,2244.36918651
2022-06-02,25.077,25.89,24.772,25.826,460.35601279
2022-06-03,25.785,27.22,24.345,24.825,3483.90466639
2022-06-04,24.98,29.75,24.347,25.827,7925.7607234
2022-06-05,25.88,25.88,24.887,25.191,1520.99796895
2022-06-06,25.65,26.3,25.369,25.619,1380.20974861
2022-06-07,25.579,25.989,24.914,25.324,872.55802123
2022-06-08,25.174,36.478,24.584,25.364,11360.49716257
2022-06-09,25.001,26.0,24.968,25.523,2191.83438212
2022-06-10,25.319,25.84,24.75,25.708,3677.91416448
2022-06-11,25.64,26.0,24.0,24.4,2949.46286157
2022-06-12,24.526,24.537,21.911,22.446,4937.23098573
2022-06-13,22.317,22.317,19.413,20.903,4686.60540981
2022-06-14,21.072,22.525,20.058,21.282,1911.05873909
2022-06-15,21.335,22.325,19.0,22.325,3300.92755645
2022-06-16,22.38,25.768,18.734,19.268,7650.27524713
2022-06-17,19.289,19.715,19.063,19.415,1797.18063634
2022-06-18,19.4,19.608,16.5,17.948,5703.46730399
2022-06-19,17.914,19.0,17.048,18.494,3640.07343296
2022-06-20,18.49,32.47,17.823,21.285,23434.39803191
2022-06-21,21.08,27.299,20.269,22.248,26197.79395152
2022-06-22,22.227,23.734,22.004,22.373,7828.39380547
2022-06-23,22.373,23.186,21.9,22.82,4729.29109968
2022-06-24,22.716,24.169,21.98,23.349,6026.58184968
2022-06-25,23.482,27.489,23.021,23.5,10003.79043197
2022-06-26,23.643,26.5,23.352,23.76,9728.23042669
2022-06-27,23.618,25.434,23.367,23.675,8125.59767289
2022-06-28,23.552,24.49,22.272,22.3,4842.82601858
2022-06-29,22.473,24.67,21.971,23.3,2339.48592902
2022-06-30,23.3,24.015,21.81,22.676,7903.4930821
2022-07-01,22.684,23.754,22.19,23.041,2663.25681832
2022-07-02,22.99,24.4,22.771,23.167,2584.32391778
2022-07-03,23.325,23.801,23.172,23.237,381.60001513
2022-07-04,23.363,24.17,23.262,24.11,635.3584349
2022-07-05,24.17,24.17,23.672,23.976,1746.31846786
2022-07-06,24.047,24.915,23.965,24.915,2218.36549044
2022-07-07,24.49,25.56,24.49,25.218,1505.03325914
2022-07-08,25.077,25.74,24.269,24.269,1589.38546162
2022-07-09,24.577,25.605,24.482,24.922,541.29371414
2022-07-10,24.885,24.886,24.077,24.223,276.32968827
2022-07-11,24.07,24.301,23.276,23.276,536.4226631
2022-07-12,23.15,24.965,22.879,23.538,1698.85240381
2022-07-13,23.692,24.021,22.35,24.021,4475.79853159
2022-07-14,23.956,24.79,23.662,24.79,914.87109761
2022-07-15,24.659,26.999,24.011,24.284,5431.8941604
2022-07-16,24.25,25.675,24.121,25.0,1664.22501285
2022-07-17,25.0,25.688,24.911,24.911,1379.66431777
2022-07-18,24.855,26.375,24.849,26.142,2070.8499163
2022-07-19,25.947,26.4,25.15,25.855,2200.30572859
2022-07-20,25.864,26.621,25.25,25.301,1518.80860535
2022-07-21,24.856,25.198,23.75,24.999,3761.4256822
2022-07-22,25.198,26.021,24.442,24.561,2413.69546169
2022-07-23,24.598,25.589,24.598,25.554,1383.97714875
2022-07-24,25.774,26.143,25.067,25.339,1021.37098106
2022-07-25,25.148,25.253,24.011,24.012,812.80429761
2022-07-26,24.011,24.303,23.523,24.298,1118.58036019
2022-07-27,24.36,25.9,24.306,25.394,2904.08768151
2022-07-28,25.434,27.49,25.434,26.673,3480.63365649
2022-07-29,26.622,27.872,26.469,27.157,3063.53496417
2022-07-30,27.268,29.9,26.896,26.969,3538.53115658
2022-07-31,27.232,28.863,26.282,26.762,2358.4532778
2022-08-01,26.821,27.61,26.469,26.869,2325.63002218
2022-08-02,26.869,26.869,25.7,26.15,964.8037257
2022-08-03,26.267,30.57,26.267,26.869,3847.16859962
2022-08-04,26.869,27.081,25.971,26.269,3802.92677407
2022-08-05,26.229,28.93,26.229,27.92,4323.0757495
2022-08-06,27.994,29.184,27.51,27.849,759.11353333
2022-08-07,27.657,28.009,27.342,27.918,902.26343078
2022-08-08,27.779,29.189,27.687,28.204,1967.75485893
2022-08-09,28.128,28.128,26.225,26.575,2338.79480668
2022-08-10,26.585,29.0,26.422,29.0,3203.5097503
2022-08-11,29.048,29.893,28.01,28.057,1412.50287168
2022-08-12,27.91,33.093,27.91,30.621,3766.75543388
2022-08-13,30.518,30.518,28.784,28.967,1016.71491061
2022-08-14,29.095,30.199,28.001,28.106,2855.79825908
2022-08-15,28.072,28.534,27.469,28.44,420.46478122
2022-08-16,28.457,28.457,27.771,27.924,414.24109699
2022-08-17,28.244,28.274,26.844,26.844,1367.69872624
2022-08-18,27.184,27.281,26.34,26.34,1159.17743934
2022-08-19,26.011,26.011,23.32,24.338,6767.39519387
2022-08-20,24.303,26.498,24.0,24.375,3586.48587597
2022-08-21,24.719,28.298,24.446,24.988,3225.72153333
2022-08-22,24.403,27.269,24.011,25.492,2142.11981064
2022-08-23,25.462,25.755,25.036,25.036,259.70677409
2022-08-24,24.969,25.772,24.969,25.55,1331.91927751
2022-08-25,25.968,27.335,25.566,26.111,1040.90811739
2022-08-26,25.95,25.95,24.14,24.14,1391.12508082
2022-08-27,24.171,25.566,23.9,24.017,1645.35101863
2022-08-28,24.272,24.494,23.155,23.155,3269.36288308
2022-08-29,23.126,23.837,22.75,23.675,6164.76029974
2022-08-30,23.701,24.063,22.564,22.933,975.88423704
2022-08-31,22.855,23.803,22.855,23.054,1263.76042279
2022-09-01,23.02,23.293,22.723,23.118,329.79597261
2022-09-02,23.117,23.612,22.844,23.075,370.02448952
2022-09-03,23.007,23.495,22.883,23.265,750.54612156
2022-09-04,23.2,23.561,23.2,23.561,103.00323607
2022-09-05,23.699,23.699,23.008,23.04,612.81575213
2022-09-06,23.389,23.508,21.831,22.2,1404.39885601
2022-09-07,22.157,22.776,21.737,22.602,685.72828929
2022-09-08,22.581,24.269,22.198,22.492,1485.81528821
2022-09-09,23.088,23.81,22.944,23.743,1175.15139391
2022-09-10,23.658,23.905,23.291,23.601,143.24879722
2022-09-11,23.856,23.999,23.548,23.679,90.54688371
2022-09-12,23.627,23.982,23.514,23.795,526.45331743
2022-09-13,23.711,24.5,22.462,22.594,1313.10737031
2022-09-14,22.4,22.637,21.753,22.198,536.92330247
2022-09-15,21.946,22.249,21.467,22.056,1062.41088764
2022-09-16,22.127,22.472,22.032,22.311,312.03690041
2022-09-17,22.409,22.581,22.046,22.494,583.58802333
2022-09-18,22.296,24.016,20.829,20.856,3075.69898894
2022-09-19,20.81,21.023,20.004,20.621,6282.52292016
2022-09-20,20.35,22.708,19.466,19.467,3187.16033969
2022-09-21,19.616,22.004,19.501,19.877,5175.57740574
2022-09-22,19.692,20.671,19.692,20.586,489.0362689
2022-09-23,20.94,20.988,19.813,20.521,2135.10751497
2022-09-24,20.437,20.74,20.117,20.117,873.54124268
2022-09-25,20.212,20.524,19.907,19.907,1920.69774091
2022-09-26,20.125,20.579,19.75,20.489,1469.3705596
2022-09-27,20.674,21.074,20.128,20.252,693.70238725
2022-09-28,20.232,20.232,19.792,20.079,151.52862672
2022-09-29,20.195,20.269,19.586,19.82,48.38582508
2022-09-30,19.854,22.669,19.669,19.691,1632.15271971
2022-10-01,19.816,19.816,19.479,19.602,322.97631573
2022-10-02,19.538,19.638,19.25,19.333,1508.32403868
2022-10-03,19.338,19.723,19.23,19.614,1516.48395009
2022-10-04,19.631,19.837,19.434,19.55,423.42736605
2022-10-05,19.537,22.922,19.337,19.473,11832.82125438
2022-10-06,19.67,21.142,19.607,19.888,2104.76848515
2022-10-07,19.903,21.412,19.891,19.982,238.37684433
2022-10-08,20.135,20.372,20.024,20.182,908.58277721
2022-10-09,20.215,20.813,20.199,20.346,328.22015693
2022-10-10,20.458,20.458,20.19,20.267,422.62420442
2022-10-11,20.772,21.194,19.21,19.419,1870.35963395
2022-10-12,19.39,19.575,19.39,19.478,25.92248519
2022-10-13,19.208,19.48,18.669,19.391,1875.00951061
2022-10-14,19.629,20.627,19.553,19.971,2945.62913551
2022-10-15,19.938,20.442,19.936,20.187,199.75375105
2022-10-16,20.108,20.832,20.108,20.649,474.49607128
2022-10-17,20.422,21.5,20.356,20.534,429.80088645
2022-10-18,20.379,20.455,19.638,19.903,2556.64906466
2022-10-19,19.568,19.568,19.177,19.287,1247.89379994
2022-10-20,19.177,21.18,19.177,19.782,743.3769865
2022-10-21,19.709,27.85,19.39,24.547,12905.78622024
2022-10-22,24.877,50.308,24.877,36.364,26690.67263678
2022-10-23,36.788,38.324,28.626,32.98,5294.41098009
2022-10-24,32.669,32.874,26.847,26.847,4675.49109338
2022-10-25,27.11,28.094,25.793,25.95,1465.34585213
2022-10-26,26.235,27.127,25.09,25.603,3943.11555884
2022-10-27,25.465,30.61,24.72,24.72,5996.71962709
2022-10-28,24.884,25.65,24.31,24.904,4432.84722713
2022-10-29,24.935,25.134,23.656,24.037,4964.9837809
2022-10-30,24.027,24.069,23.0,23.8,4325.57137641
2022-10-31,23.881,28.454,23.693,24.3,2757.67059344
2022-11-01,24.194,24.357,23.691,23.873,1971.56594729
2022-11-02,23.708,24.366,22.872,23.983,1803.76014703
2022-11-03,23.87,24.369,23.569,23.569,726.62588662
2022-11-04,23.851,24.23,23.769,24.11,895.77967567
2022-11-05,24.109,25.61,23.827,24.705,3674.26987979
2022-11-06,24.708,27.786,24.0,24.001,9602.07455516
2022-11-07,24.0,24.464,23.251,23.395,3594.95272781
2022-11-08,23.382,23.539,19.602,20.923,14987.60040587
2022-11-09,20.539,20.539,18.02,18.204,3081.97473185
2022-11-10,18.638,21.253,18.638,19.568,2601.38161609
2022-11-11,19.63,19.748,17.88,18.637,1537.2169813
2022-11-12,18.671,20.704,18.084,19.03,1178.43558116
2022-11-13,19.13,19.269,18.125,18.473,275.45408232
2022-11-14,18.01,18.519,17.57,18.385,844.60228789
2022-11-15,18.379,19.08,18.266,18.643,1429.18631431
2022-11-16,18.72,20.2,18.298,19.278,1534.04942887
2022-11-17,19.262,19.71,18.632,19.232,714.14859168
2022-11-18,19.283,20.593,19.163,19.653,442.26232963
2022-11-19,19.369,19.507,19.041,19.041,207.61157352
2022-11-20,19.164,20.248,19.002,20.22,788.00905061
2022-11-21,20.258,20.29,18.456,18.642,929.76831787
2022-11-22,18.643,18.954,18.17,18.951,329.69855345
2022-11-23,19.014,19.868,19.014,19.365,709.01580717
2022-11-24,19.46,20.069,19.407,19.438,298.79456653
2022-11-25,19.178,19.73,19.001,19.357,382.41495225
2022-11-26,19.389,19.627,19.326,19.365,477.00368332
2022-11-27,19.411,19.845,19.294,19.338,1297.66577556
2022-11-28,19.334,19.354,18.852,19.078,309.74544044
2022-11-29,18.85,19.9,18.85,19.736,1480.18103169
2022-11-30,19.799,21.5,19.535,20.173,2212.17852161
2022-12-01,20.061,20.38,19.776,19.843,630.44597976
2022-12-02,19.508,20.474,19.508,20.356,531.80090516
2022-12-03,20.399,23.0,19.969,19.969,891.08120166
2022-12-04,19.969,20.125,19.833,20.114,143.88843568
2022-12-05,20.179,23.0,20.031,20.465,2254.33746487
2022-12-06,20.699,20.703,20.201,20.463,828.94986077
2022-12-07,20.464,20.507,19.788,19.793,391.4656175
2022-12-08,19.781,20.358,19.73,20.225,205.8438929
2022-12-09,20.25,20.548,20.206,20.422,300.3557356
2022-12-10,20.413,21.29,20.139,20.14,417.48687755
2022-12-11,20.307,20.542,20.232,20.376,58.15905812
2022-12-12,20.223,20.635,19.839,20.096,755.9567844
2022-12-13,19.993,19.993,19.369,19.628,804.24976584
2022-12-14,19.624,19.873,19.421,19.712,267.62809063
2022-12-15,19.662,19.662,19.217,19.267,146.79484171
2022-12-16,19.225,19.267,17.649,17.677,1094.34021361
2022-12-17,17.625,18.49,17.586,18.025,88.39712956
2022-12-18,18.202,18.305,18.146,18.242,136.78191821
2022-12-19,18.205,19.6,17.486,17.553,605.18462435
2022-12-20,17.912,18.186,17.912,18.132,118.40433202
2022-12-21,18.033,18.058,17.873,18.058,63.00895216
2022-12-22,18.143,19.43,17.571,17.745,367.84829382
2022-12-23,17.894,18.139,17.855,17.935,229.43592663
2022-12-24,18.0,18.124,17.994,18.077,51.36769211
2022-12-25,18.115,18.292,18.115,18.146,6.31589867
2022-12-26,18.213,18.213,18.08,18.172,85.84639954
2022-12-27,17.825,17.918,17.745,17.776,160.95089018
2022-12-28,17.781,18.032,17.717,17.832,160.53347286
2022-12-29,17.879,19.0,17.517,17.734,185.13074919
2022-12-30,17.731,17.784,17.538,17.669,100.51230417
2022-12-31,17.865,17.945,17.639,17.639,591.39704494
2023-01-01,17.569,17.661,17.569,17.619,57.26948468
2023-01-02,17.657,17.918,17.6,17.846,268.33634925
2023-01-03,17.837,18.24,17.837,17.952,129.54653427
2023-01-04,18.14,18.399,18.053,18.359,592.13197247
2023-01-05,18.39,18.44,18.25,18.331,396.80200731
2023-01-06,18.196,18.265,18.088,18.128,129.40405146
2023-01-07,18.248,18.248,18.158,18.158,51.48396657
2023-01-08,18.141,18.54,18.129,18.54,301.59013501
2023-01-09,18.58,18.871,18.285,18.547,3142.56399823
2023-01-10,18.558,18.778,18.279,18.612,478.56708383
2023-01-11,18.764,18.786,18.48,18.724,415.12435551
2023-01-12,18.758,19.091,18.582,19.079,134.3238813
2023-01-13,18.944,19.649,18.944,19.446,294.87027742
2023-01-14,19.464,20.249,18.884,19.98,9075.00288005
2023-01-15,20.02,20.02,19.159,19.709,452.41506598
2023-01-16,19.733,21.063,19.566,20.134,1145.95484393
2023-01-17,20.129,20.7,20.05,20.05,345.39219453
2023-01-18,19.992,20.106,19.0,19.039,197.01062607
2023-01-19,19.003,19.348,19.0,19.243,255.4829113
2023-01-20,19.435,20.163,19.309,20.132,55.10401504
2023-01-21,20.066,20.56,19.98,20.349,325.57168734
2023-01-22,20.335,20.78,20.114,20.526,388.79092076
2023-01-23,20.685,21.98,20.561,21.328,1738.21515266
2023-01-24,21.38,21.8,20.668,20.671,326.34537859
2023-01-25,20.6,21.321,20.242,20.942,273.43256896
2023-01-26,21.195,22.342,21.04,21.372,1241.02383553
2023-01-27,21.436,22.18,21.242,22.046,1321.33769085
2023-01-28,22.2,22.27,21.687,21.859,54.31858393
2023-01-29,22.127,22.736,22.127,22.721,447.96381196
2023-01-30,22.59,22.8,20.759,20.854,408.73023375
2023-01-31,21.322,21.805,21.132,21.704,532.46312472
2023-02-01,21.78,22.737,21.188,21.978,1141.70008356
2023-02-02,22.094,23.436,22.094,22.712,1187.16606261
2023-02-03,22.712,24.544,22.46,23.333,2885.27794067
2023-02-04,23.34,23.532,23.069,23.069,114.88421484
2023-02-05,23.069,23.381,22.025,22.228,496.01074027
2023-02-06,22.291,23.408,22.206,23.133,383.19263607
2023-02-07,23.086,24.544,23.086,24.45,1525.48800224
2023-02-08,24.423,24.5,23.277,23.609,408.93960645
2023-02-09,23.633,23.669,21.39,21.39,1089.24615235
2023-02-10,21.546,21.768,21.0,21.398,496.00032355
2023-02-11,21.242,21.486,21.242,21.486,44.96111278
2023-02-12,21.522,21.97,21.325,21.35,49.68748872
2023-02-13,21.475,21.68,20.52,20.964,1992.38940316
2023-02-14,20.965,21.695,20.932,21.695,211.98511694
2023-02-15,21.662,22.735,21.5,22.725,655.16011175
2023-02-16,22.756,24.153,22.349,22.504,1260.58514609
2023-02-17,23.071,23.678,22.787,23.337,1899.41444717
2023-02-18,23.39,23.913,23.39,23.851,91.81867129
2023-02-19,23.899,26.206,23.482,23.896,4000.14391696
2023-02-20,23.49,25.736,23.49,25.474,644.11772184
2023-02-21,25.492,25.825,24.404,24.815,119.84281318
2023-02-22,24.571,26.177,24.336,25.081,350.41586095
2023-02-23,25.366,25.881,24.487,24.993,610.79087737
2023-02-24,25.05,25.123,23.836,24.23,1007.03970712
2023-02-25,23.821,24.415,23.56,24.174,506.28650894
2023-02-26,24.588,26.779,23.832,24.114,1332.42899793
2023-02-27,23.965,24.835,23.732,23.958,754.99131469
2023-02-28,23.861,24.135,23.533,23.533,497.69942076
2023-03-01,24.032,24.399,23.969,24.209,140.12389962
2023-03-02,24.034,24.213,23.611,24.204,289.26925159
2023-03-03,23.611,23.661,22.272,22.378,1344.44993553
2023-03-04,22.418,22.418,21.909,22.09,1287.72261033
2023-03-05,22.191,22.391,21.969,21.969,159.51938875
2023-03-06,21.875,22.022,21.169,21.295,426.76300503
2023-03-07,21.295,21.573,20.7,20.781,54.84281812
2023-03-08,20.813,21.509,20.649,20.931,147.41997655
2023-03-09,20.8,20.884,19.15,19.498,655.83464978
2023-03-10,19.352,19.441,18.018,19.155,214.29501959
2023-03-11,19.085,19.322,17.632,18.29,337.03685569
2023-03-12,18.239,19.604,18.239,19.57,86.49761302
2023-03-13,19.58,20.741,19.152,19.82,709.24441839
2023-03-14,20.09,21.438,19.701,20.147,581.19493414
2023-03-15,20.208,21.562,19.76,20.096,336.46130638
2023-03-16,20.453,20.879,20.393,20.666,415.18461878
2023-03-17,20.586,21.65,20.586,21.638,112.27155203
2023-03-18,21.65,22.65,21.632,21.986,550.12518706
2023-03-19,21.762,22.415,21.66,21.702,123.98921835
2023-03-20,21.24,21.72,20.528,20.741,193.18015327
2023-03-21,20.814,21.417,20.263,20.572,1784.19051532
2023-03-22,20.61,20.658,19.042,19.478,699.40311846
2023-03-23,19.584,20.472,19.489,19.963,85.9134193
2023-03-24,20.152,20.152,19.406,19.444,14.51941919
2023-03-25,19.249,19.59,19.193,19.193,16.69084617
2023-03-26,19.192,19.733,19.192,19.444,16.9961783
2023-03-27,19.642,19.857,18.73,18.73,685.81054803
2023-03-28,18.834,19.503,18.692,19.082,19.03909803
2023-03-29,19.297,20.156,19.297,19.658,227.69375044
2023-03-30,19.623,19.623,18.734,18.963,27.99615094
2023-03-31,19.149,19.571,19.054,19.571,282.60016364
2023-04-01,19.528,19.8,19.403,19.403,37.37663669
2023-04-02,19.549,19.706,19.386,19.501,114.13597457
2023-04-03,19.217,19.631,19.0,19.558,2122.41444789
2023-04-04,19.778,20.2,19.467,19.976,252.85777871
2023-04-05,19.941,20.052,19.867,19.925,61.46756892
2023-04-06,19.797,20.05,19.433,20.047,559.60253541
2023-04-07,19.989,20.099,19.352,19.39,41.2712499
2023-04-08,19.472,21.272,19.472,20.777,492.32377375
2023-04-09,21.0,21.09,20.207,20.852,571.46483794
2023-04-10,21.099,21.999,20.833,20.936,99.55958179
2023-04-11,21.192,21.338,20.723,20.973,84.17649693
2023-04-12,20.945,20.945,20.089,20.089,76.10502623
2023-04-13,20.331,20.853,20.237,20.555,53.399778
2023-04-14,20.675,21.55,20.487,21.333,353.04011175
2023-04-15,21.086,21.482,20.979,21.064,21.83376073
2023-04-16,20.995,21.889,20.663,21.633,559.68669664
2023-04-17,21.317,21.372,21.049,21.265,45.50628229
2023-04-18,21.466,21.709,21.371,21.455,75.21289625
2023-04-19,21.379,21.617,19.61,19.733,407.96876416
2023-04-20,19.975,20.095,19.51,19.537,75.92154638
2023-04-21,19.752,19.82,18.75,18.75,928.36545688
2023-04-22,18.849,19.374,18.677,19.247,322.46938981
2023-04-23,18.852,19.137,18.182,18.563,78.57266996
2023-04-24,18.144,18.477,18.008,18.209,118.59512877
2023-04-25,18.408,18.994,18.194,18.839,130.96366453
2023-04-26,18.843,19.238,18.117,18.559,43.70526806
2023-04-27,18.653,19.25,18.653,19.028,49.09910047
2023-04-28,18.947,18.947,18.525,18.9,730.21014593
2023-04-29,18.92,19.139,18.92,19.047,67.52111508
2023-04-30,18.979,18.979,18.703,18.703,106.59053363
2023-05-01,18.55,18.614,18.25,18.353,125.89488945
2023-05-02,18.457,18.899,18.366,18.693,48.22481379
2023-05-03,18.623,19.006,18.37,19.006,48.10897954
2023-05-04,19.079,21.0,18.649,18.797,708.29974151
2023-05-05,18.75,18.906,18.439,18.647,253.01101455
2023-05-06,18.679,20.769,18.358,18.669,610.7194606
2023-05-07,20.199,24.77,19.167,19.244,16868.83917341
2023-05-08,19.941,20.251,18.269,18.458,7072.25971135
2023-05-09,18.269,18.541,17.91,17.964,4191.48832289
2023-05-10,18.07,18.624,17.114,17.585,5252.50657294
2023-05-11,17.577,17.577,16.1,16.731,944.09895758
2023-05-12,16.33,17.443,16.111,17.015,1150.91440772
2023-05-13,16.714,16.878,16.553,16.698,155.53774131
2023-05-14,16.528,17.471,16.491,16.885,202.86260174
2023-05-15,17.0,17.344,16.88,16.88,139.53727276
2023-05-16,17.111,17.4,17.111,17.171,49.71262989
2023-05-17,16.962,17.31,16.793,17.31,70.58661571
2023-05-18,17.255,17.467,16.922,16.922,118.43483024
2023-05-19,16.954,17.288,16.954,17.288,137.47328792
2023-05-20,17.207,17.419,17.168,17.405,28.228179
2023-05-21,17.291,17.386,16.953,16.953,25.15799339
2023-05-22,16.983,16.983,16.824,16.824,9.3997705
2023-05-23,17.003,17.417,17.003,17.417,89.35072095
2023-05-24,17.261,17.264,16.715,16.779,529.37125123
2023-05-25,17.018,17.085,16.871,17.049,32.93222674
2023-05-26,17.04,17.379,17.038,17.379,35.13473017
2023-05-27,17.286,17.286,17.113,17.211,4.09865089
2023-05-28,17.29,17.69,17.237,17.609,380.56749137
2023-05-29,17.51,17.589,17.173,17.355,134.96014694
2023-05-30,17.356,17.619,17.119,17.37,98.03198101
2023-05-31,17.291,17.291,16.841,17.051,175.58592819
2023-06-01,17.029,17.563,16.95,16.95,73.69939155
2023-06-02,17.419,17.419,16.918,17.36,101.74196723
2023-06-03,17.518,18.407,17.449,17.449,155.05389011
2023-06-04,17.339,17.48,17.3,17.3,22.39100048
2023-06-05,17.2,17.2,15.807,16.248,1272.38776751
2023-06-06,16.451,17.716,16.26,16.63,923.93458995
2023-06-07,16.621,16.621,15.62,15.621,854.2254451
2023-06-08,15.87,15.984,15.787,15.946,69.97452457
2023-06-09,15.854,17.278,15.781,16.139,568.93607325
2023-06-10,16.048,17.099,13.716,14.01,2467.97313945
2023-06-11,13.954,14.629,13.954,14.299,887.20980074
2023-06-12,14.199,14.647,14.075,14.414,559.00904415
2023-06-13,14.45,14.6,14.06,14.06,554.48637084
2023-06-14,14.464,17.997,14.038,15.78,13517.37282526
2023-06-15,15.63,17.8,14.669,14.735,3735.23665974
2023-06-16,14.756,15.06,14.37,14.75,3359.28978922
2023-06-17,14.75,15.005,14.6,14.75,1808.03469566
2023-06-18,14.778,15.0,14.628,14.702,2294.99688475
2023-06-19,14.652,15.118,14.543,15.118,2139.46424514
2023-06-20,14.757,14.806,14.319,14.806,618.9693841
2023-06-21,14.901,15.609,14.868,15.081,1937.82845808
2023-06-22,15.325,15.999,15.069,15.475,880.29186586
2023-06-23,15.5,16.578,15.483,16.2,268.73049839
2023-06-24,16.2,16.56,16.132,16.25,287.58578286
2023-06-25,16.54,17.06,16.54,16.756,105.72788303
2023-06-26,16.133,16.605,16.133,16.17,18.19742332
2023-06-27,16.282,16.85,16.23,16.289,142.80455341
2023-06-28,15.989,15.989,14.859,15.165,733.10939018
2023-06-29,15.188,15.854,15.188,15.671,515.92783865
2023-06-30,15.804,16.124,15.428,15.536,330.08539056
2023-07-01,15.605,16.06,15.381,15.875,126.54576561
2023-07-02,15.863,16.0,15.789,15.912,26.61490577
2023-07-03,15.96,16.33,15.909,16.193,825.73905171
2023-07-04,16.236,19.699,16.177,16.677,2954.90419285
2023-07-05,16.706,19.44,16.484,18.188,8795.45746852
2023-07-06,18.201,18.201,16.5,16.5,3893.41708186
2023-07-07,16.5,17.028,16.312,16.567,417.2247057
2023-07-08,16.679,16.679,16.445,16.51,53.48336615
2023-07-09,16.673,16.727,16.528,16.634,56.60132025
2023-07-10,16.51,17.479,16.505,16.741,114.68451178
2023-07-11,16.566,16.941,16.566,16.941,98.41917379
2023-07-12,16.788,16.788,16.024,16.268,517.50960698
2023-07-13,16.17,16.745,16.071,16.697,344.12785692
2023-07-14,16.77,16.949,16.077,16.231,315.17006945
2023-07-15,16.298,16.419,16.069,16.069,75.73755986
2023-07-16,16.239,16.239,15.851,15.883,135.64084891
2023-07-17,15.944,15.944,15.525,15.62,185.67007069
2023-07-18,15.525,18.069,15.099,15.416,3439.87601183
2023-07-19,15.467,15.561,15.136,15.204,923.93595205
2023-07-20,15.193,15.662,15.126,15.282,137.64595791
2023-07-21,15.291,15.595,15.291,15.524,52.51493802
2023-07-22,15.416,15.828,15.401,15.411,611.62790847
2023-07-23,15.434,15.624,15.428,15.585,17.900334
2023-07-24,15.699,15.945,14.848,14.993,445.29348006
2023-07-25,14.922,15.927,14.854,15.548,633.17157033
2023-07-26,15.228,15.92,15.228,15.675,547.07397263
2023-07-27,15.674,17.028,15.595,16.064,1161.74141631
2023-07-28,16.208,16.833,16.064,16.176,887.57133796
2023-07-29,16.189,16.269,16.092,16.227,18.40163705
2023-07-30,16.161,16.161,15.91,15.986,11.1532019
2023-07-31,16.196,21.5,16.015,19.19,19096.04063716
2023-08-01,18.947,19.887,16.189,16.769,3987.64125908
2023-08-02,16.823,16.831,16.25,16.545,7543.39806766
2023-08-03,16.304,19.39,16.3,17.58,16080.5195906
2023-08-04,17.208,17.225,16.51,16.582,6904.44402707
2023-08-05,16.637,16.898,16.478,16.478,474.39782244
2023-08-06,16.66,16.774,16.19,16.249,921.57518167
2023-08-07,16.272,16.469,16.057,16.078,573.4985449
2023-08-08,16.109,16.489,16.0,16.234,1152.25241441
2023-08-09,16.264,16.945,16.153,16.41,416.2933254
2023-08-10,16.6,16.878,16.443,16.614,863.19705901
2023-08-11,16.632,16.712,16.429,16.473,100.4445816
2023-08-12,16.424,16.47,16.097,16.379,460.81707298
2023-08-13,16.48,16.839,16.48,16.5,169.13919658
2023-08-14,16.5,16.597,16.331,16.331,64.2174822
2023-08-15,16.42,16.555,16.29,16.327,171.06224242
2023-08-16,16.251,16.251,15.941,15.941,4108.32930935
2023-08-17,15.941,15.965,14.75,15.129,601.84487797
2023-08-18,15.145,15.277,14.966,14.989,121.90220912
2023-08-19,14.952,15.127,14.952,15.127,64.08945303
2023-08-20,15.23,15.234,14.942,14.942,97.44567302
2023-08-21,14.903,14.97,14.68,14.891,249.08425778
2023-08-22,14.814,14.851,14.398,14.53,121.4572459
2023-08-23,14.575,14.911,14.456,14.79,57.81982532
2023-08-24,14.67,18.0,14.269,14.362,12604.42618749
2023-08-25,14.269,15.362,14.069,14.82,12996.4401364
2023-08-26,14.978,15.189,14.559,14.559,250.74732028
2023-08-27,14.564,15.79,14.446,14.468,646.06925692
2023-08-28,14.402,14.99,14.306,14.573,336.12804135
2023-08-29,14.561,15.013,14.339,14.735,135.50380409
2023-08-30,14.824,14.967,14.641,14.641,76.69125014
2023-08-31,14.51,14.662,13.75,13.85,1108.5007603
2023-09-01,13.954,14.055,13.666,13.814,169.63712557
2023-09-02,13.85,14.065,13.778,13.815,375.78149247
2023-09-03,13.947,14.249,13.858,13.992,112.95550349
2023-09-04,14.03,14.039,13.829,13.829,38.0216738
2023-09-05,13.8,13.858,13.03,13.724,545.01745245
2023-09-06,13.666,13.798,13.223,13.238,403.30103547
2023-09-07,13.225,13.569,13.128,13.458,401.56278684
2023-09-08,13.585,13.642,13.235,13.436,319.07199019
2023-09-09,13.362,13.59,13.213,13.381,73.61581777
2023-09-10,13.419,13.419,12.7,12.945,405.00867218
2023-09-11,12.863,12.919,12.08,12.1,226.83753679
2023-09-12,12.123,12.723,12.123,12.285,101.12112058
2023-09-13,12.23,12.448,12.21,12.42,45.82196171
2023-09-14,12.454,12.707,12.376,12.65,142.15432786
2023-09-15,12.715,12.8,12.637,12.791,104.52775113
2023-09-16,12.799,13.75,12.69,13.049,1139.18686574
2023-09-17,12.952,13.25,12.746,12.783,84.56956152
2023-09-18,12.8,13.525,12.8,13.253,177.18161644
2023-09-19,13.044,13.2,12.941,13.2,200.02685454
2023-09-20,13.146,13.209,12.774,12.829,414.61505483
2023-09-21,12.925,12.925,12.496,12.531,368.90088415
2023-09-22,12.53,12.882,12.53,12.792,162.89226173
2023-09-23,12.94,13.301,12.804,13.091,96.0865887
2023-09-24,13.007,19.094,12.921,17.154,20937.57865907
2023-09-25,17.039,17.849,13.189,14.493,21009.81401631
2023-09-26,14.362,17.369,14.171,15.51,5367.52485374
2023-09-27,15.658,17.51,14.117,15.247,11626.99514808
2023-09-28,15.174,18.0,14.955,15.882,5163.01510913
2023-09-29,15.809,15.809,14.585,14.997,4827.62577885
2023-09-30,14.839,15.134,14.4,14.4,1305.94914709
2023-10-01,14.557,15.381,14.5,14.966,6613.17758451
2023-10-02,14.828,15.073,14.503,14.857,5320.22085392
2023-10-03,14.91,15.466,14.744,14.902,4671.88921691
2023-10-04,14.69,14.972,14.225,14.225,1419.36062966
2023-10-05,14.201,14.288,14.037,14.1,4998.48618893
2023-10-06,14.1,14.848,14.068,14.541,711.37357479
2023-10-07,14.25,14.488,14.052,14.3,426.13327391
2023-10-08,14.336,14.785,14.11,14.245,671.28158797
2023-10-09,14.103,14.103,13.25,13.353,685.73692283
2023-10-10,13.27,13.329,12.966,13.085,452.24480894
2023-10-11,13.0,13.244,12.89,13.17,286.48415759
2023-10-12,13.054,13.249,12.9,12.98,855.7317734
2023-10-13,13.116,17.977,13.116,14.812,25848.05537872
2023-10-14,14.857,17.798,14.569,14.803,11700.95158639
2023-10-15,14.803,15.502,14.206,14.35,2457.10935638
2023-10-16,14.3,14.575,14.0,14.343,1888.77501444
2023-10-17,14.317,14.634,14.169,14.25,7253.82640798
2023-10-18,14.285,15.521,14.229,14.564,8382.50523145
2023-10-19,14.565,14.565,14.025,14.101,4700.9757451
2023-10-20,14.187,14.665,14.103,14.183,619.37844824
2023-10-21,14.238,14.618,14.161,14.373,336.94168716
2023-10-22,14.305,14.517,14.172,14.223,1068.2225037
2023-10-23,14.315,14.569,14.101,14.291,2631.17606029
2023-10-24,14.412,15.215,14.242,14.55,2204.04164378
2023-10-25,14.569,14.858,14.35,14.631,717.98713976
2023-10-26,14.631,14.769,14.45,14.757,2912.54040809
2023-10-27,14.754,15.2,14.55,14.907,5014.03695167
2023-10-28,14.951,15.169,14.804,15.073,943.22390031
2023-10-29,15.0,15.085,14.827,15.069,292.35749492
2023-10-30,14.996,15.16,14.85,14.891,1727.00392281
2023-10-31,14.976,15.369,14.785,15.287,1769.84747425
2023-11-01,15.269,15.489,14.982,15.287,1320.74160016
2023-11-02,15.436,15.549,14.869,14.886,1407.37123459
2023-11-03,14.936,14.936,14.469,14.81,770.05147591
2023-11-04,14.837,15.014,14.46,14.781,579.35135169
2023-11-05,14.907,15.108,14.664,14.664,563.4538407
2023-11-06,14.907,15.269,14.786,15.051,383.91013987
2023-11-07,14.949,15.317,14.781,15.043,732.09774322
2023-11-08,15.051,15.701,14.969,15.214,3234.12629327
2023-11-09,15.303,15.795,14.917,15.2,1573.4290002
2023-11-10,15.396,15.769,15.206,15.555,1654.80157982
2023-11-11,15.552,16.4,15.16,15.87,14989.86150267
2023-11-12,15.871,17.522,15.569,16.219,6179.88297378
2023-11-13,16.172,16.406,15.25,15.281,2359.57182901
2023-11-14,15.281,15.535,14.501,14.501,5971.02862986
2023-11-15,14.826,15.252,14.62,15.222,1176.201313
2023-11-16,15.299,15.36,14.254,14.54,999.62806769
2023-11-17,14.729,14.729,14.131,14.598,396.23402705
2023-11-18,14.45,14.45,14.101,14.18,586.10396675
2023-11-19,14.11,14.532,14.07,14.532,260.90878213
2023-11-20,14.421,14.67,14.247,14.403,253.52769344
2023-11-21,14.381,14.505,13.131,13.131,1112.96876061
2023-11-22,13.131,13.848,13.13,13.793,520.7430633
2023-11-23,13.805,13.878,13.533,13.779,786.80140135
2023-11-24,13.772,14.047,13.772,13.973,418.2183016
2023-11-25,13.977,14.266,13.881,14.221,157.22463458
2023-11-26,14.257,14.389,13.842,14.11,629.81977683
2023-11-27,13.937,13.952,13.503,13.742,335.20188816
2023-11-28,13.729,13.839,13.511,13.772,709.09671277
2023-11-29,13.79,13.859,13.536,13.751,170.470778
2023-11-30,13.77,14.145,13.699,13.95,260.38044115
2023-12-01,13.989,14.26,13.757,14.073,259.10712525
2023-12-02,14.093,15.45,14.093,14.513,1498.07487096
2023-12-03,14.615,14.985,14.283,14.324,931.41115712
2023-12-04,14.366,14.999,14.365,14.798,736.22324822
2023-12-05,14.944,15.46,14.54,15.007,1726.06162641
2023-12-06,14.977,15.0,14.589,14.845,521.78927865
2023-12-07,14.966,15.368,14.5,14.949,4031.84776283
2023-12-08,14.975,15.798,14.975,15.737,1462.11256712
2023-12-09,15.755,16.447,15.518,16.248,5063.32050836
2023-12-10,16.183,16.887,15.53,16.084,1502.35626968
2023-12-11,15.94,16.499,15.155,16.047,2692.9005309
2023-12-12,16.1,16.486,15.256,15.841,667.10051749
2023-12-13,15.325,15.959,15.019,15.49,1112.95602634
2023-12-14,15.759,15.837,15.149,15.436,533.30666157
2023-12-15,15.376,15.426,14.376,14.402,2774.29867775
2023-12-16,14.44,14.783,14.43,14.634,711.6031407
2023-12-17,14.782,15.241,14.385,14.503,801.05258926
2023-12-18,14.51,14.55,13.71,14.5,1590.90148151
2023-12-19,14.59,15.05,14.572,14.796,291.14164228
2023-12-20,14.741,15.202,14.741,15.156,211.80333419
2023-12-21,15.102,16.44,15.102,15.711,1734.96296068
2023-12-22,15.76,16.209,15.336,15.989,714.06340693
2023-12-23,16.086,18.79,15.952,17.205,11283.81127732
2023-12-24,16.933,18.853,16.38,16.696,4157.81592921
2023-12-25,16.778,18.106,16.688,17.603,766.27066973
2023-12-26,17.307,24.127,16.704,20.381,31243.31772855
2023-12-27,20.0,26.999,18.545,21.006,22108.67285739
2023-12-28,21.079,23.372,19.036,19.554,7725.24948469
2023-12-29,19.483,19.862,18.017,18.721,2054.3840402
2023-12-30,18.597,21.9,18.372,19.699,7742.65685443
2023-12-31,19.2,20.722,18.711,19.12,3911.90609439
2024-01-01,19.421,20.57,18.369,19.702,2637.74349932
2024-01-02,19.646,20.49,19.046,19.44,2658.76227858
2024-01-03,19.458,20.405,17.171,17.632,5873.68733337
2024-01-04,17.643,18.574,17.414,18.254,1853.85111125
2024-01-05,18.234,18.279,16.7,16.858,2046.18099308
2024-01-06,16.904,17.552,16.146,17.157,1982.6386452
2024-01-07,17.196,18.324,16.0,16.034,1361.04038387
2024-01-08,16.092,16.549,15.6,16.278,2799.67020924
2024-01-09,16.324,16.685,15.555,15.885,1588.40681812
2024-01-10,16.076,17.061,15.693,16.696,1120.05750944
2024-01-11,16.689,21.376,16.669,17.534,7555.78187451
2024-01-12,17.755,19.45,16.0,17.021,3554.98174732
2024-01-13,17.058,17.6,16.748,17.486,530.90274247
2024-01-14,17.46,17.738,16.872,16.872,947.00381591
2024-01-15,17.031,17.481,17.031,17.363,258.62597256
2024-01-16,17.313,18.041,17.313,17.74,243.1946942
2024-01-17,17.41,17.411,16.907,17.207,416.11990956
2024-01-18,17.309,17.543,16.277,16.535,1307.46863395
2024-01-19,16.643,16.678,15.704,16.459,1664.0725306
2024-01-20,16.59,17.49,16.59,17.325,85.38975718
2024-01-21,16.885,17.596,16.811,17.09,437.11720701
2024-01-22,16.769,16.769,15.682,15.914,1172.72285499
2024-01-23,15.712,16.44,15.299,15.857,550.00596555
2024-01-24,15.742,16.298,15.734,16.298,374.70048307
2024-01-25,16.203,16.675,16.067,16.293,204.52716775
2024-01-26,16.246,16.577,16.087,16.577,513.05405769
2024-01-27,16.522,19.135,16.293,16.615,11185.8743119
2024-01-28,16.624,16.835,16.222,16.222,1053.26946088
2024-01-29,16.222,16.757,16.149,16.383,1033.47816945
2024-01-30,16.394,16.572,16.025,16.025,1533.31963132
2024-01-31,16.0,17.564,15.178,15.366,3493.32252663
2024-02-01,15.32,15.42,14.98,15.259,514.56451611
2024-02-02,15.399,16.064,15.338,15.802,165.0976652
2024-02-03,15.888,16.725,15.888,16.415,833.22632564
2024-02-04,16.515,16.92,15.819,15.897,1277.84764706
2024-02-05,15.872,15.975,15.647,15.727,238.19496262
2024-02-06,15.717,15.815,15.624,15.645,104.23872947
2024-02-07,15.574,16.13,15.574,16.13,126.7940591
2024-02-08,16.172,16.602,16.082,16.227,815.77237905
2024-02-09,16.405,16.772,16.25,16.772,448.84432539
2024-02-10,16.816,16.835,16.483,16.508,68.13160027
2024-02-11,16.711,16.75,16.372,16.391,158.5655559
2024-02-12,16.453,16.756,16.153,16.715,1201.29528995
2024-02-13,16.767,16.907,16.636,16.703,484.24999876
2024-02-14,16.829,17.237,16.5,17.188,1022.23255184
2024-02-15,17.174,17.593,16.806,16.887,1604.33620143
2024-02-16,16.982,17.221,16.624,16.951,1565.43532387
2024-02-17,16.94,17.795,16.885,17.032,1040.10170183
2024-02-18,17.022,17.48,16.935,17.386,307.45148681
2024-02-19,17.59,17.888,17.407,17.634,583.87059617
2024-02-20,17.387,17.532,16.513,17.172,503.21667738
2024-02-21,16.837,16.837,15.922,16.575,3218.85067493
2024-02-22,16.399,17.3,16.37,16.793,527.20552113
2024-02-23,16.92,17.197,16.672,16.755,247.77861895
2024-02-24,16.927,17.568,16.927,17.297,94.7838996
2024-02-25,17.426,17.547,17.188,17.472,253.17475676
2024-02-26,17.43,17.741,17.135,17.61,722.94266123
2024-02-27,17.74,18.5,17.554,18.224,1026.76642341
2024-02-28,18.387,19.033,17.664,18.409,2429.96836747
2024-02-29,18.38,19.067,18.006,18.303,1052.53662394
2024-03-01,18.524,19.006,18.524,18.914,604.66248272
2024-03-02,19.015,19.937,18.741,19.927,2798.08748191
2024-03-03,19.93,20.048,19.014,19.678,1294.2835064
2024-03-04,19.8,21.086,19.263,20.794,2394.6818052
2024-03-05,20.513,22.416,17.785,19.679,18517.02859644
2024-03-06,19.633,21.431,19.616,20.811,1044.51510663
2024-03-07,21.129,22.253,20.904,21.857,672.58494417
2024-03-08,22.3,22.922,21.261,22.069,2679.76098977
2024-03-09,21.815,22.463,21.815,22.455,1146.71081651
2024-03-10,22.3,22.697,21.0,21.913,855.22258666
2024-03-11,21.493,22.829,21.18,22.556,1764.11458815
2024-03-12,22.519,24.109,21.873,23.95,2845.80987917
2024-03-13,23.962,24.659,23.118,24.068,2455.65608177
2024-03-14,24.096,24.455,22.19,23.421,1676.68360553
2024-03-15,23.43,23.616,20.789,21.05,3564.18778318
2024-03-16,21.742,22.302,20.157,20.19,964.77185524
2024-03-17,20.671,21.284,19.896,21.241,611.86792951
2024-03-18,20.846,21.421,19.64,20.34,673.05884339
2024-03-19,20.0,20.061,18.578,18.578,1393.46497674
2024-03-20,18.904,19.663,18.128,19.472,3317.26571765
2024-03-21,19.265,21.28,18.906,19.871,1452.47032399
2024-03-22,20.042,32.534,19.87,29.433,63215.14317799
2024-03-23,29.248,29.248,24.011,26.5,16209.65662351
2024-03-24,26.167,26.167,23.35,24.411,3803.61010118
2024-03-25,24.105,24.811,23.5,24.001,9546.3479006
2024-03-26,24.317,25.648,23.644,23.701,6025.83672513
2024-03-27,23.876,31.39,23.49,26.008,19261.9903344
2024-03-28,25.6,25.831,24.497,24.624,12889.00747415
2024-03-29,24.632,24.773,23.7,24.488,1739.53311356
2024-03-30,24.573,24.995,23.0,24.068,5254.5039388
2024-03-31,23.596,30.0,23.484,25.375,15503.98098269
2024-04-01,25.778,25.846,23.892,24.396,14155.0410382
2024-04-02,23.978,24.51,22.495,22.495,3189.92053481
2024-04-03,22.453,24.015,21.95,22.701,5964.96343143
2024-04-04,22.701,25.0,22.375,23.358,2656.46335682
2024-04-05,23.018,23.018,21.555,22.31,1386.98274732
2024-04-06,22.276,22.766,22.25,22.766,79.29718158
2024-04-07,23.059,29.0,22.894,24.554,10784.42825352
2024-04-08,24.569,24.845,23.177,23.48,3601.11170603
2024-04-09,23.415,26.069,23.0,24.624,12629.14025639
2024-04-10,24.586,26.321,23.367,24.0,10279.44163963
2024-04-11,23.808,26.39,23.788,24.049,3013.50637836
2024-04-12,24.281,25.587,21.666,22.0,11849.1069581
2024-04-13,22.0,22.166,18.25,20.051,16497.15751452
2024-04-14,19.8,20.9,19.048,20.83,3970.37881015
2024-04-15,20.555,21.246,19.626,19.801,648.56139805
2024-04-16,19.982,20.585,19.427,20.451,269.59464852
2024-04-17,20.143,20.44,18.851,19.426,460.54149724
2024-04-18,19.396,20.347,18.956,20.167,488.04426922
2024-04-19,20.34,21.67,19.292,20.779,814.00699077
2024-04-20,21.345,22.4,20.829,22.107,578.46860506
2024-04-21,22.106,23.169,21.936,22.199,456.82865815
2024-04-22,22.169,24.0,21.931,22.494,3468.24810798
2024-04-23,22.22,22.386,20.926,21.11,1589.76118998
2024-04-24,21.409,21.794,20.075,20.347,1201.12150164
2024-04-25,20.075,20.94,19.83,20.553,742.88564635
2024-04-26,20.489,20.59,19.803,19.914,493.86938489
2024-04-27,19.81,20.086,19.25,20.003,249.71708624
2024-04-28,20.24,20.301,19.4,19.4,236.45381788
2024-04-29,19.49,24.15,19.136,19.886,6432.5767214
2024-04-30,19.977,19.977,18.2,18.942,769.82929774
2024-05-01,18.99,20.029,17.9,19.011,2359.5777532
2024-05-02,18.612,19.89,18.612,19.857,288.0953579
2024-05-03,19.949,20.73,19.427,20.73,1595.8395342
2024-05-04,20.429,20.982,20.156,20.544,1843.6389195
2024-05-05,20.649,21.31,20.396,21.154,369.61388336
2024-05-06,21.27,22.619,20.885,22.11,878.54591837
2024-05-07,21.367,21.617,20.702,20.703,836.64578384
2024-05-08,20.76,20.826,19.954,20.379,481.52244033
2024-05-09,20.446,20.747,19.869,20.377,247.57854797
2024-05-10,20.726,21.08,19.909,20.277,642.23243936
2024-05-11,20.585,20.585,19.869,19.869,100.69907626
2024-05-12,19.878,19.992,19.069,19.069,871.63656054
2024-05-13,19.016,19.571,18.4,19.143,277.59929444
2024-05-14,18.752,18.752,18.11,18.641,455.30162769
2024-05-15,18.792,20.089,18.1,19.105,2003.89556998
2024-05-16,19.247,20.08,19.247,19.348,258.82820975
2024-05-17,19.778,20.832,19.519,20.352,800.33807859
2024-05-18,20.391,20.834,19.042,19.042,677.27281891
2024-05-19,19.224,19.645,18.433,18.5,3312.21709986
2024-05-20,18.485,19.7,18.433,19.7,925.12415486
2024-05-21,19.656,19.882,19.285,19.882,696.58573653
2024-05-22,19.887,20.525,19.376,19.61,929.86336342
2024-05-23,19.5,19.683,18.31,18.846,2102.36159562
2024-05-24,18.802,18.904,18.4,18.812,2047.75420537
2024-05-25,19.272,19.712,19.257,19.443,168.76915048
2024-05-26,19.457,20.0,19.435,19.96,263.12373129
2024-05-27,19.818,23.169,19.495,19.838,9165.85967362
2024-05-28,19.669,19.972,19.025,19.204,3196.30174409
2024-05-29,19.114,19.769,18.908,19.412,968.49536269
2024-05-30,19.641,21.219,19.369,19.735,1912.868659
2024-05-31,19.55,19.958,19.55,19.681,359.40629782
2024-06-01,19.605,19.723,19.56,19.706,113.37770428
2024-06-02,19.5,19.5,18.969,19.166,312.43273139
2024-06-03,19.0,19.579,19.0,19.158,589.15173646
2024-06-04,19.142,19.823,19.098,19.744,190.48748322
2024-06-05,19.842,20.736,19.745,20.629,1962.28808344
2024-06-06,20.28,20.951,20.112,20.76,933.87878701
2024-06-07,20.673,20.95,19.05,19.44,1498.69566455
2024-06-08,19.15,19.241,18.669,18.669,362.38207496
2024-06-09,18.641,19.12,18.641,19.12,26.84576968
2024-06-10,18.6,18.848,18.2,18.481,747.31709277
2024-06-11,18.35,18.35,17.527,17.75,1946.44278355
2024-06-12,17.911,18.689,17.6,18.44,139.70719044
2024-06-13,17.93,18.237,17.528,17.907,626.03602624
2024-06-14,18.369,18.653,17.359,17.849,1851.31199667
2024-06-15,17.74,18.535,17.74,17.992,173.17681194
2024-06-16,17.899,18.179,17.738,18.113,102.40862028
2024-06-17,17.641,17.706,16.577,16.602,2545.13439761
2024-06-18,16.577,16.989,15.075,15.777,2411.23798698
2024-06-19,15.807,16.989,15.673,15.921,1432.6443752
2024-06-20,16.393,16.634,14.87,15.898,1014.14116109
2024-06-21,15.798,15.798,15.277,15.768,82.43811487
2024-06-22,15.574,15.979,15.294,15.979,188.81161995
2024-06-23,15.989,16.249,15.17,15.17,2728.11626708
2024-06-24,15.262,15.989,14.97,15.989,254.27311895
2024-06-25,16.128,16.319,16.053,16.319,339.41786997
2024-06-26,16.327,16.327,15.635,15.918,109.5959528
2024-06-27,15.768,17.399,15.768,16.352,1103.78843223
2024-06-28,16.414,16.414,15.996,15.996,342.74201381
2024-06-29,15.9,15.901,15.277,15.277,337.90277038
2024-06-30,15.413,16.011,14.982,16.002,1716.38642459
2024-07-01,16.011,23.953,16.011,20.576,44276.73630635
2024-07-02,20.743,21.656,18.135,18.296,3396.5070429
2024-07-03,18.682,20.898,18.35,18.993,2574.01908005
2024-07-04,18.931,20.49,16.732,18.994,5173.53014409
2024-07-05,18.858,19.9,16.93,18.55,10672.01348913
2024-07-06,18.119,18.85,17.468,18.514,1216.61085269
2024-07-07,18.512,19.906,17.531,18.209,2923.13192774
2024-07-08,18.07,18.67,17.592,17.797,730.85562508
2024-07-09,18.071,19.08,18.071,18.63,538.55741264
2024-07-10,18.593,20.88,18.593,19.466,2371.98085024
2024-07-11,19.972,20.29,18.842,18.987,971.06320591
2024-07-12,18.956,19.052,18.265,18.466,184.38881759
2024-07-13,18.321,19.506,18.001,19.488,164.51845026
2024-07-14,19.534,19.686,18.726,18.991,175.49910178
2024-07-15,19.336,19.543,18.281,18.897,1491.6774672
2024-07-16,19.095,19.856,18.567,19.122,2101.13819558
2024-07-17,19.229,19.229,18.3,18.364,827.13737168
2024-07-18,18.318,18.434,17.724,17.898,449.79516418
2024-07-19,17.731,18.573,17.474,18.573,613.59403828
2024-07-20,18.418,18.53,18.102,18.53,328.06633437
2024-07-21,18.482,18.75,17.526,18.124,804.91602243
2024-07-22,18.261,19.1,17.501,17.769,879.22369132
2024-07-23,17.669,18.327,17.093,17.701,2903.74854921
2024-07-24,17.369,17.818,16.92,16.92,1522.31951674
2024-07-25,16.92,19.187,16.6,17.02,1373.58905211
2024-07-26,17.119,17.597,17.119,17.597,629.80612453
2024-07-27,17.619,17.85,17.296,17.628,60.38884309
2024-07-28,17.205,17.95,16.99,17.302,617.19876061
2024-07-29,17.669,18.001,17.32,17.68,2641.93363548
2024-07-30,17.837,17.991,16.821,16.821,392.07454267
2024-07-31,16.962,17.12,15.99,16.15,528.14372849
2024-08-01,16.15,16.239,15.265,16.1,1393.61760639
2024-08-02,16.2,16.37,14.9,15.032,757.63248462
2024-08-03,15.299,15.578,14.53,14.688,2232.08328183
2024-08-04,14.688,15.15,13.884,14.316,661.72615719
2024-08-05,13.855,13.855,11.788,13.011,1180.4872056
2024-08-06,13.243,14.026,13.19,13.725,1116.94255186
2024-08-07,13.692,13.866,12.624,12.704,305.20504721
2024-08-08,12.897,14.395,12.897,14.395,605.47855685
2024-08-09,14.275,14.275,14.03,14.043,154.2215647
2024-08-10,14.284,14.699,14.238,14.391,70.96498848
2024-08-11,14.458,16.054,14.364,15.141,5227.23655149
2024-08-12,15.348,15.94,13.992,14.424,1731.74329207
2024-08-13,14.572,14.673,14.093,14.26,626.5542959
2024-08-14,14.261,14.326,13.846,13.846,547.22131001
2024-08-15,13.946,14.149,13.25,13.365,239.11340503
2024-08-16,13.24,13.851,13.088,13.412,64.0354439
2024-08-17,13.467,16.135,13.467,14.396,7264.31269217
2024-08-18,14.454,14.695,14.454,14.695,30.72872785
