2019-08-26,0.17053,0.2,0.16821,0.17027,318047.50020649
2019-08-27,0.17027,0.17027,0.15801,0.1698,161130.68544293
2019-08-28,0.1698,0.17998,0.15888,0.16565,275184.97327254
2019-08-29,0.16565,0.16565,0.15116,0.15489,305490.93828037
2019-08-30,0.15489,0.16368,0.153,0.16071,195701.34880141
2019-08-31,0.16071,0.1663,0.1599,0.16089,600657.40435631
2019-09-01,0.16089,0.168,0.16061,0.16591,83637.36176927
2019-09-02,0.16591,0.2468,0.16218,0.16861,349705.83742221
2019-09-03,0.16861,0.1705,0.15,0.1626,506285.44790998
2019-09-04,0.1626,0.16393,0.159,0.159,82810.8545337
2019-09-05,0.159,0.15984,0.154,0.1548,104629.56993451
2019-09-06,0.1548,0.15803,0.1493,0.15059,242889.18668541
2019-09-07,0.15059,0.163,0.14998,0.15999,25749.61774352
2019-09-08,0.15999,0.16068,0.15667,0.15926,307045.57900023
2019-09-09,0.15926,0.15955,0.14884,0.15661,137137.429619
2019-09-10,0.15645,0.165,0.15545,0.1558,279083.65216877
2019-09-11,0.1558,0.15762,0.15276,0.15463,70876.73034275
2019-09-12,0.15463,0.165,0.15463,0.15529,312674.34920865
2019-09-13,0.15529,0.15847,0.15473,0.15516,108121.38636131
2019-09-14,0.15516,0.1596,0.15516,0.15795,181070.63781463
2019-09-15,0.15795,0.1587,0.15641,0.15682,42453.63149479
2019-09-16,0.15682,0.16362,0.1564,0.1626,190089.76270918
2019-09-17,0.1626,0.16887,0.161,0.16649,433953.09713284
2019-09-18,0.16649,0.17914,0.166,0.17914,678518.58863004
2019-09-19,0.17914,0.17914,0.16424,0.17671,360437.75846842
2019-09-20,0.17671,0.19849,0.173,0.19143,921676.36945963
2019-09-21,0.19143,0.20199,0.18502,0.187,316833.22900478
2019-09-22,0.187,0.187,0.17354,0.17409,290283.92326658
2019-09-23,0.17409,0.18696,0.169,0.169,354919.59997563
2019-09-24,0.169,0.17408,0.14299,0.14444,745110.9363358
2019-09-25,0.14444,0.15605,0.13557,0.14744,745962.26355434
2019-09-26,0.14744,0.1529,0.1335,0.13929,590400.36461495
2019-09-27,0.13929,0.2134,0.13845,0.1535,738182.22941898
2019-09-28,0.1535,0.1535,0.14575,0.15039,259477.3552224
2019-09-29,0.15039,0.15039,0.144,0.14515,213581.67506179
2019-09-30,0.14515,0.15826,0.13973,0.15826,394237.60914235
2019-10-01,0.15826,0.15956,0.14853,0.15283,176070.00708111
2019-10-02,0.15283,0.175,0.15,0.15682,246721.07698626
2019-10-03,0.15682,0.168,0.15265,0.168,455788.3201421
2019-10-04,0.168,0.18222,0.161,0.16849,749870.57807819
2019-10-05,0.16849,0.18003,0.16315,0.17893,253844.66720807
2019-10-06,0.17893,0.1869,0.16808,0.1703,334107.57634173
2019-10-07,0.1703,0.17921,0.16711,0.17673,247932.27092345
2019-10-08,0.17673,0.19608,0.17552,0.19314,529263.56226107
2019-10-09,0.19314,0.19685,0.17881,0.18983,374840.99131659
2019-10-10,0.18983,0.18983,0.17594,0.1778,120552.12996041
2019-10-11,0.1778,0.18311,0.16939,0.17182,205419.5972069
2019-10-12,0.17182,0.17934,0.1715,0.17864,46941.69990433
2019-10-13,0.17864,0.18639,0.17428,0.18064,120837.75900776
2019-10-14,0.18064,0.196,0.18064,0.19437,236906.79796345
2019-10-15,0.19437,0.21999,0.19361,0.19842,825236.51282
2019-10-16,0.19842,0.20123,0.181,0.19789,380888.9016569
2019-10-17,0.19789,0.20812,0.19248,0.2001,341739.57208589
2019-10-18,0.2001,0.2064,0.1952,0.19719,114140.46213849
2019-10-19,0.19719,0.19719,0.18845,0.18845,121133.52030571
2019-10-20,0.18845,0.20315,0.1844,0.20314,364339.91927548
2019-10-21,0.20314,0.20387,0.19093,0.19302,145400.49441202
2019-10-22,0.19302,0.2229,0.19013,0.2166,492058.71879102
2019-10-23,0.2166,0.23199,0.20101,0.21502,844479.3749702
2019-10-24,0.21502,0.228,0.2088,0.2126,285187.38140804
2019-10-25,0.2126,0.231,0.2065,0.22845,533061.30497108
2019-10-26,0.22845,0.2411,0.21155,0.21263,523238.89116721
2019-10-27,0.21263,0.22251,0.20834,0.21384,329185.1132999
2019-10-28,0.21384,0.22157,0.2138,0.214,120048.88239012
2019-10-29,0.214,0.21442,0.20561,0.21197,344154.97385689
2019-10-30,0.21197,0.21699,0.198,0.20651,417781.37284785
2019-10-31,0.20651,0.215,0.2044,0.209,195921.1323155
2019-11-01,0.209,0.214,0.20117,0.21096,226574.9403499
2019-11-02,0.21096,0.212,0.20755,0.20934,77622.13879931
2019-11-03,0.20934,0.21098,0.20611,0.20637,105803.33238801
2019-11-04,0.20637,0.22298,0.20637,0.21854,377212.5393842
2019-11-05,0.21854,0.231,0.21504,0.22715,370924.52369767
2019-11-06,0.22715,0.23884,0.22486,0.2379,256636.55459693
2019-11-07,0.2379,0.23889,0.22435,0.22748,176795.6366714
2019-11-08,0.22748,0.23003,0.205,0.21489,401917.48016048
2019-11-09,0.21489,0.22464,0.21392,0.22449,192838.91668378
2019-11-10,0.22449,0.229,0.22169,0.22302,290800.10492899
2019-11-11,0.22302,0.22302,0.21211,0.21794,194884.99164195
2019-11-12,0.21794,0.2199,0.21418,0.21835,69329.93639265
2019-11-13,0.21835,0.2319,0.21685,0.23111,269460.15023011
2019-11-14,0.23111,0.239,0.22559,0.23305,332579.62832601
2019-11-15,0.23305,0.2352,0.22008,0.22742,233647.05847675
2019-11-16,0.22742,0.25,0.22627,0.24212,396287.20104849
2019-11-17,0.24212,0.252,0.2327,0.24556,241273.97905434
2019-11-18,0.24556,0.24934,0.2301,0.23774,400700.28400822
2019-11-19,0.23774,0.23839,0.21684,0.22629,348096.2439896
2019-11-20,0.22629,0.22629,0.2077,0.21024,268377.45208688
2019-11-21,0.21024,0.21184,0.19025,0.19972,407349.31273506
2019-11-22,0.19972,0.20502,0.17578,0.19717,507193.38873963
2019-11-23,0.19717,0.20435,0.18782,0.20075,131795.68134357
2019-11-24,0.20075,0.20075,0.18333,0.18463,138787.63633888
2019-11-25,0.18463,0.20177,0.17523,0.18731,550859.06959121
2019-11-26,0.18731,0.19181,0.18319,0.18686,211297.21891064
2019-11-27,0.18686,0.19227,0.1712,0.18476,436217.20139661
2019-11-28,0.18476,0.19017,0.18214,0.18714,187441.22955601
2019-11-29,0.18714,0.19602,0.18689,0.19508,157789.55922636
2019-11-30,0.19508,0.19559,0.18342,0.18595,176861.59713693
2019-12-01,0.18595,0.18595,0.17434,0.17855,374801.3437939
2019-12-02,0.17855,0.17855,0.16833,0.1707,181793.63986326
2019-12-03,0.1707,0.17812,0.17044,0.17722,171601.64422975
2019-12-04,0.17722,0.17722,0.16284,0.16417,430494.43842238
2019-12-05,0.16417,0.16801,0.16206,0.16717,73017.32373367
2019-12-06,0.16717,0.1757,0.16717,0.1757,173848.29992355
2019-12-07,0.1757,0.177,0.16959,0.17037,278450.27724607
2019-12-08,0.17037,0.1737,0.16799,0.171,122377.35402154
2019-12-09,0.171,0.17348,0.16681,0.16768,131452.83050444
2019-12-10,0.16768,0.16768,0.15535,0.15797,284948.86022615
2019-12-11,0.15797,0.16247,0.15645,0.15917,160126.50807278
2019-12-12,0.15917,0.1597,0.15451,0.15559,141086.02637303
2019-12-13,0.15559,0.173,0.15559,0.16955,321334.59529405
2019-12-14,0.16955,0.1725,0.15758,0.16153,189569.33104697
2019-12-15,0.16153,0.16798,0.15732,0.16518,169172.18355052
2019-12-16,0.16518,0.17196,0.1554,0.15701,355379.27235646
2019-12-17,0.15701,0.15736,0.1354,0.13969,835376.13639097
2019-12-18,0.13969,0.15444,0.1315,0.15125,421311.3329175
2019-12-19,0.15263,0.15291,0.14329,0.15,241505.64273207
2019-12-20,0.15,0.15639,0.147,0.15417,95737.51091618
2019-12-21,0.15417,0.1576,0.15026,0.151,181388.92149509
2019-12-22,0.151,0.15887,0.15046,0.15758,147907.85598456
2019-12-23,0.15758,0.163,0.14579,0.14736,264038.69736276
2019-12-24,0.14736,0.15292,0.1463,0.14861,359050.82757619
2019-12-25,0.14861,0.1496,0.14411,0.14411,276651.2493329
2019-12-26,0.14411,0.15257,0.14411,0.14726,117816.14227634
2019-12-27,0.14726,0.15135,0.145,0.15135,89043.57273717
2019-12-28,0.15135,0.16669,0.15134,0.16528,517169.83862061
2019-12-29,0.16528,0.17494,0.16362,0.17052,402623.89972689
2019-12-30,0.17052,0.17758,0.16605,0.168,838724.87196332
2019-12-31,0.168,0.17137,0.16,0.16055,271597.43332992
2020-01-01,0.16055,0.1753,0.16054,0.17297,282179.58275409
2020-01-02,0.17297,0.17405,0.16236,0.16298,238455.90131509
2020-01-03,0.16298,0.17168,0.16014,0.16694,223208.89788399
2020-01-04,0.16694,0.16877,0.1647,0.16776,77216.24384066
2020-01-05,0.16776,0.17202,0.16605,0.16776,85817.70146874
2020-01-06,0.16776,0.17501,0.16776,0.17064,255793.36575824
2020-01-07,0.17064,0.17682,0.17059,0.17331,228805.78537155
2020-01-08,0.17331,0.17505,0.16361,0.16361,211447.05452811
2020-01-09,0.16361,0.17005,0.16361,0.16505,167620.91089302
2020-01-10,0.16505,0.17003,0.16476,0.17003,378731.43031581
2020-01-11,0.17003,0.174,0.16778,0.16964,84470.47138747
2020-01-12,0.16964,0.17248,0.16842,0.17,31004.32684714
2020-01-13,0.17,0.17143,0.16792,0.1687,115101.11153192
2020-01-14,0.1687,0.19215,0.1687,0.19197,1157748.69718428
2020-01-15,0.19197,0.238,0.19083,0.19833,1360922.2181549
2020-01-16,0.19833,0.19851,0.18728,0.19528,308614.50372761
2020-01-17,0.19528,0.225,0.192,0.20707,654860.69667985
2020-01-18,0.20707,0.20891,0.19622,0.20179,368143.2282113
2020-01-19,0.20179,0.21,0.18655,0.19318,335671.81692319
2020-01-20,0.19318,0.20332,0.18923,0.20216,225036.35362255
2020-01-21,0.20216,0.20266,0.19225,0.19781,137257.04962694
2020-01-22,0.19781,0.19846,0.19405,0.19589,93070.11653241
2020-01-23,0.19589,0.1965,0.18335,0.18636,248602.79472132
2020-01-24,0.18636,0.19011,0.17956,0.18862,234577.16972484
2020-01-25,0.18862,0.18862,0.18156,0.18571,85480.61069542
2020-01-26,0.18571,0.19278,0.18364,0.19198,83161.48486209
2020-01-27,0.19198,0.20706,0.19118,0.20416,165873.25897192
2020-01-28,0.20416,0.2081,0.1938,0.20173,552064.84966964
2020-01-29,0.20173,0.2052,0.1973,0.19833,653013.42646588
2020-01-30,0.19833,0.20389,0.196,0.20264,581822.61214428
2020-01-31,0.20264,0.204,0.19084,0.19826,177650.54905853
2020-02-01,0.19826,0.20299,0.19824,0.20163,184859.96402841
2020-02-02,0.20163,0.20761,0.19715,0.20223,105045.1789988
2020-02-03,0.20223,0.21502,0.20115,0.21192,341298.68739611
2020-02-04,0.21192,0.22651,0.2087,0.22036,540836.37995424
2020-02-05,0.22036,0.22969,0.21512,0.22836,294655.0178944
2020-02-06,0.22836,0.24599,0.2269,0.24041,451775.97256992
2020-02-07,0.24041,0.2488,0.237,0.24041,207506.23166145
2020-02-08,0.24041,0.24097,0.22692,0.233,284072.54927674
2020-02-09,0.233,0.25279,0.23167,0.24915,415868.62624435
2020-02-10,0.24915,0.25004,0.23066,0.24245,396971.06554089
2020-02-11,0.24245,0.27552,0.24,0.2703,961745.56878763
2020-02-12,0.26938,0.2945,0.26481,0.27792,1037045.92990758
2020-02-13,0.27792,0.29192,0.25623,0.27364,759151.06922025
2020-02-14,0.27364,0.29001,0.27066,0.28848,339674.3952615
2020-02-15,0.28848,0.2976,0.24898,0.25804,670548.43813687
2020-02-16,0.25804,0.26932,0.21706,0.24509,456090.54299821
2020-02-17,0.24509,0.24786,0.22147,0.24704,527186.33983631
2020-02-18,0.24704,0.27011,0.24258,0.26199,532844.68350294
2020-02-19,0.26199,0.26738,0.23,0.2395,418108.93404902
2020-02-20,0.2395,0.24285,0.2291,0.24004,261257.35615696
2020-02-21,0.24004,0.25227,0.23418,0.2454,148915.78755042
2020-02-22,0.2454,0.25336,0.24488,0.24993,168591.90309057
2020-02-23,0.24993,0.26241,0.24993,0.254,118476.23088028
2020-02-24,0.254,0.25615,0.22961,0.23662,175532.50998113
2020-02-25,0.23662,0.23738,0.21355,0.21593,228685.2216768
2020-02-26,0.21467,0.22009,0.18772,0.202,720102.51948702
2020-02-27,0.202,0.21205,0.19142,0.20001,341322.02697169
2020-02-28,0.20001,0.2248,0.18817,0.196,456190.82310024
2020-02-29,0.196,0.20151,0.18875,0.19197,137529.46724007
2020-03-01,0.19197,0.19733,0.185,0.19061,413716.71865629
2020-03-02,0.19061,0.20722,0.18812,0.20374,215508.29189688
2020-03-03,0.20374,0.20762,0.19826,0.20217,222701.62036653
2020-03-04,0.20217,0.20976,0.19931,0.20789,178399.21286733
2020-03-05,0.20789,0.22035,0.20613,0.2083,521471.87658894
2020-03-06,0.2083,0.21904,0.20195,0.214,152367.69984268
2020-03-07,0.214,0.21493,0.1989,0.20231,153250.34412749
2020-03-08,0.20231,0.20231,0.16861,0.17014,330392.6532039
2020-03-09,0.17009,0.17629,0.158,0.17138,641338.10280457
2020-03-10,0.17138,0.18699,0.17045,0.1809,331783.13058927
2020-03-11,0.1809,0.18845,0.16153,0.17576,1162484.92197237
2020-03-12,0.17576,0.1778,0.1,0.10116,1662245.85812834
2020-03-13,0.10116,0.16661,0.08526,0.12067,2930989.77474949
2020-03-14,0.12067,0.12659,0.1092,0.11137,950171.09472896
2020-03-15,0.11137,0.11957,0.10731,0.11079,361528.83103843
2020-03-16,0.11079,0.11079,0.09,0.09898,1297177.22504779
2020-03-17,0.09898,0.1115,0.09898,0.108,580046.93049304
2020-03-18,0.108,0.1107,0.1036,0.10982,685342.26528315
2020-03-19,0.10982,0.13548,0.10982,0.12958,1188640.27331413
2020-03-20,0.12958,0.14718,0.11412,0.12627,1197415.11439759
2020-03-21,0.12627,0.13183,0.11904,0.12812,296791.24672194
2020-03-22,0.12812,0.12988,0.11575,0.11614,217609.25674673
2020-03-23,0.11614,0.12641,0.114,0.12641,253905.27786846
2020-03-24,0.12641,0.15048,0.12255,0.1415,1293637.5972956
2020-03-25,0.1415,0.1524,0.13446,0.13748,865777.41215824
2020-03-26,0.13748,0.1455,0.13425,0.13835,736511.64838812
2020-03-27,0.13835,0.13935,0.12601,0.12601,330139.50624293
2020-03-28,0.126,0.12621,0.12,0.12434,763362.07616638
2020-03-29,0.12434,0.12525,0.11702,0.11747,312189.6862228
2020-03-30,0.11747,0.1328,0.11713,0.1263,579372.38119381
2020-03-31,0.1263,0.13084,0.12585,0.1296,146537.15258365
2020-04-01,0.1296,0.13131,0.1244,0.13131,276429.63657541
2020-04-02,0.13131,0.13858,0.12968,0.13238,524220.06161588
2020-04-03,0.13238,0.13911,0.13054,0.13438,386007.73309307
2020-04-04,0.13438,0.138,0.1329,0.13544,118821.19006883
2020-04-05,0.13524,0.13789,0.13429,0.1354,291512.45876939
2020-04-06,0.13515,0.1505,0.13515,0.14943,281758.56635729
2020-04-07,0.14943,0.158,0.14372,0.14702,347434.94679401
2020-04-08,0.14782,0.1568,0.14747,0.15359,397802.34047884
2020-04-09,0.15359,0.16656,0.14992,0.1571,439087.48074039
2020-04-10,0.1571,0.16178,0.14015,0.14854,776577.97990417
2020-04-11,0.14854,0.15239,0.14348,0.14746,118106.71473347
2020-04-12,0.14746,0.1543,0.14507,0.14702,284153.3382408
2020-04-13,0.14702,0.14727,0.13937,0.14658,181198.45738882
2020-04-14,0.14658,0.15533,0.14489,0.15092,535408.65488819
2020-04-15,0.15092,0.15299,0.14228,0.14277,170710.32725254
2020-04-16,0.14277,0.155,0.13867,0.15302,847720.32829562
2020-04-17,0.15302,0.15569,0.15208,0.15476,92841.65549326
2020-04-18,0.15476,0.16021,0.15284,0.15795,144469.44606366
2020-04-19,0.15795,0.15795,0.15149,0.15149,141401.68264154
2020-04-20,0.15149,0.15639,0.14355,0.14443,453056.75740374
2020-04-21,0.14443,0.1483,0.14357,0.14569,280115.61457037
2020-04-22,0.14569,0.15438,0.14569,0.15333,217403.77721858
2020-04-23,0.15333,0.1615,0.14953,0.15433,384407.48868741
2020-04-24,0.15433,0.168,0.15433,0.1644,702196.57800883
2020-04-25,0.1644,0.17466,0.16133,0.16942,389387.25344949
2020-04-26,0.16942,0.17441,0.16846,0.17091,402834.08331477
2020-04-27,0.17091,0.17174,0.16253,0.16768,290236.00473117
2020-04-28,0.16768,0.1704,0.163,0.1704,229083.09322706
2020-04-29,0.17048,0.1819,0.16885,0.17856,575632.55463713
2020-04-30,0.17796,0.18386,0.16338,0.16737,911039.36662931
2020-05-01,0.16737,0.17689,0.16701,0.17005,265084.17645043
2020-05-02,0.1713,0.17526,0.17061,0.175,175391.30743893
2020-05-03,0.175,0.176,0.16671,0.16929,403196.84417153
2020-05-04,0.16929,0.17264,0.16087,0.172,486605.3760433
2020-05-05,0.17137,0.17381,0.16716,0.1717,204731.68544
2020-05-06,0.17097,0.1755,0.166,0.16617,450002.70561944
2020-05-07,0.1666,0.17174,0.16372,0.1703,354069.90344588
2020-05-08,0.1703,0.21921,0.1703,0.21139,1620020.55560691
2020-05-09,0.21139,0.23582,0.1969,0.20119,1075569.99815472
2020-05-10,0.20119,0.20119,0.17,0.18121,1445603.71460237
2020-05-11,0.18164,0.1847,0.1655,0.17036,843445.78317433
2020-05-12,0.17036,0.19232,0.17036,0.19116,1024938.98280636
2020-05-13,0.19121,0.19435,0.183,0.18843,535326.91215719
2020-05-14,0.18739,0.19275,0.18233,0.18559,269733.24097132
2020-05-15,0.18599,0.198,0.18385,0.1851,571826.08420881
2020-05-16,0.18517,0.19175,0.18248,0.18786,76354.73763259
2020-05-17,0.18786,0.19799,0.18722,0.18848,544211.71366298
2020-05-18,0.18909,0.19477,0.18871,0.19131,769630.91104073
2020-05-19,0.19131,0.19131,0.1865,0.1885,647836.97676192
2020-05-20,0.1885,0.19328,0.18221,0.18629,1255252.3306939
2020-05-21,0.18617,0.18782,0.17119,0.17786,1082324.81166808
2020-05-22,0.17786,0.19162,0.17626,0.18956,454640.63129563
2020-05-23,0.18933,0.19269,0.18401,0.18581,767348.09769646
2020-05-24,0.18579,0.19105,0.178,0.178,1013205.56500486
2020-05-25,0.17811,0.18924,0.177,0.18853,860536.07076232
2020-05-26,0.18853,0.19142,0.18277,0.18485,161803.06117312
2020-05-27,0.18522,0.18937,0.184,0.18878,199785.66529283
2020-05-28,0.18863,0.19273,0.1864,0.19237,586319.72733008
2020-05-29,0.19143,0.19384,0.187,0.18901,749569.94608624
2020-05-30,0.18901,0.19899,0.1866,0.1983,1095670.8599808
2020-05-31,0.19791,0.20715,0.18796,0.19056,818516.90263667
2020-06-01,0.19056,0.2025,0.19042,0.19993,359713.59379006
2020-06-02,0.20091,0.206,0.18545,0.19172,1117111.20848678
2020-06-03,0.19172,0.20018,0.18846,0.20014,643553.73562475
2020-06-04,0.19957,0.21626,0.19957,0.21313,1521534.45185279
2020-06-05,0.21272,0.2199,0.21138,0.21679,440820.29580071
2020-06-06,0.21679,0.21679,0.20871,0.20974,127909.85357139
2020-06-07,0.21023,0.21263,0.202,0.20834,521617.69053907
2020-06-08,0.20834,0.2278,0.20664,0.22657,1012447.5561626
2020-06-09,0.22676,0.2292,0.21968,0.22253,901608.75224219
2020-06-10,0.22253,0.22253,0.21607,0.22048,502817.533157
2020-06-11,0.22008,0.22419,0.192,0.19726,1713071.25892023
2020-06-12,0.19726,0.20818,0.184,0.20351,929741.6670474
2020-06-13,0.20339,0.208,0.19936,0.20597,409821.76353684
2020-06-14,0.20593,0.21213,0.1985,0.19923,654247.6844594
2020-06-15,0.19851,0.19941,0.18398,0.19692,1104481.51428169
2020-06-16,0.19692,0.20189,0.19552,0.19919,234878.81147771
2020-06-17,0.19948,0.2015,0.1933,0.19936,452898.12330823
2020-06-18,0.19936,0.19936,0.1917,0.19436,209067.76795747
2020-06-19,0.19436,0.19868,0.19145,0.19478,410475.64171962
2020-06-20,0.19478,0.209,0.19391,0.20677,895594.97367731
2020-06-21,0.20615,0.22309,0.20543,0.21542,1219277.69871105
2020-06-22,0.21622,0.22333,0.21364,0.21688,379444.72404265
2020-06-23,0.21638,0.23272,0.21547,0.22715,775995.28757012
2020-06-24,0.22854,0.23434,0.21587,0.22164,592015.717284
2020-06-25,0.22164,0.24134,0.21418,0.23988,832110.18532221
2020-06-26,0.24095,0.24352,0.22848,0.24341,577085.73862619
2020-06-27,0.24341,0.26715,0.2375,0.24113,2092634.28334287
2020-06-28,0.2413,0.24327,0.22621,0.23469,926065.3756773
2020-06-29,0.2356,0.239,0.22554,0.23269,277544.66352436
2020-06-30,0.23272,0.23427,0.223,0.22453,695176.930946
2020-07-01,0.22425,0.23511,0.223,0.22781,673584.85742357
2020-07-02,0.22776,0.23061,0.216,0.216,872380.35721455
2020-07-03,0.216,0.22124,0.2149,0.21548,306331.9564752
2020-07-04,0.21548,0.22676,0.21502,0.22215,478067.67054839
2020-07-05,0.22215,0.22215,0.21488,0.219,435253.84805219
2020-07-06,0.219,0.23147,0.21723,0.23091,630274.90362748
2020-07-07,0.23091,0.23384,0.22498,0.22587,653528.82127219
2020-07-08,0.22609,0.23996,0.22378,0.23235,750275.68549519
2020-07-09,0.23383,0.239,0.22428,0.2321,730305.45734211
2020-07-10,0.22835,0.22835,0.2232,0.22417,6105.30436638
2020-07-11,0.2258,0.2291,0.22493,0.2291,114996.48851464
2020-07-12,0.23,0.23232,0.22486,0.22971,136804.00244282
2020-07-13,0.22971,0.2455,0.2254,0.2319,1263621.51231651
2020-07-14,0.2319,0.2361,0.226,0.23115,334256.94886693
2020-07-15,0.2303,0.23249,0.22363,0.2267,419050.91844932
2020-07-16,0.2267,0.243,0.20812,0.2278,1855258.64731759
2020-07-17,0.2278,0.243,0.2278,0.23291,1332602.60732175
2020-07-18,0.23291,0.23765,0.22658,0.2363,523454.82879577
2020-07-19,0.23629,0.245,0.23562,0.24095,392255.3959719
2020-07-20,0.23983,0.24064,0.22501,0.22592,1094514.20291467
2020-07-21,0.22595,0.23257,0.22135,0.22658,661299.77626336
2020-07-22,0.22658,0.2321,0.22268,0.22828,328802.17029403
2020-07-23,0.22828,0.23308,0.22556,0.22861,655227.9653946
2020-07-24,0.2288,0.22916,0.22145,0.22213,390394.49924322
2020-07-25,0.22177,0.2275,0.22125,0.226,336463.34002655
2020-07-26,0.226,0.2293,0.21722,0.21855,517826.20314034
2020-07-27,0.21843,0.22093,0.19577,0.21144,1636203.02030453
2020-07-28,0.21144,0.21832,0.2067,0.21584,873866.95341285
2020-07-29,0.21584,0.21771,0.20958,0.2096,408027.26401254
2020-07-30,0.2096,0.21427,0.20847,0.20847,258602.54117412
2020-07-31,0.20847,0.21518,0.2082,0.215,229970.77828957
2020-08-01,0.21451,0.22109,0.21229,0.22011,511070.17032009
2020-08-02,0.22041,0.22399,0.196,0.20666,856443.597673
2020-08-03,0.20644,0.2181,0.20446,0.21263,360773.69506171
2020-08-04,0.21263,0.22239,0.21263,0.22239,440681.029874
2020-08-05,0.22239,0.2235,0.21203,0.21696,630584.70075064
2020-08-06,0.21696,0.2189,0.215,0.21853,243378.94681609
2020-08-07,0.21799,0.22446,0.20981,0.21474,545812.7260397
2020-08-08,0.21474,0.224,0.2001,0.2211,333108.08465927
2020-08-09,0.2211,0.2307,0.2211,0.22653,478782.62054781
2020-08-10,0.22659,0.24658,0.2229,0.24475,838237.72783263
2020-08-11,0.24448,0.24478,0.21381,0.22354,1314638.19417058
2020-08-12,0.22302,0.23331,0.21529,0.23057,608029.87122121
2020-08-13,0.23057,0.2325,0.21747,0.22677,605384.39503229
2020-08-14,0.22677,0.23675,0.22437,0.236,972395.91916512
2020-08-15,0.2362,0.238,0.23018,0.23175,486786.11649715
2020-08-16,0.23154,0.28958,0.2295,0.27476,3268237.85843578
2020-08-17,0.27422,0.28676,0.25292,0.26729,1518797.49850361
2020-08-18,0.26744,0.3199,0.26744,0.29221,3398720.82545574
2020-08-19,0.29357,0.29984,0.26254,0.26842,2338731.36545186
2020-08-20,0.26842,0.31408,0.26842,0.30514,1579479.75759046
2020-08-21,0.30514,0.37571,0.29378,0.31984,5598963.05103437
2020-08-22,0.31984,0.34601,0.29119,0.33851,1752042.03357634
2020-08-23,0.33851,0.36092,0.31367,0.34163,1626454.83108681
2020-08-24,0.34163,0.36931,0.32885,0.33644,1554646.15462587
2020-08-25,0.33644,0.33811,0.285,0.29183,2039747.43546959
2020-08-26,0.29272,0.31294,0.29184,0.29687,1156788.57772178
2020-08-27,0.29739,0.29962,0.26934,0.27746,1668523.29574119
2020-08-28,0.27746,0.29661,0.27155,0.2946,744820.59065874
2020-08-29,0.2946,0.31,0.29209,0.29715,713752.0509932
2020-08-30,0.29661,0.30582,0.2901,0.29182,510079.42340285
2020-08-31,0.29182,0.3001,0.28492,0.29301,557376.28609109
2020-09-01,0.29301,0.29433,0.2777,0.28089,968617.03549669
2020-09-02,0.28102,0.28358,0.25646,0.26888,912659.01165726
2020-09-03,0.26888,0.27106,0.20003,0.21365,1317823.78146596
2020-09-04,0.21365,0.23236,0.20935,0.2244,1409983.28486107
2020-09-05,0.22443,0.22888,0.1916,0.2,1103976.53389404
2020-09-06,0.2,0.22065,0.1908,0.22065,572330.66748214
2020-09-07,0.21889,0.22008,0.20123,0.21312,892338.72281956
2020-09-08,0.21436,0.2245,0.20843,0.21287,426807.07968125
2020-09-09,0.21287,0.22347,0.20539,0.21814,428953.82701411
2020-09-10,0.21841,0.22724,0.216,0.22493,436566.70631186
2020-09-11,0.22493,0.2265,0.21677,0.22316,437133.86129862
2020-09-12,0.22316,0.23398,0.22219,0.23145,448394.37000516
2020-09-13,0.23145,0.23164,0.21136,0.21775,474210.03607259
2020-09-14,0.21848,0.22124,0.21249,0.21679,248806.0591588
2020-09-15,0.21651,0.21778,0.20525,0.20786,254109.62302568
2020-09-16,0.20786,0.21629,0.2016,0.21413,327506.42523141
2020-09-17,0.21314,0.21809,0.20897,0.21076,440271.98318892
2020-09-18,0.21124,0.21581,0.20241,0.2053,717992.08621289
2020-09-19,0.2053,0.20897,0.20421,0.20658,325074.78190002
2020-09-20,0.20658,0.20658,0.19474,0.19966,268886.59801976
2020-09-21,0.19966,0.20469,0.17717,0.18158,1291955.63261826
2020-09-22,0.18158,0.19588,0.18126,0.19539,404422.04020982
2020-09-23,0.19555,0.19906,0.18177,0.18211,660492.14021128
2020-09-24,0.18211,0.1946,0.181,0.19358,293766.69454239
2020-09-25,0.19346,0.2023,0.189,0.20013,540379.78313565
2020-09-26,0.20013,0.20374,0.19739,0.20045,222356.97214469
2020-09-27,0.20045,0.20217,0.19089,0.19636,314488.70331546
2020-09-28,0.19726,0.20797,0.19726,0.20053,411940.97777321
2020-09-29,0.2008,0.20201,0.19561,0.20154,279732.9185427
2020-09-30,0.20223,0.20725,0.20019,0.20429,242024.29277552
2020-10-01,0.20444,0.21055,0.19148,0.19573,846079.81999985
2020-10-02,0.19648,0.19887,0.1811,0.19161,1144809.9467221
2020-10-03,0.19212,0.19259,0.18856,0.19007,215132.58164827
2020-10-04,0.18881,0.19128,0.18535,0.19055,187800.19756571
2020-10-05,0.19063,0.1923,0.18504,0.18781,153362.3286984
2020-10-06,0.18814,0.18814,0.17642,0.1783,312859.58750839
2020-10-07,0.17976,0.18282,0.17562,0.18275,139747.80013594
2020-10-08,0.18267,0.18633,0.175,0.18485,302332.33268637
2020-10-09,0.18534,0.19051,0.18215,0.18752,270527.0490478
2020-10-10,0.18756,0.19256,0.185,0.185,441665.18935534
2020-10-11,0.1855,0.18849,0.18213,0.1881,197813.4406641
2020-10-12,0.18778,0.19058,0.18194,0.18723,455913.63635334
2020-10-13,0.1861,0.18885,0.18259,0.18457,330303.39462051
2020-10-14,0.18512,0.1863,0.18041,0.18317,284473.24586186
2020-10-15,0.18158,0.18364,0.17901,0.18165,236620.38047818
2020-10-16,0.18224,0.18241,0.17559,0.17767,222101.35170681
2020-10-17,0.17709,0.18455,0.176,0.18345,160611.71029657
2020-10-18,0.18321,0.18617,0.18254,0.18254,75106.41037609
2020-10-19,0.18286,0.18383,0.17954,0.18202,118634.83646691
2020-10-20,0.18155,0.18275,0.17147,0.17685,458581.11761281
2020-10-21,0.17597,0.18515,0.17597,0.18117,958150.13958784
2020-10-22,0.18104,0.1923,0.18104,0.18797,362427.29251849
2020-10-23,0.18555,0.19018,0.1831,0.1867,566127.29858388
2020-10-24,0.18638,0.18671,0.18291,0.18406,136714.85032771
2020-10-25,0.18389,0.18535,0.18031,0.1814,135643.61484244
2020-10-26,0.1814,0.18752,0.1775,0.18137,334747.03520785
2020-10-27,0.1807,0.1832,0.17734,0.18135,302067.20337505
2020-10-28,0.18132,0.18132,0.16235,0.16656,2540077.13245597
2020-10-29,0.16604,0.16864,0.1607,0.16298,337044.43997929
2020-10-30,0.16253,0.1628,0.1521,0.16073,656925.54958544
2020-10-31,0.16082,0.16316,0.15889,0.15921,281703.38049747
2020-11-01,0.15887,0.16405,0.15806,0.16401,387549.90300546
2020-11-02,0.16373,0.16538,0.15629,0.158,360539.76055723
2020-11-03,0.15778,0.15829,0.15107,0.15382,322666.13825093
2020-11-04,0.15407,0.15823,0.1511,0.15821,192283.32692029
2020-11-05,0.15834,0.16215,0.15343,0.16128,361440.82431518
2020-11-06,0.16112,0.1725,0.16067,0.17249,759773.45033499
2020-11-07,0.173,0.17778,0.15495,0.16152,909129.29110526
2020-11-08,0.16011,0.17122,0.16011,0.1666,1163956.86227068
2020-11-09,0.1663,0.16664,0.16,0.16377,701526.57114732
2020-11-10,0.16415,0.17491,0.1636,0.17077,556784.58175273
2020-11-11,0.1706,0.17544,0.16935,0.16966,265052.76884049
2020-11-12,0.16957,0.17544,0.16432,0.16548,611126.41034049
2020-11-13,0.16592,0.17268,0.16524,0.17157,493494.45229983
2020-11-14,0.17099,0.17238,0.16372,0.16618,390840.98048128
2020-11-15,0.1665,0.17024,0.15975,0.16419,415643.40415534
2020-11-16,0.16371,0.16973,0.16266,0.1669,490388.53490039
2020-11-17,0.16673,0.17531,0.16673,0.17259,737357.81653279
2020-11-18,0.17281,0.17376,0.16137,0.16906,1064187.85504912
2020-11-19,0.1688,0.17256,0.16451,0.166,950495.43044097
2020-11-20,0.16591,0.17223,0.1647,0.1705,1683454.80175214
2020-11-21,0.17046,0.19721,0.16922,0.19641,2528515.04902345
2020-11-22,0.19685,0.199,0.17308,0.18537,1895189.50467919
2020-11-23,0.18507,0.223,0.18232,0.21547,2104986.44314316
2020-11-24,0.21536,0.23173,0.20288,0.21934,5061408.63548473
2020-11-25,0.22061,0.24277,0.206,0.21525,2080766.00908567
2020-11-26,0.2145,0.21957,0.17399,0.18748,3056564.8793531
2020-11-27,0.1891,0.19306,0.17856,0.1882,701467.50703981
2020-11-28,0.18811,0.19639,0.18191,0.19247,633710.41689459
2020-11-29,0.19222,0.19812,0.18755,0.19721,486593.65902744
2020-11-30,0.19761,0.2037,0.19264,0.20315,1160526.86816697
2020-12-01,0.20299,0.21847,0.19425,0.19504,1466849.44269247
2020-12-02,0.19501,0.20281,0.19178,0.2004,241815.1053151
2020-12-03,0.19982,0.20444,0.1978,0.20038,296373.20626435
2020-12-04,0.20044,0.2063,0.18641,0.18914,874589.0756648
2020-12-05,0.18834,0.19525,0.18675,0.19462,144328.16037183
2020-12-06,0.19466,0.1957,0.18787,0.19497,427429.21411679
2020-12-07,0.1959,0.19737,0.19134,0.1954,671263.35194987
2020-12-08,0.19503,0.19699,0.17928,0.1826,381205.94400532
2020-12-09,0.18177,0.18306,0.17001,0.18306,720457.37041206
2020-12-10,0.18246,0.18246,0.17148,0.17162,268506.31925928
2020-12-11,0.17191,0.17191,0.16557,0.16986,638212.01452987
2020-12-12,0.16787,0.17738,0.16786,0.17483,306499.35394998
2020-12-13,0.17461,0.18,0.17191,0.17509,514624.37136275
2020-12-14,0.17563,0.18109,0.17291,0.17986,394748.41624617
2020-12-15,0.17957,0.18212,0.17622,0.17966,259913.83394539
2020-12-16,0.17962,0.19099,0.17874,0.19074,917997.18203151
2020-12-17,0.19061,0.19369,0.18239,0.18404,1674973.90004563
2020-12-18,0.18437,0.21377,0.18242,0.20337,1570084.71971442
2020-12-19,0.20386,0.21475,0.19872,0.19941,904614.33055655
2020-12-20,0.19868,0.19924,0.18685,0.18908,408411.61376955
2020-12-21,0.18951,0.19606,0.17992,0.18432,817430.13009491
2020-12-22,0.18303,0.18591,0.17235,0.17929,1204335.92993557
2020-12-23,0.17898,0.1805,0.15,0.15863,1997712.74376219
2020-12-24,0.15856,0.1819,0.1545,0.17845,2852343.33340914
2020-12-25,0.17883,0.18424,0.17359,0.17558,358954.29032902
2020-12-26,0.17552,0.17723,0.16805,0.17419,579910.51293955
2020-12-27,0.17434,0.17937,0.16501,0.16918,1240128.5910791
2020-12-28,0.16984,0.17874,0.16972,0.17257,892833.45674995
2020-12-29,0.17236,0.17474,0.16123,0.1682,976342.55132674
2020-12-30,0.16848,0.169,0.162,0.16381,693563.26026707
2020-12-31,0.16374,0.16544,0.15826,0.16307,834624.13942445
2021-01-01,0.16313,0.17207,0.16217,0.16739,1017000.31853652
2021-01-02,0.16683,0.17271,0.14905,0.16404,3535188.33286289
2021-01-03,0.16441,0.17266,0.15793,0.16978,6050820.97024576
2021-01-04,0.1712,0.18331,0.16254,0.1777,2580472.36062246
2021-01-05,0.17788,0.18953,0.17669,0.18831,2293322.25147749
2021-01-06,0.18852,0.20799,0.18563,0.20262,3322414.17822227
2021-01-07,0.20313,0.23077,0.19347,0.20762,7083298.74087818
2021-01-08,0.20788,0.22221,0.195,0.20423,4698165.44591439
2021-01-09,0.20414,0.23221,0.19815,0.21956,4045876.00342242
2021-01-10,0.21994,0.23469,0.18469,0.20894,3000273.83450306
2021-01-11,0.2084,0.2084,0.16526,0.18949,8772359.72162632
2021-01-12,0.18915,0.20471,0.18301,0.18923,3613541.64362244
2021-01-13,0.18904,0.20512,0.18361,0.205,1459717.41508581
2021-01-14,0.20534,0.21,0.19686,0.20163,1182674.7465211
2021-01-15,0.20266,0.21355,0.18753,0.20537,1687291.04393559
2021-01-16,0.20494,0.2379,0.20494,0.22066,4925957.99891372
2021-01-17,0.2207,0.23069,0.20617,0.22574,2056624.87035428
2021-01-18,0.22773,0.245,0.2214,0.23357,1967810.86828784
2021-01-19,0.23381,0.24023,0.22143,0.22161,1175523.81482494
2021-01-20,0.22101,0.23798,0.20861,0.23067,2051798.00926693
2021-01-21,0.22982,0.22982,0.19826,0.20046,2807521.41798564
2021-01-22,0.20048,0.28442,0.18763,0.25912,7125650.06992307
2021-01-23,0.25767,0.33,0.25539,0.2705,3726758.87728321
2021-01-24,0.27094,0.27395,0.25144,0.26243,1755119.20133721
2021-01-25,0.26181,0.27815,0.24508,0.24875,1255494.98876029
2021-01-26,0.24907,0.25755,0.23129,0.24574,1682376.24323967
2021-01-27,0.24631,0.26156,0.225,0.25125,2288220.16849867
2021-01-28,0.2501,0.265,0.24687,0.25297,1474017.15736328
2021-01-29,0.25297,0.25936,0.2399,0.25408,2001298.77364491
2021-01-30,0.25471,0.26603,0.24433,0.26099,1193028.23403125
2021-01-31,0.26111,0.26636,0.24417,0.25013,784558.79369047
2021-02-01,0.25028,0.265,0.24064,0.26181,1562684.56221139
2021-02-02,0.26278,0.26889,0.25373,0.26297,1156241.02553602
2021-02-03,0.26327,0.27243,0.259,0.26802,1729479.86675454
2021-02-04,0.26777,0.26977,0.254,0.2621,1948711.46963569
2021-02-05,0.26169,0.31179,0.26169,0.30881,3322962.35686464
2021-02-06,0.30881,0.31075,0.28306,0.29349,1876193.54056701
2021-02-07,0.29339,0.35553,0.28811,0.3396,5964776.76582135
2021-02-08,0.33881,0.35852,0.32252,0.34742,3466441.3928017
2021-02-09,0.34742,0.37145,0.33412,0.35825,2734611.7251142
2021-02-10,0.35889,0.38192,0.32512,0.36899,3559407.1618965
2021-02-11,0.36486,0.55494,0.35794,0.48828,13439184.7621142
2021-02-12,0.48853,0.58913,0.45337,0.51826,6531867.156197
2021-02-13,0.51945,0.57472,0.47755,0.5114,4087864.20602611
2021-02-14,0.5117,0.51701,0.4503,0.46202,3273803.21390402
2021-02-15,0.46263,0.49131,0.38014,0.44459,4820986.31049749
2021-02-16,0.4446,0.48698,0.43289,0.4609,3846701.08659907
2021-02-17,0.45996,0.49403,0.42127,0.47829,3115932.93486746
2021-02-18,0.47762,0.53751,0.47762,0.52704,2487769.05400476
2021-02-19,0.52637,0.54372,0.492,0.506,1755773.6982118
2021-02-20,0.50574,0.52365,0.45276,0.47726,3295224.40640382
2021-02-21,0.47838,0.50475,0.46629,0.50053,1889850.37356057
2021-02-22,0.50478,0.52987,0.375,0.44351,4794297.4166311
2021-02-23,0.44651,0.4511,0.32683,0.39339,7318317.49746244
2021-02-24,0.39329,0.4535,0.36647,0.42301,2974833.33775664
2021-02-25,0.42272,0.44,0.39251,0.39702,1098230.23032512
2021-02-26,0.39563,0.4597,0.36461,0.4362,3792803.37382968
2021-02-27,0.43725,0.46912,0.41858,0.42847,2016253.01999067
2021-02-28,0.42804,0.44564,0.38278,0.43333,1718475.85433328
2021-03-01,0.43736,0.49694,0.43186,0.48654,1564399.74514639
2021-03-02,0.48683,0.523,0.46217,0.49944,1756225.59228735
2021-03-03,0.49973,0.69602,0.49303,0.63761,6106104.06887194
2021-03-04,0.6335,0.65843,0.55552,0.57975,2401523.54870321
2021-03-05,0.57996,0.60786,0.53083,0.57077,1437551.80385802
2021-03-06,0.56991,0.58554,0.53529,0.55726,552717.92373623
2021-03-07,0.55919,0.61,0.55562,0.58221,1361744.90459663
2021-03-08,0.58246,0.62593,0.56065,0.62511,1219207.43783264
2021-03-09,0.62526,0.64187,0.59176,0.62717,965587.52429661
2021-03-10,0.62781,0.74071,0.58439,0.68476,4234966.8052736
2021-03-11,0.68638,0.72156,0.652,0.66949,2220199.88525975
2021-03-12,0.6706,0.67627,0.614,0.6315,938476.54578439
2021-03-13,0.63238,0.69499,0.60387,0.67,1564253.69539789
2021-03-14,0.66829,0.70253,0.64102,0.64102,785269.27321735
2021-03-15,0.641,0.67213,0.60542,0.63769,1040268.17696595
2021-03-16,0.64046,0.996,0.61304,0.85967,6253376.50137531
2021-03-17,0.86286,1.14737,0.79309,1.02933,8262669.75450511
2021-03-18,1.03255,1.15787,0.99028,1.01075,4021661.79762737
2021-03-19,1.01026,1.04639,0.96842,0.995,2028154.12169511
2021-03-20,0.99464,1.03151,0.90745,0.91082,1491724.74981846
2021-03-21,0.9153,0.9582,0.897,0.944,1030314.01606687
2021-03-22,0.948,1.014,0.90529,0.91744,1572478.96502891
2021-03-23,0.91217,0.93518,0.86235,0.88766,1008911.18333815
2021-03-24,0.88975,0.95,0.80301,0.83829,1072228.56948759
2021-03-25,0.83621,0.85913,0.78735,0.82665,913821.70746396
2021-03-26,0.82907,0.92662,0.82907,0.9107,957942.38161363
2021-03-27,0.91154,0.92313,0.85969,0.91657,410290.4906985
2021-03-28,0.91594,0.97279,0.89576,0.95,929026.384251
2021-03-29,0.95063,0.97014,0.91444,0.96524,519169.44378682
2021-03-30,0.96539,1.03027,0.9548,0.99857,902222.72612869
2021-03-31,0.9974,1.01,0.91914,0.97,706367.94511416
2021-04-01,0.97201,1.00551,0.95521,0.97896,513487.84976326
2021-04-02,0.9795,1.08677,0.96208,1.0201,1256534.0566289
2021-04-03,1.01823,1.06953,0.95,0.95353,731345.31777544
2021-04-04,0.95363,1.00691,0.93918,1.00227,297138.36125139
2021-04-05,1.00239,1.08678,0.9671,1.08054,720963.18761268
2021-04-06,1.07776,1.12813,0.99649,1.1236,1158719.71828923
2021-04-07,1.12111,1.165,0.97001,1.00512,3674373.46829508
2021-04-08,1.00335,1.091,0.99246,1.08064,482848.23296283
2021-04-09,1.08448,1.38967,1.06524,1.30048,2989132.10854383
2021-04-10,1.29953,1.36336,1.16487,1.22735,1601302.99551052
2021-04-11,1.22813,1.32,1.17701,1.20423,903180.45416298
2021-04-12,1.2063,1.23821,1.16629,1.19126,904386.06544982
2021-04-13,1.18951,1.27,1.17197,1.25357,1224403.0208838
2021-04-14,1.25566,1.308,1.173,1.22336,1325834.45207752
2021-04-15,1.2229,1.331,1.2043,1.27283,1542412.87786139
2021-04-16,1.27566,1.31502,1.17445,1.27433,1057518.56277789
2021-04-17,1.27522,1.34,1.23224,1.2422,773361.64234168
2021-04-18,1.24125,1.24745,0.9653,1.13202,2025389.82786275
2021-04-19,1.13281,1.23032,0.98304,1.09476,2205627.21074498
2021-04-20,1.10398,1.10817,0.965,1.04666,1312972.68018801
2021-04-21,1.05498,1.09539,0.99312,1.00555,581831.64002348
2021-04-22,1.00179,1.04056,0.87362,0.89,1635666.9395274
2021-04-23,0.88913,0.97798,0.7168,0.97327,2680450.65108102
2021-04-24,0.9741,0.9741,0.856,0.85881,627649.01565709
2021-04-25,0.85637,0.91763,0.80386,0.84687,527456.55966036
2021-04-26,0.85108,0.96357,0.83781,0.96215,582181.26471132
2021-04-27,0.96352,1.03699,0.95437,1.01954,638894.3631653
2021-04-28,1.01988,1.05941,0.95321,0.98924,700652.83124642
2021-04-29,0.99,1.01946,0.95151,0.98412,741220.89323403
2021-04-30,0.9811,1.06041,0.96298,1.05084,645497.81756916
2021-05-01,1.04992,1.07937,1.0238,1.05411,362453.88881633
2021-05-02,1.05385,1.07764,1.01939,1.04444,260767.19385417
2021-05-03,1.04354,1.0973,1.0432,1.07074,629557.8737442
2021-05-04,1.07235,1.0725,0.95,0.96838,1266306.30866474
2021-05-05,0.971,1.141,0.96665,1.13417,986821.24598926
2021-05-06,1.13357,1.2,1.1065,1.16098,1410153.60550998
2021-05-07,1.1623,1.32,1.11521,1.15997,2032687.00646562
2021-05-08,1.1593,1.24974,1.14316,1.17041,819597.61309429
2021-05-09,1.1682,1.20618,1.10504,1.16164,394398.06547077
2021-05-10,1.1627,1.23019,1.04713,1.08171,849207.58785455
2021-05-11,1.08308,1.15056,1.04199,1.15056,455226.92174474
2021-05-12,1.15414,1.167,0.96097,0.97019,1008213.57473704
2021-05-13,0.97233,1.04121,0.92424,0.98933,1757497.37941178
2021-05-14,0.98945,1.03284,0.97047,1.0064,517776.19919191
2021-05-15,1.00696,1.01242,0.92984,0.93769,642953.84355317
2021-05-16,0.9367,1.02132,0.88386,0.93956,832479.32518296
2021-05-17,0.93956,0.94112,0.81846,0.86907,1099709.16950018
2021-05-18,0.87117,0.93968,0.86847,0.90887,701738.95823511
2021-05-19,0.90867,0.91786,0.45867,0.61458,5004664.62175335
2021-05-20,0.61563,0.75356,0.5484,0.71986,1393931.7337992
2021-05-21,0.72121,0.75,0.53655,0.6237,1445460.17128614
2021-05-22,0.6233,0.63075,0.54016,0.56093,908878.10373943
2021-05-23,0.56034,0.58105,0.375,0.46584,2989796.28904006
2021-05-24,0.46036,0.61043,0.45258,0.59283,1956276.7520604
2021-05-25,0.59725,0.63258,0.54085,0.59807,742545.06992421
2021-05-26,0.60402,0.72719,0.60041,0.72632,894342.61851173
2021-05-27,0.73,0.76598,0.65434,0.68989,946216.44391649
2021-05-28,0.69305,0.70172,0.57829,0.6161,1837593.36599201
2021-05-29,0.61471,0.64781,0.52711,0.56073,1134699.30849639
2021-05-30,0.56073,0.60947,0.52699,0.5779,565778.28522104
2021-05-31,0.5784,0.627,0.55014,0.627,454252.83850025
2021-06-01,0.62791,0.63381,0.59221,0.611,216317.00606605
2021-06-02,0.6112,0.69208,0.6006,0.65434,819984.91787099
2021-06-03,0.65316,0.69653,0.64681,0.68395,343866.93400476
2021-06-04,0.68417,0.68417,0.59582,0.62861,736953.00162255
2021-06-05,0.62653,0.67433,0.59428,0.619,656107.66288003
2021-06-06,0.61906,0.64095,0.61461,0.62706,242808.41566137
2021-06-07,0.62791,0.65781,0.56706,0.5701,560378.58167511
2021-06-08,0.57159,0.58231,0.49778,0.55282,761300.78809142
2021-06-09,0.55131,0.5764,0.52604,0.5764,643436.36394442
2021-06-10,0.57791,0.58098,0.53134,0.54733,453985.00855881
2021-06-11,0.54653,0.59075,0.52763,0.532,441424.29129416
2021-06-12,0.53363,0.53363,0.49106,0.51599,279193.41944087
2021-06-13,0.51104,0.54518,0.49645,0.53577,197949.54766819
2021-06-14,0.53585,0.55834,0.5274,0.55314,254682.50150314
2021-06-15,0.55383,0.59654,0.55288,0.57049,364550.37031333
2021-06-16,0.56981,0.56981,0.54304,0.54511,121138.02162568
2021-06-17,0.54733,0.57618,0.54095,0.55322,172225.88913166
2021-06-18,0.55196,0.55258,0.49691,0.51408,280399.61572987
2021-06-19,0.51625,0.52954,0.50187,0.50354,117174.78209388
2021-06-20,0.50366,0.5132,0.47509,0.50576,340358.97901377
2021-06-21,0.50628,0.5064,0.4194,0.42907,884004.96890508
2021-06-22,0.4288,0.44636,0.35749,0.40078,773429.71724616
2021-06-23,0.40611,0.47364,0.40488,0.46105,883657.32490122
2021-06-24,0.46113,0.48559,0.44228,0.4773,295890.09706092
2021-06-25,0.48,0.495,0.43,0.4387,1360805.92531468
2021-06-26,0.43459,0.44381,0.40907,0.42569,389467.58335375
2021-06-27,0.42813,0.454,0.4195,0.454,1453599.33830663
2021-06-28,0.45348,0.478,0.44689,0.46563,1718001.6325666
2021-06-29,0.46746,0.52,0.46592,0.49032,776993.26793167
2021-06-30,0.49312,0.51826,0.47356,0.51826,151553.60227935
2021-07-01,0.51907,0.52135,0.47411,0.4904,100492.67610487
2021-07-02,0.4904,0.49645,0.46262,0.48894,75028.50511465
2021-07-03,0.49055,0.50383,0.4804,0.49311,191443.59346502
2021-07-04,0.49559,0.52143,0.47885,0.50656,143795.90153214
2021-07-05,0.50961,0.50961,0.46979,0.47934,242868.56738604
2021-07-06,0.47834,0.50732,0.47779,0.49967,143168.85289458
2021-07-07,0.50092,0.54794,0.50082,0.52074,459230.28966687
2021-07-08,0.51999,0.51999,0.47425,0.48231,723648.23163671
2021-07-09,0.47955,0.4827,0.45493,0.48162,160255.07060476
2021-07-10,0.48042,0.48737,0.4621,0.47034,28119.48689129
2021-07-11,0.4701,0.47562,0.46253,0.47446,69662.90541079
2021-07-12,0.47689,0.48094,0.45769,0.4609,71641.9087773
2021-07-13,0.46258,0.46681,0.44737,0.45356,125304.5737881
2021-07-14,0.45456,0.45456,0.42336,0.44823,79117.79807854
2021-07-15,0.44822,0.45469,0.42347,0.4286,125469.80343149
2021-07-16,0.42879,0.4898,0.41899,0.46615,661761.24443827
2021-07-17,0.46577,0.50949,0.45045,0.4521,727734.66244644
2021-07-18,0.45282,0.46898,0.43643,0.44001,171191.58452156
2021-07-19,0.43947,0.43947,0.41326,0.4195,165554.38685446
2021-07-20,0.42003,0.42435,0.38642,0.39618,422442.79123579
2021-07-21,0.39605,0.42857,0.38807,0.42438,133181.00461929
2021-07-22,0.42704,0.44377,0.42342,0.43492,158867.39345258
2021-07-23,0.43467,0.4503,0.42627,0.44691,228522.23019611
2021-07-24,0.44529,0.47115,0.44266,0.45486,212641.79427576
2021-07-25,0.45507,0.4644,0.44456,0.45986,78101.61544562
2021-07-26,0.45985,0.50687,0.45975,0.46372,1017857.11921531
2021-07-27,0.46351,0.48893,0.45436,0.48092,470846.24489749
2021-07-28,0.48403,0.49546,0.46755,0.48058,162648.50207229
2021-07-29,0.48222,0.50606,0.47067,0.49994,113650.07679332
2021-07-30,0.4997,0.52113,0.48177,0.51751,366933.37214349
2021-07-31,0.51687,0.55452,0.51187,0.55044,1012720.41721993
2021-08-01,0.5504,0.60791,0.54686,0.55863,1031032.43509583
2021-08-02,0.5558,0.56564,0.53801,0.55479,190167.09064595
2021-08-03,0.5517,0.55509,0.523,0.5414,128631.25669939
2021-08-04,0.5402,0.57446,0.53181,0.56703,303184.22601696
2021-08-05,0.56546,0.58313,0.54782,0.57154,524923.52266769
2021-08-06,0.57181,0.59923,0.56,0.58956,153632.46029569
2021-08-07,0.59061,0.6258,0.58334,0.61065,408054.54409304
2021-08-08,0.61091,0.61833,0.5644,0.57627,288535.04774423
2021-08-09,0.57087,0.60495,0.55321,0.59747,250951.33794807
2021-08-10,0.59718,0.61849,0.58778,0.61465,348641.51308854
2021-08-11,0.61688,0.66412,0.6136,0.63539,1277893.44278138
2021-08-12,0.63264,0.65804,0.589,0.60163,641919.30684318
2021-08-13,0.60897,0.66947,0.60408,0.6678,311436.40503429
2021-08-14,0.6697,0.67104,0.63,0.66077,331035.58605356
2021-08-15,0.6611,0.69417,0.63843,0.68873,638786.22453016
2021-08-16,0.68787,0.70084,0.65741,0.66486,969579.49874192
2021-08-17,0.66432,0.69285,0.627,0.62895,660266.16057729
2021-08-18,0.62779,0.63527,0.59386,0.61536,432470.9407212
2021-08-19,0.61257,0.64778,0.59712,0.64778,270632.2995226
2021-08-20,0.64807,0.67355,0.6389,0.67,364457.57435562
2021-08-21,0.67075,0.6899,0.65611,0.66875,655133.48931199
2021-08-22,0.66629,0.76115,0.66629,0.7407,748235.76856128
2021-08-23,0.74476,0.77095,0.72511,0.76135,953544.07871419
2021-08-24,0.76058,0.76572,0.68272,0.69965,562588.113173
2021-08-25,0.69552,0.73318,0.67329,0.73092,707776.4220362
2021-08-26,0.73196,0.7343,0.6681,0.67641,603945.52815764
2021-08-27,0.67434,0.7172,0.64733,0.7172,300645.33597594
2021-08-28,0.71691,0.71746,0.68463,0.69019,165779.19761366
2021-08-29,0.69533,0.70644,0.675,0.6911,178864.72012028
2021-08-30,0.691,0.71807,0.66451,0.66951,345816.31863033
2021-08-31,0.67203,0.71376,0.66032,0.69085,442004.75677436
2021-09-01,0.68932,0.7301,0.68059,0.72907,472849.24531772
2021-09-02,0.72907,0.73487,0.70876,0.71814,365120.36373686
2021-09-03,0.71494,0.74599,0.70251,0.73886,516334.38433765
2021-09-04,0.74042,0.801,0.7399,0.77653,824984.3790085
2021-09-05,0.7756,0.84315,0.76505,0.82546,580314.23768241
2021-09-06,0.82778,0.8343,0.77469,0.80783,422777.44834523
2021-09-07,0.80502,0.80502,0.58,0.66288,3446975.66660868
2021-09-08,0.6583,0.67432,0.5934,0.64989,2022547.18339636
2021-09-09,0.65367,0.71292,0.64527,0.68407,777377.90460059
2021-09-10,0.6876,0.70866,0.62468,0.64489,809759.84013833
2021-09-11,0.64636,0.67515,0.64209,0.65348,89169.8857002
2021-09-12,0.65591,0.69002,0.64628,0.68572,561386.31660147
2021-09-13,0.68477,0.68552,0.60568,0.63934,470900.32251902
2021-09-14,0.6394,0.6634,0.63471,0.66135,292134.70399814
2021-09-15,0.6625,0.67498,0.65751,0.66998,277712.93168362
2021-09-16,0.67082,0.68885,0.64213,0.65806,310608.48358872
2021-09-17,0.6583,0.66151,0.62981,0.63848,263425.99260324
2021-09-18,0.64097,0.65957,0.63507,0.64152,159922.9549199
2021-09-19,0.64426,0.64426,0.62,0.63061,146729.96617943
2021-09-20,0.62977,0.6321,0.54034,0.55285,1303002.6794092
2021-09-21,0.55591,0.57474,0.51229,0.51682,956893.90522097
2021-09-22,0.51858,0.58771,0.50834,0.58432,469975.21961823
2021-09-23,0.58791,0.61091,0.57779,0.59927,294018.04377256
2021-09-24,0.59855,0.60009,0.52449,0.55761,507147.84910446
2021-09-25,0.55868,0.56255,0.53913,0.55021,160990.93085857
2021-09-26,0.54936,0.55977,0.51,0.54431,293922.01257121
2021-09-27,0.54501,0.55674,0.51988,0.51988,243147.6234935
2021-09-28,0.51909,0.52809,0.49664,0.49664,257082.985033
2021-09-29,0.49799,0.52127,0.49577,0.50921,340297.83447705
2021-09-30,0.51259,0.55402,0.51259,0.54568,583660.09568205
2021-10-01,0.54713,0.58704,0.53712,0.5849,403798.73262243
2021-10-02,0.58592,0.62614,0.57803,0.61053,218107.58721729
2021-10-03,0.60944,0.63551,0.59596,0.62876,368255.84868655
2021-10-04,0.62809,0.62809,0.5901,0.60663,332330.92991374
2021-10-05,0.6073,0.6383,0.60477,0.63729,265985.38323176
2021-10-06,0.64,0.64484,0.60065,0.6359,400293.2704122
2021-10-07,0.63657,0.63896,0.61908,0.63195,451676.83683214
2021-10-08,0.63467,0.675,0.63341,0.63861,887027.29921797
2021-10-09,0.6463,0.66539,0.6365,0.65148,186374.99486539
2021-10-10,0.65808,0.65828,0.61712,0.61819,226639.64141975
2021-10-11,0.62244,0.63692,0.59675,0.60527,213047.37497346
2021-10-12,0.6079,0.6079,0.57507,0.60163,379162.02066747
2021-10-13,0.60499,0.61115,0.5922,0.60777,425298.81285876
2021-10-14,0.60899,0.62352,0.6,0.6069,332265.68844832
2021-10-15,0.60741,0.60871,0.58089,0.59484,495542.17273597
2021-10-16,0.5966,0.63823,0.5938,0.61647,387482.3570342
2021-10-17,0.61581,0.61625,0.58,0.59414,216945.97392246
2021-10-18,0.59539,0.59821,0.57801,0.58534,259513.13165676
2021-10-19,0.58602,0.59986,0.57773,0.58357,364034.15925988
2021-10-20,0.58488,0.61045,0.57835,0.60952,259544.19437247
2021-10-21,0.60995,0.62593,0.59,0.59641,844891.42406986
2021-10-22,0.59338,0.61504,0.59274,0.59983,331803.87208739
2021-10-23,0.59916,0.61593,0.59422,0.61248,369139.28645753
2021-10-24,0.61202,0.61828,0.58407,0.59123,160275.76872726
2021-10-25,0.59248,0.60646,0.5892,0.60499,263157.98120706
2021-10-26,0.60511,0.639,0.60332,0.61285,375379.44019301
2021-10-27,0.61492,0.6291,0.5508,0.55098,944817.14751277
2021-10-28,0.55183,0.60079,0.5477,0.5933,504329.30551657
2021-10-29,0.59446,0.78636,0.59353,0.73761,2979885.47167315
2021-10-30,0.73689,1.27937,0.68103,1.07584,7040309.84585733
2021-10-31,1.07409,1.25,0.833,0.86008,3521350.12933398
2021-11-01,0.86228,0.9429,0.83065,0.88571,1722350.66009571
2021-11-02,0.88257,0.966,0.87327,0.8942,1307151.82669757
2021-11-03,0.89175,0.89653,0.812,0.83232,994572.43914163
2021-11-04,0.83486,0.89449,0.81,0.84523,1200142.74684124
2021-11-05,0.84605,0.89782,0.82377,0.83898,704519.92529494
2021-11-06,0.84009,0.88168,0.82833,0.87768,584271.7174866
2021-11-07,0.87637,0.89103,0.85182,0.86463,160288.01484555
2021-11-08,0.86388,1.11255,0.83531,1.10779,2535581.59770788
2021-11-09,1.10072,1.19997,1.00268,1.00928,3528554.11160324
2021-11-10,1.00984,1.02336,0.87649,0.94125,2222620.83132408
2021-11-11,0.94305,1.01469,0.92305,0.97691,599737.06089895
2021-11-12,0.97827,1.0726,0.9626,1.02621,1283525.91175375
2021-11-13,1.02346,1.07519,0.99441,0.99921,676751.51325716
2021-11-14,0.99921,1.03323,0.97911,1.00457,283372.26443905
2021-11-15,1.00495,1.08778,0.99645,1.01133,1255180.18394456
2021-11-16,1.00583,1.01511,0.85274,0.94185,1619948.59373716
2021-11-17,0.9408,1.00352,0.9288,0.94092,1014004.01683283
2021-11-18,0.94213,0.95467,0.84007,0.86236,1542251.83587755
2021-11-19,0.86557,1.012,0.85378,1.0,1061283.77610442
2021-11-20,0.99697,1.029,0.94405,0.98435,1678567.38564028
2021-11-21,0.98467,0.99013,0.94,0.95478,272878.18454078
2021-11-22,0.95355,0.95835,0.89788,0.92459,931408.72894277
2021-11-23,0.92567,0.9489,0.89111,0.9489,416763.39181214
2021-11-24,0.94937,1.01827,0.9121,1.00773,1159649.87002977
2021-11-25,1.00875,1.29495,0.99488,1.26399,6547764.88530953
2021-11-26,1.26715,1.65998,1.1689,1.1689,9443665.85106933
2021-11-27,1.18074,1.61603,1.18074,1.56745,6521999.94517923
2021-11-28,1.56453,1.70767,1.321,1.47304,5525025.91555169
2021-11-29,1.47058,1.51678,1.3633,1.43657,1061940.54528728
2021-11-30,1.43315,1.43315,1.27991,1.28751,895937.86278027
2021-12-01,1.28863,1.44849,1.27998,1.31797,2649146.4791375
2021-12-02,1.31821,1.34125,1.21724,1.26441,764458.40036629
2021-12-03,1.26461,1.26461,1.09102,1.13738,1018717.67786566
2021-12-04,1.13734,1.13734,0.8039,0.99717,2586729.28777531
2021-12-05,0.99936,1.09197,0.9297,1.03029,3047285.81297499
2021-12-06,1.03506,1.22558,0.98534,1.20906,3760354.87340998
2021-12-07,1.20914,1.24993,1.15128,1.17561,1020800.3687425
2021-12-08,1.17813,1.1999,1.08117,1.14614,386429.13595431
2021-12-09,1.14782,1.15846,1.00828,1.01119,480977.96267147
2021-12-10,1.01024,1.06011,0.94123,0.94216,674607.4925584
2021-12-11,0.94357,1.01726,0.91404,1.01726,463555.97481111
2021-12-12,1.02042,1.08154,0.97492,1.06052,443671.83392518
2021-12-13,1.06077,1.06077,0.90084,0.91071,739593.63069256
2021-12-14,0.91396,0.95779,0.8884,0.947,378970.1305279
2021-12-15,0.94943,1.01189,0.87799,0.99374,877194.27624874
2021-12-16,0.99094,1.09311,0.98911,0.996,737864.49528052
2021-12-17,0.99936,1.05941,0.93893,1.02148,636624.57686083
2021-12-18,1.02382,1.07972,0.98545,1.04731,320153.76583165
2021-12-19,1.04637,1.06602,0.99687,1.00686,358615.06015859
2021-12-20,1.00857,1.02915,0.92681,0.98221,340191.18783284
2021-12-21,0.98226,1.04645,0.96329,1.03234,481107.57569697
2021-12-22,1.03065,1.08653,1.01774,1.04698,1366907.64167619
2021-12-23,1.04702,1.18463,1.03985,1.18463,857330.89184248
2021-12-24,1.18502,1.21749,1.145,1.16007,477912.2368841
2021-12-25,1.16129,1.23,1.1547,1.19369,355851.62434339
2021-12-26,1.18485,1.20555,1.13507,1.17935,123869.94691429
2021-12-27,1.18135,1.28348,1.18045,1.22542,477759.53793102
2021-12-28,1.21899,1.21899,1.07169,1.08399,896586.51805317
2021-12-29,1.08023,1.10321,1.00731,1.01415,692806.81299821
2021-12-30,1.01516,1.09515,0.982,1.05215,670295.74731762
2021-12-31,1.04807,1.12465,1.04088,1.06174,258935.08502997
2022-01-01,1.05997,1.11325,1.05997,1.10247,69790.89923705
2022-01-02,1.10701,1.18152,1.08041,1.14493,409300.07552251
2022-01-03,1.14519,1.18353,1.1137,1.15187,454554.30108734
2022-01-04,1.15118,1.20938,1.10854,1.13777,239167.33337097
2022-01-05,1.13599,1.18152,0.99278,1.04622,786967.87346063
2022-01-06,1.04358,1.058,0.982,1.04609,705628.58317627
2022-01-07,1.04908,1.05145,0.91948,0.94769,3296621.3590198
2022-01-08,0.94878,0.9687,0.87333,0.8989,462997.68724659
2022-01-09,0.8998,0.931,0.88402,0.91224,317916.21427055
2022-01-10,0.91153,0.92021,0.83333,0.88157,511596.97492445
2022-01-11,0.88078,0.93621,0.87422,0.92821,293179.39261494
2022-01-12,0.93011,0.98275,0.92396,0.97729,477941.66197232
2022-01-13,0.9778,0.97898,0.90239,0.90293,153804.80919849
2022-01-14,0.90611,0.93276,0.88573,0.9229,103887.31052067
2022-01-15,0.92555,0.95027,0.91479,0.93733,91496.720015
2022-01-16,0.93158,0.94114,0.912,0.92685,38297.60566295
2022-01-17,0.92607,0.92979,0.875,0.89242,151610.10149473
2022-01-18,0.88981,0.9006,0.85558,0.88729,177383.33153105
2022-01-19,0.88541,0.88823,0.83691,0.84877,138727.669093
2022-01-20,0.84266,0.88637,0.80532,0.80532,105203.73288648
2022-01-21,0.80198,0.82067,0.68913,0.71065,954815.37324898
2022-01-22,0.71456,0.731,0.59147,0.63331,1110091.76516136
2022-01-23,0.63429,0.67281,0.62465,0.6633,280583.21745356
2022-01-24,0.67082,0.6845,0.57735,0.65834,396891.28877268
2022-01-25,0.66371,0.70297,0.64818,0.70236,158227.79370359
2022-01-26,0.70431,0.77644,0.69371,0.71941,1116554.63901589
2022-01-27,0.72106,0.76457,0.68695,0.74747,380631.8723514
2022-01-28,0.74992,0.78896,0.73396,0.77224,416574.70473854
2022-01-29,0.7755,0.80501,0.75306,0.75793,316719.78070607
2022-01-30,0.76522,0.77438,0.72961,0.74819,200342.93522024
2022-01-31,0.7478,0.761,0.71557,0.75895,129421.2104022
2022-02-01,0.75906,0.76388,0.74192,0.7525,89604.0952733
2022-02-02,0.74839,0.76291,0.71452,0.71729,258460.58921197
2022-02-03,0.71778,0.73776,0.7,0.71625,178837.10038274
2022-02-04,0.72274,0.78615,0.71888,0.78615,260625.32253292
2022-02-05,0.78705,0.83334,0.77905,0.8102,301576.02223627
2022-02-06,0.80767,0.82336,0.787,0.82336,71658.26276934
2022-02-07,0.8234,0.86384,0.80349,0.84593,91068.82722805
2022-02-08,0.84774,0.85736,0.77466,0.8096,365506.98580865
2022-02-09,0.80843,0.83418,0.78908,0.82725,170199.29584892
2022-02-10,0.82572,0.83083,0.77289,0.77304,217026.40182991
2022-02-11,0.77332,0.7842,0.71814,0.72782,331472.7261411
2022-02-12,0.72713,0.73478,0.68897,0.7147,1008101.9738061
2022-02-13,0.71455,0.73105,0.6885,0.71107,139531.85770917
2022-02-14,0.70689,0.71944,0.684,0.71321,113789.95914311
2022-02-15,0.7172,0.75894,0.71602,0.75894,60981.64409414
2022-02-16,0.75717,0.75717,0.71678,0.73501,80498.35410185
2022-02-17,0.7359,0.74269,0.66393,0.67334,92005.60092135
2022-02-18,0.67054,0.69388,0.65783,0.66359,58892.36593788
2022-02-19,0.66312,0.67818,0.64833,0.67139,74952.35645886
2022-02-20,0.6641,0.6641,0.61319,0.62537,91347.69269573
2022-02-21,0.62136,0.64948,0.56757,0.57195,228686.35636181
2022-02-22,0.56925,0.60377,0.55906,0.59624,220123.30649472
2022-02-23,0.60229,0.62692,0.57875,0.57875,87648.14221495
2022-02-24,0.57946,0.59869,0.50451,0.58901,636176.65444964
2022-02-25,0.58816,0.62947,0.58738,0.62524,124855.91730295
2022-02-26,0.6245,0.64221,0.61676,0.62339,43280.54117369
2022-02-27,0.62286,0.63048,0.58368,0.60029,175652.70021478
2022-02-28,0.59699,0.66,0.59014,0.66,137589.44859174
2022-03-01,0.6613,0.68708,0.65065,0.67855,217736.21871823
2022-03-02,0.67727,0.68787,0.64895,0.66213,88037.89382283
2022-03-03,0.65867,0.66457,0.62549,0.64516,45931.49729691
2022-03-04,0.64325,0.64325,0.59147,0.59977,56444.05256049
2022-03-05,0.60054,0.62173,0.58608,0.6166,111300.19342007
2022-03-06,0.61793,0.61793,0.58608,0.58739,82664.49647885
2022-03-07,0.5862,0.61193,0.56732,0.5834,350000.41594802
2022-03-08,0.58097,0.6081,0.58097,0.60371,70115.33105772
2022-03-09,0.6031,0.63091,0.5996,0.61479,79266.17261361
2022-03-10,0.61964,0.65717,0.57665,0.6273,705884.15472713
2022-03-11,0.62546,0.62546,0.59135,0.59859,144592.36227125
2022-03-12,0.59845,0.64888,0.59715,0.60851,183094.94909558
2022-03-13,0.60699,0.67752,0.60699,0.61406,380927.0063222
2022-03-14,0.61774,0.66248,0.60672,0.65744,211009.62462686
2022-03-15,0.65781,0.73757,0.64064,0.71652,983322.50038826
2022-03-16,0.71636,0.77012,0.71209,0.74785,606359.64685478
2022-03-17,0.74624,0.80331,0.74511,0.76707,336650.21514069
2022-03-18,0.76455,0.7728,0.73101,0.76182,133089.94020445
2022-03-19,0.76103,0.79693,0.75252,0.76031,173407.2883358
2022-03-20,0.76155,0.76898,0.72868,0.74651,42753.676091
2022-03-21,0.74184,0.75211,0.71962,0.74112,56572.98603131
2022-03-22,0.73533,0.75658,0.73171,0.7361,98121.99742044
2022-03-23,0.73627,0.7619,0.72868,0.75824,95556.96712714
2022-03-24,0.75818,0.77762,0.74902,0.77452,51056.23502148
