2019-02-11,0.012703,0.012703,0.011551,0.011849,2524.01732924
2019-02-12,0.011722,0.012249,0.011722,0.0122,2588.40948375
2019-02-13,0.012078,0.012155,0.011284,0.011564,952.09787217
2019-02-14,0.011608,0.011687,0.011296,0.011513,2470.90052878
2019-02-15,0.011492,0.012595,0.011471,0.011785,3589.02395638
2019-02-16,0.011814,0.012183,0.011783,0.012001,1379.42431319
2019-02-17,0.011997,0.012185,0.01188,0.011988,1560.84703736
2019-02-18,0.011935,0.012535,0.011832,0.012266,2824.90114054
2019-02-19,0.012307,0.012438,0.012024,0.012042,2495.62152237
2019-02-20,0.012061,0.0131,0.012007,0.012985,3051.88776523
2019-02-21,0.01287,0.012897,0.012225,0.012396,2655.16186747
2019-02-22,0.012414,0.012585,0.012262,0.012452,1302.35969745
2019-02-23,0.012452,0.012741,0.012265,0.012492,886.85868487
2019-02-24,0.012503,0.012742,0.01145,0.011779,2522.54314579
2019-02-25,0.011677,0.012176,0.011597,0.011886,1677.49018454
2019-02-26,0.011873,0.011951,0.011608,0.01176,808.89902609
2019-02-27,0.01174,0.011852,0.011595,0.011816,522.07109231
2019-02-28,0.01185,0.012085,0.011807,0.012024,1059.54325764
2019-03-01,0.01197,0.012677,0.01193,0.012286,2029.91677213
2019-03-02,0.012377,0.012867,0.012324,0.012669,1228.53786429
2019-03-03,0.012685,0.012784,0.012494,0.012569,443.75516724
2019-03-04,0.012542,0.012555,0.01214,0.0123,3439.31410366
2019-03-05,0.012321,0.014148,0.012253,0.013635,2546.6954379
2019-03-06,0.013687,0.014565,0.013425,0.014336,5404.12000847
2019-03-07,0.014266,0.015146,0.013984,0.014615,3149.85817639
2019-03-08,0.014638,0.014716,0.014135,0.014363,2164.46959624
2019-03-09,0.014389,0.015088,0.01397,0.014648,4496.17186745
2019-03-10,0.014624,0.01471,0.014389,0.014466,1442.54944044
2019-03-11,0.014466,0.014575,0.014,0.014148,1276.88164412
2019-03-12,0.014149,0.014615,0.01373,0.014552,1915.8842846
2019-03-13,0.014569,0.014597,0.009578,0.014296,9195.36473954
2019-03-14,0.014252,0.014823,0.01405,0.0144,1976.64855461
2019-03-15,0.014414,0.014993,0.014408,0.014919,3340.47002891
2019-03-16,0.014901,0.015663,0.014901,0.015274,1893.80661072
2019-03-17,0.015287,0.0153,0.015089,0.015247,985.02688756
2019-03-18,0.015198,0.015404,0.0144,0.014841,1541.70315642
2019-03-19,0.014845,0.014957,0.014719,0.014816,1279.1826009
2019-03-20,0.014756,0.015,0.0144,0.014924,1827.23416865
2019-03-21,0.014923,0.014943,0.014542,0.014686,1149.25708322
2019-03-22,0.014617,0.014888,0.014564,0.01485,1091.24581849
2019-03-23,0.014883,0.015319,0.014806,0.015207,3106.46079922
2019-03-24,0.015142,0.015142,0.0148,0.014993,1854.58552008
2019-03-25,0.014949,0.015145,0.01473,0.015052,2179.99730594
2019-03-26,0.014991,0.01504,0.014731,0.014865,805.035074
2019-03-27,0.014889,0.01526,0.014889,0.01526,1009.30877048
2019-03-28,0.015182,0.015182,0.01499,0.01502,1257.18042262
2019-03-29,0.01502,0.015081,0.014809,0.014981,1307.39145473
2019-03-30,0.014977,0.014977,0.014706,0.014707,1603.52898371
2019-03-31,0.014704,0.014767,0.014626,0.014761,1448.28630655
2019-04-01,0.014715,0.014744,0.014528,0.014582,1466.19682919
2019-04-02,0.014603,0.015989,0.013393,0.015791,5008.05530833
2019-04-03,0.015793,0.0189,0.015689,0.017165,14561.00039386
2019-04-04,0.01718,0.017769,0.016727,0.017304,3811.08933886
2019-04-05,0.01729,0.017893,0.017209,0.01762,3865.15932072
2019-04-06,0.017585,0.0188,0.017132,0.018378,2349.86751827
2019-04-07,0.018252,0.018506,0.017556,0.017638,923.08474108
2019-04-08,0.0177,0.017821,0.0167,0.016898,3530.69009055
2019-04-09,0.016945,0.017173,0.01501,0.016679,5361.30108908
2019-04-10,0.016809,0.016969,0.01641,0.016623,1190.19107718
2019-04-11,0.016452,0.016521,0.01505,0.015768,3726.87916089
2019-04-12,0.015722,0.01585,0.015352,0.015584,954.85375986
2019-04-13,0.015533,0.01592,0.01512,0.015403,820.36799582
2019-04-14,0.015385,0.01626,0.015164,0.016208,2358.04315163
2019-04-15,0.016222,0.016334,0.015002,0.015516,2951.20620435
2019-04-16,0.015577,0.015709,0.015414,0.015556,1200.99360975
2019-04-17,0.015547,0.015547,0.015131,0.015132,889.98120168
2019-04-18,0.015168,0.016601,0.015168,0.015523,3704.66877529
2019-04-19,0.015568,0.01574,0.015398,0.015592,1172.63656874
2019-04-20,0.015592,0.015592,0.015156,0.01533,1731.41160264
2019-04-21,0.015324,0.015326,0.014025,0.014528,2152.33355416
2019-04-22,0.014595,0.014679,0.014169,0.014307,3147.70362444
2019-04-23,0.014285,0.014327,0.013342,0.013491,6833.91553182
2019-04-24,0.013483,0.013512,0.012871,0.013477,4812.55103007
2019-04-25,0.013541,0.013906,0.01336,0.013777,1614.42976986
2019-04-26,0.013665,0.013939,0.013631,0.013869,1765.3268154
2019-04-27,0.0139,0.0139,0.013551,0.013679,1639.36613091
2019-04-28,0.01361,0.013645,0.013043,0.013138,1476.89279388
2019-04-29,0.013143,0.01319,0.012771,0.012857,1685.52890171
2019-04-30,0.012951,0.013997,0.012951,0.013953,1995.68699582
2019-05-01,0.013953,0.014077,0.013471,0.013601,1066.36016221
2019-05-02,0.01358,0.01368,0.013261,0.013389,1376.70626285
2019-05-03,0.013391,0.013904,0.012845,0.013718,2183.90725565
2019-05-04,0.013761,0.014144,0.0132,0.013367,1619.60810491
2019-05-05,0.013378,0.01344,0.013111,0.013147,1354.54322937
2019-05-06,0.013122,0.01346,0.01264,0.013069,1115.7046516
2019-05-07,0.01324,0.013518,0.01255,0.012712,1279.01107532
2019-05-08,0.012738,0.01275,0.012394,0.012449,2750.47605802
2019-05-09,0.012405,0.01245,0.011865,0.011979,4818.59584579
2019-05-10,0.011937,0.012474,0.011621,0.012112,2620.10125575
2019-05-11,0.012119,0.013253,0.01148,0.012281,9616.36669705
2019-05-12,0.012162,0.0126,0.012034,0.012131,2018.99557736
2019-05-13,0.012267,0.012354,0.011114,0.011194,6232.06325524
2019-05-14,0.0112,0.011724,0.011011,0.011435,5342.54365848
2019-05-15,0.011443,0.012939,0.011347,0.012543,7740.75971524
2019-05-16,0.012476,0.012881,0.01154,0.012138,2978.22285244
2019-05-17,0.012147,0.012573,0.011773,0.01216,1765.36757425
2019-05-18,0.01214,0.012156,0.0118,0.011957,1233.18158841
2019-05-19,0.011859,0.011981,0.011575,0.011616,2368.90704698
2019-05-20,0.01154,0.011668,0.011371,0.011492,1051.85312043
2019-05-21,0.011483,0.011671,0.011318,0.011463,2042.65666568
2019-05-22,0.011479,0.011721,0.011013,0.011474,1536.71489641
2019-05-23,0.011496,0.011521,0.011187,0.011285,687.7969272
2019-05-24,0.011303,0.012795,0.011273,0.012587,4306.61597174
2019-05-25,0.012595,0.01462,0.012423,0.012799,5603.85889987
2019-05-26,0.012798,0.013281,0.012285,0.01287,3299.79866168
2019-05-27,0.012889,0.0145,0.012682,0.013318,4847.44467059
2019-05-28,0.013355,0.013436,0.012965,0.013172,1422.73739187
2019-05-29,0.01315,0.01355,0.012848,0.013275,2060.75784586
2019-05-30,0.013312,0.013542,0.01267,0.013066,2241.84079945
2019-05-31,0.013049,0.0134,0.012793,0.0134,1683.51741906
2019-06-01,0.0134,0.013529,0.01309,0.013111,438.95583446
2019-06-02,0.013171,0.013255,0.013047,0.01315,757.5850942
2019-06-03,0.01311,0.013362,0.012818,0.013086,3680.63847323
2019-06-04,0.013054,0.013558,0.012855,0.013301,13537.65731954
2019-06-05,0.0133,0.0134,0.013105,0.013324,3180.8677813
2019-06-06,0.013338,0.01445,0.013254,0.014296,6488.05791032
2019-06-07,0.01427,0.0154,0.014117,0.014643,13865.83763683
2019-06-08,0.014642,0.015202,0.01447,0.014977,4672.67483616
2019-06-09,0.014968,0.01504,0.014617,0.01504,4220.92739838
2019-06-10,0.015011,0.016285,0.01285,0.01622,16004.08881886
2019-06-11,0.016167,0.0177,0.015979,0.017229,17825.53410561
2019-06-12,0.017242,0.017736,0.015525,0.016661,27588.61421803
2019-06-13,0.016669,0.016757,0.015532,0.015919,16451.83462933
2019-06-14,0.015919,0.016006,0.014958,0.015251,11781.16481332
2019-06-15,0.015251,0.015847,0.015241,0.01556,14149.50939669
2019-06-16,0.015607,0.015607,0.014549,0.015237,13988.55145167
2019-06-17,0.015164,0.015164,0.014029,0.01439,13955.92144309
2019-06-18,0.014333,0.015116,0.014231,0.014914,10078.55401369
2019-06-19,0.014896,0.015286,0.014578,0.014731,11591.66067146
2019-06-20,0.014738,0.014747,0.013869,0.014249,8548.85004766
2019-06-21,0.014279,0.014469,0.01362,0.01362,16347.68703028
2019-06-22,0.01362,0.013789,0.01261,0.01325,18987.14272581
2019-06-23,0.01325,0.013267,0.012399,0.012636,13171.42677058
2019-06-24,0.012653,0.014,0.012072,0.012287,9895.37404147
2019-06-25,0.012223,0.014,0.011301,0.01154,24878.84575462
2019-06-26,0.011522,0.011631,0.00975,0.010085,57160.64054135
2019-06-27,0.010099,0.0125,0.009421,0.01025,49595.64879953
2019-06-28,0.010249,0.010466,0.009643,0.009648,14945.00102021
2019-06-29,0.009643,0.01155,0.009629,0.011221,17450.95104284
2019-06-30,0.011224,0.012102,0.010811,0.011365,16225.62453403
2019-07-01,0.011365,0.011764,0.011089,0.011585,9714.36717337
2019-07-02,0.011586,0.012,0.01073,0.010984,13934.42579122
2019-07-03,0.010914,0.010944,0.01011,0.010199,7745.92422091
2019-07-04,0.01012,0.010799,0.010035,0.010751,17886.78636942
2019-07-05,0.010788,0.010951,0.010457,0.010768,6070.68942893
2019-07-06,0.010735,0.010735,0.010358,0.010533,3301.9899195
2019-07-07,0.010533,0.010607,0.010319,0.010498,13904.67840846
2019-07-08,0.010487,0.010501,0.009814,0.010019,8254.56460717
2019-07-09,0.010019,0.010039,0.009431,0.009496,14565.02654887
2019-07-10,0.009494,0.01,0.008205,0.008944,34536.19514036
2019-07-11,0.008946,0.0092,0.008456,0.009101,30782.21188094
2019-07-12,0.00909,0.00919,0.008792,0.008852,10543.75123629
2019-07-13,0.008915,0.009112,0.008823,0.008884,3711.63690208
2019-07-14,0.008893,0.008977,0.008482,0.008491,8297.20352586
2019-07-15,0.008518,0.008841,0.008273,0.008339,9290.16267353
2019-07-16,0.008319,0.008491,0.00798,0.00843,11428.07754952
2019-07-17,0.00845,0.009626,0.008318,0.009317,19821.9260792
2019-07-18,0.009334,0.00997,0.009107,0.009499,16317.02892563
2019-07-19,0.009475,0.009586,0.009161,0.009379,4773.20444693
2019-07-20,0.009381,0.009802,0.009303,0.009323,4932.5516384
2019-07-21,0.009331,0.009483,0.009158,0.009424,3968.58566647
2019-07-22,0.009437,0.00944,0.008902,0.009209,5773.68061736
2019-07-23,0.009178,0.00924,0.008967,0.009153,4039.8164449
2019-07-24,0.009106,0.009806,0.00899,0.009647,7393.22652971
2019-07-25,0.009641,0.009641,0.009231,0.009426,4182.67097686
2019-07-26,0.009444,0.009609,0.009349,0.009592,2433.43347833
2019-07-27,0.009571,0.01,0.009196,0.009373,5738.31778617
2019-07-28,0.009377,0.00951,0.009134,0.009426,3554.24282729
2019-07-29,0.009426,0.009592,0.00931,0.00952,2659.97530366
2019-07-30,0.009521,0.009538,0.009397,0.009425,3770.71173495
2019-07-31,0.009396,0.009952,0.009396,0.009783,10870.29477906
2019-08-01,0.009835,0.009897,0.00943,0.009501,9833.27095734
2019-08-02,0.009458,0.009458,0.00886,0.009001,9037.94333417
2019-08-03,0.008997,0.0095,0.008663,0.008722,8280.18979909
2019-08-04,0.008707,0.008802,0.008406,0.008471,7103.12800994
2019-08-05,0.008486,0.009076,0.008004,0.008147,27077.36559193
2019-08-06,0.008157,0.008198,0.00781,0.008113,10074.75070627
2019-08-07,0.008117,0.008117,0.007511,0.007552,6960.45692943
2019-08-08,0.007556,0.007818,0.0075,0.0075,6124.5113018
2019-08-09,0.00751,0.007544,0.00703,0.007119,9234.67816839
2019-08-10,0.0071,0.007698,0.007099,0.007564,10954.7624848
2019-08-11,0.00757,0.00802,0.007559,0.0078,7784.83315641
2019-08-12,0.007773,0.007783,0.007502,0.007524,5098.36191533
2019-08-13,0.007528,0.007925,0.007418,0.00779,9752.09556148
2019-08-14,0.007798,0.008103,0.007331,0.007553,7749.22407151
2019-08-15,0.007527,0.007653,0.007335,0.007408,10743.45716823
2019-08-16,0.007418,0.00753,0.007163,0.007202,2108.48580864
2019-08-17,0.007233,0.007238,0.007015,0.00712,1498.48927258
2019-08-18,0.007111,0.007524,0.00708,0.007408,3074.15651216
2019-08-19,0.007393,0.007398,0.007068,0.007068,3344.00943067
2019-08-20,0.007057,0.007093,0.006921,0.006975,4163.83532981
2019-08-21,0.007,0.007317,0.00699,0.007212,5329.29117871
2019-08-22,0.00723,0.007388,0.007181,0.007258,2908.8831378
2019-08-23,0.007262,0.00729,0.00712,0.007265,1902.91010534
2019-08-24,0.007243,0.007282,0.007146,0.007231,2225.49272571
2019-08-25,0.007239,0.007363,0.00706,0.007175,3567.97976209
2019-08-26,0.007116,0.007251,0.007031,0.007093,2790.78388966
2019-08-27,0.00709,0.007231,0.00706,0.00714,1930.1731072
2019-08-28,0.007159,0.00716,0.00652,0.006877,10017.100973
2019-08-29,0.006849,0.006962,0.006624,0.006681,5666.81666828
2019-08-30,0.006696,0.006801,0.006596,0.0067,2496.74386389
2019-08-31,0.006696,0.00676,0.006554,0.006705,1975.07537159
2019-09-01,0.006708,0.006939,0.006701,0.00678,6447.18582407
2019-09-02,0.00679,0.00679,0.006431,0.006455,5372.9374706
2019-09-03,0.006465,0.006712,0.006428,0.006499,6576.97110513
2019-09-04,0.0065,0.006534,0.00628,0.006342,2262.40098754
2019-09-05,0.006348,0.006362,0.0061,0.006182,6545.51068791
2019-09-06,0.00617,0.006334,0.006146,0.006308,4985.96810922
2019-09-07,0.006291,0.006693,0.006259,0.006564,2847.31620277
2019-09-08,0.006576,0.006813,0.006564,0.006803,2256.91081649
2019-09-09,0.006779,0.006885,0.006646,0.006793,2280.18573117
2019-09-10,0.006803,0.007078,0.006803,0.006981,8878.91062818
2019-09-11,0.007014,0.00707,0.00679,0.006861,5354.38880211
2019-09-12,0.006866,0.006866,0.006619,0.006635,9214.62644545
2019-09-13,0.006655,0.00673,0.00659,0.006653,1296.91578864
2019-09-14,0.00666,0.006861,0.006634,0.00682,4642.91112318
2019-09-15,0.006863,0.006949,0.006778,0.00681,1973.38843801
2019-09-16,0.006815,0.007151,0.006815,0.00709,5647.25592757
2019-09-17,0.00709,0.0076,0.007072,0.007257,11684.39560337
2019-09-18,0.0073,0.00786,0.007291,0.007648,14351.16009189
2019-09-19,0.007643,0.007738,0.00733,0.007499,11797.33517052
2019-09-20,0.007478,0.00749,0.007239,0.007399,3615.40421509
2019-09-21,0.007382,0.007438,0.007243,0.007333,3115.02150676
2019-09-22,0.007325,0.007326,0.007162,0.00722,2451.10732577
2019-09-23,0.007207,0.00746,0.006385,0.006854,12004.33066029
2019-09-24,0.006861,0.007102,0.006429,0.006445,28001.94009821
2019-09-25,0.006437,0.006958,0.00641,0.00682,7772.11659318
2019-09-26,0.00682,0.0069,0.006481,0.006807,11461.32079084
2019-09-27,0.0068,0.006907,0.006702,0.00682,3396.88381533
2019-09-28,0.006837,0.006844,0.006697,0.006727,1945.73755899
2019-09-29,0.006745,0.006774,0.006581,0.006692,4221.73135934
2019-09-30,0.006709,0.006916,0.006687,0.006762,29292.35178548
2019-10-01,0.006752,0.006859,0.006612,0.0067,7361.59640078
2019-10-02,0.006718,0.006857,0.006716,0.006736,2149.13788785
2019-10-03,0.00673,0.006931,0.006644,0.006855,3126.06785328
2019-10-04,0.006885,0.007034,0.006855,0.006925,4318.54910306
2019-10-05,0.006912,0.007083,0.00691,0.006964,7344.56616153
2019-10-06,0.006956,0.00705,0.006801,0.006945,5423.36959465
2019-10-07,0.006943,0.0071,0.006868,0.007021,2878.79323526
2019-10-08,0.006991,0.007037,0.006936,0.00694,3858.33157142
2019-10-09,0.006968,0.007087,0.006826,0.006906,5396.9216966
2019-10-10,0.006906,0.006906,0.006687,0.006715,2227.4736149
2019-10-11,0.006715,0.006759,0.006589,0.00675,3053.81750702
2019-10-12,0.006754,0.006778,0.006672,0.006705,1761.31511557
2019-10-13,0.006718,0.006886,0.006711,0.00682,1534.00213739
2019-10-14,0.006842,0.006874,0.006778,0.006814,3469.99078599
2019-10-15,0.006802,0.006852,0.006481,0.006692,6015.60778368
2019-10-16,0.00671,0.006767,0.00644,0.006569,3644.48891141
2019-10-17,0.006577,0.0068,0.006476,0.006796,2787.37969601
2019-10-18,0.006796,0.006796,0.006655,0.006693,4879.62148626
2019-10-19,0.006701,0.006789,0.006645,0.006769,1413.37491133
2019-10-20,0.006776,0.006783,0.00667,0.006681,2047.73165086
2019-10-21,0.006671,0.00672,0.006553,0.006654,2040.00837882
2019-10-22,0.006645,0.006706,0.00658,0.006644,1716.30500374
2019-10-23,0.00663,0.006649,0.006363,0.006607,7655.34351251
2019-10-24,0.006614,0.006728,0.00656,0.006689,1911.22343192
2019-10-25,0.006678,0.006951,0.006565,0.006565,4931.14389962
2019-10-26,0.006563,0.006597,0.006,0.006173,12340.6505029
2019-10-27,0.006137,0.006442,0.006,0.006259,6059.32122802
2019-10-28,0.006259,0.006259,0.006259,0.006259,0.0
2019-10-29,0.00628,0.006419,0.00628,0.006352,3400.97714602
2019-10-30,0.006357,0.006494,0.006298,0.006312,4321.91554758
2019-10-31,0.006341,0.006468,0.00632,0.006363,4692.64645059
2019-11-01,0.006377,0.006402,0.006255,0.006308,1501.43218148
2019-11-02,0.006285,0.006334,0.006248,0.006277,688.1660237
2019-11-03,0.006264,0.006387,0.006231,0.006348,763.29897184
2019-11-04,0.00635,0.006675,0.00634,0.00652,6307.31487542
2019-11-05,0.006516,0.006869,0.006516,0.006791,4828.08111105
2019-11-06,0.00677,0.006868,0.006718,0.00684,3661.41037087
2019-11-07,0.006868,0.006874,0.00657,0.006659,2798.10176127
2019-11-08,0.006669,0.006878,0.00665,0.006877,3188.19222641
2019-11-09,0.00688,0.00711,0.006865,0.00704,8190.53366502
2019-11-10,0.00704,0.007476,0.006916,0.007038,11850.4513538
2019-11-11,0.007035,0.00717,0.006751,0.007056,8072.99862929
2019-11-12,0.007067,0.007113,0.006929,0.006967,2289.16223796
2019-11-13,0.006975,0.007037,0.006912,0.006954,1971.97262215
2019-11-14,0.006929,0.006954,0.006792,0.006811,2049.96112599
2019-11-15,0.006824,0.006984,0.006636,0.006803,5035.07499
2019-11-16,0.006796,0.006901,0.006766,0.006873,683.27948494
2019-11-17,0.006873,0.007001,0.006841,0.006952,936.397677
2019-11-18,0.006967,0.006976,0.006643,0.006815,3461.41800431
2019-11-19,0.006822,0.006894,0.006735,0.006773,2011.84693716
2019-11-20,0.006785,0.006895,0.006741,0.006774,1965.42769918
2019-11-21,0.006769,0.006804,0.006485,0.006625,6963.92398407
2019-11-22,0.006644,0.006709,0.00639,0.006513,5752.40335361
2019-11-23,0.00652,0.006634,0.00648,0.006557,1895.72336822
2019-11-24,0.006581,0.006581,0.006284,0.006354,6307.82967592
2019-11-25,0.006341,0.006761,0.006307,0.0064,4569.61050968
2019-11-26,0.006406,0.00661,0.006406,0.006555,1130.0840363
2019-11-27,0.006564,0.006564,0.006321,0.006347,3340.23276699
2019-11-28,0.006347,0.0064,0.006237,0.006285,6526.37123639
2019-11-29,0.006299,0.006432,0.00626,0.006272,1540.58530934
2019-11-30,0.006262,0.00633,0.006218,0.00626,3102.67046076
2019-12-01,0.006259,0.006478,0.006185,0.006428,2761.10357427
2019-12-02,0.006417,0.006417,0.006169,0.006243,2820.91969558
2019-12-03,0.006233,0.00627,0.00612,0.006142,1308.6790788
2019-12-04,0.006133,0.006247,0.00605,0.006199,5160.95848626
2019-12-05,0.006201,0.006201,0.006006,0.006071,4112.37051265
2019-12-06,0.006056,0.006122,0.006,0.006037,3992.08336552
2019-12-07,0.006038,0.006147,0.006002,0.006028,2499.7513203
2019-12-08,0.006028,0.006108,0.006028,0.00605,1303.31371915
2019-12-09,0.006069,0.006124,0.005979,0.006059,2856.92469915
2019-12-10,0.006063,0.006105,0.006015,0.006101,1858.08449117
2019-12-11,0.006103,0.006151,0.006015,0.006055,3254.40279397
2019-12-12,0.006053,0.006096,0.00601,0.006062,1020.45391187
2019-12-13,0.006078,0.006132,0.006026,0.006107,906.12777061
2019-12-14,0.006107,0.006107,0.006107,0.006107,0.0
2019-12-15,0.00612,0.00615,0.006097,0.006107,6640.48765045
2019-12-16,0.006108,0.006114,0.005677,0.0058,5377.89283484
2019-12-17,0.005793,0.005807,0.005519,0.005569,7333.46800255
2019-12-18,0.005566,0.005812,0.005553,0.005633,4174.36453631
2019-12-19,0.0056,0.005663,0.005511,0.005531,2080.07496393
2019-12-20,0.005547,0.005631,0.005539,0.005594,437.98225684
2019-12-21,0.005587,0.005599,0.005552,0.005564,485.75639259
2019-12-22,0.005567,0.005736,0.005561,0.005581,1690.42230334
2019-12-23,0.005576,0.005623,0.005511,0.005543,2715.97479816
2019-12-24,0.005544,0.005618,0.005496,0.005573,1269.72539989
2019-12-25,0.00555,0.005595,0.005496,0.00557,1141.99786642
2019-12-26,0.005558,0.00565,0.005511,0.005555,2933.55330198
2019-12-27,0.005564,0.005693,0.005542,0.005646,1672.40977811
2019-12-28,0.005641,0.00595,0.005641,0.005886,4137.1029092
2019-12-29,0.005848,0.005886,0.005777,0.005839,1386.16701203
2019-12-30,0.00582,0.00596,0.005788,0.00586,1905.95694496
2019-12-31,0.005865,0.005877,0.005726,0.005729,5383.65812148
2020-01-01,0.005738,0.005803,0.005722,0.005763,1552.34700099
2020-01-02,0.005774,0.005799,0.005635,0.005656,2920.32760178
2020-01-03,0.00565,0.00575,0.005595,0.00575,4025.33207772
2020-01-04,0.005743,0.005826,0.005725,0.005823,5332.58770277
2020-01-05,0.005823,0.005958,0.00575,0.005885,5347.48940888
2020-01-06,0.005874,0.00599,0.005859,0.005891,3598.163239
2020-01-07,0.005879,0.005879,0.005679,0.005679,9104.08269441
2020-01-08,0.005679,0.005771,0.00547,0.005638,2597.29579034
2020-01-09,0.005646,0.005736,0.00562,0.005736,1631.09549462
2020-01-10,0.00572,0.006139,0.0057,0.005989,6606.46999119
2020-01-11,0.005974,0.006344,0.005941,0.006155,5449.13977213
2020-01-12,0.006137,0.006383,0.006137,0.006264,3589.24542787
2020-01-13,0.006287,0.006287,0.006061,0.006105,2883.35835513
2020-01-14,0.006159,0.006863,0.006128,0.006637,15417.84195638
2020-01-15,0.00662,0.006814,0.006449,0.006589,5828.95508179
2020-01-16,0.006595,0.006704,0.006362,0.006609,3222.81058002
2020-01-17,0.0066,0.007059,0.006547,0.006855,7156.95766798
2020-01-18,0.006895,0.006948,0.006558,0.006645,3441.46590488
2020-01-19,0.006643,0.006871,0.006432,0.00664,6189.68497282
2020-01-20,0.006633,0.0067,0.006525,0.006621,1538.44491437
2020-01-21,0.006616,0.006687,0.006401,0.006597,5364.61867362
2020-01-22,0.006606,0.006768,0.006569,0.006725,2121.58599673
2020-01-23,0.006727,0.00673,0.00631,0.006499,7298.61926492
2020-01-24,0.006468,0.006509,0.006132,0.006453,4446.10939242
2020-01-25,0.00644,0.00648,0.006263,0.00639,934.66507018
2020-01-26,0.006362,0.006586,0.006362,0.006517,1996.24540233
2020-01-27,0.00654,0.00678,0.0065,0.006568,2113.35327657
2020-01-28,0.006589,0.006739,0.006437,0.006469,4000.1644265
2020-01-29,0.006469,0.006657,0.006417,0.006425,3802.55995228
2020-01-30,0.006418,0.007343,0.006332,0.007167,19670.40898397
2020-01-31,0.00714,0.00744,0.007097,0.007258,6752.65581366
2020-02-01,0.00726,0.00772,0.00726,0.007564,6242.20165694
2020-02-02,0.007508,0.007776,0.007334,0.00748,6395.32169801
2020-02-03,0.007472,0.007634,0.00739,0.0075,3479.86749867
2020-02-04,0.007508,0.007528,0.007268,0.007409,4133.49059089
2020-02-05,0.007429,0.007691,0.007362,0.007554,4014.99057931
2020-02-06,0.007545,0.007747,0.00736,0.007537,3210.60132714
2020-02-07,0.007538,0.00766,0.007463,0.007593,7661.42436956
2020-02-08,0.007565,0.00789,0.007384,0.007747,6421.4550059
2020-02-09,0.00779,0.00779,0.007494,0.007587,3577.47687807
2020-02-10,0.007593,0.007593,0.007398,0.007538,5439.83233908
2020-02-11,0.007514,0.007637,0.007405,0.00748,3388.23240967
2020-02-12,0.007494,0.008008,0.00749,0.007862,7054.44146349
2020-02-13,0.007882,0.008087,0.007515,0.007871,11243.17164165
2020-02-14,0.007872,0.008098,0.007781,0.008037,4627.04782932
2020-02-15,0.008038,0.008055,0.00765,0.007746,6750.61452955
2020-02-16,0.007758,0.00803,0.007,0.007539,8027.86915116
2020-02-17,0.007536,0.0076,0.007114,0.00755,2828.4156267
2020-02-18,0.007549,0.007768,0.007312,0.007596,3052.05834019
2020-02-19,0.007595,0.007727,0.00715,0.007386,9432.88315447
2020-02-20,0.007363,0.007491,0.007028,0.007249,2758.86294356
2020-02-21,0.007235,0.007719,0.007186,0.007563,3154.58937035
2020-02-22,0.007557,0.007922,0.007515,0.00776,4587.448532
2020-02-23,0.007779,0.008071,0.007749,0.008008,4120.36289915
2020-02-24,0.008003,0.008003,0.007565,0.007828,7284.1413329
2020-02-25,0.007843,0.007857,0.0075,0.00763,2348.58142207
2020-02-26,0.007609,0.007677,0.006627,0.006893,17025.44213687
2020-02-27,0.006886,0.007262,0.0067,0.00699,6219.56294603
2020-02-28,0.007015,0.00712,0.006699,0.006894,6179.86230471
2020-02-29,0.006913,0.007,0.006767,0.0068,2557.24660118
2020-03-01,0.006829,0.006948,0.006624,0.006784,4573.23062684
2020-03-02,0.00677,0.007014,0.006721,0.006877,3719.10463524
2020-03-03,0.00685,0.007016,0.006805,0.006948,4971.38528364
2020-03-04,0.006963,0.006993,0.006783,0.0069,2741.18978414
2020-03-05,0.006911,0.006928,0.006796,0.00683,2685.47479736
2020-03-06,0.006856,0.006958,0.006797,0.006922,2801.95750834
2020-03-07,0.006922,0.007025,0.006783,0.006795,3350.04085332
2020-03-08,0.006784,0.006784,0.00625,0.006334,8947.96549891
2020-03-09,0.006363,0.006426,0.006087,0.006361,11121.19546167
2020-03-10,0.006357,0.006388,0.006226,0.006348,3202.33829351
2020-03-11,0.00636,0.006376,0.005995,0.006105,4109.3454292
2020-03-12,0.006126,0.00646,0.0052,0.006205,84090.56283063
2020-03-13,0.006205,0.006888,0.00584,0.006746,78985.0976989
2020-03-14,0.006707,0.006788,0.00654,0.006642,3756.23587491
2020-03-15,0.006659,0.006809,0.006483,0.006781,5641.38161181
2020-03-16,0.006799,0.00684,0.006439,0.00661,20626.4547818
2020-03-17,0.006571,0.006652,0.006378,0.006436,5149.20386114
2020-03-18,0.006436,0.006533,0.006316,0.006439,9544.69898904
2020-03-19,0.006439,0.006505,0.006205,0.006311,5521.29098908
2020-03-20,0.006304,0.006374,0.00598,0.006135,9776.43551783
2020-03-21,0.006147,0.00625,0.006099,0.006217,2773.3616509
2020-03-22,0.006206,0.00625,0.00598,0.006081,4336.1523095
2020-03-23,0.00609,0.00626,0.005954,0.006012,4052.6834723
2020-03-24,0.006009,0.006065,0.005903,0.006011,2611.96592679
2020-03-25,0.006021,0.006066,0.00584,0.005869,3317.65311125
2020-03-26,0.005876,0.005989,0.005815,0.005989,1205.37364365
2020-03-27,0.006,0.006094,0.005918,0.005986,4212.7941194
2020-03-28,0.005967,0.006303,0.0059,0.006231,3186.25547195
2020-03-29,0.006231,0.006325,0.006179,0.006299,4241.78054297
2020-03-30,0.006334,0.006348,0.006002,0.006083,2364.26111976
2020-03-31,0.006055,0.006113,0.00598,0.006108,4361.20242836
2020-04-01,0.006094,0.006151,0.005889,0.005903,3279.97850056
2020-04-02,0.0059,0.005986,0.005858,0.005872,2800.85173652
2020-04-03,0.005881,0.006028,0.00587,0.006021,1000.69849106
2020-04-04,0.006021,0.00603,0.005893,0.005933,1923.79722299
2020-04-05,0.005954,0.006,0.005936,0.005948,1058.5707015
2020-04-06,0.005944,0.006228,0.005925,0.006133,3242.85489102
2020-04-07,0.006143,0.006406,0.006143,0.006203,3783.0953758
2020-04-08,0.006216,0.006383,0.006189,0.006323,1105.78958634
2020-04-09,0.006333,0.0064,0.006278,0.006364,1074.05665299
2020-04-10,0.006362,0.006371,0.006052,0.006143,1788.47863925
2020-04-11,0.006162,0.006233,0.006138,0.006173,890.66088061
2020-04-12,0.006192,0.006236,0.006036,0.006084,1260.49949785
2020-04-13,0.006083,0.006112,0.005957,0.006035,4025.80144066
2020-04-14,0.006027,0.006042,0.005977,0.006005,1932.32122188
2020-04-15,0.00597,0.006029,0.005928,0.005929,1203.63724029
2020-04-16,0.005928,0.006137,0.005843,0.005991,4029.57256435
2020-04-17,0.00599,0.006028,0.005914,0.006013,1502.16890081
2020-04-18,0.005999,0.006095,0.00596,0.006084,2604.95491966
2020-04-19,0.00605,0.006095,0.005905,0.005934,2371.01664408
2020-04-20,0.005928,0.00599,0.005864,0.005899,1742.3219868
2020-04-21,0.005898,0.005969,0.005868,0.00594,1518.79566725
2020-04-22,0.00594,0.005943,0.005862,0.005882,835.13339786
2020-04-23,0.005866,0.005878,0.00567,0.005741,4468.48246964
2020-04-24,0.005753,0.005963,0.005738,0.005938,4570.42234379
2020-04-25,0.005932,0.006,0.005861,0.005895,4952.37824945
2020-04-26,0.005882,0.005939,0.005791,0.005808,1407.49215578
2020-04-27,0.005787,0.005827,0.005653,0.005727,4440.7249659
2020-04-28,0.005724,0.005931,0.005678,0.005904,2708.85467985
2020-04-29,0.005902,0.005945,0.005468,0.005566,8279.15440528
2020-04-30,0.005557,0.005632,0.005245,0.005376,8960.60068914
2020-05-01,0.005377,0.00545,0.005303,0.005316,3905.9716668
2020-05-02,0.005351,0.005558,0.005302,0.005476,7834.02485705
2020-05-03,0.005484,0.005536,0.005361,0.005414,3521.98563881
2020-05-04,0.005398,0.0054,0.005252,0.005297,4465.65302463
2020-05-05,0.00529,0.005322,0.005159,0.005159,3671.64586191
2020-05-06,0.005165,0.005211,0.004905,0.004943,3069.79985412
2020-05-07,0.004911,0.004967,0.004681,0.004736,8363.28722533
2020-05-08,0.004765,0.004903,0.004711,0.004858,4477.14447674
2020-05-09,0.004855,0.00503,0.004852,0.004926,9873.38053011
2020-05-10,0.004891,0.00495,0.004761,0.004825,10580.18128053
2020-05-11,0.004817,0.004861,0.004667,0.004861,4744.77482107
2020-05-12,0.00485,0.004861,0.004731,0.004791,3223.93778274
2020-05-13,0.004793,0.004793,0.004615,0.004643,1100.66412695
2020-05-14,0.004638,0.004639,0.004469,0.004499,5616.1490337
2020-05-15,0.004501,0.004612,0.004477,0.004602,5371.07990638
2020-05-16,0.0046,0.004638,0.004567,0.004616,2665.54332061
2020-05-17,0.004602,0.004651,0.004494,0.004515,1805.58446874
2020-05-18,0.004498,0.004706,0.00446,0.004659,4756.88737755
2020-05-19,0.004666,0.004683,0.004612,0.00468,3361.10931638
2020-05-20,0.004673,0.00472,0.004581,0.00465,3494.26728683
2020-05-21,0.004652,0.004745,0.004625,0.004716,4095.71362623
2020-05-22,0.004722,0.004856,0.004712,0.00482,2566.26133849
2020-05-23,0.004831,0.00484,0.004765,0.004791,2582.7846808
2020-05-24,0.004783,0.004856,0.00476,0.004842,3072.03745734
2020-05-25,0.00483,0.004904,0.004811,0.004829,1829.87716728
2020-05-26,0.004828,0.004838,0.004761,0.004784,2967.68203479
2020-05-27,0.004786,0.004806,0.004747,0.004767,1587.81019618
2020-05-28,0.004766,0.004767,0.004654,0.004677,1504.2619627
2020-05-29,0.004665,0.004757,0.004665,0.004715,1970.8018542
2020-05-30,0.004724,0.004977,0.004715,0.004925,2466.52421593
2020-05-31,0.004922,0.004949,0.004807,0.004831,1647.95473062
2020-06-01,0.004823,0.004928,0.004682,0.00474,4349.8703435
2020-06-02,0.004725,0.004974,0.004709,0.004833,11591.15703723
2020-06-03,0.004833,0.004954,0.004804,0.004881,2923.33977754
2020-06-04,0.004886,0.004969,0.004795,0.00485,2325.52629865
2020-06-05,0.00484,0.00488,0.004822,0.004863,1352.69534061
2020-06-06,0.004873,0.004874,0.004827,0.004838,1140.43708398
2020-06-07,0.004835,0.00484,0.004777,0.004783,1979.42452858
2020-06-08,0.004792,0.004808,0.004746,0.004747,2289.33508426
2020-06-09,0.004746,0.004776,0.004678,0.004694,2299.31184178
2020-06-10,0.004693,0.004767,0.004693,0.004724,2132.50973067
2020-06-11,0.004722,0.004752,0.004617,0.004667,2657.23199705
2020-06-12,0.004657,0.004784,0.004633,0.004728,1297.43156507
2020-06-13,0.004723,0.004772,0.004713,0.004772,416.30857753
2020-06-14,0.004753,0.004753,0.004696,0.004724,982.97818646
2020-06-15,0.004691,0.004702,0.004626,0.004647,1559.80218872
2020-06-16,0.004635,0.004635,0.004572,0.004606,1521.64723994
2020-06-17,0.004607,0.004728,0.004607,0.00465,13443.16856943
2020-06-18,0.004657,0.004679,0.00461,0.004631,990.4451121
2020-06-19,0.004624,0.004653,0.004595,0.004604,1127.07828067
2020-06-20,0.004603,0.004669,0.004595,0.00466,1069.99824904
2020-06-21,0.004659,0.004666,0.00461,0.004627,988.41595198
2020-06-22,0.004625,0.004649,0.004568,0.00458,2463.34886366
2020-06-23,0.004572,0.004613,0.004565,0.00459,1112.67933493
2020-06-24,0.00459,0.00459,0.00459,0.00459,0.0
2020-06-25,0.004581,0.004633,0.004554,0.004584,764.26278207
2020-06-26,0.004589,0.004725,0.004548,0.004705,2098.8465609
2020-06-27,0.0047,0.004702,0.004425,0.004563,2209.9643186
2020-06-28,0.004551,0.004586,0.004515,0.004536,754.76189175
2020-06-29,0.004529,0.00459,0.004489,0.004567,2564.65450614
2020-06-30,0.004559,0.004561,0.00448,0.004511,596.2682477
2020-07-01,0.004508,0.004543,0.004498,0.004525,813.93478532
2020-07-02,0.004531,0.004535,0.004489,0.004513,8913.0291259
2020-07-03,0.00451,0.004572,0.00451,0.004543,1340.31232965
2020-07-04,0.004554,0.004617,0.004548,0.004613,630.21188492
2020-07-05,0.004603,0.004603,0.004549,0.00459,720.26896935
2020-07-06,0.004587,0.004728,0.004584,0.004722,1701.55681174
2020-07-07,0.004713,0.004742,0.004663,0.004683,877.26168896
2020-07-08,0.004684,0.004876,0.004666,0.004794,4868.49749379
2020-07-09,0.004792,0.004868,0.004746,0.004806,1851.43128237
2020-07-10,0.004803,0.004844,0.004765,0.004771,2679.34304939
2020-07-11,0.004776,0.00484,0.004776,0.00484,363.92791865
2020-07-12,0.004847,0.004865,0.004765,0.004811,1490.03561291
2020-07-13,0.004805,0.004903,0.004641,0.004743,10295.22732662
2020-07-14,0.004749,0.004755,0.004677,0.004741,2514.06859916
2020-07-15,0.004742,0.004745,0.004666,0.00471,2821.44830233
2020-07-16,0.00471,0.004716,0.004505,0.00461,2891.11724044
2020-07-17,0.004605,0.004625,0.00457,0.004581,1894.39953333
2020-07-18,0.004578,0.004662,0.004569,0.004634,808.51478772
2020-07-19,0.004631,0.004649,0.004593,0.00463,1678.72340065
2020-07-20,0.00463,0.004645,0.00453,0.004586,904.19690932
2020-07-21,0.004582,0.004704,0.004582,0.004663,1069.60082972
2020-07-22,0.004664,0.004735,0.004642,0.004735,1201.13311022
2020-07-23,0.004728,0.004796,0.004672,0.004682,8263.63045368
2020-07-24,0.004673,0.004688,0.004624,0.00463,1732.98142029
2020-07-25,0.004627,0.0051,0.004627,0.005056,27850.90381741
2020-07-26,0.005051,0.0052,0.00482,0.00484,24805.26888424
2020-07-27,0.004841,0.005063,0.004477,0.004834,35558.10894119
2020-07-28,0.004823,0.005249,0.004794,0.005109,11771.93396807
2020-07-29,0.005115,0.005149,0.004929,0.004974,5415.70498217
2020-07-30,0.00497,0.005302,0.004924,0.005102,7287.52201398
2020-07-31,0.005122,0.005238,0.005073,0.005128,9701.13274834
2020-08-01,0.005142,0.0053,0.005034,0.005229,17857.50136806
2020-08-02,0.00524,0.005439,0.004932,0.005121,49580.96529643
2020-08-03,0.005133,0.00525,0.005089,0.005214,8777.98346455
2020-08-04,0.005216,0.005228,0.005097,0.005148,2759.79061369
2020-08-05,0.005156,0.005188,0.004999,0.005019,11451.84237202
2020-08-06,0.005012,0.005116,0.004959,0.00502,11502.54370605
2020-08-07,0.005019,0.00515,0.004777,0.004939,6827.62061194
2020-08-08,0.004935,0.004971,0.004902,0.00496,1340.6536765
2020-08-09,0.004962,0.004973,0.004854,0.004875,3010.12761846
2020-08-10,0.004877,0.004978,0.004824,0.004903,4905.87944391
2020-08-11,0.004906,0.005019,0.004721,0.004765,3439.84364596
2020-08-12,0.00475,0.004778,0.004626,0.004711,2466.92301754
2020-08-13,0.004716,0.004871,0.0046,0.004848,9226.86466737
2020-08-14,0.004848,0.004848,0.004848,0.004848,0.0
2020-08-15,0.004832,0.005106,0.004786,0.005055,12122.36453068
2020-08-16,0.005051,0.005418,0.00496,0.005364,11789.27430776
2020-08-17,0.005365,0.005592,0.005153,0.005465,35987.93765246
2020-08-18,0.005475,0.005623,0.00527,0.005483,10874.81295883
2020-08-19,0.005479,0.005588,0.00508,0.005277,12664.51681576
2020-08-20,0.005295,0.005379,0.00522,0.005307,6812.85712646
2020-08-21,0.005295,0.005375,0.005121,0.005126,11777.40284318
2020-08-22,0.005133,0.005179,0.00508,0.005158,4266.44469306
2020-08-23,0.005168,0.00526,0.005042,0.005205,1694.02794755
2020-08-24,0.005195,0.005343,0.005172,0.005285,2541.57923078
2020-08-25,0.005288,0.005288,0.005,0.005161,12264.27254176
2020-08-26,0.005138,0.005144,0.005047,0.005064,11269.42359354
2020-08-27,0.005083,0.005119,0.004843,0.00495,6126.90775712
2020-08-28,0.004955,0.005055,0.00488,0.004975,7326.77326474
2020-08-29,0.004973,0.005033,0.00496,0.004971,1935.14329736
2020-08-30,0.004971,0.005366,0.004971,0.005366,14253.31015775
2020-08-31,0.005368,0.005433,0.005193,0.005228,5729.22475529
2020-09-01,0.005227,0.00535,0.005179,0.005265,4472.02803907
2020-09-02,0.005263,0.005314,0.005031,0.0051,4345.72612026
2020-09-03,0.005094,0.005124,0.004532,0.004659,12493.59218882
2020-09-04,0.004661,0.004964,0.004557,0.004831,13608.86253825
2020-09-05,0.004821,0.004872,0.004581,0.004694,6038.8440513
2020-09-06,0.004678,0.004778,0.004629,0.004675,7898.25373502
2020-09-07,0.00467,0.004769,0.004569,0.004703,8051.8262849
2020-09-08,0.004713,0.004763,0.004627,0.004687,2100.58120989
2020-09-09,0.004678,0.004726,0.004664,0.004684,2330.23160113
2020-09-10,0.004691,0.004757,0.004665,0.004698,2112.71938999
2020-09-11,0.004703,0.00477,0.004656,0.004721,2708.67938359
2020-09-12,0.004712,0.004899,0.0047,0.004868,2295.78331742
2020-09-13,0.004861,0.004865,0.004619,0.004656,5361.20055458
2020-09-14,0.004648,0.004662,0.004553,0.004595,3852.41842118
2020-09-15,0.004582,0.004653,0.004471,0.00448,8871.4905925
2020-09-16,0.004482,0.004482,0.004355,0.004362,1983.94660653
2020-09-17,0.004363,0.00451,0.004363,0.004475,2254.18261426
2020-09-18,0.004465,0.004475,0.004393,0.004436,760.61073145
2020-09-19,0.004428,0.004429,0.004368,0.004376,1029.53159462
2020-09-20,0.004374,0.004402,0.004284,0.004311,7912.8262592
2020-09-21,0.0043,0.004342,0.00405,0.004144,8138.03046539
2020-09-22,0.004136,0.00424,0.004136,0.00423,2164.25427241
2020-09-23,0.00422,0.004295,0.004161,0.004211,2306.30173688
2020-09-24,0.004191,0.004262,0.004176,0.004184,4790.70909141
2020-09-25,0.004185,0.004363,0.004146,0.0043,6825.72352011
2020-09-26,0.0043,0.0043,0.0043,0.0043,0.0
2020-09-27,0.0043,0.0043,0.0043,0.0043,0.0
2020-09-28,0.0043,0.0043,0.0043,0.0043,0.0
2020-09-29,0.0043,0.0043,0.0043,0.0043,0.0
2020-09-30,0.004212,0.004325,0.004209,0.00429,2292.87293024
2020-10-01,0.004293,0.004461,0.004282,0.004353,6858.44041617
2020-10-02,0.004349,0.004408,0.004174,0.00425,7780.75819251
2020-10-03,0.004251,0.004343,0.004251,0.004319,8026.46680937
2020-10-04,0.004326,0.0044,0.004307,0.004381,877.5002597
2020-10-05,0.004384,0.004384,0.004267,0.004303,2026.43055813
2020-10-06,0.004295,0.004486,0.004283,0.004332,5513.77015676
2020-10-07,0.004331,0.00439,0.004276,0.004372,1566.8546167
2020-10-08,0.00436,0.004368,0.004306,0.004326,949.95234076
2020-10-09,0.004312,0.004345,0.004298,0.004321,927.88156166
2020-10-10,0.00432,0.004428,0.004262,0.004329,3398.56091869
2020-10-11,0.00433,0.004485,0.004316,0.004444,3582.74729355
2020-10-12,0.004438,0.00447,0.004372,0.004396,3491.63822885
2020-10-13,0.004393,0.004396,0.004319,0.00437,3799.84132254
2020-10-14,0.004369,0.004441,0.004341,0.004362,2172.12622372
2020-10-15,0.004355,0.004406,0.004291,0.004303,3780.49679204
2020-10-16,0.004299,0.004322,0.00407,0.004206,12063.43687282
2020-10-17,0.004189,0.004192,0.004108,0.004129,1218.19510029
2020-10-18,0.004127,0.004174,0.004127,0.004138,1013.35591035
2020-10-19,0.004134,0.004134,0.004076,0.004089,2466.48018053
2020-10-20,0.004085,0.004113,0.0039,0.003935,5379.36744676
2020-10-21,0.003939,0.004229,0.003911,0.004137,16586.57206982
2020-10-22,0.004167,0.004208,0.004152,0.004193,1204.25397913
2020-10-23,0.004184,0.004382,0.004141,0.004285,5552.53252921
2020-10-24,0.004289,0.004558,0.004262,0.004517,7190.06459384
2020-10-25,0.004497,0.00461,0.004374,0.00451,12292.41608618
2020-10-26,0.004512,0.004535,0.004294,0.004347,7543.65857559
2020-10-27,0.004358,0.004437,0.004196,0.00424,9449.16562559
2020-10-28,0.00424,0.004409,0.004175,0.004202,8718.37964853
2020-10-29,0.004202,0.004244,0.004044,0.004079,2895.1172191
2020-10-30,0.00408,0.004106,0.003958,0.003982,5071.86729409
2020-10-31,0.003976,0.004062,0.003961,0.004044,3968.29603447
2020-11-01,0.004051,0.004066,0.003957,0.004044,6773.1953326
2020-11-02,0.004044,0.004105,0.003952,0.003969,4117.66616778
2020-11-03,0.003967,0.003994,0.00384,0.003851,6029.83649093
2020-11-04,0.00387,0.003901,0.003757,0.00387,2989.74126313
2020-11-05,0.003875,0.00395,0.003733,0.003779,8307.31379544
2020-11-06,0.003782,0.004068,0.003782,0.004059,10911.66232906
2020-11-07,0.004059,0.004148,0.003906,0.003955,4729.73721894
2020-11-08,0.003977,0.00402,0.003921,0.003933,2679.68623461
2020-11-09,0.003939,0.003959,0.00383,0.003863,2605.00735891
2020-11-10,0.003861,0.003869,0.003777,0.003788,1133.54981346
2020-11-11,0.003788,0.003893,0.0034,0.003774,10735.24175808
2020-11-12,0.003758,0.003758,0.003633,0.003724,6987.70114125
2020-11-13,0.003721,0.004101,0.003702,0.00403,15594.53131101
2020-11-14,0.004041,0.004062,0.003925,0.003969,10340.6777658
2020-11-15,0.003967,0.004,0.003868,0.003909,2685.60185407
2020-11-16,0.003908,0.004442,0.003908,0.004418,21145.77022057
2020-11-17,0.004407,0.004529,0.004137,0.004326,24047.46556894
2020-11-18,0.004342,0.004349,0.00392,0.004137,24562.386421
2020-11-19,0.004145,0.00464,0.00408,0.004585,23185.33906333
2020-11-20,0.004574,0.004691,0.004349,0.004419,15947.28940821
2020-11-21,0.004425,0.004683,0.004349,0.004661,14871.13964977
2020-11-22,0.004653,0.004689,0.004364,0.004489,9796.39137884
2020-11-23,0.004503,0.00487,0.00449,0.004849,32068.47373097
2020-11-24,0.004849,0.00505,0.004535,0.004663,33011.5911549
2020-11-25,0.00466,0.004724,0.004219,0.004367,13489.31937691
2020-11-26,0.004365,0.004453,0.003956,0.00413,17902.2469017
2020-11-27,0.004147,0.004217,0.003973,0.004035,10618.51260626
2020-11-28,0.004034,0.004202,0.004015,0.004108,10768.49928204
2020-11-29,0.004092,0.004436,0.004078,0.004355,6044.73360146
2020-11-30,0.004356,0.004537,0.004166,0.004457,11240.9059948
2020-12-01,0.004452,0.004818,0.004303,0.004538,20384.30218929
2020-12-02,0.004536,0.004703,0.004486,0.004634,5566.98580215
2020-12-03,0.004647,0.004682,0.004531,0.004582,6177.85913342
2020-12-04,0.004562,0.004592,0.0042,0.004274,7407.33147893
2020-12-05,0.004257,0.004392,0.004242,0.004341,4292.43368392
2020-12-06,0.004342,0.004407,0.004256,0.004317,2363.99012066
2020-12-07,0.004314,0.004514,0.00429,0.004375,4021.45470753
2020-12-08,0.004352,0.004413,0.00412,0.0042,3580.68931706
2020-12-09,0.004181,0.004216,0.004089,0.004176,3645.63926783
2020-12-10,0.004186,0.004186,0.004063,0.004103,2686.63541942
2020-12-11,0.004082,0.004082,0.003955,0.003993,1956.05215604
2020-12-12,0.004004,0.004122,0.004001,0.004074,3736.91932404
2020-12-13,0.004077,0.004341,0.004029,0.00428,4928.30795008
2020-12-14,0.004278,0.004291,0.004164,0.004269,2736.95223649
2020-12-15,0.004294,0.00434,0.003501,0.004184,15918.78447138
2020-12-16,0.004186,0.00437,0.004065,0.004358,11263.446521
2020-12-17,0.004357,0.004666,0.004009,0.004434,25955.15940923
2020-12-18,0.004413,0.004887,0.004401,0.004722,19544.55986108
2020-12-19,0.004733,0.00518,0.004601,0.005049,22222.83328665
2020-12-20,0.005034,0.005222,0.004739,0.004887,20071.4764161
2020-12-21,0.004883,0.004942,0.004457,0.004598,25622.83871698
2020-12-22,0.004601,0.00482,0.004403,0.0048,9598.00287933
2020-12-23,0.004811,0.00489,0.0041,0.004391,22389.85805247
2020-12-24,0.004399,0.004754,0.004333,0.004688,10979.98220214
2020-12-25,0.004694,0.005194,0.004616,0.005165,27042.20782122
2020-12-26,0.005167,0.005307,0.004865,0.004894,29612.74231323
2020-12-27,0.004891,0.005093,0.00453,0.004855,46218.65988206
2020-12-28,0.004855,0.005116,0.004736,0.004794,15767.10254026
2020-12-29,0.004799,0.004845,0.004557,0.004703,12631.93525202
2020-12-30,0.004706,0.004811,0.004414,0.004503,8656.73312114
2020-12-31,0.004472,0.004472,0.004251,0.004301,9432.8974689
2021-01-01,0.004294,0.004566,0.004265,0.004296,9467.13919239
2021-01-02,0.004279,0.00436,0.004002,0.004222,37725.6203859
2021-01-03,0.004252,0.004922,0.00403,0.004883,62042.684491
2021-01-04,0.004912,0.00527,0.0047,0.004854,47184.63567945
2021-01-05,0.004858,0.005003,0.004552,0.004668,29181.20482102
2021-01-06,0.004685,0.004854,0.004553,0.00459,22320.71033877
2021-01-07,0.004596,0.004653,0.004291,0.004291,31639.4854634
2021-01-08,0.004315,0.004429,0.004081,0.004247,39176.44538541
2021-01-09,0.004259,0.004444,0.004154,0.004414,13709.34468818
2021-01-10,0.004434,0.004619,0.00429,0.004459,27734.47823788
2021-01-11,0.004459,0.004529,0.0035,0.003926,63433.78446233
2021-01-12,0.003922,0.004076,0.003844,0.003908,32905.34023888
2021-01-13,0.003911,0.004035,0.003859,0.003946,11906.27944139
2021-01-14,0.003943,0.003964,0.00381,0.003895,8825.94452736
2021-01-15,0.003892,0.004005,0.003793,0.003911,12608.87526679
2021-01-16,0.003909,0.004058,0.003874,0.003981,14178.99382803
2021-01-17,0.003976,0.004098,0.00395,0.003978,8087.26829525
2021-01-18,0.003985,0.004186,0.003882,0.004149,20489.83200465
2021-01-19,0.004147,0.004463,0.00411,0.004233,23733.67909709
2021-01-20,0.004233,0.004299,0.004106,0.004217,8752.01235331
2021-01-21,0.004217,0.004256,0.004041,0.004202,14764.92853755
2021-01-22,0.004213,0.004459,0.004137,0.004188,38077.12944736
2021-01-23,0.004175,0.00436,0.004163,0.00429,6105.02103332
2021-01-24,0.004295,0.004394,0.00427,0.004392,20227.4515988
2021-01-25,0.004369,0.004498,0.004167,0.004251,8174.94868287
2021-01-26,0.004252,0.004288,0.004132,0.004145,7291.32714124
2021-01-27,0.004143,0.00416,0.004,0.004038,7437.77801766
2021-01-28,0.00403,0.004169,0.003987,0.003997,20620.34292475
2021-01-29,0.003997,0.004135,0.003743,0.003926,38779.88157102
2021-01-30,0.003935,0.003963,0.003821,0.00389,9108.41756877
2021-01-31,0.00389,0.003952,0.003834,0.003911,11028.11636811
2021-02-01,0.003912,0.003981,0.003811,0.003935,15573.53071115
2021-02-02,0.003949,0.00419,0.003936,0.004009,44742.71138809
2021-02-03,0.004003,0.004273,0.004003,0.00414,19456.25414526
2021-02-04,0.004145,0.004175,0.003904,0.003929,19308.17795711
2021-02-05,0.003928,0.004167,0.003901,0.004055,13219.96670913
2021-02-06,0.004038,0.004152,0.003887,0.003969,15565.80925579
2021-02-07,0.003972,0.004004,0.003876,0.003884,10339.09020954
2021-02-08,0.003883,0.003908,0.003604,0.003608,31098.68846911
2021-02-09,0.003607,0.003958,0.00355,0.003911,28533.77709408
2021-02-10,0.003918,0.004183,0.00382,0.004061,32405.12813732
2021-02-11,0.004053,0.00415,0.003831,0.003831,17463.48784019
2021-02-12,0.003832,0.004219,0.003767,0.004153,29974.51890121
2021-02-13,0.004161,0.004854,0.004134,0.004797,54478.10581564
2021-02-14,0.004796,0.00483,0.00433,0.004395,35515.36493586
2021-02-15,0.0044,0.004534,0.00407,0.004342,42522.82360924
2021-02-16,0.00435,0.00449,0.00418,0.004273,22707.58990958
2021-02-17,0.004265,0.004555,0.004143,0.004552,32466.28926021
2021-02-18,0.004558,0.004573,0.004316,0.004392,20051.22136791
2021-02-19,0.004401,0.00453,0.004231,0.004231,21229.56093411
2021-02-20,0.004235,0.004385,0.004001,0.004063,35760.01903341
2021-02-21,0.00404,0.00412,0.003915,0.00396,14589.46802843
2021-02-22,0.003953,0.003991,0.003377,0.003844,46413.52102441
2021-02-23,0.003847,0.003847,0.003502,0.003631,50861.14652408
2021-02-24,0.003596,0.003728,0.003572,0.003651,10210.89877288
2021-02-25,0.003641,0.004008,0.003571,0.00381,15579.29955544
2021-02-26,0.003811,0.003839,0.003635,0.003673,11480.50272838
2021-02-27,0.003677,0.003806,0.003675,0.003727,7958.22297768
2021-02-28,0.003724,0.003724,0.003526,0.003661,12658.15910733
2021-03-01,0.003659,0.003659,0.003516,0.003548,11922.72589936
2021-03-02,0.00355,0.003778,0.00353,0.003691,13365.79572391
2021-03-03,0.003687,0.003937,0.003653,0.003733,17101.77263897
2021-03-04,0.00374,0.003795,0.003707,0.003733,9457.4381025
2021-03-05,0.003734,0.003739,0.003624,0.003697,7199.85508982
2021-03-06,0.003698,0.00378,0.003687,0.003743,5285.1648852
2021-03-07,0.00374,0.00376,0.003653,0.003728,2866.56332248
2021-03-08,0.003742,0.003783,0.003611,0.003671,9564.42712658
2021-03-09,0.003668,0.003749,0.003623,0.00371,11342.96677036
2021-03-10,0.003719,0.003728,0.003529,0.00358,9889.21883385
2021-03-11,0.003589,0.003595,0.003467,0.003483,9508.24404161
2021-03-12,0.003492,0.003925,0.003483,0.003855,32432.40094268
2021-03-13,0.003855,0.003875,0.003679,0.003695,16974.80970709
2021-03-14,0.003696,0.003704,0.00361,0.003631,5096.25328657
2021-03-15,0.003623,0.003675,0.003543,0.003604,15416.68641818
2021-03-16,0.003609,0.003691,0.003532,0.003544,11476.02121907
2021-03-17,0.003542,0.00367,0.00348,0.0035,11934.88591618
2021-03-18,0.003497,0.003534,0.003432,0.003463,9972.75380715
2021-03-19,0.003466,0.003514,0.003409,0.003445,4287.33497678
2021-03-20,0.00344,0.003488,0.003425,0.003438,4403.25893388
2021-03-21,0.003448,0.003473,0.003402,0.003407,4335.09459697
2021-03-22,0.003407,0.003471,0.003366,0.003431,11027.47047841
2021-03-23,0.003425,0.003481,0.003341,0.003419,12832.83686791
2021-03-24,0.003419,0.003552,0.003291,0.003361,25767.74182685
2021-03-25,0.003361,0.003381,0.003308,0.003344,15015.32976168
2021-03-26,0.003345,0.003417,0.0033,0.003336,11010.19104492
2021-03-27,0.003334,0.003334,0.003266,0.003296,4292.39924495
2021-03-28,0.003296,0.003322,0.003277,0.003302,3212.72174907
2021-03-29,0.003302,0.003522,0.003293,0.003367,9399.5168738
2021-03-30,0.003374,0.003395,0.003289,0.003333,6067.47370309
2021-03-31,0.003329,0.003378,0.003245,0.003346,14000.88576468
2021-04-01,0.003351,0.00347,0.003318,0.003444,13671.25868764
2021-04-02,0.00345,0.003612,0.003414,0.003592,10409.92541768
2021-04-03,0.003588,0.003669,0.003414,0.003421,10866.06792859
2021-04-04,0.003416,0.003517,0.003401,0.003475,3749.50796899
2021-04-05,0.003481,0.003824,0.003455,0.003741,24657.61228221
2021-04-06,0.003746,0.004202,0.003705,0.004086,39763.61122536
2021-04-07,0.004097,0.004196,0.003779,0.003919,23410.31858946
2021-04-08,0.00392,0.004003,0.003848,0.0039,8898.51812247
2021-04-09,0.003895,0.003922,0.003784,0.003802,4500.60613314
2021-04-10,0.003803,0.004285,0.003756,0.004285,32017.12092068
2021-04-11,0.004285,0.004398,0.004118,0.004208,22707.73970794
2021-04-12,0.004208,0.004276,0.004021,0.00408,16725.48550279
2021-04-13,0.004096,0.004323,0.004086,0.00421,38193.5318667
2021-04-14,0.00421,0.004474,0.004084,0.004425,30926.65677055
2021-04-15,0.004425,0.004588,0.004287,0.004525,23344.66641976
2021-04-16,0.004538,0.005135,0.004385,0.005035,67260.40273523
2021-04-17,0.005025,0.00539,0.004955,0.005024,55034.76795016
2021-04-18,0.005015,0.005061,0.00446,0.00486,78771.29964709
2021-04-19,0.004872,0.004948,0.004579,0.004698,36575.87595117
2021-04-20,0.004703,0.004822,0.004382,0.004619,41807.67996601
2021-04-21,0.004625,0.004966,0.004612,0.004793,19227.82454183
2021-04-22,0.0048,0.005281,0.004675,0.004893,41181.19118069
2021-04-23,0.0049,0.004946,0.00424,0.004722,49578.19074326
2021-04-24,0.004718,0.00472,0.004483,0.004495,13122.29108276
2021-04-25,0.004501,0.004682,0.004466,0.004561,12928.91756366
2021-04-26,0.00456,0.00462,0.004498,0.004582,9269.98404375
2021-04-27,0.004579,0.004774,0.004554,0.004721,16638.51428931
2021-04-28,0.004733,0.004794,0.004603,0.004719,10803.05362155
2021-04-29,0.004714,0.004822,0.004657,0.004772,10289.90145782
2021-04-30,0.004762,0.004909,0.00467,0.004697,14259.58622857
2021-05-01,0.004697,0.004824,0.004629,0.004788,11733.53429091
2021-05-02,0.004787,0.004797,0.004718,0.00475,5479.76830174
2021-05-03,0.004753,0.005186,0.004703,0.005152,25730.41563963
2021-05-04,0.005153,0.005868,0.00495,0.005737,52805.37818066
2021-05-05,0.005748,0.006299,0.005666,0.006202,53422.54383767
2021-05-06,0.006197,0.006352,0.005746,0.006278,40311.34835933
2021-05-07,0.006284,0.00664,0.005863,0.006033,33348.85694658
2021-05-08,0.006019,0.006157,0.005713,0.00589,25069.15445099
2021-05-09,0.005898,0.006685,0.005757,0.006661,43622.97889506
2021-05-10,0.006654,0.007,0.006259,0.006438,62771.87498453
2021-05-11,0.006428,0.006699,0.006314,0.006654,20222.85873875
2021-05-12,0.006666,0.006824,0.006107,0.006225,34004.80251377
2021-05-13,0.006229,0.006574,0.006093,0.00639,26802.09268543
2021-05-14,0.006393,0.006621,0.006266,0.006546,13378.5093134
2021-05-15,0.00653,0.006627,0.006286,0.006411,11178.57771076
2021-05-16,0.006417,0.006555,0.006317,0.00638,15025.5253479
2021-05-17,0.006379,0.006572,0.006186,0.006468,22045.90409046
2021-05-18,0.006457,0.007204,0.006452,0.006871,37898.45089617
2021-05-19,0.00686,0.006905,0.004143,0.005078,97593.63499804
2021-05-20,0.005078,0.00536,0.004748,0.005187,37142.1300102
2021-05-21,0.005204,0.005251,0.004664,0.004832,27195.97012021
2021-05-22,0.004828,0.00488,0.004515,0.004519,50982.0511019
2021-05-23,0.004522,0.004619,0.003796,0.004115,51918.11036659
2021-05-24,0.004106,0.004769,0.004028,0.004769,30067.30990223
2021-05-25,0.004771,0.004905,0.004546,0.004792,15546.07085646
2021-05-26,0.004793,0.005069,0.004749,0.005068,17340.66178453
2021-05-27,0.00507,0.005184,0.00484,0.005035,10613.98527862
2021-05-28,0.005023,0.005127,0.004698,0.004966,13729.77623697
2021-05-29,0.004965,0.005146,0.004665,0.004739,8962.03924967
2021-05-30,0.004741,0.004965,0.004642,0.004779,7839.33104335
2021-05-31,0.004773,0.005043,0.004726,0.005043,18355.16269716
2021-06-01,0.005043,0.005128,0.004916,0.004985,7908.61842616
2021-06-02,0.004993,0.005007,0.004886,0.004989,9638.72039459
2021-06-03,0.00498,0.005004,0.004881,0.00493,3693.6524448
2021-06-04,0.004927,0.004942,0.004713,0.004853,6501.65525366
2021-06-05,0.004867,0.004913,0.004775,0.004874,3664.37539065
2021-06-06,0.004868,0.004961,0.004854,0.004924,3359.80233424
2021-06-07,0.00493,0.004984,0.004799,0.004817,8266.81580952
2021-06-08,0.004812,0.004887,0.004676,0.004815,16839.41396554
2021-06-09,0.004813,0.004817,0.004541,0.004604,8999.99976461
2021-06-10,0.004614,0.004691,0.004452,0.004575,4970.86390554
2021-06-11,0.004588,0.004697,0.004339,0.004359,15639.40535348
2021-06-12,0.004359,0.004584,0.004313,0.004556,4444.99815838
2021-06-13,0.004555,0.004568,0.004346,0.004379,3285.74221515
2021-06-14,0.004384,0.004441,0.004219,0.004441,8983.36863311
2021-06-15,0.00444,0.004479,0.004283,0.004363,5836.85447265
2021-06-16,0.004348,0.004403,0.004257,0.004339,4989.06809954
2021-06-17,0.004346,0.004415,0.00431,0.00438,2860.94836043
2021-06-18,0.004381,0.004411,0.004272,0.004373,7672.53474993
2021-06-19,0.00438,0.004452,0.0043,0.0043,1675.96384063
2021-06-20,0.0043,0.004378,0.004284,0.00434,2192.34160479
2021-06-21,0.00435,0.004365,0.003941,0.003941,10274.25553404
2021-06-22,0.003936,0.004004,0.003625,0.003678,16739.51558656
2021-06-23,0.003675,0.003852,0.003631,0.00383,5022.96827739
2021-06-24,0.003834,0.004028,0.003808,0.00388,4907.117116
2021-06-25,0.003883,0.00402,0.003838,0.003964,7136.49159646
2021-06-26,0.003963,0.004008,0.003873,0.003932,4136.35342171
2021-06-27,0.003918,0.003944,0.003789,0.003817,4252.00892912
2021-06-28,0.003827,0.004022,0.003788,0.003988,3673.82031351
2021-06-29,0.003992,0.004099,0.003985,0.004005,4238.32869182
2021-06-30,0.004015,0.004133,0.003994,0.004117,2614.56132795
2021-07-01,0.004105,0.004123,0.004049,0.004097,2780.42492054
2021-07-02,0.004092,0.004114,0.003977,0.004048,2044.47629413
2021-07-03,0.004047,0.004075,0.003997,0.004036,1239.80123827
2021-07-04,0.00404,0.00414,0.003979,0.00411,3214.12512593
2021-07-05,0.004122,0.004131,0.004022,0.004089,2493.27053055
2021-07-06,0.004083,0.004115,0.004014,0.004063,1944.10419956
2021-07-07,0.004056,0.004107,0.004024,0.004054,2678.1607888
2021-07-08,0.004059,0.004068,0.003977,0.004022,3270.8384497
2021-07-09,0.004018,0.004035,0.003903,0.003979,1996.20524747
2021-07-10,0.003984,0.004002,0.003909,0.003992,868.39458375
2021-07-11,0.003997,0.004011,0.003908,0.003914,2931.39462987
2021-07-12,0.003926,0.004175,0.003924,0.004028,3816.13075235
2021-07-13,0.004027,0.004095,0.003965,0.004016,2745.43721285
2021-07-14,0.004013,0.004022,0.003909,0.003988,4861.89620312
2021-07-15,0.003994,0.004017,0.00391,0.003952,2536.35652387
2021-07-16,0.00395,0.003995,0.003848,0.003848,2605.29380586
2021-07-17,0.003844,0.003885,0.00376,0.003804,1676.45691345
2021-07-18,0.003812,0.003851,0.003736,0.003763,2619.21207136
2021-07-19,0.003762,0.003785,0.003658,0.003669,6793.76866492
2021-07-20,0.003667,0.003713,0.003532,0.0036,8348.74662076
2021-07-21,0.003599,0.003691,0.003564,0.003658,4928.56428983
2021-07-22,0.003656,0.003752,0.003629,0.003724,2264.53515019
2021-07-23,0.003722,0.003729,0.003652,0.003697,2029.57952481
2021-07-24,0.003697,0.00377,0.003649,0.003682,2023.67199506
2021-07-25,0.00368,0.0037,0.003601,0.003608,1326.57036104
2021-07-26,0.003607,0.003644,0.003432,0.003519,12641.95704256
2021-07-27,0.00351,0.003539,0.003414,0.003414,2167.37536608
2021-07-28,0.003422,0.003545,0.003365,0.003497,4580.51507817
2021-07-29,0.003508,0.003565,0.003459,0.00354,7253.00800878
2021-07-30,0.003541,0.003582,0.003451,0.003451,5487.97536125
2021-07-31,0.003447,0.003492,0.003431,0.003481,2339.91552123
2021-08-01,0.003487,0.003573,0.003468,0.003528,3127.68355265
2021-08-02,0.003519,0.003656,0.003515,0.003612,1316.46201113
2021-08-03,0.003609,0.003661,0.003565,0.003622,5841.22981737
2021-08-04,0.003627,0.003644,0.003584,0.003584,5322.97245017
2021-08-05,0.003588,0.003655,0.003487,0.003521,5348.41572796
2021-08-06,0.003512,0.003645,0.003449,0.003453,7016.61204958
2021-08-07,0.003454,0.003569,0.003452,0.003498,2860.36276441
2021-08-08,0.003514,0.003523,0.00338,0.003422,3069.02004549
2021-08-09,0.003421,0.00369,0.003368,0.003592,25615.02233912
2021-08-10,0.003598,0.003667,0.00353,0.003626,24486.96748804
2021-08-11,0.003632,0.00377,0.003618,0.003751,5060.83140166
2021-08-12,0.003746,0.00389,0.003661,0.003723,11756.66524392
2021-08-13,0.003725,0.003945,0.003713,0.003833,9682.33887031
2021-08-14,0.003832,0.003892,0.003738,0.003878,3937.40194126
2021-08-15,0.003882,0.003948,0.003849,0.003929,4701.26790756
2021-08-16,0.003936,0.00397,0.003861,0.003888,4930.41973822
2021-08-17,0.003879,0.00393,0.003772,0.003777,8238.8934797
2021-08-18,0.003777,0.003799,0.00368,0.003731,7723.60513818
2021-08-19,0.00373,0.003775,0.003691,0.003751,5856.92068478
2021-08-20,0.00375,0.003806,0.003695,0.003721,6528.85194052
2021-08-21,0.003726,0.003745,0.003616,0.003677,5275.68876971
2021-08-22,0.003679,0.003854,0.003679,0.003774,5013.74789154
2021-08-23,0.003774,0.003805,0.003731,0.003773,13925.62196156
2021-08-24,0.00378,0.003794,0.00361,0.003639,6658.13401941
2021-08-25,0.003638,0.003687,0.003585,0.003628,3750.48297189
2021-08-26,0.003625,0.003662,0.003555,0.00358,4196.84354484
2021-08-27,0.003578,0.00363,0.003548,0.00359,2798.39207119
2021-08-28,0.00359,0.003602,0.003533,0.003589,2132.41472782
2021-08-29,0.003589,0.003702,0.003575,0.003576,3347.30355101
2021-08-30,0.003584,0.003628,0.003529,0.003558,5390.71063349
2021-08-31,0.003564,0.003679,0.003549,0.00364,5085.02874089
2021-09-01,0.003645,0.003769,0.003615,0.003704,5522.21998907
2021-09-02,0.003704,0.003956,0.003651,0.003722,19804.88629284
2021-09-03,0.003723,0.004316,0.003709,0.004261,42434.52867482
2021-09-04,0.004261,0.004476,0.004192,0.004244,12888.92984889
2021-09-05,0.004253,0.004558,0.004229,0.004488,10691.00148722
2021-09-06,0.004488,0.004488,0.004149,0.004172,11947.72257872
2021-09-07,0.004167,0.004198,0.003731,0.003806,34365.12382049
2021-09-08,0.003804,0.004038,0.003767,0.003901,16057.49815321
2021-09-09,0.003905,0.004011,0.003876,0.00389,18718.24561515
2021-09-10,0.003889,0.003983,0.003818,0.003881,6162.77997253
2021-09-11,0.003878,0.004077,0.003865,0.003953,5090.43123263
2021-09-12,0.003953,0.004042,0.003915,0.003977,14276.90657432
2021-09-13,0.003982,0.005079,0.003868,0.003988,66653.74164585
2021-09-14,0.003987,0.004046,0.003846,0.003894,7813.47087474
2021-09-15,0.003886,0.003981,0.003804,0.003933,18244.72711427
2021-09-16,0.003934,0.004038,0.00386,0.003884,14565.60777379
2021-09-17,0.003884,0.003963,0.003762,0.003802,8013.53272526
2021-09-18,0.003805,0.003868,0.003736,0.003758,5657.15672189
2021-09-19,0.003752,0.003775,0.003676,0.003715,5842.89312745
2021-09-20,0.003717,0.003717,0.003541,0.003663,18836.49585819
2021-09-21,0.003652,0.003771,0.003622,0.003649,23930.77456393
2021-09-22,0.003644,0.003753,0.003582,0.003695,10194.36770689
2021-09-23,0.003702,0.003702,0.003622,0.003651,5911.25983263
2021-09-24,0.003662,0.003703,0.003435,0.003549,16470.31528562
2021-09-25,0.003557,0.003671,0.003513,0.003553,6628.45743935
2021-09-26,0.00354,0.00354,0.003445,0.003483,6531.15354485
2021-09-27,0.003487,0.003498,0.003435,0.003443,2942.53373723
2021-09-28,0.00344,0.003518,0.003412,0.003426,3940.1591745
2021-09-29,0.003426,0.003542,0.003418,0.003486,5013.9530857
2021-09-30,0.003482,0.003552,0.003444,0.003499,3739.34645209
2021-10-01,0.003495,0.003552,0.003432,0.003451,10752.43182344
2021-10-02,0.003451,0.003598,0.003443,0.003545,11803.84782044
2021-10-03,0.003547,0.003584,0.003484,0.00354,3387.11581181
2021-10-04,0.003537,0.003537,0.003398,0.003409,5821.65004487
2021-10-05,0.003401,0.003473,0.003349,0.003373,8862.37594548
2021-10-06,0.003378,0.003405,0.003223,0.003227,19373.14721896
2021-10-07,0.003232,0.003428,0.003195,0.003328,20123.87946309
2021-10-08,0.003316,0.003349,0.003239,0.003256,8845.1025665
2021-10-09,0.003259,0.003336,0.003222,0.003272,3892.06080392
2021-10-10,0.00326,0.003332,0.003196,0.003197,3534.86438297
2021-10-11,0.003195,0.003266,0.003061,0.003123,9028.55169629
2021-10-12,0.003121,0.003131,0.002934,0.003077,7411.10233491
2021-10-13,0.003076,0.003245,0.003059,0.003096,7219.60489942
2021-10-14,0.003095,0.003259,0.003053,0.00316,11834.44809968
2021-10-15,0.003149,0.003149,0.002997,0.003065,16929.54914296
2021-10-16,0.003074,0.003125,0.003036,0.003052,3641.41096374
2021-10-17,0.003048,0.00309,0.00298,0.002985,4940.01148842
2021-10-18,0.002985,0.003047,0.002945,0.002991,9837.50046538
2021-10-19,0.002991,0.003055,0.002887,0.002937,7774.4464043
2021-10-20,0.002932,0.003157,0.002911,0.003142,16097.28275158
2021-10-21,0.003142,0.003265,0.003126,0.003166,18275.11665078
2021-10-22,0.003165,0.003196,0.003107,0.003145,6292.62226225
2021-10-23,0.003144,0.003222,0.003132,0.003199,4135.23386255
2021-10-24,0.003197,0.003262,0.003096,0.003128,4105.33391449
2021-10-25,0.003129,0.003135,0.00308,0.0031,7887.04925209
2021-10-26,0.003099,0.003296,0.00308,0.003274,3366.24416636
2021-10-27,0.00328,0.003391,0.002904,0.003064,19141.99882339
2021-10-28,0.003067,0.003202,0.003049,0.003132,14648.21412192
2021-10-29,0.003131,0.003185,0.003105,0.003156,3669.39801992
2021-10-30,0.003158,0.003161,0.003052,0.003076,3137.31500366
2021-10-31,0.003065,0.003152,0.003052,0.00313,2840.94726251
2021-11-01,0.003122,0.003271,0.003094,0.003247,7112.38901909
2021-11-02,0.003248,0.003252,0.003149,0.003175,6674.25402373
2021-11-03,0.003176,0.003322,0.003154,0.003289,13645.66621123
2021-11-04,0.003289,0.00333,0.003231,0.003301,4859.37665172
2021-11-05,0.0033,0.003302,0.003214,0.00327,4891.48088307
2021-11-06,0.003264,0.003282,0.003181,0.003214,5828.08608666
2021-11-07,0.003211,0.003241,0.003185,0.003187,3366.26103316
2021-11-08,0.003193,0.00349,0.003138,0.003385,20067.60426156
2021-11-09,0.003394,0.004111,0.003375,0.003913,61786.09016676
2021-11-10,0.003928,0.004417,0.003835,0.00401,52817.77369674
2021-11-11,0.004005,0.004182,0.003909,0.004052,14828.36313667
2021-11-12,0.004051,0.004319,0.003825,0.003931,20344.95900074
2021-11-13,0.003925,0.00407,0.003853,0.004002,12215.38928074
2021-11-14,0.004002,0.004298,0.003879,0.004258,9022.94609763
2021-11-15,0.004257,0.00427,0.00408,0.00413,6457.66832347
2021-11-16,0.004136,0.004157,0.003796,0.003831,27395.33640405
2021-11-17,0.003832,0.003895,0.003677,0.0038,14748.01450151
2021-11-18,0.0038,0.003829,0.003521,0.003592,11963.32387224
2021-11-19,0.003587,0.003792,0.003555,0.003752,5782.86499009
2021-11-20,0.003752,0.003835,0.003708,0.003804,2931.53031952
2021-11-21,0.003797,0.003853,0.003739,0.003774,4469.42873446
2021-11-22,0.003771,0.003813,0.00367,0.003714,6223.48675871
2021-11-23,0.003717,0.003794,0.003675,0.003757,9927.61595489
2021-11-24,0.003761,0.003802,0.003642,0.003715,2231.30544456
2021-11-25,0.00371,0.003913,0.003692,0.003785,10374.78916913
2021-11-26,0.003784,0.003798,0.003453,0.003643,18229.22447963
2021-11-27,0.003646,0.003698,0.003533,0.003555,2855.13525774
2021-11-28,0.003566,0.003566,0.003384,0.003485,7729.92689788
2021-11-29,0.003478,0.003595,0.00344,0.003561,6139.73614931
2021-11-30,0.003561,0.003718,0.00353,0.00365,8438.48531887
2021-12-01,0.003646,0.003785,0.003626,0.00365,5266.71647019
2021-12-02,0.00365,0.003662,0.003583,0.003602,4814.37699934
2021-12-03,0.003601,0.003631,0.003459,0.003508,9737.02893707
2021-12-04,0.003503,0.003506,0.002888,0.003314,76414.05735255
2021-12-05,0.003305,0.003318,0.003098,0.003167,12067.99972301
2021-12-06,0.003164,0.003233,0.002997,0.003199,7847.87199813
2021-12-07,0.003204,0.003223,0.003114,0.003199,5323.44923368
2021-12-08,0.003202,0.00336,0.003182,0.003272,11459.26794594
2021-12-09,0.003272,0.003286,0.003164,0.003184,8060.95841512
2021-12-10,0.00319,0.003204,0.003133,0.003145,4234.83901412
2021-12-11,0.003147,0.003277,0.003113,0.003213,3754.61816962
2021-12-12,0.003203,0.003223,0.00315,0.003177,1890.63088297
2021-12-13,0.003177,0.003196,0.003097,0.003097,4588.58174089
2021-12-14,0.0031,0.003172,0.003084,0.003114,2740.25518613
2021-12-15,0.003114,0.003155,0.003033,0.003138,3833.84830132
2021-12-16,0.003143,0.003197,0.003125,0.003125,2522.52026883
2021-12-17,0.003125,0.003173,0.003078,0.00312,3421.08560857
2021-12-18,0.003123,0.003191,0.00312,0.003179,2592.31035948
2021-12-19,0.003176,0.00339,0.003173,0.003277,10536.39718514
2021-12-20,0.003278,0.003343,0.003185,0.003258,4753.93237187
2021-12-21,0.003251,0.003251,0.003138,0.003161,6947.49487574
2021-12-22,0.003169,0.003264,0.003141,0.003196,5597.56044723
2021-12-23,0.003198,0.003275,0.003182,0.003218,5284.40129072
2021-12-24,0.003228,0.003258,0.003167,0.003175,3189.50594106
2021-12-25,0.00317,0.00322,0.00313,0.003138,5206.02047213
2021-12-26,0.003128,0.003139,0.00307,0.003071,2892.03338838
2021-12-27,0.003073,0.003142,0.003063,0.003073,2717.56108935
2021-12-28,0.003076,0.003113,0.002999,0.003063,5738.75324697
2021-12-29,0.003065,0.003156,0.00306,0.003131,10946.61364947
2021-12-30,0.00313,0.003153,0.003105,0.00314,4229.77375856
2021-12-31,0.00314,0.003166,0.003125,0.003159,3313.66774823
2022-01-01,0.003163,0.0032,0.003129,0.003158,2533.81754038
2022-01-02,0.003158,0.003226,0.003152,0.003194,966.26734898
2022-01-03,0.003194,0.00321,0.003177,0.003193,1617.68288623
2022-01-04,0.003195,0.00322,0.003182,0.003194,2468.74025184
2022-01-05,0.003196,0.003223,0.003051,0.003114,11853.26756493
2022-01-06,0.003108,0.003185,0.003096,0.003161,4178.84180989
2022-01-07,0.003156,0.003212,0.003074,0.003153,11535.01628208
2022-01-08,0.003158,0.003211,0.003087,0.003104,3874.59833419
2022-01-09,0.003103,0.00314,0.003093,0.003128,998.49136036
2022-01-10,0.003127,0.003134,0.003009,0.003028,6109.29746146
2022-01-11,0.003026,0.003121,0.003016,0.003077,8946.0278689
2022-01-12,0.003086,0.003256,0.003075,0.00323,8796.41639204
2022-01-13,0.003232,0.003232,0.003144,0.003207,3647.04643607
2022-01-14,0.003206,0.003441,0.003206,0.003358,4791.97391899
2022-01-15,0.003357,0.003496,0.003355,0.003428,14846.15781905
2022-01-16,0.003423,0.003457,0.003362,0.0034,1920.74976082
2022-01-17,0.003399,0.003631,0.003392,0.003585,5781.24574368
2022-01-18,0.003592,0.00362,0.003338,0.00334,2915.19263971
2022-01-19,0.003363,0.00337,0.003223,0.003276,2428.70794515
2022-01-20,0.003272,0.003316,0.003184,0.003187,1869.81419529
2022-01-21,0.003183,0.003228,0.00304,0.003125,14953.09474918
2022-01-22,0.00315,0.003189,0.002834,0.003102,17877.5108101
2022-01-23,0.003085,0.003114,0.003017,0.00309,3064.12977927
2022-01-24,0.003085,0.003085,0.002934,0.002987,8096.67960171
2022-01-25,0.002982,0.002995,0.002912,0.002919,7468.71601349
2022-01-26,0.002918,0.002994,0.002878,0.002907,3432.29500678
2022-01-27,0.002905,0.002971,0.002876,0.002877,6680.90533532
2022-01-28,0.002877,0.002937,0.002874,0.002897,4351.00834257
2022-01-29,0.0029,0.002924,0.002881,0.002902,2463.79730472
2022-01-30,0.002901,0.00294,0.002847,0.002864,1813.95403328
2022-01-31,0.002871,0.00288,0.002817,0.002846,3159.77889881
2022-02-01,0.002843,0.003012,0.002839,0.002973,7872.83612196
2022-02-02,0.002972,0.002992,0.002927,0.002936,3568.44428506
2022-02-03,0.002937,0.002987,0.002895,0.002973,4892.26245309
2022-02-04,0.002973,0.003004,0.002899,0.002919,2447.70088956
2022-02-05,0.002912,0.002963,0.002867,0.00294,4578.06135566
2022-02-06,0.002941,0.003066,0.002934,0.003009,4356.77788889
2022-02-07,0.003006,0.003162,0.002962,0.00313,7902.55485075
2022-02-08,0.003133,0.003248,0.003013,0.003034,12122.74856326
2022-02-09,0.003034,0.003202,0.003033,0.003157,3985.62593052
2022-02-10,0.003154,0.003185,0.003053,0.003096,3049.35675059
2022-02-11,0.003094,0.0031,0.002963,0.002965,9537.28906652
2022-02-12,0.002962,0.003019,0.002873,0.002998,2815.18615109
2022-02-13,0.003002,0.003021,0.00295,0.002988,814.34838341
2022-02-14,0.002976,0.002987,0.002897,0.002928,1225.89960708
2022-02-15,0.00293,0.002981,0.002915,0.002952,1990.1244431
2022-02-16,0.002963,0.002965,0.002884,0.002911,4284.54028315
2022-02-17,0.00291,0.002936,0.002844,0.002861,6185.1672677
2022-02-18,0.002864,0.003027,0.002864,0.002874,6162.32176864
2022-02-19,0.002878,0.002906,0.00285,0.002888,1797.33231672
2022-02-20,0.002884,0.002895,0.002824,0.002879,1477.29587874
2022-02-21,0.002889,0.002918,0.002768,0.002779,4514.29876001
2022-02-22,0.002783,0.002822,0.002756,0.002805,10576.15845104
2022-02-23,0.00281,0.002879,0.002793,0.002837,385.06265161
2022-02-24,0.00283,0.002881,0.002627,0.002717,12230.65765069
2022-02-25,0.002717,0.0028,0.002669,0.00279,2967.36824795
2022-02-26,0.00279,0.002857,0.002744,0.002766,2742.49797737
2022-02-27,0.002766,0.002768,0.002717,0.002732,2064.69486471
2022-02-28,0.00273,0.002735,0.002566,0.002634,18494.54037581
2022-03-01,0.002636,0.002668,0.002522,0.002537,7990.75007769
2022-03-02,0.002532,0.002575,0.002497,0.002509,3209.2669253
2022-03-03,0.002522,0.002634,0.002517,0.002634,8738.38899208
2022-03-04,0.002635,0.002664,0.00256,0.002581,9907.4448161
2022-03-05,0.002576,0.002672,0.002546,0.002661,3016.74953422
2022-03-06,0.002662,0.002677,0.00262,0.002633,2202.56309901
2022-03-07,0.002631,0.002648,0.002574,0.002592,1035.82096132
2022-03-08,0.002587,0.002627,0.002573,0.002603,3434.71603411
2022-03-09,0.002602,0.002627,0.002531,0.002546,10126.44428631
2022-03-10,0.002549,0.002634,0.002542,0.002598,6189.48723684
2022-03-11,0.002602,0.002715,0.002596,0.002712,3720.88673316
2022-03-12,0.002707,0.002748,0.002685,0.00272,10312.80830134
2022-03-13,0.002725,0.00274,0.002682,0.002691,1075.88710599
2022-03-14,0.00269,0.00271,0.002637,0.002665,6679.35930373
2022-03-15,0.002664,0.002733,0.002658,0.002723,3141.33517492
2022-03-16,0.002723,0.0028,0.002639,0.002707,17771.70720056
2022-03-17,0.002707,0.002736,0.002672,0.00269,3490.24502666
2022-03-18,0.002687,0.002722,0.00267,0.00268,2730.00912085
2022-03-19,0.00268,0.002772,0.002678,0.002763,5532.34743638
2022-03-20,0.002772,0.002801,0.002702,0.002781,2848.67326989
2022-03-21,0.002781,0.00284,0.002771,0.002829,1565.22786549
2022-03-22,0.002829,0.002905,0.002793,0.002898,4230.56731651
2022-03-23,0.002897,0.002933,0.002819,0.002854,1279.70434647
2022-03-24,0.002858,0.002901,0.002807,0.002877,6909.60649117
2022-03-25,0.002877,0.002895,0.002762,0.002799,3993.20451802
2022-03-26,0.002799,0.002819,0.002763,0.002805,1526.23753025
2022-03-27,0.002804,0.002831,0.002733,0.002767,5548.83353799
2022-03-28,0.002763,0.002812,0.002706,0.002711,5062.8821037
2022-03-29,0.002711,0.002751,0.002699,0.002742,2664.1041075
2022-03-30,0.002743,0.002815,0.002691,0.002781,6980.64091614
2022-03-31,0.002787,0.00281,0.002603,0.002716,21511.74333374
2022-04-01,0.002725,0.002738,0.002678,0.002698,8736.85406699
2022-04-02,0.002699,0.002737,0.002686,0.002723,2685.94477988
2022-04-03,0.002725,0.002781,0.002705,0.002776,2616.21954988
2022-04-04,0.002774,0.002778,0.00267,0.002675,3884.93693997
2022-04-05,0.002688,0.002726,0.002676,0.0027,1670.12607593
2022-04-06,0.002706,0.002706,0.002585,0.002588,7576.95014941
2022-04-07,0.002591,0.002631,0.002579,0.002626,2026.7985926
2022-04-08,0.002625,0.002649,0.002585,0.002618,1742.09250586
2022-04-09,0.002622,0.002644,0.002607,0.002637,3086.76886683
2022-04-10,0.002635,0.002655,0.002618,0.002618,696.1391483
2022-04-11,0.002618,0.002621,0.002533,0.002591,7552.89255113
2022-04-12,0.002592,0.002622,0.002577,0.002613,5074.34913632
2022-04-13,0.002615,0.002734,0.002608,0.002682,5917.10281954
2022-04-14,0.002686,0.002713,0.002652,0.00269,4678.50418515
2022-04-15,0.002693,0.002788,0.002692,0.002737,2826.81764131
2022-04-16,0.002737,0.002838,0.002734,0.00283,2111.07031484
2022-04-17,0.002832,0.00285,0.002737,0.002742,1804.13089462
2022-04-18,0.002742,0.002763,0.002693,0.002728,4663.2702198
2022-04-19,0.002728,0.002758,0.002709,0.002741,2080.09097215
2022-04-20,0.002742,0.00275,0.002679,0.002705,4291.92819718
2022-04-21,0.002704,0.002707,0.002634,0.002637,3710.7411587
2022-04-22,0.002633,0.00272,0.002633,0.002652,2185.9210059
2022-04-23,0.002654,0.002704,0.002654,0.002666,690.69657231
2022-04-24,0.002667,0.002671,0.002633,0.002647,1660.94925225
2022-04-25,0.002649,0.002649,0.002576,0.002587,5396.57579832
2022-04-26,0.002586,0.002626,0.002551,0.00258,6165.41131741
2022-04-27,0.002584,0.002598,0.002554,0.002563,5093.94599747
2022-04-28,0.002561,0.002609,0.00254,0.002598,7376.03290345
2022-04-29,0.002598,0.002621,0.002569,0.002599,7208.2658713
2022-04-30,0.002596,0.002628,0.002503,0.002546,1751.55188471
2022-05-01,0.002546,0.002603,0.002522,0.002587,1401.28161984
2022-05-02,0.002581,0.002623,0.002554,0.002612,3147.35549314
2022-05-03,0.002613,0.002656,0.002592,0.002634,7482.72330862
2022-05-04,0.002635,0.002689,0.002601,0.00268,6865.19967063
2022-05-05,0.00268,0.002694,0.002633,0.002655,4803.4614315
2022-05-06,0.002649,0.002697,0.00263,0.002689,2898.9840478
2022-05-07,0.002683,0.002715,0.002657,0.002659,1495.39626112
2022-05-08,0.002661,0.00278,0.002661,0.002758,2088.91243816
2022-05-09,0.002764,0.002779,0.002507,0.00253,14310.16683392
2022-05-10,0.002534,0.002633,0.002461,0.002586,10150.64892345
2022-05-11,0.002579,0.002599,0.00228,0.002283,27998.487526
2022-05-12,0.002277,0.002313,0.00203,0.002217,19871.4974442
2022-05-13,0.002218,0.002393,0.002195,0.002322,16510.27250595
2022-05-14,0.002322,0.002359,0.002231,0.002288,2578.04339072
2022-05-15,0.002292,0.002314,0.002237,0.002286,2405.50644575
2022-05-16,0.002283,0.00229,0.00221,0.002244,11333.6565637
2022-05-17,0.002251,0.002448,0.002251,0.002399,14321.79420929
2022-05-18,0.002398,0.002441,0.002296,0.002299,3874.11299786
2022-05-19,0.002295,0.002384,0.002255,0.002374,2303.52251936
2022-05-20,0.002375,0.002396,0.002286,0.002347,3994.41989956
2022-05-21,0.002349,0.002385,0.00233,0.002366,990.71809497
2022-05-22,0.002375,0.002404,0.002358,0.002367,848.49119654
2022-05-23,0.002365,0.002423,0.002347,0.002371,2953.12817529
2022-05-24,0.002372,0.002393,0.00233,0.002372,2905.28381844
2022-05-25,0.00237,0.002375,0.002298,0.00231,9290.96310189
2022-05-26,0.002311,0.002311,0.00215,0.00218,7305.60775929
2022-05-27,0.002176,0.00219,0.002123,0.002152,2056.68282329
2022-05-28,0.002155,0.002203,0.002144,0.002172,897.28850167
2022-05-29,0.002171,0.00219,0.002143,0.002163,783.50495195
2022-05-30,0.00216,0.002194,0.002143,0.002181,3768.93483156
2022-05-31,0.002186,0.00221,0.002127,0.002145,12379.43699498
2022-06-01,0.002157,0.002208,0.002104,0.002107,4759.61637891
2022-06-02,0.002103,0.002122,0.002093,0.002117,3624.42620378
2022-06-03,0.002118,0.00212,0.00208,0.002114,5363.58323424
2022-06-04,0.002108,0.002147,0.002085,0.002136,957.97673689
2022-06-05,0.002135,0.002135,0.00208,0.002112,2064.49566942
2022-06-06,0.002111,0.002128,0.002033,0.002056,2744.51881744
2022-06-07,0.002054,0.002116,0.002019,0.002052,10205.90267772
2022-06-08,0.002052,0.002083,0.002023,0.002038,3686.76392701
2022-06-09,0.002032,0.002042,0.001973,0.001998,2302.86220812
2022-06-10,0.002002,0.002006,0.001915,0.001948,7341.52289935
2022-06-11,0.001947,0.001972,0.001828,0.001835,15295.99126105
2022-06-12,0.001835,0.001867,0.001772,0.001804,7509.34464678
2022-06-13,0.001804,0.001937,0.001719,0.001932,17218.36128625
2022-06-14,0.001922,0.002102,0.001916,0.002087,45506.63189065
2022-06-15,0.002088,0.002257,0.002032,0.00224,9152.72479786
2022-06-16,0.002244,0.002271,0.002128,0.002197,8463.57423144
2022-06-17,0.002196,0.002359,0.002195,0.002326,5353.47372847
2022-06-18,0.002334,0.002494,0.002293,0.002492,12402.90151829
2022-06-19,0.002487,0.002799,0.002433,0.002637,29999.51660603
2022-06-20,0.002645,0.00266,0.002521,0.002566,7686.83400957
2022-06-21,0.002565,0.002623,0.002499,0.00258,5331.77953529
2022-06-22,0.00257,0.00263,0.002512,0.002608,3174.36330506
2022-06-23,0.00261,0.00272,0.002608,0.002645,5606.60870417
2022-06-24,0.002645,0.002714,0.002609,0.002638,11011.49828296
2022-06-25,0.002631,0.002794,0.002598,0.002739,10012.56560702
2022-06-26,0.00274,0.00282,0.002692,0.002692,1484.49716871
2022-06-27,0.002692,0.002745,0.002662,0.002694,3573.69264363
2022-06-28,0.002705,0.00271,0.002599,0.002601,6702.31697778
2022-06-29,0.002597,0.002674,0.00258,0.002664,2968.18417824
2022-06-30,0.002669,0.002777,0.002627,0.002699,9043.90126016
2022-07-01,0.002701,0.002774,0.002599,0.002649,5690.4107116
2022-07-02,0.002644,0.002673,0.0026,0.002623,1084.48740323
2022-07-03,0.002626,0.002698,0.002593,0.00264,2826.7369081
2022-07-04,0.002639,0.002644,0.002574,0.002583,6998.13914027
2022-07-05,0.002581,0.002581,0.002452,0.002468,11578.32033473
2022-07-06,0.002464,0.002523,0.002448,0.002451,3358.38451043
2022-07-07,0.002451,0.00247,0.002382,0.002409,5286.33125912
2022-07-08,0.002412,0.00244,0.002364,0.00237,10476.30797875
2022-07-09,0.00238,0.002531,0.00238,0.002504,3045.97791561
2022-07-10,0.002506,0.002594,0.002444,0.002503,3386.75788408
2022-07-11,0.002498,0.002518,0.002428,0.002438,2423.5065298
2022-07-12,0.002441,0.002499,0.002424,0.002452,23186.12045699
2022-07-13,0.002452,0.002494,0.002429,0.002454,2976.41999301
2022-07-14,0.002441,0.002494,0.002434,0.002492,5309.17021051
2022-07-15,0.002496,0.002516,0.002443,0.002486,2940.65112792
2022-07-16,0.002486,0.002616,0.002479,0.002598,2695.35018069
2022-07-17,0.002602,0.00271,0.002579,0.002677,3993.37732309
2022-07-18,0.002674,0.002738,0.002582,0.002603,4493.62707431
2022-07-19,0.002603,0.002603,0.002476,0.002477,9308.25441088
2022-07-20,0.002477,0.002559,0.002447,0.002464,3686.60408564
2022-07-21,0.002463,0.002534,0.002437,0.002507,1751.26704831
2022-07-22,0.002508,0.002524,0.002452,0.002471,2371.20657368
2022-07-23,0.002473,0.00252,0.002456,0.00251,1352.68701635
2022-07-24,0.002518,0.002617,0.002513,0.002584,1733.58664509
2022-07-25,0.002584,0.002609,0.002534,0.002534,13577.55623607
2022-07-26,0.002534,0.002554,0.002496,0.002536,1344.99750482
2022-07-27,0.002536,0.00258,0.002495,0.00257,3051.96442067
2022-07-28,0.002571,0.002696,0.002553,0.002663,10007.50160405
2022-07-29,0.00266,0.00268,0.002548,0.002552,5408.26723611
2022-07-30,0.002557,0.002615,0.002546,0.002554,1371.28291791
2022-07-31,0.002557,0.00263,0.002554,0.002566,1190.89168477
2022-08-01,0.002564,0.002584,0.002543,0.002548,2436.03741326
2022-08-02,0.002554,0.002563,0.002489,0.002529,761.30961192
2022-08-03,0.002529,0.002558,0.002499,0.002531,2850.07169921
2022-08-04,0.002531,0.002646,0.002528,0.002643,2670.67522108
2022-08-05,0.002646,0.00269,0.002634,0.002683,10180.05332969
2022-08-06,0.002683,0.002683,0.002629,0.002656,1210.44940199
2022-08-07,0.002656,0.002683,0.002618,0.002638,400.12194053
2022-08-08,0.002635,0.002652,0.002605,0.002631,1729.51389502
2022-08-09,0.002628,0.002632,0.002545,0.002556,7042.12347831
2022-08-10,0.002554,0.0026,0.002538,0.002573,1409.26378339
2022-08-11,0.002567,0.002591,0.002518,0.002583,4929.29445239
2022-08-12,0.002576,0.002601,0.002559,0.002582,4137.38175023
2022-08-13,0.002579,0.002626,0.002562,0.002619,2252.47668657
